vectorUnitCase	0	0	2155872255	2139095039	4291117857	0	0
vectorUnitCase	0	0	2155872255	2139095039	4291117857	1	2155872255
vectorUnitCase	0	0	2155872255	2139095039	4291117857	2	2139095039
vectorUnitCase	0	0	2155872255	2139095039	4291117857	3	4291117857
vectorUnitCase	0	0	2155872255	2139095039	4291117857	4	0
vectorUnitCase	0	0	2155872255	2139095039	4291117857	5	8388607
vectorUnitCase	0	0	2155872255	2139095039	4291117857	6	2139095039
vectorUnitCase	0	0	2155872255	2139095039	4291117857	7	4291117857
vectorUnitCase	1	2147483648	8388608	4286578687	0	0	2147483648
vectorUnitCase	1	2147483648	8388608	4286578687	0	1	8388608
vectorUnitCase	1	2147483648	8388608	4286578687	0	2	4286578687
vectorUnitCase	1	2147483648	8388608	4286578687	0	3	0
vectorUnitCase	1	2147483648	8388608	4286578687	0	4	2147483648
vectorUnitCase	1	2147483648	8388608	4286578687	0	5	2155872256
vectorUnitCase	1	2147483648	8388608	4286578687	0	6	4286578687
vectorUnitCase	1	2147483648	8388608	4286578687	0	7	0
vectorUnitCase	2	1	2155872256	2139095040	2147483648	0	1
vectorUnitCase	2	1	2155872256	2139095040	2147483648	1	2155872256
vectorUnitCase	2	1	2155872256	2139095040	2147483648	2	2139095040
vectorUnitCase	2	1	2155872256	2139095040	2147483648	3	2147483648
vectorUnitCase	2	1	2155872256	2139095040	2147483648	4	1
vectorUnitCase	2	1	2155872256	2139095040	2147483648	5	8388608
vectorUnitCase	2	1	2155872256	2139095040	2147483648	6	2139095040
vectorUnitCase	2	1	2155872256	2139095040	2147483648	7	2147483648
vectorUnitCase	3	2147483649	1065353216	4286578688	1	0	2147483649
vectorUnitCase	3	2147483649	1065353216	4286578688	1	1	1065353216
vectorUnitCase	3	2147483649	1065353216	4286578688	1	2	4286578688
vectorUnitCase	3	2147483649	1065353216	4286578688	1	3	1
vectorUnitCase	3	2147483649	1065353216	4286578688	1	4	2147483649
vectorUnitCase	3	2147483649	1065353216	4286578688	1	5	3212836864
vectorUnitCase	3	2147483649	1065353216	4286578688	1	6	4286578688
vectorUnitCase	3	2147483649	1065353216	4286578688	1	7	1
vectorUnitCase	0	8388607	3212836864	2143363909	2147483649	0	8388607
vectorUnitCase	0	8388607	3212836864	2143363909	2147483649	1	3212836864
vectorUnitCase	0	8388607	3212836864	2143363909	2147483649	2	2143363909
vectorUnitCase	0	8388607	3212836864	2143363909	2147483649	3	2147483649
vectorUnitCase	0	8388607	3212836864	2143363909	2147483649	4	8388607
vectorUnitCase	0	8388607	3212836864	2143363909	2147483649	5	1065353216
vectorUnitCase	0	8388607	3212836864	2143363909	2147483649	6	2143363909
vectorUnitCase	0	8388607	3212836864	2143363909	2147483649	7	2147483649
vectorUnitCase	1	2155872255	2139095039	4291117857	8388607	0	2155872255
vectorUnitCase	1	2155872255	2139095039	4291117857	8388607	1	2139095039
vectorUnitCase	1	2155872255	2139095039	4291117857	8388607	2	4291117857
vectorUnitCase	1	2155872255	2139095039	4291117857	8388607	3	8388607
vectorUnitCase	1	2155872255	2139095039	4291117857	8388607	4	2155872255
vectorUnitCase	1	2155872255	2139095039	4291117857	8388607	5	4286578687
vectorUnitCase	1	2155872255	2139095039	4291117857	8388607	6	4291117857
vectorUnitCase	1	2155872255	2139095039	4291117857	8388607	7	8388607
vectorUnitCase	2	8388608	4286578687	0	2155872255	0	8388608
vectorUnitCase	2	8388608	4286578687	0	2155872255	1	4286578687
vectorUnitCase	2	8388608	4286578687	0	2155872255	2	0
vectorUnitCase	2	8388608	4286578687	0	2155872255	3	2155872255
vectorUnitCase	2	8388608	4286578687	0	2155872255	4	8388608
vectorUnitCase	2	8388608	4286578687	0	2155872255	5	2139095039
vectorUnitCase	2	8388608	4286578687	0	2155872255	6	0
vectorUnitCase	2	8388608	4286578687	0	2155872255	7	2155872255
vectorUnitCase	3	2155872256	2139095040	2147483648	8388608	0	2155872256
vectorUnitCase	3	2155872256	2139095040	2147483648	8388608	1	2139095040
vectorUnitCase	3	2155872256	2139095040	2147483648	8388608	2	2147483648
vectorUnitCase	3	2155872256	2139095040	2147483648	8388608	3	8388608
vectorUnitCase	3	2155872256	2139095040	2147483648	8388608	4	2155872256
vectorUnitCase	3	2155872256	2139095040	2147483648	8388608	5	4286578688
vectorUnitCase	3	2155872256	2139095040	2147483648	8388608	6	2147483648
vectorUnitCase	3	2155872256	2139095040	2147483648	8388608	7	8388608
vectorUnitCase	0	1065353216	4286578688	1	2155872256	0	1065353216
vectorUnitCase	0	1065353216	4286578688	1	2155872256	1	4286578688
vectorUnitCase	0	1065353216	4286578688	1	2155872256	2	1
vectorUnitCase	0	1065353216	4286578688	1	2155872256	3	2155872256
vectorUnitCase	0	1065353216	4286578688	1	2155872256	4	1065353216
vectorUnitCase	0	1065353216	4286578688	1	2155872256	5	2139095040
vectorUnitCase	0	1065353216	4286578688	1	2155872256	6	1
vectorUnitCase	0	1065353216	4286578688	1	2155872256	7	2155872256
vectorUnitCase	1	3212836864	2143363909	2147483649	1065353216	0	3212836864
vectorUnitCase	1	3212836864	2143363909	2147483649	1065353216	1	2143363909
vectorUnitCase	1	3212836864	2143363909	2147483649	1065353216	2	2147483649
vectorUnitCase	1	3212836864	2143363909	2147483649	1065353216	3	1065353216
vectorUnitCase	1	3212836864	2143363909	2147483649	1065353216	4	3212836864
vectorUnitCase	1	3212836864	2143363909	2147483649	1065353216	5	4290847557
vectorUnitCase	1	3212836864	2143363909	2147483649	1065353216	6	2147483649
vectorUnitCase	1	3212836864	2143363909	2147483649	1065353216	7	1065353216
vectorUnitCase	2	2139095039	4291117857	8388607	3212836864	0	2139095039
vectorUnitCase	2	2139095039	4291117857	8388607	3212836864	1	4291117857
vectorUnitCase	2	2139095039	4291117857	8388607	3212836864	2	8388607
vectorUnitCase	2	2139095039	4291117857	8388607	3212836864	3	3212836864
vectorUnitCase	2	2139095039	4291117857	8388607	3212836864	4	2139095039
vectorUnitCase	2	2139095039	4291117857	8388607	3212836864	5	2143634209
vectorUnitCase	2	2139095039	4291117857	8388607	3212836864	6	8388607
vectorUnitCase	2	2139095039	4291117857	8388607	3212836864	7	3212836864
vectorUnitCase	3	4286578687	0	2155872255	2139095039	0	4286578687
vectorUnitCase	3	4286578687	0	2155872255	2139095039	1	0
vectorUnitCase	3	4286578687	0	2155872255	2139095039	2	2155872255
vectorUnitCase	3	4286578687	0	2155872255	2139095039	3	2139095039
vectorUnitCase	3	4286578687	0	2155872255	2139095039	4	4286578687
vectorUnitCase	3	4286578687	0	2155872255	2139095039	5	2147483648
vectorUnitCase	3	4286578687	0	2155872255	2139095039	6	2155872255
vectorUnitCase	3	4286578687	0	2155872255	2139095039	7	2139095039
vectorUnitCase	0	2139095040	2147483648	8388608	4286578687	0	2139095040
vectorUnitCase	0	2139095040	2147483648	8388608	4286578687	1	2147483648
vectorUnitCase	0	2139095040	2147483648	8388608	4286578687	2	8388608
vectorUnitCase	0	2139095040	2147483648	8388608	4286578687	3	4286578687
vectorUnitCase	0	2139095040	2147483648	8388608	4286578687	4	2139095040
vectorUnitCase	0	2139095040	2147483648	8388608	4286578687	5	0
vectorUnitCase	0	2139095040	2147483648	8388608	4286578687	6	8388608
vectorUnitCase	0	2139095040	2147483648	8388608	4286578687	7	4286578687
vectorUnitCase	1	4286578688	1	2155872256	2139095040	0	4286578688
vectorUnitCase	1	4286578688	1	2155872256	2139095040	1	1
vectorUnitCase	1	4286578688	1	2155872256	2139095040	2	2155872256
vectorUnitCase	1	4286578688	1	2155872256	2139095040	3	2139095040
vectorUnitCase	1	4286578688	1	2155872256	2139095040	4	4286578688
vectorUnitCase	1	4286578688	1	2155872256	2139095040	5	2147483649
vectorUnitCase	1	4286578688	1	2155872256	2139095040	6	2155872256
vectorUnitCase	1	4286578688	1	2155872256	2139095040	7	2139095040
vectorUnitCase	2	2143363909	2147483649	1065353216	4286578688	0	2143363909
vectorUnitCase	2	2143363909	2147483649	1065353216	4286578688	1	2147483649
vectorUnitCase	2	2143363909	2147483649	1065353216	4286578688	2	1065353216
vectorUnitCase	2	2143363909	2147483649	1065353216	4286578688	3	4286578688
vectorUnitCase	2	2143363909	2147483649	1065353216	4286578688	4	2143363909
vectorUnitCase	2	2143363909	2147483649	1065353216	4286578688	5	1
vectorUnitCase	2	2143363909	2147483649	1065353216	4286578688	6	1065353216
vectorUnitCase	2	2143363909	2147483649	1065353216	4286578688	7	4286578688
vectorUnitCase	3	4291117857	8388607	3212836864	2143363909	0	4291117857
vectorUnitCase	3	4291117857	8388607	3212836864	2143363909	1	8388607
vectorUnitCase	3	4291117857	8388607	3212836864	2143363909	2	3212836864
vectorUnitCase	3	4291117857	8388607	3212836864	2143363909	3	2143363909
vectorUnitCase	3	4291117857	8388607	3212836864	2143363909	4	4291117857
vectorUnitCase	3	4291117857	8388607	3212836864	2143363909	5	2155872255
vectorUnitCase	3	4291117857	8388607	3212836864	2143363909	6	3212836864
vectorUnitCase	3	4291117857	8388607	3212836864	2143363909	7	2143363909
vectorIndexCase	0	0	2155872255	2139095039	4291117857	0	0
vectorIndexCase	0	0	2155872255	2139095039	4291117857	1	2155872255
vectorIndexCase	0	0	2155872255	2139095039	4291117857	2	2139095039
vectorIndexCase	0	0	2155872255	2139095039	4291117857	3	4291117857
vectorIndexCase	1	2147483648	8388608	4286578687	0	0	2147483648
vectorIndexCase	1	2147483648	8388608	4286578687	0	1	8388608
vectorIndexCase	1	2147483648	8388608	4286578687	0	2	4286578687
vectorIndexCase	1	2147483648	8388608	4286578687	0	3	0
vectorIndexCase	2	1	2155872256	2139095040	2147483648	0	1
vectorIndexCase	2	1	2155872256	2139095040	2147483648	1	2155872256
vectorIndexCase	2	1	2155872256	2139095040	2147483648	2	2139095040
vectorIndexCase	2	1	2155872256	2139095040	2147483648	3	2147483648
vectorIndexCase	3	2147483649	1065353216	4286578688	1	0	2147483649
vectorIndexCase	3	2147483649	1065353216	4286578688	1	1	1065353216
vectorIndexCase	3	2147483649	1065353216	4286578688	1	2	4286578688
vectorIndexCase	3	2147483649	1065353216	4286578688	1	3	1
vectorIndexCase	0	8388607	3212836864	2143363909	2147483649	0	8388607
vectorIndexCase	0	8388607	3212836864	2143363909	2147483649	1	3212836864
vectorIndexCase	0	8388607	3212836864	2143363909	2147483649	2	2143363909
vectorIndexCase	0	8388607	3212836864	2143363909	2147483649	3	2147483649
vectorIndexCase	1	2155872255	2139095039	4291117857	8388607	0	2155872255
vectorIndexCase	1	2155872255	2139095039	4291117857	8388607	1	2139095039
vectorIndexCase	1	2155872255	2139095039	4291117857	8388607	2	4291117857
vectorIndexCase	1	2155872255	2139095039	4291117857	8388607	3	8388607
vectorIndexCase	2	8388608	4286578687	0	2155872255	0	8388608
vectorIndexCase	2	8388608	4286578687	0	2155872255	1	4286578687
vectorIndexCase	2	8388608	4286578687	0	2155872255	2	0
vectorIndexCase	2	8388608	4286578687	0	2155872255	3	2155872255
vectorIndexCase	3	2155872256	2139095040	2147483648	8388608	0	2155872256
vectorIndexCase	3	2155872256	2139095040	2147483648	8388608	1	2139095040
vectorIndexCase	3	2155872256	2139095040	2147483648	8388608	2	2147483648
vectorIndexCase	3	2155872256	2139095040	2147483648	8388608	3	8388608
vectorIndexCase	0	1065353216	4286578688	1	2155872256	0	1065353216
vectorIndexCase	0	1065353216	4286578688	1	2155872256	1	4286578688
vectorIndexCase	0	1065353216	4286578688	1	2155872256	2	1
vectorIndexCase	0	1065353216	4286578688	1	2155872256	3	2155872256
vectorIndexCase	1	3212836864	2143363909	2147483649	1065353216	0	3212836864
vectorIndexCase	1	3212836864	2143363909	2147483649	1065353216	1	2143363909
vectorIndexCase	1	3212836864	2143363909	2147483649	1065353216	2	2147483649
vectorIndexCase	1	3212836864	2143363909	2147483649	1065353216	3	1065353216
vectorIndexCase	2	2139095039	4291117857	8388607	3212836864	0	2139095039
vectorIndexCase	2	2139095039	4291117857	8388607	3212836864	1	4291117857
vectorIndexCase	2	2139095039	4291117857	8388607	3212836864	2	8388607
vectorIndexCase	2	2139095039	4291117857	8388607	3212836864	3	3212836864
vectorIndexCase	3	4286578687	0	2155872255	2139095039	0	4286578687
vectorIndexCase	3	4286578687	0	2155872255	2139095039	1	0
vectorIndexCase	3	4286578687	0	2155872255	2139095039	2	2155872255
vectorIndexCase	3	4286578687	0	2155872255	2139095039	3	2139095039
vectorIndexCase	0	2139095040	2147483648	8388608	4286578687	0	2139095040
vectorIndexCase	0	2139095040	2147483648	8388608	4286578687	1	2147483648
vectorIndexCase	0	2139095040	2147483648	8388608	4286578687	2	8388608
vectorIndexCase	0	2139095040	2147483648	8388608	4286578687	3	4286578687
vectorIndexCase	1	4286578688	1	2155872256	2139095040	0	4286578688
vectorIndexCase	1	4286578688	1	2155872256	2139095040	1	1
vectorIndexCase	1	4286578688	1	2155872256	2139095040	2	2155872256
vectorIndexCase	1	4286578688	1	2155872256	2139095040	3	2139095040
vectorIndexCase	2	2143363909	2147483649	1065353216	4286578688	0	2143363909
vectorIndexCase	2	2143363909	2147483649	1065353216	4286578688	1	2147483649
vectorIndexCase	2	2143363909	2147483649	1065353216	4286578688	2	1065353216
vectorIndexCase	2	2143363909	2147483649	1065353216	4286578688	3	4286578688
vectorIndexCase	3	4291117857	8388607	3212836864	2143363909	0	4291117857
vectorIndexCase	3	4291117857	8388607	3212836864	2143363909	1	8388607
vectorIndexCase	3	4291117857	8388607	3212836864	2143363909	2	3212836864
vectorIndexCase	3	4291117857	8388607	3212836864	2143363909	3	2143363909
vectorReadCase	0	0	2155872255	2139095039	4291117857	0	0
vectorReadCase	0	0	2155872255	2139095039	4291117857	1	2155872255
vectorReadCase	0	0	2155872255	2139095039	4291117857	2	2139095039
vectorReadCase	0	0	2155872255	2139095039	4291117857	3	4291117857
vectorReadCase	1	2147483648	8388608	4286578687	0	0	2147483648
vectorReadCase	1	2147483648	8388608	4286578687	0	1	8388608
vectorReadCase	1	2147483648	8388608	4286578687	0	2	4286578687
vectorReadCase	1	2147483648	8388608	4286578687	0	3	0
vectorReadCase	2	1	2155872256	2139095040	2147483648	0	1
vectorReadCase	2	1	2155872256	2139095040	2147483648	1	2155872256
vectorReadCase	2	1	2155872256	2139095040	2147483648	2	2139095040
vectorReadCase	2	1	2155872256	2139095040	2147483648	3	2147483648
vectorReadCase	3	2147483649	1065353216	4286578688	1	0	2147483649
vectorReadCase	3	2147483649	1065353216	4286578688	1	1	1065353216
vectorReadCase	3	2147483649	1065353216	4286578688	1	2	4286578688
vectorReadCase	3	2147483649	1065353216	4286578688	1	3	1
vectorReadCase	0	8388607	3212836864	2143363909	2147483649	0	8388607
vectorReadCase	0	8388607	3212836864	2143363909	2147483649	1	3212836864
vectorReadCase	0	8388607	3212836864	2143363909	2147483649	2	2143363909
vectorReadCase	0	8388607	3212836864	2143363909	2147483649	3	2147483649
vectorReadCase	1	2155872255	2139095039	4291117857	8388607	0	2155872255
vectorReadCase	1	2155872255	2139095039	4291117857	8388607	1	2139095039
vectorReadCase	1	2155872255	2139095039	4291117857	8388607	2	4291117857
vectorReadCase	1	2155872255	2139095039	4291117857	8388607	3	8388607
vectorReadCase	2	8388608	4286578687	0	2155872255	0	8388608
vectorReadCase	2	8388608	4286578687	0	2155872255	1	4286578687
vectorReadCase	2	8388608	4286578687	0	2155872255	2	0
vectorReadCase	2	8388608	4286578687	0	2155872255	3	2155872255
vectorReadCase	3	2155872256	2139095040	2147483648	8388608	0	2155872256
vectorReadCase	3	2155872256	2139095040	2147483648	8388608	1	2139095040
vectorReadCase	3	2155872256	2139095040	2147483648	8388608	2	2147483648
vectorReadCase	3	2155872256	2139095040	2147483648	8388608	3	8388608
vectorReadCase	0	1065353216	4286578688	1	2155872256	0	1065353216
vectorReadCase	0	1065353216	4286578688	1	2155872256	1	4286578688
vectorReadCase	0	1065353216	4286578688	1	2155872256	2	1
vectorReadCase	0	1065353216	4286578688	1	2155872256	3	2155872256
vectorReadCase	1	3212836864	2143363909	2147483649	1065353216	0	3212836864
vectorReadCase	1	3212836864	2143363909	2147483649	1065353216	1	2143363909
vectorReadCase	1	3212836864	2143363909	2147483649	1065353216	2	2147483649
vectorReadCase	1	3212836864	2143363909	2147483649	1065353216	3	1065353216
vectorReadCase	2	2139095039	4291117857	8388607	3212836864	0	2139095039
vectorReadCase	2	2139095039	4291117857	8388607	3212836864	1	4291117857
vectorReadCase	2	2139095039	4291117857	8388607	3212836864	2	8388607
vectorReadCase	2	2139095039	4291117857	8388607	3212836864	3	3212836864
vectorReadCase	3	4286578687	0	2155872255	2139095039	0	4286578687
vectorReadCase	3	4286578687	0	2155872255	2139095039	1	0
vectorReadCase	3	4286578687	0	2155872255	2139095039	2	2155872255
vectorReadCase	3	4286578687	0	2155872255	2139095039	3	2139095039
vectorReadCase	0	2139095040	2147483648	8388608	4286578687	0	2139095040
vectorReadCase	0	2139095040	2147483648	8388608	4286578687	1	2147483648
vectorReadCase	0	2139095040	2147483648	8388608	4286578687	2	8388608
vectorReadCase	0	2139095040	2147483648	8388608	4286578687	3	4286578687
vectorReadCase	1	4286578688	1	2155872256	2139095040	0	4286578688
vectorReadCase	1	4286578688	1	2155872256	2139095040	1	1
vectorReadCase	1	4286578688	1	2155872256	2139095040	2	2155872256
vectorReadCase	1	4286578688	1	2155872256	2139095040	3	2139095040
vectorReadCase	2	2143363909	2147483649	1065353216	4286578688	0	2143363909
vectorReadCase	2	2143363909	2147483649	1065353216	4286578688	1	2147483649
vectorReadCase	2	2143363909	2147483649	1065353216	4286578688	2	1065353216
vectorReadCase	2	2143363909	2147483649	1065353216	4286578688	3	4286578688
vectorReadCase	3	4291117857	8388607	3212836864	2143363909	0	4291117857
vectorReadCase	3	4291117857	8388607	3212836864	2143363909	1	8388607
vectorReadCase	3	4291117857	8388607	3212836864	2143363909	2	3212836864
vectorReadCase	3	4291117857	8388607	3212836864	2143363909	3	2143363909
vectorWriteCase	0	0	2155872255	2139095039	4291117857	0	18749518004575
vectorWriteCase	0	0	2155872255	2139095039	4291117857	1	18749518004575
vectorWriteCase	0	0	2155872255	2139095039	4291117857	2	18749518004575
vectorWriteCase	0	0	2155872255	2139095039	4291117857	3	18749518004575
vectorWriteCase	0	0	2155872255	2139095039	4291117857	4	18749518004830
vectorWriteCase	0	0	2155872255	2139095039	4291117857	5	18749518004830
vectorWriteCase	0	0	2155872255	2139095039	4291117857	6	18749518004702
vectorWriteCase	0	0	2155872255	2139095039	4291117857	7	18749518004703
vectorWriteCase	0	0	2155872255	2139095039	4291117857	8	18749518004830
vectorWriteCase	0	0	2155872255	2139095039	4291117857	9	18749518004830
vectorWriteCase	0	0	2155872255	2139095039	4291117857	10	18749518004702
vectorWriteCase	0	0	2155872255	2139095039	4291117857	11	18749518004702
vectorWriteCase	0	0	2155872255	2139095039	4291117857	12	18749518004608
vectorWriteCase	0	0	2155872255	2139095039	4291117857	13	18749518004642
vectorWriteCase	0	0	2155872255	2139095039	4291117857	14	18749518004772
vectorWriteCase	0	0	2155872255	2139095039	4291117857	15	18749518004830
vectorWriteCase	0	0	2155872255	2139095039	4291117857	16	18749518004586
vectorWriteCase	0	0	2155872255	2139095039	4291117857	17	18749518004801
vectorWriteCase	0	0	2155872255	2139095039	4291117857	18	18749518004758
vectorWriteCase	0	0	2155872255	2139095039	4291117857	19	18749518004716
vectorWriteCase	0	0	2155872255	2139095039	4291117857	20	18749518004593
vectorWriteCase	0	0	2155872255	2139095039	4291117857	21	18749518004806
vectorWriteCase	0	0	2155872255	2139095039	4291117857	22	18749518004761
vectorWriteCase	0	0	2155872255	2139095039	4291117857	23	18749518004717
vectorWriteCase	0	0	2155872255	2139095039	4291117857	24	18749518004600
vectorWriteCase	0	0	2155872255	2139095039	4291117857	25	18749518004811
vectorWriteCase	0	0	2155872255	2139095039	4291117857	26	18749518004764
vectorWriteCase	0	0	2155872255	2139095039	4291117857	27	18749518004718
vectorWriteCase	0	0	2155872255	2139095039	4291117857	28	18749518004607
vectorWriteCase	0	0	2155872255	2139095039	4291117857	29	18749518004816
vectorWriteCase	0	0	2155872255	2139095039	4291117857	30	18749518004767
vectorWriteCase	0	0	2155872255	2139095039	4291117857	31	18749518004719
vectorWriteCase	0	0	2155872255	2139095039	4291117857	32	18749518004614
vectorWriteCase	0	0	2155872255	2139095039	4291117857	33	18749518004821
vectorWriteCase	0	0	2155872255	2139095039	4291117857	34	18749518004770
vectorWriteCase	0	0	2155872255	2139095039	4291117857	35	18749518004720
vectorWriteCase	0	0	2155872255	2139095039	4291117857	36	18749518004621
vectorWriteCase	0	0	2155872255	2139095039	4291117857	37	18749518004826
vectorWriteCase	0	0	2155872255	2139095039	4291117857	38	18749518004773
vectorWriteCase	0	0	2155872255	2139095039	4291117857	39	18749518004721
vectorWriteCase	0	0	2155872255	2139095039	4291117857	40	18749518004628
vectorWriteCase	0	0	2155872255	2139095039	4291117857	41	18749518004575
vectorWriteCase	0	0	2155872255	2139095039	4291117857	42	18749518004777
vectorWriteCase	0	0	2155872255	2139095039	4291117857	43	18749518004722
vectorWriteCase	0	0	2155872255	2139095039	4291117857	44	18749518004635
vectorWriteCase	0	0	2155872255	2139095039	4291117857	45	18749518004580
vectorWriteCase	0	0	2155872255	2139095039	4291117857	46	18749518004780
vectorWriteCase	0	0	2155872255	2139095039	4291117857	47	18749518004723
vectorWriteCase	0	0	2155872255	2139095039	4291117857	48	18749518004642
vectorWriteCase	0	0	2155872255	2139095039	4291117857	49	18749518004585
vectorWriteCase	0	0	2155872255	2139095039	4291117857	50	18749518004783
vectorWriteCase	0	0	2155872255	2139095039	4291117857	51	18749518004724
vectorWriteCase	0	0	2155872255	2139095039	4291117857	52	18749518004649
vectorWriteCase	0	0	2155872255	2139095039	4291117857	53	18749518004590
vectorWriteCase	0	0	2155872255	2139095039	4291117857	54	18749518004786
vectorWriteCase	0	0	2155872255	2139095039	4291117857	55	18749518004725
vectorWriteCase	0	0	2155872255	2139095039	4291117857	56	18749518004656
vectorWriteCase	0	0	2155872255	2139095039	4291117857	57	18749518004595
vectorWriteCase	0	0	2155872255	2139095039	4291117857	58	18749518004789
vectorWriteCase	0	0	2155872255	2139095039	4291117857	59	18749518004726
vectorWriteCase	0	0	2155872255	2139095039	4291117857	60	18749518004663
vectorWriteCase	0	0	2155872255	2139095039	4291117857	61	18749518004600
vectorWriteCase	0	0	2155872255	2139095039	4291117857	62	18749518004792
vectorWriteCase	0	0	2155872255	2139095039	4291117857	63	18749518004727
vectorWriteCase	1	2147483648	8388608	4286578687	0	0	9378044312040
vectorWriteCase	1	2147483648	8388608	4286578687	0	1	9378044312006
vectorWriteCase	1	2147483648	8388608	4286578687	0	2	9378044311972
vectorWriteCase	1	2147483648	8388608	4286578687	0	3	9378044311938
vectorWriteCase	1	2147483648	8388608	4286578687	0	4	9378044312047
vectorWriteCase	1	2147483648	8388608	4286578687	0	5	9378044312011
vectorWriteCase	1	2147483648	8388608	4286578687	0	6	9378044311975
vectorWriteCase	1	2147483648	8388608	4286578687	0	7	9378044311939
vectorWriteCase	1	2147483648	8388608	4286578687	0	8	9378044312054
vectorWriteCase	1	2147483648	8388608	4286578687	0	9	9378044312016
vectorWriteCase	1	2147483648	8388608	4286578687	0	10	9378044311978
vectorWriteCase	1	2147483648	8388608	4286578687	0	11	9378044311940
vectorWriteCase	1	2147483648	8388608	4286578687	0	12	9378044311805
vectorWriteCase	1	2147483648	8388608	4286578687	0	13	9378044312022
vectorWriteCase	1	2147483648	8388608	4286578687	0	14	9378044311981
vectorWriteCase	1	2147483648	8388608	4286578687	0	15	9378044311941
vectorWriteCase	1	2147483648	8388608	4286578687	0	16	9378044311801
vectorWriteCase	1	2147483648	8388608	4286578687	0	17	9378044311801
vectorWriteCase	1	2147483648	8388608	4286578687	0	18	9378044311801
vectorWriteCase	1	2147483648	8388608	4286578687	0	19	9378044311929
vectorWriteCase	1	2147483648	8388608	4286578687	0	20	9378044311801
vectorWriteCase	1	2147483648	8388608	4286578687	0	21	9378044311801
vectorWriteCase	1	2147483648	8388608	4286578687	0	22	9378044311929
vectorWriteCase	1	2147483648	8388608	4286578687	0	23	9378044311801
vectorWriteCase	1	2147483648	8388608	4286578687	0	24	9378044312056
vectorWriteCase	1	2147483648	8388608	4286578687	0	25	9378044312056
vectorWriteCase	1	2147483648	8388608	4286578687	0	26	9378044311928
vectorWriteCase	1	2147483648	8388608	4286578687	0	27	9378044312056
vectorWriteCase	1	2147483648	8388608	4286578687	0	28	9378044311801
vectorWriteCase	1	2147483648	8388608	4286578687	0	29	9378044311801
vectorWriteCase	1	2147483648	8388608	4286578687	0	30	9378044311801
vectorWriteCase	1	2147483648	8388608	4286578687	0	31	9378044311801
vectorWriteCase	1	2147483648	8388608	4286578687	0	32	9378044311840
vectorWriteCase	1	2147483648	8388608	4286578687	0	33	9378044312047
vectorWriteCase	1	2147483648	8388608	4286578687	0	34	9378044311996
vectorWriteCase	1	2147483648	8388608	4286578687	0	35	9378044311946
vectorWriteCase	1	2147483648	8388608	4286578687	0	36	9378044311847
vectorWriteCase	1	2147483648	8388608	4286578687	0	37	9378044312052
vectorWriteCase	1	2147483648	8388608	4286578687	0	38	9378044311999
vectorWriteCase	1	2147483648	8388608	4286578687	0	39	9378044311947
vectorWriteCase	1	2147483648	8388608	4286578687	0	40	9378044311854
vectorWriteCase	1	2147483648	8388608	4286578687	0	41	9378044311801
vectorWriteCase	1	2147483648	8388608	4286578687	0	42	9378044312003
vectorWriteCase	1	2147483648	8388608	4286578687	0	43	9378044311948
vectorWriteCase	1	2147483648	8388608	4286578687	0	44	9378044311861
vectorWriteCase	1	2147483648	8388608	4286578687	0	45	9378044311806
vectorWriteCase	1	2147483648	8388608	4286578687	0	46	9378044312006
vectorWriteCase	1	2147483648	8388608	4286578687	0	47	9378044311949
vectorWriteCase	1	2147483648	8388608	4286578687	0	48	9378044311868
vectorWriteCase	1	2147483648	8388608	4286578687	0	49	9378044311811
vectorWriteCase	1	2147483648	8388608	4286578687	0	50	9378044312009
vectorWriteCase	1	2147483648	8388608	4286578687	0	51	9378044311950
vectorWriteCase	1	2147483648	8388608	4286578687	0	52	9378044311875
vectorWriteCase	1	2147483648	8388608	4286578687	0	53	9378044311816
vectorWriteCase	1	2147483648	8388608	4286578687	0	54	9378044312012
vectorWriteCase	1	2147483648	8388608	4286578687	0	55	9378044311951
vectorWriteCase	1	2147483648	8388608	4286578687	0	56	9378044311882
vectorWriteCase	1	2147483648	8388608	4286578687	0	57	9378044311821
vectorWriteCase	1	2147483648	8388608	4286578687	0	58	9378044312015
vectorWriteCase	1	2147483648	8388608	4286578687	0	59	9378044311952
vectorWriteCase	1	2147483648	8388608	4286578687	0	60	9378044311889
vectorWriteCase	1	2147483648	8388608	4286578687	0	61	9378044311826
vectorWriteCase	1	2147483648	8388608	4286578687	0	62	9378044312018
vectorWriteCase	1	2147483648	8388608	4286578687	0	63	9378044311953
vectorWriteCase	2	1	2155872256	2139095040	2147483648	0	12689464099826
vectorWriteCase	2	1	2155872256	2139095040	2147483648	1	12689464099792
vectorWriteCase	2	1	2155872256	2139095040	2147483648	2	12689464099758
vectorWriteCase	2	1	2155872256	2139095040	2147483648	3	12689464099724
vectorWriteCase	2	1	2155872256	2139095040	2147483648	4	12689464099833
vectorWriteCase	2	1	2155872256	2139095040	2147483648	5	12689464099797
vectorWriteCase	2	1	2155872256	2139095040	2147483648	6	12689464099761
vectorWriteCase	2	1	2155872256	2139095040	2147483648	7	12689464099725
vectorWriteCase	2	1	2155872256	2139095040	2147483648	8	12689464099840
vectorWriteCase	2	1	2155872256	2139095040	2147483648	9	12689464099802
vectorWriteCase	2	1	2155872256	2139095040	2147483648	10	12689464099764
vectorWriteCase	2	1	2155872256	2139095040	2147483648	11	12689464099726
vectorWriteCase	2	1	2155872256	2139095040	2147483648	12	12689464099591
vectorWriteCase	2	1	2155872256	2139095040	2147483648	13	12689464099808
vectorWriteCase	2	1	2155872256	2139095040	2147483648	14	12689464099767
vectorWriteCase	2	1	2155872256	2139095040	2147483648	15	12689464099727
vectorWriteCase	2	1	2155872256	2139095040	2147483648	16	12689464099598
vectorWriteCase	2	1	2155872256	2139095040	2147483648	17	12689464099813
vectorWriteCase	2	1	2155872256	2139095040	2147483648	18	12689464099770
vectorWriteCase	2	1	2155872256	2139095040	2147483648	19	12689464099728
vectorWriteCase	2	1	2155872256	2139095040	2147483648	20	12689464099605
vectorWriteCase	2	1	2155872256	2139095040	2147483648	21	12689464099818
vectorWriteCase	2	1	2155872256	2139095040	2147483648	22	12689464099773
vectorWriteCase	2	1	2155872256	2139095040	2147483648	23	12689464099729
vectorWriteCase	2	1	2155872256	2139095040	2147483648	24	12689464099612
vectorWriteCase	2	1	2155872256	2139095040	2147483648	25	12689464099823
vectorWriteCase	2	1	2155872256	2139095040	2147483648	26	12689464099776
vectorWriteCase	2	1	2155872256	2139095040	2147483648	27	12689464099730
vectorWriteCase	2	1	2155872256	2139095040	2147483648	28	12689464099619
vectorWriteCase	2	1	2155872256	2139095040	2147483648	29	12689464099828
vectorWriteCase	2	1	2155872256	2139095040	2147483648	30	12689464099779
vectorWriteCase	2	1	2155872256	2139095040	2147483648	31	12689464099731
vectorWriteCase	2	1	2155872256	2139095040	2147483648	32	12689464099588
vectorWriteCase	2	1	2155872256	2139095040	2147483648	33	12689464099587
vectorWriteCase	2	1	2155872256	2139095040	2147483648	34	12689464099587
vectorWriteCase	2	1	2155872256	2139095040	2147483648	35	12689464099587
vectorWriteCase	2	1	2155872256	2139095040	2147483648	36	12689464099587
vectorWriteCase	2	1	2155872256	2139095040	2147483648	37	12689464099587
vectorWriteCase	2	1	2155872256	2139095040	2147483648	38	12689464099715
vectorWriteCase	2	1	2155872256	2139095040	2147483648	39	12689464099715
vectorWriteCase	2	1	2155872256	2139095040	2147483648	40	12689464099587
vectorWriteCase	2	1	2155872256	2139095040	2147483648	41	12689464099587
vectorWriteCase	2	1	2155872256	2139095040	2147483648	42	12689464099715
vectorWriteCase	2	1	2155872256	2139095040	2147483648	43	12689464099714
vectorWriteCase	2	1	2155872256	2139095040	2147483648	44	12689464099587
vectorWriteCase	2	1	2155872256	2139095040	2147483648	45	12689464099587
vectorWriteCase	2	1	2155872256	2139095040	2147483648	46	12689464099587
vectorWriteCase	2	1	2155872256	2139095040	2147483648	47	12689464099715
vectorWriteCase	2	1	2155872256	2139095040	2147483648	48	12689464099654
vectorWriteCase	2	1	2155872256	2139095040	2147483648	49	12689464099597
vectorWriteCase	2	1	2155872256	2139095040	2147483648	50	12689464099795
vectorWriteCase	2	1	2155872256	2139095040	2147483648	51	12689464099736
vectorWriteCase	2	1	2155872256	2139095040	2147483648	52	12689464099661
vectorWriteCase	2	1	2155872256	2139095040	2147483648	53	12689464099602
vectorWriteCase	2	1	2155872256	2139095040	2147483648	54	12689464099798
vectorWriteCase	2	1	2155872256	2139095040	2147483648	55	12689464099737
vectorWriteCase	2	1	2155872256	2139095040	2147483648	56	12689464099668
vectorWriteCase	2	1	2155872256	2139095040	2147483648	57	12689464099607
vectorWriteCase	2	1	2155872256	2139095040	2147483648	58	12689464099801
vectorWriteCase	2	1	2155872256	2139095040	2147483648	59	12689464099738
vectorWriteCase	2	1	2155872256	2139095040	2147483648	60	12689464099675
vectorWriteCase	2	1	2155872256	2139095040	2147483648	61	12689464099612
vectorWriteCase	2	1	2155872256	2139095040	2147483648	62	12689464099804
vectorWriteCase	2	1	2155872256	2139095040	2147483648	63	12689464099739
vectorWriteCase	3	2147483649	1065353216	4286578688	1	0	10736243838717
vectorWriteCase	3	2147483649	1065353216	4286578688	1	1	10736243838683
vectorWriteCase	3	2147483649	1065353216	4286578688	1	2	10736243838649
vectorWriteCase	3	2147483649	1065353216	4286578688	1	3	10736243838615
vectorWriteCase	3	2147483649	1065353216	4286578688	1	4	10736243838724
vectorWriteCase	3	2147483649	1065353216	4286578688	1	5	10736243838688
vectorWriteCase	3	2147483649	1065353216	4286578688	1	6	10736243838652
vectorWriteCase	3	2147483649	1065353216	4286578688	1	7	10736243838616
vectorWriteCase	3	2147483649	1065353216	4286578688	1	8	10736243838731
vectorWriteCase	3	2147483649	1065353216	4286578688	1	9	10736243838693
vectorWriteCase	3	2147483649	1065353216	4286578688	1	10	10736243838655
vectorWriteCase	3	2147483649	1065353216	4286578688	1	11	10736243838617
vectorWriteCase	3	2147483649	1065353216	4286578688	1	12	10736243838482
vectorWriteCase	3	2147483649	1065353216	4286578688	1	13	10736243838699
vectorWriteCase	3	2147483649	1065353216	4286578688	1	14	10736243838658
vectorWriteCase	3	2147483649	1065353216	4286578688	1	15	10736243838618
vectorWriteCase	3	2147483649	1065353216	4286578688	1	16	10736243838489
vectorWriteCase	3	2147483649	1065353216	4286578688	1	17	10736243838704
vectorWriteCase	3	2147483649	1065353216	4286578688	1	18	10736243838661
vectorWriteCase	3	2147483649	1065353216	4286578688	1	19	10736243838619
vectorWriteCase	3	2147483649	1065353216	4286578688	1	20	10736243838496
vectorWriteCase	3	2147483649	1065353216	4286578688	1	21	10736243838709
vectorWriteCase	3	2147483649	1065353216	4286578688	1	22	10736243838664
vectorWriteCase	3	2147483649	1065353216	4286578688	1	23	10736243838620
vectorWriteCase	3	2147483649	1065353216	4286578688	1	24	10736243838503
vectorWriteCase	3	2147483649	1065353216	4286578688	1	25	10736243838714
vectorWriteCase	3	2147483649	1065353216	4286578688	1	26	10736243838667
vectorWriteCase	3	2147483649	1065353216	4286578688	1	27	10736243838621
vectorWriteCase	3	2147483649	1065353216	4286578688	1	28	10736243838510
vectorWriteCase	3	2147483649	1065353216	4286578688	1	29	10736243838719
vectorWriteCase	3	2147483649	1065353216	4286578688	1	30	10736243838670
vectorWriteCase	3	2147483649	1065353216	4286578688	1	31	10736243838622
vectorWriteCase	3	2147483649	1065353216	4286578688	1	32	10736243838517
vectorWriteCase	3	2147483649	1065353216	4286578688	1	33	10736243838724
vectorWriteCase	3	2147483649	1065353216	4286578688	1	34	10736243838673
vectorWriteCase	3	2147483649	1065353216	4286578688	1	35	10736243838623
vectorWriteCase	3	2147483649	1065353216	4286578688	1	36	10736243838524
vectorWriteCase	3	2147483649	1065353216	4286578688	1	37	10736243838729
vectorWriteCase	3	2147483649	1065353216	4286578688	1	38	10736243838676
vectorWriteCase	3	2147483649	1065353216	4286578688	1	39	10736243838624
vectorWriteCase	3	2147483649	1065353216	4286578688	1	40	10736243838531
vectorWriteCase	3	2147483649	1065353216	4286578688	1	41	10736243838478
vectorWriteCase	3	2147483649	1065353216	4286578688	1	42	10736243838680
vectorWriteCase	3	2147483649	1065353216	4286578688	1	43	10736243838625
vectorWriteCase	3	2147483649	1065353216	4286578688	1	44	10736243838538
vectorWriteCase	3	2147483649	1065353216	4286578688	1	45	10736243838483
vectorWriteCase	3	2147483649	1065353216	4286578688	1	46	10736243838683
vectorWriteCase	3	2147483649	1065353216	4286578688	1	47	10736243838626
vectorWriteCase	3	2147483649	1065353216	4286578688	1	48	10736243838479
vectorWriteCase	3	2147483649	1065353216	4286578688	1	49	10736243838478
vectorWriteCase	3	2147483649	1065353216	4286578688	1	50	10736243838478
vectorWriteCase	3	2147483649	1065353216	4286578688	1	51	10736243838606
vectorWriteCase	3	2147483649	1065353216	4286578688	1	52	10736243838478
vectorWriteCase	3	2147483649	1065353216	4286578688	1	53	10736243838478
vectorWriteCase	3	2147483649	1065353216	4286578688	1	54	10736243838606
vectorWriteCase	3	2147483649	1065353216	4286578688	1	55	10736243838541
vectorWriteCase	3	2147483649	1065353216	4286578688	1	56	10736243838478
vectorWriteCase	3	2147483649	1065353216	4286578688	1	57	10736243838478
vectorWriteCase	3	2147483649	1065353216	4286578688	1	58	10736243838606
vectorWriteCase	3	2147483649	1065353216	4286578688	1	59	10736243838733
vectorWriteCase	3	2147483649	1065353216	4286578688	1	60	10736243838479
vectorWriteCase	3	2147483649	1065353216	4286578688	1	61	10736243838478
vectorWriteCase	3	2147483649	1065353216	4286578688	1	62	10736243838478
vectorWriteCase	3	2147483649	1065353216	4286578688	1	63	10736243838478
vectorWriteCase	0	8388607	3212836864	2143363909	2147483649	0	14061810934506
vectorWriteCase	0	8388607	3212836864	2143363909	2147483649	1	14061810934506
vectorWriteCase	0	8388607	3212836864	2143363909	2147483649	2	14061810934378
vectorWriteCase	0	8388607	3212836864	2143363909	2147483649	3	14061810934251
vectorWriteCase	0	8388607	3212836864	2143363909	2147483649	4	14061810934251
vectorWriteCase	0	8388607	3212836864	2143363909	2147483649	5	14061810934251
vectorWriteCase	0	8388607	3212836864	2143363909	2147483649	6	14061810934379
vectorWriteCase	0	8388607	3212836864	2143363909	2147483649	7	14061810934442
vectorWriteCase	0	8388607	3212836864	2143363909	2147483649	8	14061810934320
vectorWriteCase	0	8388607	3212836864	2143363909	2147483649	9	14061810934286
vectorWriteCase	0	8388607	3212836864	2143363909	2147483649	10	14061810934444
vectorWriteCase	0	8388607	3212836864	2143363909	2147483649	11	14061810934378
vectorWriteCase	0	8388607	3212836864	2143363909	2147483649	12	14061810934252
vectorWriteCase	0	8388607	3212836864	2143363909	2147483649	13	14061810934251
vectorWriteCase	0	8388607	3212836864	2143363909	2147483649	14	14061810934251
vectorWriteCase	0	8388607	3212836864	2143363909	2147483649	15	14061810934379
vectorWriteCase	0	8388607	3212836864	2143363909	2147483649	16	14061810934262
vectorWriteCase	0	8388607	3212836864	2143363909	2147483649	17	14061810934477
vectorWriteCase	0	8388607	3212836864	2143363909	2147483649	18	14061810934434
vectorWriteCase	0	8388607	3212836864	2143363909	2147483649	19	14061810934392
vectorWriteCase	0	8388607	3212836864	2143363909	2147483649	20	14061810934269
vectorWriteCase	0	8388607	3212836864	2143363909	2147483649	21	14061810934482
vectorWriteCase	0	8388607	3212836864	2143363909	2147483649	22	14061810934437
vectorWriteCase	0	8388607	3212836864	2143363909	2147483649	23	14061810934393
vectorWriteCase	0	8388607	3212836864	2143363909	2147483649	24	14061810934276
vectorWriteCase	0	8388607	3212836864	2143363909	2147483649	25	14061810934487
vectorWriteCase	0	8388607	3212836864	2143363909	2147483649	26	14061810934440
vectorWriteCase	0	8388607	3212836864	2143363909	2147483649	27	14061810934394
vectorWriteCase	0	8388607	3212836864	2143363909	2147483649	28	14061810934283
vectorWriteCase	0	8388607	3212836864	2143363909	2147483649	29	14061810934492
vectorWriteCase	0	8388607	3212836864	2143363909	2147483649	30	14061810934443
vectorWriteCase	0	8388607	3212836864	2143363909	2147483649	31	14061810934395
vectorWriteCase	0	8388607	3212836864	2143363909	2147483649	32	14061810934290
vectorWriteCase	0	8388607	3212836864	2143363909	2147483649	33	14061810934497
vectorWriteCase	0	8388607	3212836864	2143363909	2147483649	34	14061810934446
vectorWriteCase	0	8388607	3212836864	2143363909	2147483649	35	14061810934396
vectorWriteCase	0	8388607	3212836864	2143363909	2147483649	36	14061810934297
vectorWriteCase	0	8388607	3212836864	2143363909	2147483649	37	14061810934502
vectorWriteCase	0	8388607	3212836864	2143363909	2147483649	38	14061810934449
vectorWriteCase	0	8388607	3212836864	2143363909	2147483649	39	14061810934397
vectorWriteCase	0	8388607	3212836864	2143363909	2147483649	40	14061810934304
vectorWriteCase	0	8388607	3212836864	2143363909	2147483649	41	14061810934251
vectorWriteCase	0	8388607	3212836864	2143363909	2147483649	42	14061810934453
vectorWriteCase	0	8388607	3212836864	2143363909	2147483649	43	14061810934398
vectorWriteCase	0	8388607	3212836864	2143363909	2147483649	44	14061810934311
vectorWriteCase	0	8388607	3212836864	2143363909	2147483649	45	14061810934256
vectorWriteCase	0	8388607	3212836864	2143363909	2147483649	46	14061810934456
vectorWriteCase	0	8388607	3212836864	2143363909	2147483649	47	14061810934399
vectorWriteCase	0	8388607	3212836864	2143363909	2147483649	48	14061810934318
vectorWriteCase	0	8388607	3212836864	2143363909	2147483649	49	14061810934261
vectorWriteCase	0	8388607	3212836864	2143363909	2147483649	50	14061810934459
vectorWriteCase	0	8388607	3212836864	2143363909	2147483649	51	14061810934400
vectorWriteCase	0	8388607	3212836864	2143363909	2147483649	52	14061810934325
vectorWriteCase	0	8388607	3212836864	2143363909	2147483649	53	14061810934266
vectorWriteCase	0	8388607	3212836864	2143363909	2147483649	54	14061810934462
vectorWriteCase	0	8388607	3212836864	2143363909	2147483649	55	14061810934401
vectorWriteCase	0	8388607	3212836864	2143363909	2147483649	56	14061810934332
vectorWriteCase	0	8388607	3212836864	2143363909	2147483649	57	14061810934271
vectorWriteCase	0	8388607	3212836864	2143363909	2147483649	58	14061810934465
vectorWriteCase	0	8388607	3212836864	2143363909	2147483649	59	14061810934402
vectorWriteCase	0	8388607	3212836864	2143363909	2147483649	60	14061810934339
vectorWriteCase	0	8388607	3212836864	2143363909	2147483649	61	14061810934276
vectorWriteCase	0	8388607	3212836864	2143363909	2147483649	62	14061810934468
vectorWriteCase	0	8388607	3212836864	2143363909	2147483649	63	14061810934403
vectorWriteCase	1	2155872255	2139095039	4291117857	8388607	0	12154350250691
vectorWriteCase	1	2155872255	2139095039	4291117857	8388607	1	12154350250657
vectorWriteCase	1	2155872255	2139095039	4291117857	8388607	2	12154350250623
vectorWriteCase	1	2155872255	2139095039	4291117857	8388607	3	12154350250589
vectorWriteCase	1	2155872255	2139095039	4291117857	8388607	4	12154350250698
vectorWriteCase	1	2155872255	2139095039	4291117857	8388607	5	12154350250662
vectorWriteCase	1	2155872255	2139095039	4291117857	8388607	6	12154350250626
vectorWriteCase	1	2155872255	2139095039	4291117857	8388607	7	12154350250590
vectorWriteCase	1	2155872255	2139095039	4291117857	8388607	8	12154350250705
vectorWriteCase	1	2155872255	2139095039	4291117857	8388607	9	12154350250667
vectorWriteCase	1	2155872255	2139095039	4291117857	8388607	10	12154350250629
vectorWriteCase	1	2155872255	2139095039	4291117857	8388607	11	12154350250591
vectorWriteCase	1	2155872255	2139095039	4291117857	8388607	12	12154350250456
vectorWriteCase	1	2155872255	2139095039	4291117857	8388607	13	12154350250673
vectorWriteCase	1	2155872255	2139095039	4291117857	8388607	14	12154350250632
vectorWriteCase	1	2155872255	2139095039	4291117857	8388607	15	12154350250592
vectorWriteCase	1	2155872255	2139095039	4291117857	8388607	16	12154350250707
vectorWriteCase	1	2155872255	2139095039	4291117857	8388607	17	12154350250707
vectorWriteCase	1	2155872255	2139095039	4291117857	8388607	18	12154350250579
vectorWriteCase	1	2155872255	2139095039	4291117857	8388607	19	12154350250580
vectorWriteCase	1	2155872255	2139095039	4291117857	8388607	20	12154350250707
vectorWriteCase	1	2155872255	2139095039	4291117857	8388607	21	12154350250707
vectorWriteCase	1	2155872255	2139095039	4291117857	8388607	22	12154350250579
vectorWriteCase	1	2155872255	2139095039	4291117857	8388607	23	12154350250579
vectorWriteCase	1	2155872255	2139095039	4291117857	8388607	24	12154350250485
vectorWriteCase	1	2155872255	2139095039	4291117857	8388607	25	12154350250519
vectorWriteCase	1	2155872255	2139095039	4291117857	8388607	26	12154350250649
vectorWriteCase	1	2155872255	2139095039	4291117857	8388607	27	12154350250707
vectorWriteCase	1	2155872255	2139095039	4291117857	8388607	28	12154350250707
vectorWriteCase	1	2155872255	2139095039	4291117857	8388607	29	12154350250707
vectorWriteCase	1	2155872255	2139095039	4291117857	8388607	30	12154350250579
vectorWriteCase	1	2155872255	2139095039	4291117857	8388607	31	12154350250452
vectorWriteCase	1	2155872255	2139095039	4291117857	8388607	32	12154350250491
vectorWriteCase	1	2155872255	2139095039	4291117857	8388607	33	12154350250698
vectorWriteCase	1	2155872255	2139095039	4291117857	8388607	34	12154350250647
vectorWriteCase	1	2155872255	2139095039	4291117857	8388607	35	12154350250597
vectorWriteCase	1	2155872255	2139095039	4291117857	8388607	36	12154350250498
vectorWriteCase	1	2155872255	2139095039	4291117857	8388607	37	12154350250703
vectorWriteCase	1	2155872255	2139095039	4291117857	8388607	38	12154350250650
vectorWriteCase	1	2155872255	2139095039	4291117857	8388607	39	12154350250598
vectorWriteCase	1	2155872255	2139095039	4291117857	8388607	40	12154350250505
vectorWriteCase	1	2155872255	2139095039	4291117857	8388607	41	12154350250452
vectorWriteCase	1	2155872255	2139095039	4291117857	8388607	42	12154350250654
vectorWriteCase	1	2155872255	2139095039	4291117857	8388607	43	12154350250599
vectorWriteCase	1	2155872255	2139095039	4291117857	8388607	44	12154350250512
vectorWriteCase	1	2155872255	2139095039	4291117857	8388607	45	12154350250457
vectorWriteCase	1	2155872255	2139095039	4291117857	8388607	46	12154350250657
vectorWriteCase	1	2155872255	2139095039	4291117857	8388607	47	12154350250600
vectorWriteCase	1	2155872255	2139095039	4291117857	8388607	48	12154350250519
vectorWriteCase	1	2155872255	2139095039	4291117857	8388607	49	12154350250462
vectorWriteCase	1	2155872255	2139095039	4291117857	8388607	50	12154350250660
vectorWriteCase	1	2155872255	2139095039	4291117857	8388607	51	12154350250601
vectorWriteCase	1	2155872255	2139095039	4291117857	8388607	52	12154350250526
vectorWriteCase	1	2155872255	2139095039	4291117857	8388607	53	12154350250467
vectorWriteCase	1	2155872255	2139095039	4291117857	8388607	54	12154350250663
vectorWriteCase	1	2155872255	2139095039	4291117857	8388607	55	12154350250602
vectorWriteCase	1	2155872255	2139095039	4291117857	8388607	56	12154350250533
vectorWriteCase	1	2155872255	2139095039	4291117857	8388607	57	12154350250472
vectorWriteCase	1	2155872255	2139095039	4291117857	8388607	58	12154350250666
vectorWriteCase	1	2155872255	2139095039	4291117857	8388607	59	12154350250603
vectorWriteCase	1	2155872255	2139095039	4291117857	8388607	60	12154350250540
vectorWriteCase	1	2155872255	2139095039	4291117857	8388607	61	12154350250477
vectorWriteCase	1	2155872255	2139095039	4291117857	8388607	62	12154350250669
vectorWriteCase	1	2155872255	2139095039	4291117857	8388607	63	12154350250604
vectorWriteCase	2	8388608	4286578687	0	2155872255	0	11609372094687
vectorWriteCase	2	8388608	4286578687	0	2155872255	1	11609372094653
vectorWriteCase	2	8388608	4286578687	0	2155872255	2	11609372094619
vectorWriteCase	2	8388608	4286578687	0	2155872255	3	11609372094585
vectorWriteCase	2	8388608	4286578687	0	2155872255	4	11609372094694
vectorWriteCase	2	8388608	4286578687	0	2155872255	5	11609372094658
vectorWriteCase	2	8388608	4286578687	0	2155872255	6	11609372094622
vectorWriteCase	2	8388608	4286578687	0	2155872255	7	11609372094586
vectorWriteCase	2	8388608	4286578687	0	2155872255	8	11609372094701
vectorWriteCase	2	8388608	4286578687	0	2155872255	9	11609372094663
vectorWriteCase	2	8388608	4286578687	0	2155872255	10	11609372094625
vectorWriteCase	2	8388608	4286578687	0	2155872255	11	11609372094587
vectorWriteCase	2	8388608	4286578687	0	2155872255	12	11609372094452
vectorWriteCase	2	8388608	4286578687	0	2155872255	13	11609372094669
vectorWriteCase	2	8388608	4286578687	0	2155872255	14	11609372094628
vectorWriteCase	2	8388608	4286578687	0	2155872255	15	11609372094588
vectorWriteCase	2	8388608	4286578687	0	2155872255	16	11609372094459
vectorWriteCase	2	8388608	4286578687	0	2155872255	17	11609372094674
vectorWriteCase	2	8388608	4286578687	0	2155872255	18	11609372094631
vectorWriteCase	2	8388608	4286578687	0	2155872255	19	11609372094589
vectorWriteCase	2	8388608	4286578687	0	2155872255	20	11609372094466
vectorWriteCase	2	8388608	4286578687	0	2155872255	21	11609372094679
vectorWriteCase	2	8388608	4286578687	0	2155872255	22	11609372094634
vectorWriteCase	2	8388608	4286578687	0	2155872255	23	11609372094590
vectorWriteCase	2	8388608	4286578687	0	2155872255	24	11609372094473
vectorWriteCase	2	8388608	4286578687	0	2155872255	25	11609372094684
vectorWriteCase	2	8388608	4286578687	0	2155872255	26	11609372094637
vectorWriteCase	2	8388608	4286578687	0	2155872255	27	11609372094591
vectorWriteCase	2	8388608	4286578687	0	2155872255	28	11609372094480
vectorWriteCase	2	8388608	4286578687	0	2155872255	29	11609372094689
vectorWriteCase	2	8388608	4286578687	0	2155872255	30	11609372094640
vectorWriteCase	2	8388608	4286578687	0	2155872255	31	11609372094592
vectorWriteCase	2	8388608	4286578687	0	2155872255	32	11609372094448
vectorWriteCase	2	8388608	4286578687	0	2155872255	33	11609372094448
vectorWriteCase	2	8388608	4286578687	0	2155872255	34	11609372094576
vectorWriteCase	2	8388608	4286578687	0	2155872255	35	11609372094448
vectorWriteCase	2	8388608	4286578687	0	2155872255	36	11609372094703
vectorWriteCase	2	8388608	4286578687	0	2155872255	37	11609372094703
vectorWriteCase	2	8388608	4286578687	0	2155872255	38	11609372094575
vectorWriteCase	2	8388608	4286578687	0	2155872255	39	11609372094703
vectorWriteCase	2	8388608	4286578687	0	2155872255	40	11609372094448
vectorWriteCase	2	8388608	4286578687	0	2155872255	41	11609372094448
vectorWriteCase	2	8388608	4286578687	0	2155872255	42	11609372094448
vectorWriteCase	2	8388608	4286578687	0	2155872255	43	11609372094448
vectorWriteCase	2	8388608	4286578687	0	2155872255	44	11609372094703
vectorWriteCase	2	8388608	4286578687	0	2155872255	45	11609372094703
vectorWriteCase	2	8388608	4286578687	0	2155872255	46	11609372094575
vectorWriteCase	2	8388608	4286578687	0	2155872255	47	11609372094576
vectorWriteCase	2	8388608	4286578687	0	2155872255	48	11609372094515
vectorWriteCase	2	8388608	4286578687	0	2155872255	49	11609372094458
vectorWriteCase	2	8388608	4286578687	0	2155872255	50	11609372094656
vectorWriteCase	2	8388608	4286578687	0	2155872255	51	11609372094597
vectorWriteCase	2	8388608	4286578687	0	2155872255	52	11609372094522
vectorWriteCase	2	8388608	4286578687	0	2155872255	53	11609372094463
vectorWriteCase	2	8388608	4286578687	0	2155872255	54	11609372094659
vectorWriteCase	2	8388608	4286578687	0	2155872255	55	11609372094598
vectorWriteCase	2	8388608	4286578687	0	2155872255	56	11609372094529
vectorWriteCase	2	8388608	4286578687	0	2155872255	57	11609372094468
vectorWriteCase	2	8388608	4286578687	0	2155872255	58	11609372094662
vectorWriteCase	2	8388608	4286578687	0	2155872255	59	11609372094599
vectorWriteCase	2	8388608	4286578687	0	2155872255	60	11609372094536
vectorWriteCase	2	8388608	4286578687	0	2155872255	61	11609372094473
vectorWriteCase	2	8388608	4286578687	0	2155872255	62	11609372094665
vectorWriteCase	2	8388608	4286578687	0	2155872255	63	11609372094600
vectorWriteCase	3	2155872256	2139095040	2147483648	8388608	0	8297952313583
vectorWriteCase	3	2155872256	2139095040	2147483648	8388608	1	8297952313549
vectorWriteCase	3	2155872256	2139095040	2147483648	8388608	2	8297952313515
vectorWriteCase	3	2155872256	2139095040	2147483648	8388608	3	8297952313481
vectorWriteCase	3	2155872256	2139095040	2147483648	8388608	4	8297952313590
vectorWriteCase	3	2155872256	2139095040	2147483648	8388608	5	8297952313554
vectorWriteCase	3	2155872256	2139095040	2147483648	8388608	6	8297952313518
vectorWriteCase	3	2155872256	2139095040	2147483648	8388608	7	8297952313482
vectorWriteCase	3	2155872256	2139095040	2147483648	8388608	8	8297952313597
vectorWriteCase	3	2155872256	2139095040	2147483648	8388608	9	8297952313559
vectorWriteCase	3	2155872256	2139095040	2147483648	8388608	10	8297952313521
vectorWriteCase	3	2155872256	2139095040	2147483648	8388608	11	8297952313483
vectorWriteCase	3	2155872256	2139095040	2147483648	8388608	12	8297952313348
vectorWriteCase	3	2155872256	2139095040	2147483648	8388608	13	8297952313565
vectorWriteCase	3	2155872256	2139095040	2147483648	8388608	14	8297952313524
vectorWriteCase	3	2155872256	2139095040	2147483648	8388608	15	8297952313484
vectorWriteCase	3	2155872256	2139095040	2147483648	8388608	16	8297952313355
vectorWriteCase	3	2155872256	2139095040	2147483648	8388608	17	8297952313570
vectorWriteCase	3	2155872256	2139095040	2147483648	8388608	18	8297952313527
vectorWriteCase	3	2155872256	2139095040	2147483648	8388608	19	8297952313485
vectorWriteCase	3	2155872256	2139095040	2147483648	8388608	20	8297952313362
vectorWriteCase	3	2155872256	2139095040	2147483648	8388608	21	8297952313575
vectorWriteCase	3	2155872256	2139095040	2147483648	8388608	22	8297952313530
vectorWriteCase	3	2155872256	2139095040	2147483648	8388608	23	8297952313486
vectorWriteCase	3	2155872256	2139095040	2147483648	8388608	24	8297952313369
vectorWriteCase	3	2155872256	2139095040	2147483648	8388608	25	8297952313580
vectorWriteCase	3	2155872256	2139095040	2147483648	8388608	26	8297952313533
vectorWriteCase	3	2155872256	2139095040	2147483648	8388608	27	8297952313487
vectorWriteCase	3	2155872256	2139095040	2147483648	8388608	28	8297952313376
vectorWriteCase	3	2155872256	2139095040	2147483648	8388608	29	8297952313585
vectorWriteCase	3	2155872256	2139095040	2147483648	8388608	30	8297952313536
vectorWriteCase	3	2155872256	2139095040	2147483648	8388608	31	8297952313488
vectorWriteCase	3	2155872256	2139095040	2147483648	8388608	32	8297952313383
vectorWriteCase	3	2155872256	2139095040	2147483648	8388608	33	8297952313590
vectorWriteCase	3	2155872256	2139095040	2147483648	8388608	34	8297952313539
vectorWriteCase	3	2155872256	2139095040	2147483648	8388608	35	8297952313489
vectorWriteCase	3	2155872256	2139095040	2147483648	8388608	36	8297952313390
vectorWriteCase	3	2155872256	2139095040	2147483648	8388608	37	8297952313595
vectorWriteCase	3	2155872256	2139095040	2147483648	8388608	38	8297952313542
vectorWriteCase	3	2155872256	2139095040	2147483648	8388608	39	8297952313490
vectorWriteCase	3	2155872256	2139095040	2147483648	8388608	40	8297952313397
vectorWriteCase	3	2155872256	2139095040	2147483648	8388608	41	8297952313344
vectorWriteCase	3	2155872256	2139095040	2147483648	8388608	42	8297952313546
vectorWriteCase	3	2155872256	2139095040	2147483648	8388608	43	8297952313491
vectorWriteCase	3	2155872256	2139095040	2147483648	8388608	44	8297952313404
vectorWriteCase	3	2155872256	2139095040	2147483648	8388608	45	8297952313349
vectorWriteCase	3	2155872256	2139095040	2147483648	8388608	46	8297952313549
vectorWriteCase	3	2155872256	2139095040	2147483648	8388608	47	8297952313492
vectorWriteCase	3	2155872256	2139095040	2147483648	8388608	48	8297952313344
vectorWriteCase	3	2155872256	2139095040	2147483648	8388608	49	8297952313344
vectorWriteCase	3	2155872256	2139095040	2147483648	8388608	50	8297952313472
vectorWriteCase	3	2155872256	2139095040	2147483648	8388608	51	8297952313472
vectorWriteCase	3	2155872256	2139095040	2147483648	8388608	52	8297952313344
vectorWriteCase	3	2155872256	2139095040	2147483648	8388608	53	8297952313344
vectorWriteCase	3	2155872256	2139095040	2147483648	8388608	54	8297952313472
vectorWriteCase	3	2155872256	2139095040	2147483648	8388608	55	8297952313471
vectorWriteCase	3	2155872256	2139095040	2147483648	8388608	56	8297952313344
vectorWriteCase	3	2155872256	2139095040	2147483648	8388608	57	8297952313344
vectorWriteCase	3	2155872256	2139095040	2147483648	8388608	58	8297952313344
vectorWriteCase	3	2155872256	2139095040	2147483648	8388608	59	8297952313472
vectorWriteCase	3	2155872256	2139095040	2147483648	8388608	60	8297952313344
vectorWriteCase	3	2155872256	2139095040	2147483648	8388608	61	8297952313344
vectorWriteCase	3	2155872256	2139095040	2147483648	8388608	62	8297952313472
vectorWriteCase	3	2155872256	2139095040	2147483648	8388608	63	8297952313344
vectorWriteCase	0	1065353216	4286578688	1	2155872256	0	12424291813127
vectorWriteCase	0	1065353216	4286578688	1	2155872256	1	12424291813127
vectorWriteCase	0	1065353216	4286578688	1	2155872256	2	12424291813255
vectorWriteCase	0	1065353216	4286578688	1	2155872256	3	12424291813190
vectorWriteCase	0	1065353216	4286578688	1	2155872256	4	12424291813127
vectorWriteCase	0	1065353216	4286578688	1	2155872256	5	12424291813127
vectorWriteCase	0	1065353216	4286578688	1	2155872256	6	12424291813255
vectorWriteCase	0	1065353216	4286578688	1	2155872256	7	12424291813382
vectorWriteCase	0	1065353216	4286578688	1	2155872256	8	12424291813128
vectorWriteCase	0	1065353216	4286578688	1	2155872256	9	12424291813127
vectorWriteCase	0	1065353216	4286578688	1	2155872256	10	12424291813127
vectorWriteCase	0	1065353216	4286578688	1	2155872256	11	12424291813127
vectorWriteCase	0	1065353216	4286578688	1	2155872256	12	12424291813127
vectorWriteCase	0	1065353216	4286578688	1	2155872256	13	12424291813127
vectorWriteCase	0	1065353216	4286578688	1	2155872256	14	12424291813255
vectorWriteCase	0	1065353216	4286578688	1	2155872256	15	12424291813255
vectorWriteCase	0	1065353216	4286578688	1	2155872256	16	12424291813138
vectorWriteCase	0	1065353216	4286578688	1	2155872256	17	12424291813353
vectorWriteCase	0	1065353216	4286578688	1	2155872256	18	12424291813310
vectorWriteCase	0	1065353216	4286578688	1	2155872256	19	12424291813268
vectorWriteCase	0	1065353216	4286578688	1	2155872256	20	12424291813145
vectorWriteCase	0	1065353216	4286578688	1	2155872256	21	12424291813358
vectorWriteCase	0	1065353216	4286578688	1	2155872256	22	12424291813313
vectorWriteCase	0	1065353216	4286578688	1	2155872256	23	12424291813269
vectorWriteCase	0	1065353216	4286578688	1	2155872256	24	12424291813152
vectorWriteCase	0	1065353216	4286578688	1	2155872256	25	12424291813363
vectorWriteCase	0	1065353216	4286578688	1	2155872256	26	12424291813316
vectorWriteCase	0	1065353216	4286578688	1	2155872256	27	12424291813270
vectorWriteCase	0	1065353216	4286578688	1	2155872256	28	12424291813159
vectorWriteCase	0	1065353216	4286578688	1	2155872256	29	12424291813368
vectorWriteCase	0	1065353216	4286578688	1	2155872256	30	12424291813319
vectorWriteCase	0	1065353216	4286578688	1	2155872256	31	12424291813271
vectorWriteCase	0	1065353216	4286578688	1	2155872256	32	12424291813166
vectorWriteCase	0	1065353216	4286578688	1	2155872256	33	12424291813373
vectorWriteCase	0	1065353216	4286578688	1	2155872256	34	12424291813322
vectorWriteCase	0	1065353216	4286578688	1	2155872256	35	12424291813272
vectorWriteCase	0	1065353216	4286578688	1	2155872256	36	12424291813173
vectorWriteCase	0	1065353216	4286578688	1	2155872256	37	12424291813378
vectorWriteCase	0	1065353216	4286578688	1	2155872256	38	12424291813325
vectorWriteCase	0	1065353216	4286578688	1	2155872256	39	12424291813273
vectorWriteCase	0	1065353216	4286578688	1	2155872256	40	12424291813180
vectorWriteCase	0	1065353216	4286578688	1	2155872256	41	12424291813127
vectorWriteCase	0	1065353216	4286578688	1	2155872256	42	12424291813329
vectorWriteCase	0	1065353216	4286578688	1	2155872256	43	12424291813274
vectorWriteCase	0	1065353216	4286578688	1	2155872256	44	12424291813187
vectorWriteCase	0	1065353216	4286578688	1	2155872256	45	12424291813132
vectorWriteCase	0	1065353216	4286578688	1	2155872256	46	12424291813332
vectorWriteCase	0	1065353216	4286578688	1	2155872256	47	12424291813275
vectorWriteCase	0	1065353216	4286578688	1	2155872256	48	12424291813194
vectorWriteCase	0	1065353216	4286578688	1	2155872256	49	12424291813137
vectorWriteCase	0	1065353216	4286578688	1	2155872256	50	12424291813335
vectorWriteCase	0	1065353216	4286578688	1	2155872256	51	12424291813276
vectorWriteCase	0	1065353216	4286578688	1	2155872256	52	12424291813201
vectorWriteCase	0	1065353216	4286578688	1	2155872256	53	12424291813142
vectorWriteCase	0	1065353216	4286578688	1	2155872256	54	12424291813338
vectorWriteCase	0	1065353216	4286578688	1	2155872256	55	12424291813277
vectorWriteCase	0	1065353216	4286578688	1	2155872256	56	12424291813208
vectorWriteCase	0	1065353216	4286578688	1	2155872256	57	12424291813147
vectorWriteCase	0	1065353216	4286578688	1	2155872256	58	12424291813341
vectorWriteCase	0	1065353216	4286578688	1	2155872256	59	12424291813278
vectorWriteCase	0	1065353216	4286578688	1	2155872256	60	12424291813215
vectorWriteCase	0	1065353216	4286578688	1	2155872256	61	12424291813152
vectorWriteCase	0	1065353216	4286578688	1	2155872256	62	12424291813344
vectorWriteCase	0	1065353216	4286578688	1	2155872256	63	12424291813279
vectorWriteCase	1	3212836864	2143363909	2147483649	1065353216	0	12106396471631
vectorWriteCase	1	3212836864	2143363909	2147483649	1065353216	1	12106396471597
vectorWriteCase	1	3212836864	2143363909	2147483649	1065353216	2	12106396471563
vectorWriteCase	1	3212836864	2143363909	2147483649	1065353216	3	12106396471529
vectorWriteCase	1	3212836864	2143363909	2147483649	1065353216	4	12106396471638
vectorWriteCase	1	3212836864	2143363909	2147483649	1065353216	5	12106396471602
vectorWriteCase	1	3212836864	2143363909	2147483649	1065353216	6	12106396471566
vectorWriteCase	1	3212836864	2143363909	2147483649	1065353216	7	12106396471530
vectorWriteCase	1	3212836864	2143363909	2147483649	1065353216	8	12106396471645
vectorWriteCase	1	3212836864	2143363909	2147483649	1065353216	9	12106396471607
vectorWriteCase	1	3212836864	2143363909	2147483649	1065353216	10	12106396471569
vectorWriteCase	1	3212836864	2143363909	2147483649	1065353216	11	12106396471531
vectorWriteCase	1	3212836864	2143363909	2147483649	1065353216	12	12106396471396
vectorWriteCase	1	3212836864	2143363909	2147483649	1065353216	13	12106396471613
vectorWriteCase	1	3212836864	2143363909	2147483649	1065353216	14	12106396471572
vectorWriteCase	1	3212836864	2143363909	2147483649	1065353216	15	12106396471532
vectorWriteCase	1	3212836864	2143363909	2147483649	1065353216	16	12106396471392
vectorWriteCase	1	3212836864	2143363909	2147483649	1065353216	17	12106396471392
vectorWriteCase	1	3212836864	2143363909	2147483649	1065353216	18	12106396471520
vectorWriteCase	1	3212836864	2143363909	2147483649	1065353216	19	12106396471583
vectorWriteCase	1	3212836864	2143363909	2147483649	1065353216	20	12106396471461
vectorWriteCase	1	3212836864	2143363909	2147483649	1065353216	21	12106396471427
vectorWriteCase	1	3212836864	2143363909	2147483649	1065353216	22	12106396471585
vectorWriteCase	1	3212836864	2143363909	2147483649	1065353216	23	12106396471519
vectorWriteCase	1	3212836864	2143363909	2147483649	1065353216	24	12106396471393
vectorWriteCase	1	3212836864	2143363909	2147483649	1065353216	25	12106396471392
vectorWriteCase	1	3212836864	2143363909	2147483649	1065353216	26	12106396471392
vectorWriteCase	1	3212836864	2143363909	2147483649	1065353216	27	12106396471520
vectorWriteCase	1	3212836864	2143363909	2147483649	1065353216	28	12106396471392
vectorWriteCase	1	3212836864	2143363909	2147483649	1065353216	29	12106396471392
vectorWriteCase	1	3212836864	2143363909	2147483649	1065353216	30	12106396471520
vectorWriteCase	1	3212836864	2143363909	2147483649	1065353216	31	12106396471455
vectorWriteCase	1	3212836864	2143363909	2147483649	1065353216	32	12106396471431
vectorWriteCase	1	3212836864	2143363909	2147483649	1065353216	33	12106396471638
vectorWriteCase	1	3212836864	2143363909	2147483649	1065353216	34	12106396471587
vectorWriteCase	1	3212836864	2143363909	2147483649	1065353216	35	12106396471537
vectorWriteCase	1	3212836864	2143363909	2147483649	1065353216	36	12106396471438
vectorWriteCase	1	3212836864	2143363909	2147483649	1065353216	37	12106396471643
vectorWriteCase	1	3212836864	2143363909	2147483649	1065353216	38	12106396471590
vectorWriteCase	1	3212836864	2143363909	2147483649	1065353216	39	12106396471538
vectorWriteCase	1	3212836864	2143363909	2147483649	1065353216	40	12106396471445
vectorWriteCase	1	3212836864	2143363909	2147483649	1065353216	41	12106396471392
vectorWriteCase	1	3212836864	2143363909	2147483649	1065353216	42	12106396471594
vectorWriteCase	1	3212836864	2143363909	2147483649	1065353216	43	12106396471539
vectorWriteCase	1	3212836864	2143363909	2147483649	1065353216	44	12106396471452
vectorWriteCase	1	3212836864	2143363909	2147483649	1065353216	45	12106396471397
vectorWriteCase	1	3212836864	2143363909	2147483649	1065353216	46	12106396471597
vectorWriteCase	1	3212836864	2143363909	2147483649	1065353216	47	12106396471540
vectorWriteCase	1	3212836864	2143363909	2147483649	1065353216	48	12106396471459
vectorWriteCase	1	3212836864	2143363909	2147483649	1065353216	49	12106396471402
vectorWriteCase	1	3212836864	2143363909	2147483649	1065353216	50	12106396471600
vectorWriteCase	1	3212836864	2143363909	2147483649	1065353216	51	12106396471541
vectorWriteCase	1	3212836864	2143363909	2147483649	1065353216	52	12106396471466
vectorWriteCase	1	3212836864	2143363909	2147483649	1065353216	53	12106396471407
vectorWriteCase	1	3212836864	2143363909	2147483649	1065353216	54	12106396471603
vectorWriteCase	1	3212836864	2143363909	2147483649	1065353216	55	12106396471542
vectorWriteCase	1	3212836864	2143363909	2147483649	1065353216	56	12106396471473
vectorWriteCase	1	3212836864	2143363909	2147483649	1065353216	57	12106396471412
vectorWriteCase	1	3212836864	2143363909	2147483649	1065353216	58	12106396471606
vectorWriteCase	1	3212836864	2143363909	2147483649	1065353216	59	12106396471543
vectorWriteCase	1	3212836864	2143363909	2147483649	1065353216	60	12106396471480
vectorWriteCase	1	3212836864	2143363909	2147483649	1065353216	61	12106396471417
vectorWriteCase	1	3212836864	2143363909	2147483649	1065353216	62	12106396471609
vectorWriteCase	1	3212836864	2143363909	2147483649	1065353216	63	12106396471544
vectorWriteCase	2	2139095039	4291117857	8388607	3212836864	0	16261109640074
vectorWriteCase	2	2139095039	4291117857	8388607	3212836864	1	16261109640040
vectorWriteCase	2	2139095039	4291117857	8388607	3212836864	2	16261109640006
vectorWriteCase	2	2139095039	4291117857	8388607	3212836864	3	16261109639972
vectorWriteCase	2	2139095039	4291117857	8388607	3212836864	4	16261109640081
vectorWriteCase	2	2139095039	4291117857	8388607	3212836864	5	16261109640045
vectorWriteCase	2	2139095039	4291117857	8388607	3212836864	6	16261109640009
vectorWriteCase	2	2139095039	4291117857	8388607	3212836864	7	16261109639973
vectorWriteCase	2	2139095039	4291117857	8388607	3212836864	8	16261109640088
vectorWriteCase	2	2139095039	4291117857	8388607	3212836864	9	16261109640050
vectorWriteCase	2	2139095039	4291117857	8388607	3212836864	10	16261109640012
vectorWriteCase	2	2139095039	4291117857	8388607	3212836864	11	16261109639974
vectorWriteCase	2	2139095039	4291117857	8388607	3212836864	12	16261109639839
vectorWriteCase	2	2139095039	4291117857	8388607	3212836864	13	16261109640056
vectorWriteCase	2	2139095039	4291117857	8388607	3212836864	14	16261109640015
vectorWriteCase	2	2139095039	4291117857	8388607	3212836864	15	16261109639975
vectorWriteCase	2	2139095039	4291117857	8388607	3212836864	16	16261109639846
vectorWriteCase	2	2139095039	4291117857	8388607	3212836864	17	16261109640061
vectorWriteCase	2	2139095039	4291117857	8388607	3212836864	18	16261109640018
vectorWriteCase	2	2139095039	4291117857	8388607	3212836864	19	16261109639976
vectorWriteCase	2	2139095039	4291117857	8388607	3212836864	20	16261109639853
vectorWriteCase	2	2139095039	4291117857	8388607	3212836864	21	16261109640066
vectorWriteCase	2	2139095039	4291117857	8388607	3212836864	22	16261109640021
vectorWriteCase	2	2139095039	4291117857	8388607	3212836864	23	16261109639977
vectorWriteCase	2	2139095039	4291117857	8388607	3212836864	24	16261109639860
vectorWriteCase	2	2139095039	4291117857	8388607	3212836864	25	16261109640071
vectorWriteCase	2	2139095039	4291117857	8388607	3212836864	26	16261109640024
vectorWriteCase	2	2139095039	4291117857	8388607	3212836864	27	16261109639978
vectorWriteCase	2	2139095039	4291117857	8388607	3212836864	28	16261109639867
vectorWriteCase	2	2139095039	4291117857	8388607	3212836864	29	16261109640076
vectorWriteCase	2	2139095039	4291117857	8388607	3212836864	30	16261109640027
vectorWriteCase	2	2139095039	4291117857	8388607	3212836864	31	16261109639979
vectorWriteCase	2	2139095039	4291117857	8388607	3212836864	32	16261109640090
vectorWriteCase	2	2139095039	4291117857	8388607	3212836864	33	16261109640090
vectorWriteCase	2	2139095039	4291117857	8388607	3212836864	34	16261109639962
vectorWriteCase	2	2139095039	4291117857	8388607	3212836864	35	16261109639962
vectorWriteCase	2	2139095039	4291117857	8388607	3212836864	36	16261109639868
vectorWriteCase	2	2139095039	4291117857	8388607	3212836864	37	16261109639902
vectorWriteCase	2	2139095039	4291117857	8388607	3212836864	38	16261109640032
vectorWriteCase	2	2139095039	4291117857	8388607	3212836864	39	16261109640090
vectorWriteCase	2	2139095039	4291117857	8388607	3212836864	40	16261109640090
vectorWriteCase	2	2139095039	4291117857	8388607	3212836864	41	16261109640090
vectorWriteCase	2	2139095039	4291117857	8388607	3212836864	42	16261109639962
vectorWriteCase	2	2139095039	4291117857	8388607	3212836864	43	16261109639835
vectorWriteCase	2	2139095039	4291117857	8388607	3212836864	44	16261109639835
vectorWriteCase	2	2139095039	4291117857	8388607	3212836864	45	16261109639835
vectorWriteCase	2	2139095039	4291117857	8388607	3212836864	46	16261109639963
vectorWriteCase	2	2139095039	4291117857	8388607	3212836864	47	16261109640026
vectorWriteCase	2	2139095039	4291117857	8388607	3212836864	48	16261109639902
vectorWriteCase	2	2139095039	4291117857	8388607	3212836864	49	16261109639845
vectorWriteCase	2	2139095039	4291117857	8388607	3212836864	50	16261109640043
vectorWriteCase	2	2139095039	4291117857	8388607	3212836864	51	16261109639984
vectorWriteCase	2	2139095039	4291117857	8388607	3212836864	52	16261109639909
vectorWriteCase	2	2139095039	4291117857	8388607	3212836864	53	16261109639850
vectorWriteCase	2	2139095039	4291117857	8388607	3212836864	54	16261109640046
vectorWriteCase	2	2139095039	4291117857	8388607	3212836864	55	16261109639985
vectorWriteCase	2	2139095039	4291117857	8388607	3212836864	56	16261109639916
vectorWriteCase	2	2139095039	4291117857	8388607	3212836864	57	16261109639855
vectorWriteCase	2	2139095039	4291117857	8388607	3212836864	58	16261109640049
vectorWriteCase	2	2139095039	4291117857	8388607	3212836864	59	16261109639986
vectorWriteCase	2	2139095039	4291117857	8388607	3212836864	60	16261109639923
vectorWriteCase	2	2139095039	4291117857	8388607	3212836864	61	16261109639860
vectorWriteCase	2	2139095039	4291117857	8388607	3212836864	62	16261109640052
vectorWriteCase	2	2139095039	4291117857	8388607	3212836864	63	16261109639987
vectorWriteCase	3	4286578687	0	2155872255	2139095039	0	13230588029914
vectorWriteCase	3	4286578687	0	2155872255	2139095039	1	13230588029880
vectorWriteCase	3	4286578687	0	2155872255	2139095039	2	13230588029846
vectorWriteCase	3	4286578687	0	2155872255	2139095039	3	13230588029812
vectorWriteCase	3	4286578687	0	2155872255	2139095039	4	13230588029921
vectorWriteCase	3	4286578687	0	2155872255	2139095039	5	13230588029885
vectorWriteCase	3	4286578687	0	2155872255	2139095039	6	13230588029849
vectorWriteCase	3	4286578687	0	2155872255	2139095039	7	13230588029813
vectorWriteCase	3	4286578687	0	2155872255	2139095039	8	13230588029928
vectorWriteCase	3	4286578687	0	2155872255	2139095039	9	13230588029890
vectorWriteCase	3	4286578687	0	2155872255	2139095039	10	13230588029852
vectorWriteCase	3	4286578687	0	2155872255	2139095039	11	13230588029814
vectorWriteCase	3	4286578687	0	2155872255	2139095039	12	13230588029679
vectorWriteCase	3	4286578687	0	2155872255	2139095039	13	13230588029896
vectorWriteCase	3	4286578687	0	2155872255	2139095039	14	13230588029855
vectorWriteCase	3	4286578687	0	2155872255	2139095039	15	13230588029815
vectorWriteCase	3	4286578687	0	2155872255	2139095039	16	13230588029686
vectorWriteCase	3	4286578687	0	2155872255	2139095039	17	13230588029901
vectorWriteCase	3	4286578687	0	2155872255	2139095039	18	13230588029858
vectorWriteCase	3	4286578687	0	2155872255	2139095039	19	13230588029816
vectorWriteCase	3	4286578687	0	2155872255	2139095039	20	13230588029693
vectorWriteCase	3	4286578687	0	2155872255	2139095039	21	13230588029906
vectorWriteCase	3	4286578687	0	2155872255	2139095039	22	13230588029861
vectorWriteCase	3	4286578687	0	2155872255	2139095039	23	13230588029817
vectorWriteCase	3	4286578687	0	2155872255	2139095039	24	13230588029700
vectorWriteCase	3	4286578687	0	2155872255	2139095039	25	13230588029911
vectorWriteCase	3	4286578687	0	2155872255	2139095039	26	13230588029864
vectorWriteCase	3	4286578687	0	2155872255	2139095039	27	13230588029818
vectorWriteCase	3	4286578687	0	2155872255	2139095039	28	13230588029707
vectorWriteCase	3	4286578687	0	2155872255	2139095039	29	13230588029916
vectorWriteCase	3	4286578687	0	2155872255	2139095039	30	13230588029867
vectorWriteCase	3	4286578687	0	2155872255	2139095039	31	13230588029819
vectorWriteCase	3	4286578687	0	2155872255	2139095039	32	13230588029714
vectorWriteCase	3	4286578687	0	2155872255	2139095039	33	13230588029921
vectorWriteCase	3	4286578687	0	2155872255	2139095039	34	13230588029870
vectorWriteCase	3	4286578687	0	2155872255	2139095039	35	13230588029820
vectorWriteCase	3	4286578687	0	2155872255	2139095039	36	13230588029721
vectorWriteCase	3	4286578687	0	2155872255	2139095039	37	13230588029926
vectorWriteCase	3	4286578687	0	2155872255	2139095039	38	13230588029873
vectorWriteCase	3	4286578687	0	2155872255	2139095039	39	13230588029821
vectorWriteCase	3	4286578687	0	2155872255	2139095039	40	13230588029728
vectorWriteCase	3	4286578687	0	2155872255	2139095039	41	13230588029675
vectorWriteCase	3	4286578687	0	2155872255	2139095039	42	13230588029877
vectorWriteCase	3	4286578687	0	2155872255	2139095039	43	13230588029822
vectorWriteCase	3	4286578687	0	2155872255	2139095039	44	13230588029735
vectorWriteCase	3	4286578687	0	2155872255	2139095039	45	13230588029680
vectorWriteCase	3	4286578687	0	2155872255	2139095039	46	13230588029880
vectorWriteCase	3	4286578687	0	2155872255	2139095039	47	13230588029823
vectorWriteCase	3	4286578687	0	2155872255	2139095039	48	13230588029930
vectorWriteCase	3	4286578687	0	2155872255	2139095039	49	13230588029930
vectorWriteCase	3	4286578687	0	2155872255	2139095039	50	13230588029802
vectorWriteCase	3	4286578687	0	2155872255	2139095039	51	13230588029930
vectorWriteCase	3	4286578687	0	2155872255	2139095039	52	13230588029675
vectorWriteCase	3	4286578687	0	2155872255	2139095039	53	13230588029675
vectorWriteCase	3	4286578687	0	2155872255	2139095039	54	13230588029675
vectorWriteCase	3	4286578687	0	2155872255	2139095039	55	13230588029675
vectorWriteCase	3	4286578687	0	2155872255	2139095039	56	13230588029930
vectorWriteCase	3	4286578687	0	2155872255	2139095039	57	13230588029930
vectorWriteCase	3	4286578687	0	2155872255	2139095039	58	13230588029802
vectorWriteCase	3	4286578687	0	2155872255	2139095039	59	13230588029803
vectorWriteCase	3	4286578687	0	2155872255	2139095039	60	13230588029930
vectorWriteCase	3	4286578687	0	2155872255	2139095039	61	13230588029930
vectorWriteCase	3	4286578687	0	2155872255	2139095039	62	13230588029802
vectorWriteCase	3	4286578687	0	2155872255	2139095039	63	13230588029802
vectorWriteCase	0	2139095040	2147483648	8388608	4286578687	0	16542007817461
vectorWriteCase	0	2139095040	2147483648	8388608	4286578687	1	16542007817461
vectorWriteCase	0	2139095040	2147483648	8388608	4286578687	2	16542007817589
vectorWriteCase	0	2139095040	2147483648	8388608	4286578687	3	16542007817588
vectorWriteCase	0	2139095040	2147483648	8388608	4286578687	4	16542007817461
vectorWriteCase	0	2139095040	2147483648	8388608	4286578687	5	16542007817461
vectorWriteCase	0	2139095040	2147483648	8388608	4286578687	6	16542007817461
vectorWriteCase	0	2139095040	2147483648	8388608	4286578687	7	16542007817589
vectorWriteCase	0	2139095040	2147483648	8388608	4286578687	8	16542007817461
vectorWriteCase	0	2139095040	2147483648	8388608	4286578687	9	16542007817461
vectorWriteCase	0	2139095040	2147483648	8388608	4286578687	10	16542007817589
vectorWriteCase	0	2139095040	2147483648	8388608	4286578687	11	16542007817461
vectorWriteCase	0	2139095040	2147483648	8388608	4286578687	12	16542007817716
vectorWriteCase	0	2139095040	2147483648	8388608	4286578687	13	16542007817716
vectorWriteCase	0	2139095040	2147483648	8388608	4286578687	14	16542007817588
vectorWriteCase	0	2139095040	2147483648	8388608	4286578687	15	16542007817716
vectorWriteCase	0	2139095040	2147483648	8388608	4286578687	16	16542007817472
vectorWriteCase	0	2139095040	2147483648	8388608	4286578687	17	16542007817687
vectorWriteCase	0	2139095040	2147483648	8388608	4286578687	18	16542007817644
vectorWriteCase	0	2139095040	2147483648	8388608	4286578687	19	16542007817602
vectorWriteCase	0	2139095040	2147483648	8388608	4286578687	20	16542007817479
vectorWriteCase	0	2139095040	2147483648	8388608	4286578687	21	16542007817692
vectorWriteCase	0	2139095040	2147483648	8388608	4286578687	22	16542007817647
vectorWriteCase	0	2139095040	2147483648	8388608	4286578687	23	16542007817603
vectorWriteCase	0	2139095040	2147483648	8388608	4286578687	24	16542007817486
vectorWriteCase	0	2139095040	2147483648	8388608	4286578687	25	16542007817697
vectorWriteCase	0	2139095040	2147483648	8388608	4286578687	26	16542007817650
vectorWriteCase	0	2139095040	2147483648	8388608	4286578687	27	16542007817604
vectorWriteCase	0	2139095040	2147483648	8388608	4286578687	28	16542007817493
vectorWriteCase	0	2139095040	2147483648	8388608	4286578687	29	16542007817702
vectorWriteCase	0	2139095040	2147483648	8388608	4286578687	30	16542007817653
vectorWriteCase	0	2139095040	2147483648	8388608	4286578687	31	16542007817605
vectorWriteCase	0	2139095040	2147483648	8388608	4286578687	32	16542007817500
vectorWriteCase	0	2139095040	2147483648	8388608	4286578687	33	16542007817707
vectorWriteCase	0	2139095040	2147483648	8388608	4286578687	34	16542007817656
vectorWriteCase	0	2139095040	2147483648	8388608	4286578687	35	16542007817606
vectorWriteCase	0	2139095040	2147483648	8388608	4286578687	36	16542007817507
vectorWriteCase	0	2139095040	2147483648	8388608	4286578687	37	16542007817712
vectorWriteCase	0	2139095040	2147483648	8388608	4286578687	38	16542007817659
vectorWriteCase	0	2139095040	2147483648	8388608	4286578687	39	16542007817607
vectorWriteCase	0	2139095040	2147483648	8388608	4286578687	40	16542007817514
vectorWriteCase	0	2139095040	2147483648	8388608	4286578687	41	16542007817461
vectorWriteCase	0	2139095040	2147483648	8388608	4286578687	42	16542007817663
vectorWriteCase	0	2139095040	2147483648	8388608	4286578687	43	16542007817608
vectorWriteCase	0	2139095040	2147483648	8388608	4286578687	44	16542007817521
vectorWriteCase	0	2139095040	2147483648	8388608	4286578687	45	16542007817466
vectorWriteCase	0	2139095040	2147483648	8388608	4286578687	46	16542007817666
vectorWriteCase	0	2139095040	2147483648	8388608	4286578687	47	16542007817609
vectorWriteCase	0	2139095040	2147483648	8388608	4286578687	48	16542007817528
vectorWriteCase	0	2139095040	2147483648	8388608	4286578687	49	16542007817471
vectorWriteCase	0	2139095040	2147483648	8388608	4286578687	50	16542007817669
vectorWriteCase	0	2139095040	2147483648	8388608	4286578687	51	16542007817610
vectorWriteCase	0	2139095040	2147483648	8388608	4286578687	52	16542007817535
vectorWriteCase	0	2139095040	2147483648	8388608	4286578687	53	16542007817476
vectorWriteCase	0	2139095040	2147483648	8388608	4286578687	54	16542007817672
vectorWriteCase	0	2139095040	2147483648	8388608	4286578687	55	16542007817611
vectorWriteCase	0	2139095040	2147483648	8388608	4286578687	56	16542007817542
vectorWriteCase	0	2139095040	2147483648	8388608	4286578687	57	16542007817481
vectorWriteCase	0	2139095040	2147483648	8388608	4286578687	58	16542007817675
vectorWriteCase	0	2139095040	2147483648	8388608	4286578687	59	16542007817612
vectorWriteCase	0	2139095040	2147483648	8388608	4286578687	60	16542007817549
vectorWriteCase	0	2139095040	2147483648	8388608	4286578687	61	16542007817486
vectorWriteCase	0	2139095040	2147483648	8388608	4286578687	62	16542007817678
vectorWriteCase	0	2139095040	2147483648	8388608	4286578687	63	16542007817613
vectorWriteCase	1	4286578688	1	2155872256	2139095040	0	13230588036596
vectorWriteCase	1	4286578688	1	2155872256	2139095040	1	13230588036562
vectorWriteCase	1	4286578688	1	2155872256	2139095040	2	13230588036528
vectorWriteCase	1	4286578688	1	2155872256	2139095040	3	13230588036494
vectorWriteCase	1	4286578688	1	2155872256	2139095040	4	13230588036603
vectorWriteCase	1	4286578688	1	2155872256	2139095040	5	13230588036567
vectorWriteCase	1	4286578688	1	2155872256	2139095040	6	13230588036531
vectorWriteCase	1	4286578688	1	2155872256	2139095040	7	13230588036495
vectorWriteCase	1	4286578688	1	2155872256	2139095040	8	13230588036610
vectorWriteCase	1	4286578688	1	2155872256	2139095040	9	13230588036572
vectorWriteCase	1	4286578688	1	2155872256	2139095040	10	13230588036534
vectorWriteCase	1	4286578688	1	2155872256	2139095040	11	13230588036496
vectorWriteCase	1	4286578688	1	2155872256	2139095040	12	13230588036361
vectorWriteCase	1	4286578688	1	2155872256	2139095040	13	13230588036578
vectorWriteCase	1	4286578688	1	2155872256	2139095040	14	13230588036537
vectorWriteCase	1	4286578688	1	2155872256	2139095040	15	13230588036497
vectorWriteCase	1	4286578688	1	2155872256	2139095040	16	13230588036357
vectorWriteCase	1	4286578688	1	2155872256	2139095040	17	13230588036357
vectorWriteCase	1	4286578688	1	2155872256	2139095040	18	13230588036485
vectorWriteCase	1	4286578688	1	2155872256	2139095040	19	13230588036612
vectorWriteCase	1	4286578688	1	2155872256	2139095040	20	13230588036358
vectorWriteCase	1	4286578688	1	2155872256	2139095040	21	13230588036357
vectorWriteCase	1	4286578688	1	2155872256	2139095040	22	13230588036357
vectorWriteCase	1	4286578688	1	2155872256	2139095040	23	13230588036357
vectorWriteCase	1	4286578688	1	2155872256	2139095040	24	13230588036357
vectorWriteCase	1	4286578688	1	2155872256	2139095040	25	13230588036357
vectorWriteCase	1	4286578688	1	2155872256	2139095040	26	13230588036485
vectorWriteCase	1	4286578688	1	2155872256	2139095040	27	13230588036485
vectorWriteCase	1	4286578688	1	2155872256	2139095040	28	13230588036357
vectorWriteCase	1	4286578688	1	2155872256	2139095040	29	13230588036357
vectorWriteCase	1	4286578688	1	2155872256	2139095040	30	13230588036485
vectorWriteCase	1	4286578688	1	2155872256	2139095040	31	13230588036484
vectorWriteCase	1	4286578688	1	2155872256	2139095040	32	13230588036396
vectorWriteCase	1	4286578688	1	2155872256	2139095040	33	13230588036603
vectorWriteCase	1	4286578688	1	2155872256	2139095040	34	13230588036552
vectorWriteCase	1	4286578688	1	2155872256	2139095040	35	13230588036502
vectorWriteCase	1	4286578688	1	2155872256	2139095040	36	13230588036403
vectorWriteCase	1	4286578688	1	2155872256	2139095040	37	13230588036608
vectorWriteCase	1	4286578688	1	2155872256	2139095040	38	13230588036555
vectorWriteCase	1	4286578688	1	2155872256	2139095040	39	13230588036503
vectorWriteCase	1	4286578688	1	2155872256	2139095040	40	13230588036410
vectorWriteCase	1	4286578688	1	2155872256	2139095040	41	13230588036357
vectorWriteCase	1	4286578688	1	2155872256	2139095040	42	13230588036559
vectorWriteCase	1	4286578688	1	2155872256	2139095040	43	13230588036504
vectorWriteCase	1	4286578688	1	2155872256	2139095040	44	13230588036417
vectorWriteCase	1	4286578688	1	2155872256	2139095040	45	13230588036362
vectorWriteCase	1	4286578688	1	2155872256	2139095040	46	13230588036562
vectorWriteCase	1	4286578688	1	2155872256	2139095040	47	13230588036505
vectorWriteCase	1	4286578688	1	2155872256	2139095040	48	13230588036424
vectorWriteCase	1	4286578688	1	2155872256	2139095040	49	13230588036367
vectorWriteCase	1	4286578688	1	2155872256	2139095040	50	13230588036565
vectorWriteCase	1	4286578688	1	2155872256	2139095040	51	13230588036506
vectorWriteCase	1	4286578688	1	2155872256	2139095040	52	13230588036431
vectorWriteCase	1	4286578688	1	2155872256	2139095040	53	13230588036372
vectorWriteCase	1	4286578688	1	2155872256	2139095040	54	13230588036568
vectorWriteCase	1	4286578688	1	2155872256	2139095040	55	13230588036507
vectorWriteCase	1	4286578688	1	2155872256	2139095040	56	13230588036438
vectorWriteCase	1	4286578688	1	2155872256	2139095040	57	13230588036377
vectorWriteCase	1	4286578688	1	2155872256	2139095040	58	13230588036571
vectorWriteCase	1	4286578688	1	2155872256	2139095040	59	13230588036508
vectorWriteCase	1	4286578688	1	2155872256	2139095040	60	13230588036445
vectorWriteCase	1	4286578688	1	2155872256	2139095040	61	13230588036382
vectorWriteCase	1	4286578688	1	2155872256	2139095040	62	13230588036574
vectorWriteCase	1	4286578688	1	2155872256	2139095040	63	13230588036509
vectorWriteCase	2	2143363909	2147483649	1065353216	4286578688	0	18446778449603
vectorWriteCase	2	2143363909	2147483649	1065353216	4286578688	1	18446778449569
vectorWriteCase	2	2143363909	2147483649	1065353216	4286578688	2	18446778449535
vectorWriteCase	2	2143363909	2147483649	1065353216	4286578688	3	18446778449501
vectorWriteCase	2	2143363909	2147483649	1065353216	4286578688	4	18446778449610
vectorWriteCase	2	2143363909	2147483649	1065353216	4286578688	5	18446778449574
vectorWriteCase	2	2143363909	2147483649	1065353216	4286578688	6	18446778449538
vectorWriteCase	2	2143363909	2147483649	1065353216	4286578688	7	18446778449502
vectorWriteCase	2	2143363909	2147483649	1065353216	4286578688	8	18446778449617
vectorWriteCase	2	2143363909	2147483649	1065353216	4286578688	9	18446778449579
vectorWriteCase	2	2143363909	2147483649	1065353216	4286578688	10	18446778449541
vectorWriteCase	2	2143363909	2147483649	1065353216	4286578688	11	18446778449503
vectorWriteCase	2	2143363909	2147483649	1065353216	4286578688	12	18446778449368
vectorWriteCase	2	2143363909	2147483649	1065353216	4286578688	13	18446778449585
vectorWriteCase	2	2143363909	2147483649	1065353216	4286578688	14	18446778449544
vectorWriteCase	2	2143363909	2147483649	1065353216	4286578688	15	18446778449504
vectorWriteCase	2	2143363909	2147483649	1065353216	4286578688	16	18446778449375
vectorWriteCase	2	2143363909	2147483649	1065353216	4286578688	17	18446778449590
vectorWriteCase	2	2143363909	2147483649	1065353216	4286578688	18	18446778449547
vectorWriteCase	2	2143363909	2147483649	1065353216	4286578688	19	18446778449505
vectorWriteCase	2	2143363909	2147483649	1065353216	4286578688	20	18446778449382
vectorWriteCase	2	2143363909	2147483649	1065353216	4286578688	21	18446778449595
vectorWriteCase	2	2143363909	2147483649	1065353216	4286578688	22	18446778449550
vectorWriteCase	2	2143363909	2147483649	1065353216	4286578688	23	18446778449506
vectorWriteCase	2	2143363909	2147483649	1065353216	4286578688	24	18446778449389
vectorWriteCase	2	2143363909	2147483649	1065353216	4286578688	25	18446778449600
vectorWriteCase	2	2143363909	2147483649	1065353216	4286578688	26	18446778449553
vectorWriteCase	2	2143363909	2147483649	1065353216	4286578688	27	18446778449507
vectorWriteCase	2	2143363909	2147483649	1065353216	4286578688	28	18446778449396
vectorWriteCase	2	2143363909	2147483649	1065353216	4286578688	29	18446778449605
vectorWriteCase	2	2143363909	2147483649	1065353216	4286578688	30	18446778449556
vectorWriteCase	2	2143363909	2147483649	1065353216	4286578688	31	18446778449508
vectorWriteCase	2	2143363909	2147483649	1065353216	4286578688	32	18446778449433
vectorWriteCase	2	2143363909	2147483649	1065353216	4286578688	33	18446778449399
vectorWriteCase	2	2143363909	2147483649	1065353216	4286578688	34	18446778449557
vectorWriteCase	2	2143363909	2147483649	1065353216	4286578688	35	18446778449491
vectorWriteCase	2	2143363909	2147483649	1065353216	4286578688	36	18446778449365
vectorWriteCase	2	2143363909	2147483649	1065353216	4286578688	37	18446778449364
vectorWriteCase	2	2143363909	2147483649	1065353216	4286578688	38	18446778449364
vectorWriteCase	2	2143363909	2147483649	1065353216	4286578688	39	18446778449492
vectorWriteCase	2	2143363909	2147483649	1065353216	4286578688	40	18446778449364
vectorWriteCase	2	2143363909	2147483649	1065353216	4286578688	41	18446778449364
vectorWriteCase	2	2143363909	2147483649	1065353216	4286578688	42	18446778449492
vectorWriteCase	2	2143363909	2147483649	1065353216	4286578688	43	18446778449427
vectorWriteCase	2	2143363909	2147483649	1065353216	4286578688	44	18446778449364
vectorWriteCase	2	2143363909	2147483649	1065353216	4286578688	45	18446778449364
vectorWriteCase	2	2143363909	2147483649	1065353216	4286578688	46	18446778449492
vectorWriteCase	2	2143363909	2147483649	1065353216	4286578688	47	18446778449619
vectorWriteCase	2	2143363909	2147483649	1065353216	4286578688	48	18446778449431
vectorWriteCase	2	2143363909	2147483649	1065353216	4286578688	49	18446778449374
vectorWriteCase	2	2143363909	2147483649	1065353216	4286578688	50	18446778449572
vectorWriteCase	2	2143363909	2147483649	1065353216	4286578688	51	18446778449513
vectorWriteCase	2	2143363909	2147483649	1065353216	4286578688	52	18446778449438
vectorWriteCase	2	2143363909	2147483649	1065353216	4286578688	53	18446778449379
vectorWriteCase	2	2143363909	2147483649	1065353216	4286578688	54	18446778449575
vectorWriteCase	2	2143363909	2147483649	1065353216	4286578688	55	18446778449514
vectorWriteCase	2	2143363909	2147483649	1065353216	4286578688	56	18446778449445
vectorWriteCase	2	2143363909	2147483649	1065353216	4286578688	57	18446778449384
vectorWriteCase	2	2143363909	2147483649	1065353216	4286578688	58	18446778449578
vectorWriteCase	2	2143363909	2147483649	1065353216	4286578688	59	18446778449515
vectorWriteCase	2	2143363909	2147483649	1065353216	4286578688	60	18446778449452
vectorWriteCase	2	2143363909	2147483649	1065353216	4286578688	61	18446778449389
vectorWriteCase	2	2143363909	2147483649	1065353216	4286578688	62	18446778449581
vectorWriteCase	2	2143363909	2147483649	1065353216	4286578688	63	18446778449516
vectorWriteCase	3	4291117857	8388607	3212836864	2143363909	0	15158414517060
vectorWriteCase	3	4291117857	8388607	3212836864	2143363909	1	15158414517026
vectorWriteCase	3	4291117857	8388607	3212836864	2143363909	2	15158414516992
vectorWriteCase	3	4291117857	8388607	3212836864	2143363909	3	15158414516958
vectorWriteCase	3	4291117857	8388607	3212836864	2143363909	4	15158414517067
vectorWriteCase	3	4291117857	8388607	3212836864	2143363909	5	15158414517031
vectorWriteCase	3	4291117857	8388607	3212836864	2143363909	6	15158414516995
vectorWriteCase	3	4291117857	8388607	3212836864	2143363909	7	15158414516959
vectorWriteCase	3	4291117857	8388607	3212836864	2143363909	8	15158414517074
vectorWriteCase	3	4291117857	8388607	3212836864	2143363909	9	15158414517036
vectorWriteCase	3	4291117857	8388607	3212836864	2143363909	10	15158414516998
vectorWriteCase	3	4291117857	8388607	3212836864	2143363909	11	15158414516960
vectorWriteCase	3	4291117857	8388607	3212836864	2143363909	12	15158414516825
vectorWriteCase	3	4291117857	8388607	3212836864	2143363909	13	15158414517042
vectorWriteCase	3	4291117857	8388607	3212836864	2143363909	14	15158414517001
vectorWriteCase	3	4291117857	8388607	3212836864	2143363909	15	15158414516961
vectorWriteCase	3	4291117857	8388607	3212836864	2143363909	16	15158414516832
vectorWriteCase	3	4291117857	8388607	3212836864	2143363909	17	15158414517047
vectorWriteCase	3	4291117857	8388607	3212836864	2143363909	18	15158414517004
vectorWriteCase	3	4291117857	8388607	3212836864	2143363909	19	15158414516962
vectorWriteCase	3	4291117857	8388607	3212836864	2143363909	20	15158414516839
vectorWriteCase	3	4291117857	8388607	3212836864	2143363909	21	15158414517052
vectorWriteCase	3	4291117857	8388607	3212836864	2143363909	22	15158414517007
vectorWriteCase	3	4291117857	8388607	3212836864	2143363909	23	15158414516963
vectorWriteCase	3	4291117857	8388607	3212836864	2143363909	24	15158414516846
vectorWriteCase	3	4291117857	8388607	3212836864	2143363909	25	15158414517057
vectorWriteCase	3	4291117857	8388607	3212836864	2143363909	26	15158414517010
vectorWriteCase	3	4291117857	8388607	3212836864	2143363909	27	15158414516964
vectorWriteCase	3	4291117857	8388607	3212836864	2143363909	28	15158414516853
vectorWriteCase	3	4291117857	8388607	3212836864	2143363909	29	15158414517062
vectorWriteCase	3	4291117857	8388607	3212836864	2143363909	30	15158414517013
vectorWriteCase	3	4291117857	8388607	3212836864	2143363909	31	15158414516965
vectorWriteCase	3	4291117857	8388607	3212836864	2143363909	32	15158414516860
vectorWriteCase	3	4291117857	8388607	3212836864	2143363909	33	15158414517067
vectorWriteCase	3	4291117857	8388607	3212836864	2143363909	34	15158414517016
vectorWriteCase	3	4291117857	8388607	3212836864	2143363909	35	15158414516966
vectorWriteCase	3	4291117857	8388607	3212836864	2143363909	36	15158414516867
vectorWriteCase	3	4291117857	8388607	3212836864	2143363909	37	15158414517072
vectorWriteCase	3	4291117857	8388607	3212836864	2143363909	38	15158414517019
vectorWriteCase	3	4291117857	8388607	3212836864	2143363909	39	15158414516967
vectorWriteCase	3	4291117857	8388607	3212836864	2143363909	40	15158414516874
vectorWriteCase	3	4291117857	8388607	3212836864	2143363909	41	15158414516821
vectorWriteCase	3	4291117857	8388607	3212836864	2143363909	42	15158414517023
vectorWriteCase	3	4291117857	8388607	3212836864	2143363909	43	15158414516968
vectorWriteCase	3	4291117857	8388607	3212836864	2143363909	44	15158414516881
vectorWriteCase	3	4291117857	8388607	3212836864	2143363909	45	15158414516826
vectorWriteCase	3	4291117857	8388607	3212836864	2143363909	46	15158414517026
vectorWriteCase	3	4291117857	8388607	3212836864	2143363909	47	15158414516969
vectorWriteCase	3	4291117857	8388607	3212836864	2143363909	48	15158414516854
vectorWriteCase	3	4291117857	8388607	3212836864	2143363909	49	15158414516888
vectorWriteCase	3	4291117857	8388607	3212836864	2143363909	50	15158414517018
vectorWriteCase	3	4291117857	8388607	3212836864	2143363909	51	15158414517076
vectorWriteCase	3	4291117857	8388607	3212836864	2143363909	52	15158414517076
vectorWriteCase	3	4291117857	8388607	3212836864	2143363909	53	15158414517076
vectorWriteCase	3	4291117857	8388607	3212836864	2143363909	54	15158414516948
vectorWriteCase	3	4291117857	8388607	3212836864	2143363909	55	15158414516821
vectorWriteCase	3	4291117857	8388607	3212836864	2143363909	56	15158414516821
vectorWriteCase	3	4291117857	8388607	3212836864	2143363909	57	15158414516821
vectorWriteCase	3	4291117857	8388607	3212836864	2143363909	58	15158414516949
vectorWriteCase	3	4291117857	8388607	3212836864	2143363909	59	15158414517012
vectorWriteCase	3	4291117857	8388607	3212836864	2143363909	60	15158414516890
vectorWriteCase	3	4291117857	8388607	3212836864	2143363909	61	15158414516856
vectorWriteCase	3	4291117857	8388607	3212836864	2143363909	62	15158414517014
vectorWriteCase	3	4291117857	8388607	3212836864	2143363909	63	15158414516948
vectorGraphIndexCase	0	-65536	127	-1024	4096	-158085
vectorGraphIndexCase	1	-257	127	-1024	4096	37752
vectorGraphIndexCase	2	-1	127	-1024	4096	38520
vectorGraphIndexCase	3	0	127	-1024	4096	38523
vectorGraphIndexCase	0	1	127	-1024	4096	38526
vectorGraphIndexCase	1	255	127	-1024	4096	39288
vectorGraphIndexCase	2	256	127	-1024	4096	39291
vectorGraphIndexCase	3	65535	127	-1024	4096	235128
vectorGraphIndexCase	0	-31	-65536	-1024	4096	-289885
vectorGraphIndexCase	1	-31	-257	-1024	4096	36510
vectorGraphIndexCase	2	-31	-1	-1024	4096	37790
vectorGraphIndexCase	3	-31	0	-1024	4096	37795
vectorGraphIndexCase	0	-31	1	-1024	4096	37800
vectorGraphIndexCase	1	-31	255	-1024	4096	39070
vectorGraphIndexCase	2	-31	256	-1024	4096	39075
vectorGraphIndexCase	3	-31	65535	-1024	4096	365470
vectorGraphIndexCase	0	-31	127	-65536	4096	-413154
vectorGraphIndexCase	1	-31	127	-257	4096	43799
vectorGraphIndexCase	2	-31	127	-1	4096	45591
vectorGraphIndexCase	3	-31	127	0	4096	45598
vectorGraphIndexCase	0	-31	127	1	4096	45605
vectorGraphIndexCase	1	-31	127	255	4096	47383
vectorGraphIndexCase	2	-31	127	256	4096	47390
vectorGraphIndexCase	3	-31	127	65535	4096	504343
vectorGraphIndexCase	0	-31	127	-1024	-65536	-727522
vectorGraphIndexCase	1	-31	127	-1024	-257	-9453
vectorGraphIndexCase	2	-31	127	-1024	-1	-6637
vectorGraphIndexCase	3	-31	127	-1024	0	-6626
vectorGraphIndexCase	0	-31	127	-1024	1	-6615
vectorGraphIndexCase	1	-31	127	-1024	255	-3821
vectorGraphIndexCase	2	-31	127	-1024	256	-3810
vectorGraphIndexCase	3	-31	127	-1024	65535	714259
vectorGraphStoreCase	0	-65536	127	-1024	4096	0	-40627845
vectorGraphStoreCase	0	-65536	127	-1024	4096	1	-40627845
vectorGraphStoreCase	0	-65536	127	-1024	4096	2	-40627717
vectorGraphStoreCase	0	-65536	127	-1024	4096	3	-40627646
vectorGraphStoreCase	0	-65536	127	-1024	4096	4	-40627845
vectorGraphStoreCase	0	-65536	127	-1024	4096	5	-40627845
vectorGraphStoreCase	0	-65536	127	-1024	4096	6	-40627591
vectorGraphStoreCase	0	-65536	127	-1024	4096	7	-40627779
vectorGraphStoreCase	0	-65536	127	-1024	4096	8	-40627845
vectorGraphStoreCase	0	-65536	127	-1024	4096	9	-40627845
vectorGraphStoreCase	0	-65536	127	-1024	4096	10	-40627717
vectorGraphStoreCase	0	-65536	127	-1024	4096	11	-40627649
vectorGraphStoreCase	0	-65536	127	-1024	4096	12	-40627845
vectorGraphStoreCase	0	-65536	127	-1024	4096	13	-40627845
vectorGraphStoreCase	0	-65536	127	-1024	4096	14	-40627717
vectorGraphStoreCase	0	-65536	127	-1024	4096	15	-40627776
vectorGraphStoreCase	0	-65536	127	-1024	4096	16	-40627834
vectorGraphStoreCase	0	-65536	127	-1024	4096	17	-40627619
vectorGraphStoreCase	0	-65536	127	-1024	4096	18	-40627662
vectorGraphStoreCase	0	-65536	127	-1024	4096	19	-40627704
vectorGraphStoreCase	0	-65536	127	-1024	4096	20	-40627827
vectorGraphStoreCase	0	-65536	127	-1024	4096	21	-40627614
vectorGraphStoreCase	0	-65536	127	-1024	4096	22	-40627659
vectorGraphStoreCase	0	-65536	127	-1024	4096	23	-40627703
vectorGraphStoreCase	0	-65536	127	-1024	4096	24	-40627820
vectorGraphStoreCase	0	-65536	127	-1024	4096	25	-40627609
vectorGraphStoreCase	0	-65536	127	-1024	4096	26	-40627656
vectorGraphStoreCase	0	-65536	127	-1024	4096	27	-40627702
vectorGraphStoreCase	0	-65536	127	-1024	4096	28	-40627813
vectorGraphStoreCase	0	-65536	127	-1024	4096	29	-40627604
vectorGraphStoreCase	0	-65536	127	-1024	4096	30	-40627653
vectorGraphStoreCase	0	-65536	127	-1024	4096	31	-40627701
vectorGraphStoreCase	0	-65536	127	-1024	4096	32	-40627806
vectorGraphStoreCase	0	-65536	127	-1024	4096	33	-40627599
vectorGraphStoreCase	0	-65536	127	-1024	4096	34	-40627650
vectorGraphStoreCase	0	-65536	127	-1024	4096	35	-40627700
vectorGraphStoreCase	0	-65536	127	-1024	4096	36	-40627799
vectorGraphStoreCase	0	-65536	127	-1024	4096	37	-40627594
vectorGraphStoreCase	0	-65536	127	-1024	4096	38	-40627647
vectorGraphStoreCase	0	-65536	127	-1024	4096	39	-40627699
vectorGraphStoreCase	0	-65536	127	-1024	4096	40	-40627792
vectorGraphStoreCase	0	-65536	127	-1024	4096	41	-40627845
vectorGraphStoreCase	0	-65536	127	-1024	4096	42	-40627643
vectorGraphStoreCase	0	-65536	127	-1024	4096	43	-40627698
vectorGraphStoreCase	0	-65536	127	-1024	4096	44	-40627785
vectorGraphStoreCase	0	-65536	127	-1024	4096	45	-40627840
vectorGraphStoreCase	0	-65536	127	-1024	4096	46	-40627640
vectorGraphStoreCase	0	-65536	127	-1024	4096	47	-40627697
vectorGraphStoreCase	0	-65536	127	-1024	4096	48	-40627778
vectorGraphStoreCase	0	-65536	127	-1024	4096	49	-40627835
vectorGraphStoreCase	0	-65536	127	-1024	4096	50	-40627637
vectorGraphStoreCase	0	-65536	127	-1024	4096	51	-40627696
vectorGraphStoreCase	0	-65536	127	-1024	4096	52	-40627771
vectorGraphStoreCase	0	-65536	127	-1024	4096	53	-40627830
vectorGraphStoreCase	0	-65536	127	-1024	4096	54	-40627634
vectorGraphStoreCase	0	-65536	127	-1024	4096	55	-40627695
vectorGraphStoreCase	0	-65536	127	-1024	4096	56	-40627764
vectorGraphStoreCase	0	-65536	127	-1024	4096	57	-40627825
vectorGraphStoreCase	0	-65536	127	-1024	4096	58	-40627631
vectorGraphStoreCase	0	-65536	127	-1024	4096	59	-40627694
vectorGraphStoreCase	0	-65536	127	-1024	4096	60	-40627757
vectorGraphStoreCase	0	-65536	127	-1024	4096	61	-40627820
vectorGraphStoreCase	0	-65536	127	-1024	4096	62	-40627628
vectorGraphStoreCase	0	-65536	127	-1024	4096	63	-40627693
vectorGraphStoreCase	1	-257	127	-1024	4096	0	9702503
vectorGraphStoreCase	1	-257	127	-1024	4096	1	9702469
vectorGraphStoreCase	1	-257	127	-1024	4096	2	9702435
vectorGraphStoreCase	1	-257	127	-1024	4096	3	9702401
vectorGraphStoreCase	1	-257	127	-1024	4096	4	9702510
vectorGraphStoreCase	1	-257	127	-1024	4096	5	9702474
vectorGraphStoreCase	1	-257	127	-1024	4096	6	9702438
vectorGraphStoreCase	1	-257	127	-1024	4096	7	9702402
vectorGraphStoreCase	1	-257	127	-1024	4096	8	9702517
vectorGraphStoreCase	1	-257	127	-1024	4096	9	9702479
vectorGraphStoreCase	1	-257	127	-1024	4096	10	9702441
vectorGraphStoreCase	1	-257	127	-1024	4096	11	9702403
vectorGraphStoreCase	1	-257	127	-1024	4096	12	9702268
vectorGraphStoreCase	1	-257	127	-1024	4096	13	9702485
vectorGraphStoreCase	1	-257	127	-1024	4096	14	9702444
vectorGraphStoreCase	1	-257	127	-1024	4096	15	9702404
vectorGraphStoreCase	1	-257	127	-1024	4096	16	9702264
vectorGraphStoreCase	1	-257	127	-1024	4096	17	9702392
vectorGraphStoreCase	1	-257	127	-1024	4096	18	9702392
vectorGraphStoreCase	1	-257	127	-1024	4096	19	9702459
vectorGraphStoreCase	1	-257	127	-1024	4096	20	9702264
vectorGraphStoreCase	1	-257	127	-1024	4096	21	9702264
vectorGraphStoreCase	1	-257	127	-1024	4096	22	9702518
vectorGraphStoreCase	1	-257	127	-1024	4096	23	9702330
vectorGraphStoreCase	1	-257	127	-1024	4096	24	9702264
vectorGraphStoreCase	1	-257	127	-1024	4096	25	9702264
vectorGraphStoreCase	1	-257	127	-1024	4096	26	9702392
vectorGraphStoreCase	1	-257	127	-1024	4096	27	9702460
vectorGraphStoreCase	1	-257	127	-1024	4096	28	9702264
vectorGraphStoreCase	1	-257	127	-1024	4096	29	9702264
vectorGraphStoreCase	1	-257	127	-1024	4096	30	9702392
vectorGraphStoreCase	1	-257	127	-1024	4096	31	9702333
vectorGraphStoreCase	1	-257	127	-1024	4096	32	9702303
vectorGraphStoreCase	1	-257	127	-1024	4096	33	9702510
vectorGraphStoreCase	1	-257	127	-1024	4096	34	9702459
vectorGraphStoreCase	1	-257	127	-1024	4096	35	9702409
vectorGraphStoreCase	1	-257	127	-1024	4096	36	9702310
vectorGraphStoreCase	1	-257	127	-1024	4096	37	9702515
vectorGraphStoreCase	1	-257	127	-1024	4096	38	9702462
vectorGraphStoreCase	1	-257	127	-1024	4096	39	9702410
vectorGraphStoreCase	1	-257	127	-1024	4096	40	9702317
vectorGraphStoreCase	1	-257	127	-1024	4096	41	9702264
vectorGraphStoreCase	1	-257	127	-1024	4096	42	9702466
vectorGraphStoreCase	1	-257	127	-1024	4096	43	9702411
vectorGraphStoreCase	1	-257	127	-1024	4096	44	9702324
vectorGraphStoreCase	1	-257	127	-1024	4096	45	9702269
vectorGraphStoreCase	1	-257	127	-1024	4096	46	9702469
vectorGraphStoreCase	1	-257	127	-1024	4096	47	9702412
vectorGraphStoreCase	1	-257	127	-1024	4096	48	9702331
vectorGraphStoreCase	1	-257	127	-1024	4096	49	9702274
vectorGraphStoreCase	1	-257	127	-1024	4096	50	9702472
vectorGraphStoreCase	1	-257	127	-1024	4096	51	9702413
vectorGraphStoreCase	1	-257	127	-1024	4096	52	9702338
vectorGraphStoreCase	1	-257	127	-1024	4096	53	9702279
vectorGraphStoreCase	1	-257	127	-1024	4096	54	9702475
vectorGraphStoreCase	1	-257	127	-1024	4096	55	9702414
vectorGraphStoreCase	1	-257	127	-1024	4096	56	9702345
vectorGraphStoreCase	1	-257	127	-1024	4096	57	9702284
vectorGraphStoreCase	1	-257	127	-1024	4096	58	9702478
vectorGraphStoreCase	1	-257	127	-1024	4096	59	9702415
vectorGraphStoreCase	1	-257	127	-1024	4096	60	9702352
vectorGraphStoreCase	1	-257	127	-1024	4096	61	9702289
vectorGraphStoreCase	1	-257	127	-1024	4096	62	9702481
vectorGraphStoreCase	1	-257	127	-1024	4096	63	9702416
vectorGraphStoreCase	2	-1	127	-1024	4096	0	9899879
vectorGraphStoreCase	2	-1	127	-1024	4096	1	9899845
vectorGraphStoreCase	2	-1	127	-1024	4096	2	9899811
vectorGraphStoreCase	2	-1	127	-1024	4096	3	9899777
vectorGraphStoreCase	2	-1	127	-1024	4096	4	9899886
vectorGraphStoreCase	2	-1	127	-1024	4096	5	9899850
vectorGraphStoreCase	2	-1	127	-1024	4096	6	9899814
vectorGraphStoreCase	2	-1	127	-1024	4096	7	9899778
vectorGraphStoreCase	2	-1	127	-1024	4096	8	9899893
vectorGraphStoreCase	2	-1	127	-1024	4096	9	9899855
vectorGraphStoreCase	2	-1	127	-1024	4096	10	9899817
vectorGraphStoreCase	2	-1	127	-1024	4096	11	9899779
vectorGraphStoreCase	2	-1	127	-1024	4096	12	9899644
vectorGraphStoreCase	2	-1	127	-1024	4096	13	9899861
vectorGraphStoreCase	2	-1	127	-1024	4096	14	9899820
vectorGraphStoreCase	2	-1	127	-1024	4096	15	9899780
vectorGraphStoreCase	2	-1	127	-1024	4096	16	9899651
vectorGraphStoreCase	2	-1	127	-1024	4096	17	9899866
vectorGraphStoreCase	2	-1	127	-1024	4096	18	9899823
vectorGraphStoreCase	2	-1	127	-1024	4096	19	9899781
vectorGraphStoreCase	2	-1	127	-1024	4096	20	9899658
vectorGraphStoreCase	2	-1	127	-1024	4096	21	9899871
vectorGraphStoreCase	2	-1	127	-1024	4096	22	9899826
vectorGraphStoreCase	2	-1	127	-1024	4096	23	9899782
vectorGraphStoreCase	2	-1	127	-1024	4096	24	9899665
vectorGraphStoreCase	2	-1	127	-1024	4096	25	9899876
vectorGraphStoreCase	2	-1	127	-1024	4096	26	9899829
vectorGraphStoreCase	2	-1	127	-1024	4096	27	9899783
vectorGraphStoreCase	2	-1	127	-1024	4096	28	9899672
vectorGraphStoreCase	2	-1	127	-1024	4096	29	9899881
vectorGraphStoreCase	2	-1	127	-1024	4096	30	9899832
vectorGraphStoreCase	2	-1	127	-1024	4096	31	9899784
vectorGraphStoreCase	2	-1	127	-1024	4096	32	9899640
vectorGraphStoreCase	2	-1	127	-1024	4096	33	9899640
vectorGraphStoreCase	2	-1	127	-1024	4096	34	9899768
vectorGraphStoreCase	2	-1	127	-1024	4096	35	9899831
vectorGraphStoreCase	2	-1	127	-1024	4096	36	9899640
vectorGraphStoreCase	2	-1	127	-1024	4096	37	9899640
vectorGraphStoreCase	2	-1	127	-1024	4096	38	9899894
vectorGraphStoreCase	2	-1	127	-1024	4096	39	9899706
vectorGraphStoreCase	2	-1	127	-1024	4096	40	9899640
vectorGraphStoreCase	2	-1	127	-1024	4096	41	9899640
vectorGraphStoreCase	2	-1	127	-1024	4096	42	9899768
vectorGraphStoreCase	2	-1	127	-1024	4096	43	9899836
vectorGraphStoreCase	2	-1	127	-1024	4096	44	9899640
vectorGraphStoreCase	2	-1	127	-1024	4096	45	9899640
vectorGraphStoreCase	2	-1	127	-1024	4096	46	9899768
vectorGraphStoreCase	2	-1	127	-1024	4096	47	9899709
vectorGraphStoreCase	2	-1	127	-1024	4096	48	9899707
vectorGraphStoreCase	2	-1	127	-1024	4096	49	9899650
vectorGraphStoreCase	2	-1	127	-1024	4096	50	9899848
vectorGraphStoreCase	2	-1	127	-1024	4096	51	9899789
vectorGraphStoreCase	2	-1	127	-1024	4096	52	9899714
vectorGraphStoreCase	2	-1	127	-1024	4096	53	9899655
vectorGraphStoreCase	2	-1	127	-1024	4096	54	9899851
vectorGraphStoreCase	2	-1	127	-1024	4096	55	9899790
vectorGraphStoreCase	2	-1	127	-1024	4096	56	9899721
vectorGraphStoreCase	2	-1	127	-1024	4096	57	9899660
vectorGraphStoreCase	2	-1	127	-1024	4096	58	9899854
vectorGraphStoreCase	2	-1	127	-1024	4096	59	9899791
vectorGraphStoreCase	2	-1	127	-1024	4096	60	9899728
vectorGraphStoreCase	2	-1	127	-1024	4096	61	9899665
vectorGraphStoreCase	2	-1	127	-1024	4096	62	9899857
vectorGraphStoreCase	2	-1	127	-1024	4096	63	9899792
vectorGraphStoreCase	3	0	127	-1024	4096	0	9900650
vectorGraphStoreCase	3	0	127	-1024	4096	1	9900616
vectorGraphStoreCase	3	0	127	-1024	4096	2	9900582
vectorGraphStoreCase	3	0	127	-1024	4096	3	9900548
vectorGraphStoreCase	3	0	127	-1024	4096	4	9900657
vectorGraphStoreCase	3	0	127	-1024	4096	5	9900621
vectorGraphStoreCase	3	0	127	-1024	4096	6	9900585
vectorGraphStoreCase	3	0	127	-1024	4096	7	9900549
vectorGraphStoreCase	3	0	127	-1024	4096	8	9900664
vectorGraphStoreCase	3	0	127	-1024	4096	9	9900626
vectorGraphStoreCase	3	0	127	-1024	4096	10	9900588
vectorGraphStoreCase	3	0	127	-1024	4096	11	9900550
vectorGraphStoreCase	3	0	127	-1024	4096	12	9900415
vectorGraphStoreCase	3	0	127	-1024	4096	13	9900632
vectorGraphStoreCase	3	0	127	-1024	4096	14	9900591
vectorGraphStoreCase	3	0	127	-1024	4096	15	9900551
vectorGraphStoreCase	3	0	127	-1024	4096	16	9900422
vectorGraphStoreCase	3	0	127	-1024	4096	17	9900637
vectorGraphStoreCase	3	0	127	-1024	4096	18	9900594
vectorGraphStoreCase	3	0	127	-1024	4096	19	9900552
vectorGraphStoreCase	3	0	127	-1024	4096	20	9900429
vectorGraphStoreCase	3	0	127	-1024	4096	21	9900642
vectorGraphStoreCase	3	0	127	-1024	4096	22	9900597
vectorGraphStoreCase	3	0	127	-1024	4096	23	9900553
vectorGraphStoreCase	3	0	127	-1024	4096	24	9900436
vectorGraphStoreCase	3	0	127	-1024	4096	25	9900647
vectorGraphStoreCase	3	0	127	-1024	4096	26	9900600
vectorGraphStoreCase	3	0	127	-1024	4096	27	9900554
vectorGraphStoreCase	3	0	127	-1024	4096	28	9900443
vectorGraphStoreCase	3	0	127	-1024	4096	29	9900652
vectorGraphStoreCase	3	0	127	-1024	4096	30	9900603
vectorGraphStoreCase	3	0	127	-1024	4096	31	9900555
vectorGraphStoreCase	3	0	127	-1024	4096	32	9900450
vectorGraphStoreCase	3	0	127	-1024	4096	33	9900657
vectorGraphStoreCase	3	0	127	-1024	4096	34	9900606
vectorGraphStoreCase	3	0	127	-1024	4096	35	9900556
vectorGraphStoreCase	3	0	127	-1024	4096	36	9900457
vectorGraphStoreCase	3	0	127	-1024	4096	37	9900662
vectorGraphStoreCase	3	0	127	-1024	4096	38	9900609
vectorGraphStoreCase	3	0	127	-1024	4096	39	9900557
vectorGraphStoreCase	3	0	127	-1024	4096	40	9900464
vectorGraphStoreCase	3	0	127	-1024	4096	41	9900411
vectorGraphStoreCase	3	0	127	-1024	4096	42	9900613
vectorGraphStoreCase	3	0	127	-1024	4096	43	9900558
vectorGraphStoreCase	3	0	127	-1024	4096	44	9900471
vectorGraphStoreCase	3	0	127	-1024	4096	45	9900416
vectorGraphStoreCase	3	0	127	-1024	4096	46	9900616
vectorGraphStoreCase	3	0	127	-1024	4096	47	9900559
vectorGraphStoreCase	3	0	127	-1024	4096	48	9900411
vectorGraphStoreCase	3	0	127	-1024	4096	49	9900411
vectorGraphStoreCase	3	0	127	-1024	4096	50	9900411
vectorGraphStoreCase	3	0	127	-1024	4096	51	9900411
vectorGraphStoreCase	3	0	127	-1024	4096	52	9900411
vectorGraphStoreCase	3	0	127	-1024	4096	53	9900411
vectorGraphStoreCase	3	0	127	-1024	4096	54	9900665
vectorGraphStoreCase	3	0	127	-1024	4096	55	9900477
vectorGraphStoreCase	3	0	127	-1024	4096	56	9900411
vectorGraphStoreCase	3	0	127	-1024	4096	57	9900411
vectorGraphStoreCase	3	0	127	-1024	4096	58	9900539
vectorGraphStoreCase	3	0	127	-1024	4096	59	9900607
vectorGraphStoreCase	3	0	127	-1024	4096	60	9900411
vectorGraphStoreCase	3	0	127	-1024	4096	61	9900411
vectorGraphStoreCase	3	0	127	-1024	4096	62	9900539
vectorGraphStoreCase	3	0	127	-1024	4096	63	9900480
vectorGraphStoreCase	0	1	127	-1024	4096	0	9901182
vectorGraphStoreCase	0	1	127	-1024	4096	1	9901182
vectorGraphStoreCase	0	1	127	-1024	4096	2	9901310
vectorGraphStoreCase	0	1	127	-1024	4096	3	9901245
vectorGraphStoreCase	0	1	127	-1024	4096	4	9901182
vectorGraphStoreCase	0	1	127	-1024	4096	5	9901182
vectorGraphStoreCase	0	1	127	-1024	4096	6	9901436
vectorGraphStoreCase	0	1	127	-1024	4096	7	9901248
vectorGraphStoreCase	0	1	127	-1024	4096	8	9901182
vectorGraphStoreCase	0	1	127	-1024	4096	9	9901182
vectorGraphStoreCase	0	1	127	-1024	4096	10	9901310
vectorGraphStoreCase	0	1	127	-1024	4096	11	9901378
vectorGraphStoreCase	0	1	127	-1024	4096	12	9901182
vectorGraphStoreCase	0	1	127	-1024	4096	13	9901182
vectorGraphStoreCase	0	1	127	-1024	4096	14	9901310
vectorGraphStoreCase	0	1	127	-1024	4096	15	9901251
vectorGraphStoreCase	0	1	127	-1024	4096	16	9901193
vectorGraphStoreCase	0	1	127	-1024	4096	17	9901408
vectorGraphStoreCase	0	1	127	-1024	4096	18	9901365
vectorGraphStoreCase	0	1	127	-1024	4096	19	9901323
vectorGraphStoreCase	0	1	127	-1024	4096	20	9901200
vectorGraphStoreCase	0	1	127	-1024	4096	21	9901413
vectorGraphStoreCase	0	1	127	-1024	4096	22	9901368
vectorGraphStoreCase	0	1	127	-1024	4096	23	9901324
vectorGraphStoreCase	0	1	127	-1024	4096	24	9901207
vectorGraphStoreCase	0	1	127	-1024	4096	25	9901418
vectorGraphStoreCase	0	1	127	-1024	4096	26	9901371
vectorGraphStoreCase	0	1	127	-1024	4096	27	9901325
vectorGraphStoreCase	0	1	127	-1024	4096	28	9901214
vectorGraphStoreCase	0	1	127	-1024	4096	29	9901423
vectorGraphStoreCase	0	1	127	-1024	4096	30	9901374
vectorGraphStoreCase	0	1	127	-1024	4096	31	9901326
vectorGraphStoreCase	0	1	127	-1024	4096	32	9901221
vectorGraphStoreCase	0	1	127	-1024	4096	33	9901428
vectorGraphStoreCase	0	1	127	-1024	4096	34	9901377
vectorGraphStoreCase	0	1	127	-1024	4096	35	9901327
vectorGraphStoreCase	0	1	127	-1024	4096	36	9901228
vectorGraphStoreCase	0	1	127	-1024	4096	37	9901433
vectorGraphStoreCase	0	1	127	-1024	4096	38	9901380
vectorGraphStoreCase	0	1	127	-1024	4096	39	9901328
vectorGraphStoreCase	0	1	127	-1024	4096	40	9901235
vectorGraphStoreCase	0	1	127	-1024	4096	41	9901182
vectorGraphStoreCase	0	1	127	-1024	4096	42	9901384
vectorGraphStoreCase	0	1	127	-1024	4096	43	9901329
vectorGraphStoreCase	0	1	127	-1024	4096	44	9901242
vectorGraphStoreCase	0	1	127	-1024	4096	45	9901187
vectorGraphStoreCase	0	1	127	-1024	4096	46	9901387
vectorGraphStoreCase	0	1	127	-1024	4096	47	9901330
vectorGraphStoreCase	0	1	127	-1024	4096	48	9901249
vectorGraphStoreCase	0	1	127	-1024	4096	49	9901192
vectorGraphStoreCase	0	1	127	-1024	4096	50	9901390
vectorGraphStoreCase	0	1	127	-1024	4096	51	9901331
vectorGraphStoreCase	0	1	127	-1024	4096	52	9901256
vectorGraphStoreCase	0	1	127	-1024	4096	53	9901197
vectorGraphStoreCase	0	1	127	-1024	4096	54	9901393
vectorGraphStoreCase	0	1	127	-1024	4096	55	9901332
vectorGraphStoreCase	0	1	127	-1024	4096	56	9901263
vectorGraphStoreCase	0	1	127	-1024	4096	57	9901202
vectorGraphStoreCase	0	1	127	-1024	4096	58	9901396
vectorGraphStoreCase	0	1	127	-1024	4096	59	9901333
vectorGraphStoreCase	0	1	127	-1024	4096	60	9901270
vectorGraphStoreCase	0	1	127	-1024	4096	61	9901207
vectorGraphStoreCase	0	1	127	-1024	4096	62	9901399
vectorGraphStoreCase	0	1	127	-1024	4096	63	9901334
vectorGraphStoreCase	1	255	127	-1024	4096	0	10097255
vectorGraphStoreCase	1	255	127	-1024	4096	1	10097221
vectorGraphStoreCase	1	255	127	-1024	4096	2	10097187
vectorGraphStoreCase	1	255	127	-1024	4096	3	10097153
vectorGraphStoreCase	1	255	127	-1024	4096	4	10097262
vectorGraphStoreCase	1	255	127	-1024	4096	5	10097226
vectorGraphStoreCase	1	255	127	-1024	4096	6	10097190
vectorGraphStoreCase	1	255	127	-1024	4096	7	10097154
vectorGraphStoreCase	1	255	127	-1024	4096	8	10097269
vectorGraphStoreCase	1	255	127	-1024	4096	9	10097231
vectorGraphStoreCase	1	255	127	-1024	4096	10	10097193
vectorGraphStoreCase	1	255	127	-1024	4096	11	10097155
vectorGraphStoreCase	1	255	127	-1024	4096	12	10097020
vectorGraphStoreCase	1	255	127	-1024	4096	13	10097237
vectorGraphStoreCase	1	255	127	-1024	4096	14	10097196
vectorGraphStoreCase	1	255	127	-1024	4096	15	10097156
vectorGraphStoreCase	1	255	127	-1024	4096	16	10097016
vectorGraphStoreCase	1	255	127	-1024	4096	17	10097016
vectorGraphStoreCase	1	255	127	-1024	4096	18	10097143
vectorGraphStoreCase	1	255	127	-1024	4096	19	10097083
vectorGraphStoreCase	1	255	127	-1024	4096	20	10097016
vectorGraphStoreCase	1	255	127	-1024	4096	21	10097016
vectorGraphStoreCase	1	255	127	-1024	4096	22	10097270
vectorGraphStoreCase	1	255	127	-1024	4096	23	10097082
vectorGraphStoreCase	1	255	127	-1024	4096	24	10097016
vectorGraphStoreCase	1	255	127	-1024	4096	25	10097016
vectorGraphStoreCase	1	255	127	-1024	4096	26	10097144
vectorGraphStoreCase	1	255	127	-1024	4096	27	10097212
vectorGraphStoreCase	1	255	127	-1024	4096	28	10097016
vectorGraphStoreCase	1	255	127	-1024	4096	29	10097016
vectorGraphStoreCase	1	255	127	-1024	4096	30	10097144
vectorGraphStoreCase	1	255	127	-1024	4096	31	10097085
vectorGraphStoreCase	1	255	127	-1024	4096	32	10097055
vectorGraphStoreCase	1	255	127	-1024	4096	33	10097262
vectorGraphStoreCase	1	255	127	-1024	4096	34	10097211
vectorGraphStoreCase	1	255	127	-1024	4096	35	10097161
vectorGraphStoreCase	1	255	127	-1024	4096	36	10097062
vectorGraphStoreCase	1	255	127	-1024	4096	37	10097267
vectorGraphStoreCase	1	255	127	-1024	4096	38	10097214
vectorGraphStoreCase	1	255	127	-1024	4096	39	10097162
vectorGraphStoreCase	1	255	127	-1024	4096	40	10097069
vectorGraphStoreCase	1	255	127	-1024	4096	41	10097016
vectorGraphStoreCase	1	255	127	-1024	4096	42	10097218
vectorGraphStoreCase	1	255	127	-1024	4096	43	10097163
vectorGraphStoreCase	1	255	127	-1024	4096	44	10097076
vectorGraphStoreCase	1	255	127	-1024	4096	45	10097021
vectorGraphStoreCase	1	255	127	-1024	4096	46	10097221
vectorGraphStoreCase	1	255	127	-1024	4096	47	10097164
vectorGraphStoreCase	1	255	127	-1024	4096	48	10097083
vectorGraphStoreCase	1	255	127	-1024	4096	49	10097026
vectorGraphStoreCase	1	255	127	-1024	4096	50	10097224
vectorGraphStoreCase	1	255	127	-1024	4096	51	10097165
vectorGraphStoreCase	1	255	127	-1024	4096	52	10097090
vectorGraphStoreCase	1	255	127	-1024	4096	53	10097031
vectorGraphStoreCase	1	255	127	-1024	4096	54	10097227
vectorGraphStoreCase	1	255	127	-1024	4096	55	10097166
vectorGraphStoreCase	1	255	127	-1024	4096	56	10097097
vectorGraphStoreCase	1	255	127	-1024	4096	57	10097036
vectorGraphStoreCase	1	255	127	-1024	4096	58	10097230
vectorGraphStoreCase	1	255	127	-1024	4096	59	10097167
vectorGraphStoreCase	1	255	127	-1024	4096	60	10097104
vectorGraphStoreCase	1	255	127	-1024	4096	61	10097041
vectorGraphStoreCase	1	255	127	-1024	4096	62	10097233
vectorGraphStoreCase	1	255	127	-1024	4096	63	10097168
vectorGraphStoreCase	2	256	127	-1024	4096	0	10098026
vectorGraphStoreCase	2	256	127	-1024	4096	1	10097992
vectorGraphStoreCase	2	256	127	-1024	4096	2	10097958
vectorGraphStoreCase	2	256	127	-1024	4096	3	10097924
vectorGraphStoreCase	2	256	127	-1024	4096	4	10098033
vectorGraphStoreCase	2	256	127	-1024	4096	5	10097997
vectorGraphStoreCase	2	256	127	-1024	4096	6	10097961
vectorGraphStoreCase	2	256	127	-1024	4096	7	10097925
vectorGraphStoreCase	2	256	127	-1024	4096	8	10098040
vectorGraphStoreCase	2	256	127	-1024	4096	9	10098002
vectorGraphStoreCase	2	256	127	-1024	4096	10	10097964
vectorGraphStoreCase	2	256	127	-1024	4096	11	10097926
vectorGraphStoreCase	2	256	127	-1024	4096	12	10097791
vectorGraphStoreCase	2	256	127	-1024	4096	13	10098008
vectorGraphStoreCase	2	256	127	-1024	4096	14	10097967
vectorGraphStoreCase	2	256	127	-1024	4096	15	10097927
vectorGraphStoreCase	2	256	127	-1024	4096	16	10097798
vectorGraphStoreCase	2	256	127	-1024	4096	17	10098013
vectorGraphStoreCase	2	256	127	-1024	4096	18	10097970
vectorGraphStoreCase	2	256	127	-1024	4096	19	10097928
vectorGraphStoreCase	2	256	127	-1024	4096	20	10097805
vectorGraphStoreCase	2	256	127	-1024	4096	21	10098018
vectorGraphStoreCase	2	256	127	-1024	4096	22	10097973
vectorGraphStoreCase	2	256	127	-1024	4096	23	10097929
vectorGraphStoreCase	2	256	127	-1024	4096	24	10097812
vectorGraphStoreCase	2	256	127	-1024	4096	25	10098023
vectorGraphStoreCase	2	256	127	-1024	4096	26	10097976
vectorGraphStoreCase	2	256	127	-1024	4096	27	10097930
vectorGraphStoreCase	2	256	127	-1024	4096	28	10097819
vectorGraphStoreCase	2	256	127	-1024	4096	29	10098028
vectorGraphStoreCase	2	256	127	-1024	4096	30	10097979
vectorGraphStoreCase	2	256	127	-1024	4096	31	10097931
vectorGraphStoreCase	2	256	127	-1024	4096	32	10097787
vectorGraphStoreCase	2	256	127	-1024	4096	33	10097787
vectorGraphStoreCase	2	256	127	-1024	4096	34	10097915
vectorGraphStoreCase	2	256	127	-1024	4096	35	10097854
vectorGraphStoreCase	2	256	127	-1024	4096	36	10097787
vectorGraphStoreCase	2	256	127	-1024	4096	37	10097787
vectorGraphStoreCase	2	256	127	-1024	4096	38	10098041
vectorGraphStoreCase	2	256	127	-1024	4096	39	10097853
vectorGraphStoreCase	2	256	127	-1024	4096	40	10097787
vectorGraphStoreCase	2	256	127	-1024	4096	41	10097787
vectorGraphStoreCase	2	256	127	-1024	4096	42	10097915
vectorGraphStoreCase	2	256	127	-1024	4096	43	10097983
vectorGraphStoreCase	2	256	127	-1024	4096	44	10097787
vectorGraphStoreCase	2	256	127	-1024	4096	45	10097787
vectorGraphStoreCase	2	256	127	-1024	4096	46	10097915
vectorGraphStoreCase	2	256	127	-1024	4096	47	10097856
vectorGraphStoreCase	2	256	127	-1024	4096	48	10097854
vectorGraphStoreCase	2	256	127	-1024	4096	49	10097797
vectorGraphStoreCase	2	256	127	-1024	4096	50	10097995
vectorGraphStoreCase	2	256	127	-1024	4096	51	10097936
vectorGraphStoreCase	2	256	127	-1024	4096	52	10097861
vectorGraphStoreCase	2	256	127	-1024	4096	53	10097802
vectorGraphStoreCase	2	256	127	-1024	4096	54	10097998
vectorGraphStoreCase	2	256	127	-1024	4096	55	10097937
vectorGraphStoreCase	2	256	127	-1024	4096	56	10097868
vectorGraphStoreCase	2	256	127	-1024	4096	57	10097807
vectorGraphStoreCase	2	256	127	-1024	4096	58	10098001
vectorGraphStoreCase	2	256	127	-1024	4096	59	10097938
vectorGraphStoreCase	2	256	127	-1024	4096	60	10097875
vectorGraphStoreCase	2	256	127	-1024	4096	61	10097812
vectorGraphStoreCase	2	256	127	-1024	4096	62	10098004
vectorGraphStoreCase	2	256	127	-1024	4096	63	10097939
vectorGraphStoreCase	3	65535	127	-1024	4096	0	60428135
vectorGraphStoreCase	3	65535	127	-1024	4096	1	60428101
vectorGraphStoreCase	3	65535	127	-1024	4096	2	60428067
vectorGraphStoreCase	3	65535	127	-1024	4096	3	60428033
vectorGraphStoreCase	3	65535	127	-1024	4096	4	60428142
vectorGraphStoreCase	3	65535	127	-1024	4096	5	60428106
vectorGraphStoreCase	3	65535	127	-1024	4096	6	60428070
vectorGraphStoreCase	3	65535	127	-1024	4096	7	60428034
vectorGraphStoreCase	3	65535	127	-1024	4096	8	60428149
vectorGraphStoreCase	3	65535	127	-1024	4096	9	60428111
vectorGraphStoreCase	3	65535	127	-1024	4096	10	60428073
vectorGraphStoreCase	3	65535	127	-1024	4096	11	60428035
vectorGraphStoreCase	3	65535	127	-1024	4096	12	60427900
vectorGraphStoreCase	3	65535	127	-1024	4096	13	60428117
vectorGraphStoreCase	3	65535	127	-1024	4096	14	60428076
vectorGraphStoreCase	3	65535	127	-1024	4096	15	60428036
vectorGraphStoreCase	3	65535	127	-1024	4096	16	60427907
vectorGraphStoreCase	3	65535	127	-1024	4096	17	60428122
vectorGraphStoreCase	3	65535	127	-1024	4096	18	60428079
vectorGraphStoreCase	3	65535	127	-1024	4096	19	60428037
vectorGraphStoreCase	3	65535	127	-1024	4096	20	60427914
vectorGraphStoreCase	3	65535	127	-1024	4096	21	60428127
vectorGraphStoreCase	3	65535	127	-1024	4096	22	60428082
vectorGraphStoreCase	3	65535	127	-1024	4096	23	60428038
vectorGraphStoreCase	3	65535	127	-1024	4096	24	60427921
vectorGraphStoreCase	3	65535	127	-1024	4096	25	60428132
vectorGraphStoreCase	3	65535	127	-1024	4096	26	60428085
vectorGraphStoreCase	3	65535	127	-1024	4096	27	60428039
vectorGraphStoreCase	3	65535	127	-1024	4096	28	60427928
vectorGraphStoreCase	3	65535	127	-1024	4096	29	60428137
vectorGraphStoreCase	3	65535	127	-1024	4096	30	60428088
vectorGraphStoreCase	3	65535	127	-1024	4096	31	60428040
vectorGraphStoreCase	3	65535	127	-1024	4096	32	60427935
vectorGraphStoreCase	3	65535	127	-1024	4096	33	60428142
vectorGraphStoreCase	3	65535	127	-1024	4096	34	60428091
vectorGraphStoreCase	3	65535	127	-1024	4096	35	60428041
vectorGraphStoreCase	3	65535	127	-1024	4096	36	60427942
vectorGraphStoreCase	3	65535	127	-1024	4096	37	60428147
vectorGraphStoreCase	3	65535	127	-1024	4096	38	60428094
vectorGraphStoreCase	3	65535	127	-1024	4096	39	60428042
vectorGraphStoreCase	3	65535	127	-1024	4096	40	60427949
vectorGraphStoreCase	3	65535	127	-1024	4096	41	60427896
vectorGraphStoreCase	3	65535	127	-1024	4096	42	60428098
vectorGraphStoreCase	3	65535	127	-1024	4096	43	60428043
vectorGraphStoreCase	3	65535	127	-1024	4096	44	60427956
vectorGraphStoreCase	3	65535	127	-1024	4096	45	60427901
vectorGraphStoreCase	3	65535	127	-1024	4096	46	60428101
vectorGraphStoreCase	3	65535	127	-1024	4096	47	60428044
vectorGraphStoreCase	3	65535	127	-1024	4096	48	60427896
vectorGraphStoreCase	3	65535	127	-1024	4096	49	60428151
vectorGraphStoreCase	3	65535	127	-1024	4096	50	60428023
vectorGraphStoreCase	3	65535	127	-1024	4096	51	60427967
vectorGraphStoreCase	3	65535	127	-1024	4096	52	60427896
vectorGraphStoreCase	3	65535	127	-1024	4096	53	60427896
vectorGraphStoreCase	3	65535	127	-1024	4096	54	60428150
vectorGraphStoreCase	3	65535	127	-1024	4096	55	60427962
vectorGraphStoreCase	3	65535	127	-1024	4096	56	60427896
vectorGraphStoreCase	3	65535	127	-1024	4096	57	60427896
vectorGraphStoreCase	3	65535	127	-1024	4096	58	60428024
vectorGraphStoreCase	3	65535	127	-1024	4096	59	60428092
vectorGraphStoreCase	3	65535	127	-1024	4096	60	60427896
vectorGraphStoreCase	3	65535	127	-1024	4096	61	60427896
vectorGraphStoreCase	3	65535	127	-1024	4096	62	60428024
vectorGraphStoreCase	3	65535	127	-1024	4096	63	60427965
vectorGraphStoreCase	0	-31	-65536	-1024	4096	0	-74500445
vectorGraphStoreCase	0	-31	-65536	-1024	4096	1	-74500445
vectorGraphStoreCase	0	-31	-65536	-1024	4096	2	-74500197
vectorGraphStoreCase	0	-31	-65536	-1024	4096	3	-74500252
vectorGraphStoreCase	0	-31	-65536	-1024	4096	4	-74500445
vectorGraphStoreCase	0	-31	-65536	-1024	4096	5	-74500445
vectorGraphStoreCase	0	-31	-65536	-1024	4096	6	-74500317
vectorGraphStoreCase	0	-31	-65536	-1024	4096	7	-74500246
vectorGraphStoreCase	0	-31	-65536	-1024	4096	8	-74500445
vectorGraphStoreCase	0	-31	-65536	-1024	4096	9	-74500445
vectorGraphStoreCase	0	-31	-65536	-1024	4096	10	-74500317
vectorGraphStoreCase	0	-31	-65536	-1024	4096	11	-74500249
vectorGraphStoreCase	0	-31	-65536	-1024	4096	12	-74500445
vectorGraphStoreCase	0	-31	-65536	-1024	4096	13	-74500445
vectorGraphStoreCase	0	-31	-65536	-1024	4096	14	-74500317
vectorGraphStoreCase	0	-31	-65536	-1024	4096	15	-74500376
vectorGraphStoreCase	0	-31	-65536	-1024	4096	16	-74500434
vectorGraphStoreCase	0	-31	-65536	-1024	4096	17	-74500219
vectorGraphStoreCase	0	-31	-65536	-1024	4096	18	-74500262
vectorGraphStoreCase	0	-31	-65536	-1024	4096	19	-74500304
vectorGraphStoreCase	0	-31	-65536	-1024	4096	20	-74500427
vectorGraphStoreCase	0	-31	-65536	-1024	4096	21	-74500214
vectorGraphStoreCase	0	-31	-65536	-1024	4096	22	-74500259
vectorGraphStoreCase	0	-31	-65536	-1024	4096	23	-74500303
vectorGraphStoreCase	0	-31	-65536	-1024	4096	24	-74500420
vectorGraphStoreCase	0	-31	-65536	-1024	4096	25	-74500209
vectorGraphStoreCase	0	-31	-65536	-1024	4096	26	-74500256
vectorGraphStoreCase	0	-31	-65536	-1024	4096	27	-74500302
vectorGraphStoreCase	0	-31	-65536	-1024	4096	28	-74500413
vectorGraphStoreCase	0	-31	-65536	-1024	4096	29	-74500204
vectorGraphStoreCase	0	-31	-65536	-1024	4096	30	-74500253
vectorGraphStoreCase	0	-31	-65536	-1024	4096	31	-74500301
vectorGraphStoreCase	0	-31	-65536	-1024	4096	32	-74500406
vectorGraphStoreCase	0	-31	-65536	-1024	4096	33	-74500199
vectorGraphStoreCase	0	-31	-65536	-1024	4096	34	-74500250
vectorGraphStoreCase	0	-31	-65536	-1024	4096	35	-74500300
vectorGraphStoreCase	0	-31	-65536	-1024	4096	36	-74500399
vectorGraphStoreCase	0	-31	-65536	-1024	4096	37	-74500194
vectorGraphStoreCase	0	-31	-65536	-1024	4096	38	-74500247
vectorGraphStoreCase	0	-31	-65536	-1024	4096	39	-74500299
vectorGraphStoreCase	0	-31	-65536	-1024	4096	40	-74500392
vectorGraphStoreCase	0	-31	-65536	-1024	4096	41	-74500445
vectorGraphStoreCase	0	-31	-65536	-1024	4096	42	-74500243
vectorGraphStoreCase	0	-31	-65536	-1024	4096	43	-74500298
vectorGraphStoreCase	0	-31	-65536	-1024	4096	44	-74500385
vectorGraphStoreCase	0	-31	-65536	-1024	4096	45	-74500440
vectorGraphStoreCase	0	-31	-65536	-1024	4096	46	-74500240
vectorGraphStoreCase	0	-31	-65536	-1024	4096	47	-74500297
vectorGraphStoreCase	0	-31	-65536	-1024	4096	48	-74500378
vectorGraphStoreCase	0	-31	-65536	-1024	4096	49	-74500435
vectorGraphStoreCase	0	-31	-65536	-1024	4096	50	-74500237
vectorGraphStoreCase	0	-31	-65536	-1024	4096	51	-74500296
vectorGraphStoreCase	0	-31	-65536	-1024	4096	52	-74500371
vectorGraphStoreCase	0	-31	-65536	-1024	4096	53	-74500430
vectorGraphStoreCase	0	-31	-65536	-1024	4096	54	-74500234
vectorGraphStoreCase	0	-31	-65536	-1024	4096	55	-74500295
vectorGraphStoreCase	0	-31	-65536	-1024	4096	56	-74500364
vectorGraphStoreCase	0	-31	-65536	-1024	4096	57	-74500425
vectorGraphStoreCase	0	-31	-65536	-1024	4096	58	-74500231
vectorGraphStoreCase	0	-31	-65536	-1024	4096	59	-74500294
vectorGraphStoreCase	0	-31	-65536	-1024	4096	60	-74500357
vectorGraphStoreCase	0	-31	-65536	-1024	4096	61	-74500420
vectorGraphStoreCase	0	-31	-65536	-1024	4096	62	-74500228
vectorGraphStoreCase	0	-31	-65536	-1024	4096	63	-74500293
vectorGraphStoreCase	1	-31	-257	-1024	4096	0	9383309
vectorGraphStoreCase	1	-31	-257	-1024	4096	1	9383275
vectorGraphStoreCase	1	-31	-257	-1024	4096	2	9383241
vectorGraphStoreCase	1	-31	-257	-1024	4096	3	9383207
vectorGraphStoreCase	1	-31	-257	-1024	4096	4	9383316
vectorGraphStoreCase	1	-31	-257	-1024	4096	5	9383280
vectorGraphStoreCase	1	-31	-257	-1024	4096	6	9383244
vectorGraphStoreCase	1	-31	-257	-1024	4096	7	9383208
vectorGraphStoreCase	1	-31	-257	-1024	4096	8	9383323
vectorGraphStoreCase	1	-31	-257	-1024	4096	9	9383285
vectorGraphStoreCase	1	-31	-257	-1024	4096	10	9383247
vectorGraphStoreCase	1	-31	-257	-1024	4096	11	9383209
vectorGraphStoreCase	1	-31	-257	-1024	4096	12	9383074
vectorGraphStoreCase	1	-31	-257	-1024	4096	13	9383291
vectorGraphStoreCase	1	-31	-257	-1024	4096	14	9383250
vectorGraphStoreCase	1	-31	-257	-1024	4096	15	9383210
vectorGraphStoreCase	1	-31	-257	-1024	4096	16	9383070
vectorGraphStoreCase	1	-31	-257	-1024	4096	17	9383070
vectorGraphStoreCase	1	-31	-257	-1024	4096	18	9383318
vectorGraphStoreCase	1	-31	-257	-1024	4096	19	9383263
vectorGraphStoreCase	1	-31	-257	-1024	4096	20	9383070
vectorGraphStoreCase	1	-31	-257	-1024	4096	21	9383198
vectorGraphStoreCase	1	-31	-257	-1024	4096	22	9383198
vectorGraphStoreCase	1	-31	-257	-1024	4096	23	9383265
vectorGraphStoreCase	1	-31	-257	-1024	4096	24	9383070
vectorGraphStoreCase	1	-31	-257	-1024	4096	25	9383070
vectorGraphStoreCase	1	-31	-257	-1024	4096	26	9383198
vectorGraphStoreCase	1	-31	-257	-1024	4096	27	9383266
vectorGraphStoreCase	1	-31	-257	-1024	4096	28	9383070
vectorGraphStoreCase	1	-31	-257	-1024	4096	29	9383070
vectorGraphStoreCase	1	-31	-257	-1024	4096	30	9383198
vectorGraphStoreCase	1	-31	-257	-1024	4096	31	9383139
vectorGraphStoreCase	1	-31	-257	-1024	4096	32	9383109
vectorGraphStoreCase	1	-31	-257	-1024	4096	33	9383316
vectorGraphStoreCase	1	-31	-257	-1024	4096	34	9383265
vectorGraphStoreCase	1	-31	-257	-1024	4096	35	9383215
vectorGraphStoreCase	1	-31	-257	-1024	4096	36	9383116
vectorGraphStoreCase	1	-31	-257	-1024	4096	37	9383321
vectorGraphStoreCase	1	-31	-257	-1024	4096	38	9383268
vectorGraphStoreCase	1	-31	-257	-1024	4096	39	9383216
vectorGraphStoreCase	1	-31	-257	-1024	4096	40	9383123
vectorGraphStoreCase	1	-31	-257	-1024	4096	41	9383070
vectorGraphStoreCase	1	-31	-257	-1024	4096	42	9383272
vectorGraphStoreCase	1	-31	-257	-1024	4096	43	9383217
vectorGraphStoreCase	1	-31	-257	-1024	4096	44	9383130
vectorGraphStoreCase	1	-31	-257	-1024	4096	45	9383075
vectorGraphStoreCase	1	-31	-257	-1024	4096	46	9383275
vectorGraphStoreCase	1	-31	-257	-1024	4096	47	9383218
vectorGraphStoreCase	1	-31	-257	-1024	4096	48	9383137
vectorGraphStoreCase	1	-31	-257	-1024	4096	49	9383080
vectorGraphStoreCase	1	-31	-257	-1024	4096	50	9383278
vectorGraphStoreCase	1	-31	-257	-1024	4096	51	9383219
vectorGraphStoreCase	1	-31	-257	-1024	4096	52	9383144
vectorGraphStoreCase	1	-31	-257	-1024	4096	53	9383085
vectorGraphStoreCase	1	-31	-257	-1024	4096	54	9383281
vectorGraphStoreCase	1	-31	-257	-1024	4096	55	9383220
vectorGraphStoreCase	1	-31	-257	-1024	4096	56	9383151
vectorGraphStoreCase	1	-31	-257	-1024	4096	57	9383090
vectorGraphStoreCase	1	-31	-257	-1024	4096	58	9383284
vectorGraphStoreCase	1	-31	-257	-1024	4096	59	9383221
vectorGraphStoreCase	1	-31	-257	-1024	4096	60	9383158
vectorGraphStoreCase	1	-31	-257	-1024	4096	61	9383095
vectorGraphStoreCase	1	-31	-257	-1024	4096	62	9383287
vectorGraphStoreCase	1	-31	-257	-1024	4096	63	9383222
vectorGraphStoreCase	2	-31	-1	-1024	4096	0	9712269
vectorGraphStoreCase	2	-31	-1	-1024	4096	1	9712235
vectorGraphStoreCase	2	-31	-1	-1024	4096	2	9712201
vectorGraphStoreCase	2	-31	-1	-1024	4096	3	9712167
vectorGraphStoreCase	2	-31	-1	-1024	4096	4	9712276
vectorGraphStoreCase	2	-31	-1	-1024	4096	5	9712240
vectorGraphStoreCase	2	-31	-1	-1024	4096	6	9712204
vectorGraphStoreCase	2	-31	-1	-1024	4096	7	9712168
vectorGraphStoreCase	2	-31	-1	-1024	4096	8	9712283
vectorGraphStoreCase	2	-31	-1	-1024	4096	9	9712245
vectorGraphStoreCase	2	-31	-1	-1024	4096	10	9712207
vectorGraphStoreCase	2	-31	-1	-1024	4096	11	9712169
vectorGraphStoreCase	2	-31	-1	-1024	4096	12	9712034
vectorGraphStoreCase	2	-31	-1	-1024	4096	13	9712251
vectorGraphStoreCase	2	-31	-1	-1024	4096	14	9712210
vectorGraphStoreCase	2	-31	-1	-1024	4096	15	9712170
vectorGraphStoreCase	2	-31	-1	-1024	4096	16	9712041
vectorGraphStoreCase	2	-31	-1	-1024	4096	17	9712256
vectorGraphStoreCase	2	-31	-1	-1024	4096	18	9712213
vectorGraphStoreCase	2	-31	-1	-1024	4096	19	9712171
vectorGraphStoreCase	2	-31	-1	-1024	4096	20	9712048
vectorGraphStoreCase	2	-31	-1	-1024	4096	21	9712261
vectorGraphStoreCase	2	-31	-1	-1024	4096	22	9712216
vectorGraphStoreCase	2	-31	-1	-1024	4096	23	9712172
vectorGraphStoreCase	2	-31	-1	-1024	4096	24	9712055
vectorGraphStoreCase	2	-31	-1	-1024	4096	25	9712266
vectorGraphStoreCase	2	-31	-1	-1024	4096	26	9712219
vectorGraphStoreCase	2	-31	-1	-1024	4096	27	9712173
vectorGraphStoreCase	2	-31	-1	-1024	4096	28	9712062
vectorGraphStoreCase	2	-31	-1	-1024	4096	29	9712271
vectorGraphStoreCase	2	-31	-1	-1024	4096	30	9712222
vectorGraphStoreCase	2	-31	-1	-1024	4096	31	9712174
vectorGraphStoreCase	2	-31	-1	-1024	4096	32	9712030
vectorGraphStoreCase	2	-31	-1	-1024	4096	33	9712030
vectorGraphStoreCase	2	-31	-1	-1024	4096	34	9712278
vectorGraphStoreCase	2	-31	-1	-1024	4096	35	9712223
vectorGraphStoreCase	2	-31	-1	-1024	4096	36	9712030
vectorGraphStoreCase	2	-31	-1	-1024	4096	37	9712030
vectorGraphStoreCase	2	-31	-1	-1024	4096	38	9712158
vectorGraphStoreCase	2	-31	-1	-1024	4096	39	9712221
vectorGraphStoreCase	2	-31	-1	-1024	4096	40	9712030
vectorGraphStoreCase	2	-31	-1	-1024	4096	41	9712030
vectorGraphStoreCase	2	-31	-1	-1024	4096	42	9712158
vectorGraphStoreCase	2	-31	-1	-1024	4096	43	9712226
vectorGraphStoreCase	2	-31	-1	-1024	4096	44	9712030
vectorGraphStoreCase	2	-31	-1	-1024	4096	45	9712030
vectorGraphStoreCase	2	-31	-1	-1024	4096	46	9712158
vectorGraphStoreCase	2	-31	-1	-1024	4096	47	9712099
vectorGraphStoreCase	2	-31	-1	-1024	4096	48	9712097
vectorGraphStoreCase	2	-31	-1	-1024	4096	49	9712040
vectorGraphStoreCase	2	-31	-1	-1024	4096	50	9712238
vectorGraphStoreCase	2	-31	-1	-1024	4096	51	9712179
vectorGraphStoreCase	2	-31	-1	-1024	4096	52	9712104
vectorGraphStoreCase	2	-31	-1	-1024	4096	53	9712045
vectorGraphStoreCase	2	-31	-1	-1024	4096	54	9712241
vectorGraphStoreCase	2	-31	-1	-1024	4096	55	9712180
vectorGraphStoreCase	2	-31	-1	-1024	4096	56	9712111
vectorGraphStoreCase	2	-31	-1	-1024	4096	57	9712050
vectorGraphStoreCase	2	-31	-1	-1024	4096	58	9712244
vectorGraphStoreCase	2	-31	-1	-1024	4096	59	9712181
vectorGraphStoreCase	2	-31	-1	-1024	4096	60	9712118
vectorGraphStoreCase	2	-31	-1	-1024	4096	61	9712055
vectorGraphStoreCase	2	-31	-1	-1024	4096	62	9712247
vectorGraphStoreCase	2	-31	-1	-1024	4096	63	9712182
vectorGraphStoreCase	3	-31	0	-1024	4096	0	9713554
vectorGraphStoreCase	3	-31	0	-1024	4096	1	9713520
vectorGraphStoreCase	3	-31	0	-1024	4096	2	9713486
vectorGraphStoreCase	3	-31	0	-1024	4096	3	9713452
vectorGraphStoreCase	3	-31	0	-1024	4096	4	9713561
vectorGraphStoreCase	3	-31	0	-1024	4096	5	9713525
vectorGraphStoreCase	3	-31	0	-1024	4096	6	9713489
vectorGraphStoreCase	3	-31	0	-1024	4096	7	9713453
vectorGraphStoreCase	3	-31	0	-1024	4096	8	9713568
vectorGraphStoreCase	3	-31	0	-1024	4096	9	9713530
vectorGraphStoreCase	3	-31	0	-1024	4096	10	9713492
vectorGraphStoreCase	3	-31	0	-1024	4096	11	9713454
vectorGraphStoreCase	3	-31	0	-1024	4096	12	9713319
vectorGraphStoreCase	3	-31	0	-1024	4096	13	9713536
vectorGraphStoreCase	3	-31	0	-1024	4096	14	9713495
vectorGraphStoreCase	3	-31	0	-1024	4096	15	9713455
vectorGraphStoreCase	3	-31	0	-1024	4096	16	9713326
vectorGraphStoreCase	3	-31	0	-1024	4096	17	9713541
vectorGraphStoreCase	3	-31	0	-1024	4096	18	9713498
vectorGraphStoreCase	3	-31	0	-1024	4096	19	9713456
vectorGraphStoreCase	3	-31	0	-1024	4096	20	9713333
vectorGraphStoreCase	3	-31	0	-1024	4096	21	9713546
vectorGraphStoreCase	3	-31	0	-1024	4096	22	9713501
vectorGraphStoreCase	3	-31	0	-1024	4096	23	9713457
vectorGraphStoreCase	3	-31	0	-1024	4096	24	9713340
vectorGraphStoreCase	3	-31	0	-1024	4096	25	9713551
vectorGraphStoreCase	3	-31	0	-1024	4096	26	9713504
vectorGraphStoreCase	3	-31	0	-1024	4096	27	9713458
vectorGraphStoreCase	3	-31	0	-1024	4096	28	9713347
vectorGraphStoreCase	3	-31	0	-1024	4096	29	9713556
vectorGraphStoreCase	3	-31	0	-1024	4096	30	9713507
vectorGraphStoreCase	3	-31	0	-1024	4096	31	9713459
vectorGraphStoreCase	3	-31	0	-1024	4096	32	9713354
vectorGraphStoreCase	3	-31	0	-1024	4096	33	9713561
vectorGraphStoreCase	3	-31	0	-1024	4096	34	9713510
vectorGraphStoreCase	3	-31	0	-1024	4096	35	9713460
vectorGraphStoreCase	3	-31	0	-1024	4096	36	9713361
vectorGraphStoreCase	3	-31	0	-1024	4096	37	9713566
vectorGraphStoreCase	3	-31	0	-1024	4096	38	9713513
vectorGraphStoreCase	3	-31	0	-1024	4096	39	9713461
vectorGraphStoreCase	3	-31	0	-1024	4096	40	9713368
vectorGraphStoreCase	3	-31	0	-1024	4096	41	9713315
vectorGraphStoreCase	3	-31	0	-1024	4096	42	9713517
vectorGraphStoreCase	3	-31	0	-1024	4096	43	9713462
vectorGraphStoreCase	3	-31	0	-1024	4096	44	9713375
vectorGraphStoreCase	3	-31	0	-1024	4096	45	9713320
vectorGraphStoreCase	3	-31	0	-1024	4096	46	9713520
vectorGraphStoreCase	3	-31	0	-1024	4096	47	9713463
vectorGraphStoreCase	3	-31	0	-1024	4096	48	9713315
vectorGraphStoreCase	3	-31	0	-1024	4096	49	9713315
vectorGraphStoreCase	3	-31	0	-1024	4096	50	9713563
vectorGraphStoreCase	3	-31	0	-1024	4096	51	9713508
vectorGraphStoreCase	3	-31	0	-1024	4096	52	9713315
vectorGraphStoreCase	3	-31	0	-1024	4096	53	9713315
vectorGraphStoreCase	3	-31	0	-1024	4096	54	9713315
vectorGraphStoreCase	3	-31	0	-1024	4096	55	9713315
vectorGraphStoreCase	3	-31	0	-1024	4096	56	9713315
vectorGraphStoreCase	3	-31	0	-1024	4096	57	9713315
vectorGraphStoreCase	3	-31	0	-1024	4096	58	9713443
vectorGraphStoreCase	3	-31	0	-1024	4096	59	9713511
vectorGraphStoreCase	3	-31	0	-1024	4096	60	9713315
vectorGraphStoreCase	3	-31	0	-1024	4096	61	9713315
vectorGraphStoreCase	3	-31	0	-1024	4096	62	9713443
vectorGraphStoreCase	3	-31	0	-1024	4096	63	9713384
vectorGraphStoreCase	0	-31	1	-1024	4096	0	9714600
vectorGraphStoreCase	0	-31	1	-1024	4096	1	9714600
vectorGraphStoreCase	0	-31	1	-1024	4096	2	9714848
vectorGraphStoreCase	0	-31	1	-1024	4096	3	9714793
vectorGraphStoreCase	0	-31	1	-1024	4096	4	9714600
vectorGraphStoreCase	0	-31	1	-1024	4096	5	9714600
vectorGraphStoreCase	0	-31	1	-1024	4096	6	9714728
vectorGraphStoreCase	0	-31	1	-1024	4096	7	9714663
vectorGraphStoreCase	0	-31	1	-1024	4096	8	9714600
vectorGraphStoreCase	0	-31	1	-1024	4096	9	9714600
vectorGraphStoreCase	0	-31	1	-1024	4096	10	9714728
vectorGraphStoreCase	0	-31	1	-1024	4096	11	9714796
vectorGraphStoreCase	0	-31	1	-1024	4096	12	9714600
vectorGraphStoreCase	0	-31	1	-1024	4096	13	9714600
vectorGraphStoreCase	0	-31	1	-1024	4096	14	9714728
vectorGraphStoreCase	0	-31	1	-1024	4096	15	9714669
vectorGraphStoreCase	0	-31	1	-1024	4096	16	9714611
vectorGraphStoreCase	0	-31	1	-1024	4096	17	9714826
vectorGraphStoreCase	0	-31	1	-1024	4096	18	9714783
vectorGraphStoreCase	0	-31	1	-1024	4096	19	9714741
vectorGraphStoreCase	0	-31	1	-1024	4096	20	9714618
vectorGraphStoreCase	0	-31	1	-1024	4096	21	9714831
vectorGraphStoreCase	0	-31	1	-1024	4096	22	9714786
vectorGraphStoreCase	0	-31	1	-1024	4096	23	9714742
vectorGraphStoreCase	0	-31	1	-1024	4096	24	9714625
vectorGraphStoreCase	0	-31	1	-1024	4096	25	9714836
vectorGraphStoreCase	0	-31	1	-1024	4096	26	9714789
vectorGraphStoreCase	0	-31	1	-1024	4096	27	9714743
vectorGraphStoreCase	0	-31	1	-1024	4096	28	9714632
vectorGraphStoreCase	0	-31	1	-1024	4096	29	9714841
vectorGraphStoreCase	0	-31	1	-1024	4096	30	9714792
vectorGraphStoreCase	0	-31	1	-1024	4096	31	9714744
vectorGraphStoreCase	0	-31	1	-1024	4096	32	9714639
vectorGraphStoreCase	0	-31	1	-1024	4096	33	9714846
vectorGraphStoreCase	0	-31	1	-1024	4096	34	9714795
vectorGraphStoreCase	0	-31	1	-1024	4096	35	9714745
vectorGraphStoreCase	0	-31	1	-1024	4096	36	9714646
vectorGraphStoreCase	0	-31	1	-1024	4096	37	9714851
vectorGraphStoreCase	0	-31	1	-1024	4096	38	9714798
vectorGraphStoreCase	0	-31	1	-1024	4096	39	9714746
vectorGraphStoreCase	0	-31	1	-1024	4096	40	9714653
vectorGraphStoreCase	0	-31	1	-1024	4096	41	9714600
vectorGraphStoreCase	0	-31	1	-1024	4096	42	9714802
vectorGraphStoreCase	0	-31	1	-1024	4096	43	9714747
vectorGraphStoreCase	0	-31	1	-1024	4096	44	9714660
vectorGraphStoreCase	0	-31	1	-1024	4096	45	9714605
vectorGraphStoreCase	0	-31	1	-1024	4096	46	9714805
vectorGraphStoreCase	0	-31	1	-1024	4096	47	9714748
vectorGraphStoreCase	0	-31	1	-1024	4096	48	9714667
vectorGraphStoreCase	0	-31	1	-1024	4096	49	9714610
vectorGraphStoreCase	0	-31	1	-1024	4096	50	9714808
vectorGraphStoreCase	0	-31	1	-1024	4096	51	9714749
vectorGraphStoreCase	0	-31	1	-1024	4096	52	9714674
vectorGraphStoreCase	0	-31	1	-1024	4096	53	9714615
vectorGraphStoreCase	0	-31	1	-1024	4096	54	9714811
vectorGraphStoreCase	0	-31	1	-1024	4096	55	9714750
vectorGraphStoreCase	0	-31	1	-1024	4096	56	9714681
vectorGraphStoreCase	0	-31	1	-1024	4096	57	9714620
vectorGraphStoreCase	0	-31	1	-1024	4096	58	9714814
vectorGraphStoreCase	0	-31	1	-1024	4096	59	9714751
vectorGraphStoreCase	0	-31	1	-1024	4096	60	9714688
vectorGraphStoreCase	0	-31	1	-1024	4096	61	9714625
vectorGraphStoreCase	0	-31	1	-1024	4096	62	9714817
vectorGraphStoreCase	0	-31	1	-1024	4096	63	9714752
vectorGraphStoreCase	1	-31	255	-1024	4096	0	10041229
vectorGraphStoreCase	1	-31	255	-1024	4096	1	10041195
vectorGraphStoreCase	1	-31	255	-1024	4096	2	10041161
vectorGraphStoreCase	1	-31	255	-1024	4096	3	10041127
vectorGraphStoreCase	1	-31	255	-1024	4096	4	10041236
vectorGraphStoreCase	1	-31	255	-1024	4096	5	10041200
vectorGraphStoreCase	1	-31	255	-1024	4096	6	10041164
vectorGraphStoreCase	1	-31	255	-1024	4096	7	10041128
vectorGraphStoreCase	1	-31	255	-1024	4096	8	10041243
vectorGraphStoreCase	1	-31	255	-1024	4096	9	10041205
vectorGraphStoreCase	1	-31	255	-1024	4096	10	10041167
vectorGraphStoreCase	1	-31	255	-1024	4096	11	10041129
vectorGraphStoreCase	1	-31	255	-1024	4096	12	10040994
vectorGraphStoreCase	1	-31	255	-1024	4096	13	10041211
vectorGraphStoreCase	1	-31	255	-1024	4096	14	10041170
vectorGraphStoreCase	1	-31	255	-1024	4096	15	10041130
vectorGraphStoreCase	1	-31	255	-1024	4096	16	10040990
vectorGraphStoreCase	1	-31	255	-1024	4096	17	10040990
vectorGraphStoreCase	1	-31	255	-1024	4096	18	10041238
vectorGraphStoreCase	1	-31	255	-1024	4096	19	10041183
vectorGraphStoreCase	1	-31	255	-1024	4096	20	10040990
vectorGraphStoreCase	1	-31	255	-1024	4096	21	10040990
vectorGraphStoreCase	1	-31	255	-1024	4096	22	10041117
vectorGraphStoreCase	1	-31	255	-1024	4096	23	10041057
vectorGraphStoreCase	1	-31	255	-1024	4096	24	10040990
vectorGraphStoreCase	1	-31	255	-1024	4096	25	10040990
vectorGraphStoreCase	1	-31	255	-1024	4096	26	10041118
vectorGraphStoreCase	1	-31	255	-1024	4096	27	10041186
vectorGraphStoreCase	1	-31	255	-1024	4096	28	10040990
vectorGraphStoreCase	1	-31	255	-1024	4096	29	10040990
vectorGraphStoreCase	1	-31	255	-1024	4096	30	10041118
vectorGraphStoreCase	1	-31	255	-1024	4096	31	10041059
vectorGraphStoreCase	1	-31	255	-1024	4096	32	10041029
vectorGraphStoreCase	1	-31	255	-1024	4096	33	10041236
vectorGraphStoreCase	1	-31	255	-1024	4096	34	10041185
vectorGraphStoreCase	1	-31	255	-1024	4096	35	10041135
vectorGraphStoreCase	1	-31	255	-1024	4096	36	10041036
vectorGraphStoreCase	1	-31	255	-1024	4096	37	10041241
vectorGraphStoreCase	1	-31	255	-1024	4096	38	10041188
vectorGraphStoreCase	1	-31	255	-1024	4096	39	10041136
vectorGraphStoreCase	1	-31	255	-1024	4096	40	10041043
vectorGraphStoreCase	1	-31	255	-1024	4096	41	10040990
vectorGraphStoreCase	1	-31	255	-1024	4096	42	10041192
vectorGraphStoreCase	1	-31	255	-1024	4096	43	10041137
vectorGraphStoreCase	1	-31	255	-1024	4096	44	10041050
vectorGraphStoreCase	1	-31	255	-1024	4096	45	10040995
vectorGraphStoreCase	1	-31	255	-1024	4096	46	10041195
vectorGraphStoreCase	1	-31	255	-1024	4096	47	10041138
vectorGraphStoreCase	1	-31	255	-1024	4096	48	10041057
vectorGraphStoreCase	1	-31	255	-1024	4096	49	10041000
vectorGraphStoreCase	1	-31	255	-1024	4096	50	10041198
vectorGraphStoreCase	1	-31	255	-1024	4096	51	10041139
vectorGraphStoreCase	1	-31	255	-1024	4096	52	10041064
vectorGraphStoreCase	1	-31	255	-1024	4096	53	10041005
vectorGraphStoreCase	1	-31	255	-1024	4096	54	10041201
vectorGraphStoreCase	1	-31	255	-1024	4096	55	10041140
vectorGraphStoreCase	1	-31	255	-1024	4096	56	10041071
vectorGraphStoreCase	1	-31	255	-1024	4096	57	10041010
vectorGraphStoreCase	1	-31	255	-1024	4096	58	10041204
vectorGraphStoreCase	1	-31	255	-1024	4096	59	10041141
vectorGraphStoreCase	1	-31	255	-1024	4096	60	10041078
vectorGraphStoreCase	1	-31	255	-1024	4096	61	10041015
vectorGraphStoreCase	1	-31	255	-1024	4096	62	10041207
vectorGraphStoreCase	1	-31	255	-1024	4096	63	10041142
vectorGraphStoreCase	2	-31	256	-1024	4096	0	10042514
vectorGraphStoreCase	2	-31	256	-1024	4096	1	10042480
vectorGraphStoreCase	2	-31	256	-1024	4096	2	10042446
vectorGraphStoreCase	2	-31	256	-1024	4096	3	10042412
vectorGraphStoreCase	2	-31	256	-1024	4096	4	10042521
vectorGraphStoreCase	2	-31	256	-1024	4096	5	10042485
vectorGraphStoreCase	2	-31	256	-1024	4096	6	10042449
vectorGraphStoreCase	2	-31	256	-1024	4096	7	10042413
vectorGraphStoreCase	2	-31	256	-1024	4096	8	10042528
vectorGraphStoreCase	2	-31	256	-1024	4096	9	10042490
vectorGraphStoreCase	2	-31	256	-1024	4096	10	10042452
vectorGraphStoreCase	2	-31	256	-1024	4096	11	10042414
vectorGraphStoreCase	2	-31	256	-1024	4096	12	10042279
vectorGraphStoreCase	2	-31	256	-1024	4096	13	10042496
vectorGraphStoreCase	2	-31	256	-1024	4096	14	10042455
vectorGraphStoreCase	2	-31	256	-1024	4096	15	10042415
vectorGraphStoreCase	2	-31	256	-1024	4096	16	10042286
vectorGraphStoreCase	2	-31	256	-1024	4096	17	10042501
vectorGraphStoreCase	2	-31	256	-1024	4096	18	10042458
vectorGraphStoreCase	2	-31	256	-1024	4096	19	10042416
vectorGraphStoreCase	2	-31	256	-1024	4096	20	10042293
vectorGraphStoreCase	2	-31	256	-1024	4096	21	10042506
vectorGraphStoreCase	2	-31	256	-1024	4096	22	10042461
vectorGraphStoreCase	2	-31	256	-1024	4096	23	10042417
vectorGraphStoreCase	2	-31	256	-1024	4096	24	10042300
vectorGraphStoreCase	2	-31	256	-1024	4096	25	10042511
vectorGraphStoreCase	2	-31	256	-1024	4096	26	10042464
vectorGraphStoreCase	2	-31	256	-1024	4096	27	10042418
vectorGraphStoreCase	2	-31	256	-1024	4096	28	10042307
vectorGraphStoreCase	2	-31	256	-1024	4096	29	10042516
vectorGraphStoreCase	2	-31	256	-1024	4096	30	10042467
vectorGraphStoreCase	2	-31	256	-1024	4096	31	10042419
vectorGraphStoreCase	2	-31	256	-1024	4096	32	10042275
vectorGraphStoreCase	2	-31	256	-1024	4096	33	10042275
vectorGraphStoreCase	2	-31	256	-1024	4096	34	10042523
vectorGraphStoreCase	2	-31	256	-1024	4096	35	10042468
vectorGraphStoreCase	2	-31	256	-1024	4096	36	10042275
vectorGraphStoreCase	2	-31	256	-1024	4096	37	10042275
vectorGraphStoreCase	2	-31	256	-1024	4096	38	10042403
vectorGraphStoreCase	2	-31	256	-1024	4096	39	10042342
vectorGraphStoreCase	2	-31	256	-1024	4096	40	10042275
vectorGraphStoreCase	2	-31	256	-1024	4096	41	10042275
vectorGraphStoreCase	2	-31	256	-1024	4096	42	10042403
vectorGraphStoreCase	2	-31	256	-1024	4096	43	10042471
vectorGraphStoreCase	2	-31	256	-1024	4096	44	10042275
vectorGraphStoreCase	2	-31	256	-1024	4096	45	10042275
vectorGraphStoreCase	2	-31	256	-1024	4096	46	10042403
vectorGraphStoreCase	2	-31	256	-1024	4096	47	10042344
vectorGraphStoreCase	2	-31	256	-1024	4096	48	10042342
vectorGraphStoreCase	2	-31	256	-1024	4096	49	10042285
vectorGraphStoreCase	2	-31	256	-1024	4096	50	10042483
vectorGraphStoreCase	2	-31	256	-1024	4096	51	10042424
vectorGraphStoreCase	2	-31	256	-1024	4096	52	10042349
vectorGraphStoreCase	2	-31	256	-1024	4096	53	10042290
vectorGraphStoreCase	2	-31	256	-1024	4096	54	10042486
vectorGraphStoreCase	2	-31	256	-1024	4096	55	10042425
vectorGraphStoreCase	2	-31	256	-1024	4096	56	10042356
vectorGraphStoreCase	2	-31	256	-1024	4096	57	10042295
vectorGraphStoreCase	2	-31	256	-1024	4096	58	10042489
vectorGraphStoreCase	2	-31	256	-1024	4096	59	10042426
vectorGraphStoreCase	2	-31	256	-1024	4096	60	10042363
vectorGraphStoreCase	2	-31	256	-1024	4096	61	10042300
vectorGraphStoreCase	2	-31	256	-1024	4096	62	10042492
vectorGraphStoreCase	2	-31	256	-1024	4096	63	10042427
vectorGraphStoreCase	3	-31	65535	-1024	4096	0	93926029
vectorGraphStoreCase	3	-31	65535	-1024	4096	1	93925995
vectorGraphStoreCase	3	-31	65535	-1024	4096	2	93925961
vectorGraphStoreCase	3	-31	65535	-1024	4096	3	93925927
vectorGraphStoreCase	3	-31	65535	-1024	4096	4	93926036
vectorGraphStoreCase	3	-31	65535	-1024	4096	5	93926000
vectorGraphStoreCase	3	-31	65535	-1024	4096	6	93925964
vectorGraphStoreCase	3	-31	65535	-1024	4096	7	93925928
vectorGraphStoreCase	3	-31	65535	-1024	4096	8	93926043
vectorGraphStoreCase	3	-31	65535	-1024	4096	9	93926005
vectorGraphStoreCase	3	-31	65535	-1024	4096	10	93925967
vectorGraphStoreCase	3	-31	65535	-1024	4096	11	93925929
vectorGraphStoreCase	3	-31	65535	-1024	4096	12	93925794
vectorGraphStoreCase	3	-31	65535	-1024	4096	13	93926011
vectorGraphStoreCase	3	-31	65535	-1024	4096	14	93925970
vectorGraphStoreCase	3	-31	65535	-1024	4096	15	93925930
vectorGraphStoreCase	3	-31	65535	-1024	4096	16	93925801
vectorGraphStoreCase	3	-31	65535	-1024	4096	17	93926016
vectorGraphStoreCase	3	-31	65535	-1024	4096	18	93925973
vectorGraphStoreCase	3	-31	65535	-1024	4096	19	93925931
vectorGraphStoreCase	3	-31	65535	-1024	4096	20	93925808
vectorGraphStoreCase	3	-31	65535	-1024	4096	21	93926021
vectorGraphStoreCase	3	-31	65535	-1024	4096	22	93925976
vectorGraphStoreCase	3	-31	65535	-1024	4096	23	93925932
vectorGraphStoreCase	3	-31	65535	-1024	4096	24	93925815
vectorGraphStoreCase	3	-31	65535	-1024	4096	25	93926026
vectorGraphStoreCase	3	-31	65535	-1024	4096	26	93925979
vectorGraphStoreCase	3	-31	65535	-1024	4096	27	93925933
vectorGraphStoreCase	3	-31	65535	-1024	4096	28	93925822
vectorGraphStoreCase	3	-31	65535	-1024	4096	29	93926031
vectorGraphStoreCase	3	-31	65535	-1024	4096	30	93925982
vectorGraphStoreCase	3	-31	65535	-1024	4096	31	93925934
vectorGraphStoreCase	3	-31	65535	-1024	4096	32	93925829
vectorGraphStoreCase	3	-31	65535	-1024	4096	33	93926036
vectorGraphStoreCase	3	-31	65535	-1024	4096	34	93925985
vectorGraphStoreCase	3	-31	65535	-1024	4096	35	93925935
vectorGraphStoreCase	3	-31	65535	-1024	4096	36	93925836
vectorGraphStoreCase	3	-31	65535	-1024	4096	37	93926041
vectorGraphStoreCase	3	-31	65535	-1024	4096	38	93925988
vectorGraphStoreCase	3	-31	65535	-1024	4096	39	93925936
vectorGraphStoreCase	3	-31	65535	-1024	4096	40	93925843
vectorGraphStoreCase	3	-31	65535	-1024	4096	41	93925790
vectorGraphStoreCase	3	-31	65535	-1024	4096	42	93925992
vectorGraphStoreCase	3	-31	65535	-1024	4096	43	93925937
vectorGraphStoreCase	3	-31	65535	-1024	4096	44	93925850
vectorGraphStoreCase	3	-31	65535	-1024	4096	45	93925795
vectorGraphStoreCase	3	-31	65535	-1024	4096	46	93925995
vectorGraphStoreCase	3	-31	65535	-1024	4096	47	93925938
vectorGraphStoreCase	3	-31	65535	-1024	4096	48	93925790
vectorGraphStoreCase	3	-31	65535	-1024	4096	49	93925790
vectorGraphStoreCase	3	-31	65535	-1024	4096	50	93926038
vectorGraphStoreCase	3	-31	65535	-1024	4096	51	93925983
vectorGraphStoreCase	3	-31	65535	-1024	4096	52	93925790
vectorGraphStoreCase	3	-31	65535	-1024	4096	53	93926045
vectorGraphStoreCase	3	-31	65535	-1024	4096	54	93925917
vectorGraphStoreCase	3	-31	65535	-1024	4096	55	93925861
vectorGraphStoreCase	3	-31	65535	-1024	4096	56	93925790
vectorGraphStoreCase	3	-31	65535	-1024	4096	57	93925790
vectorGraphStoreCase	3	-31	65535	-1024	4096	58	93925918
vectorGraphStoreCase	3	-31	65535	-1024	4096	59	93925986
vectorGraphStoreCase	3	-31	65535	-1024	4096	60	93925790
vectorGraphStoreCase	3	-31	65535	-1024	4096	61	93925790
vectorGraphStoreCase	3	-31	65535	-1024	4096	62	93925918
vectorGraphStoreCase	3	-31	65535	-1024	4096	63	93925859
vectorGraphStoreCase	0	-31	127	-65536	4096	0	-106180578
vectorGraphStoreCase	0	-31	127	-65536	4096	1	-106180578
vectorGraphStoreCase	0	-31	127	-65536	4096	2	-106180330
vectorGraphStoreCase	0	-31	127	-65536	4096	3	-106180385
vectorGraphStoreCase	0	-31	127	-65536	4096	4	-106180578
vectorGraphStoreCase	0	-31	127	-65536	4096	5	-106180578
vectorGraphStoreCase	0	-31	127	-65536	4096	6	-106180324
vectorGraphStoreCase	0	-31	127	-65536	4096	7	-106180512
vectorGraphStoreCase	0	-31	127	-65536	4096	8	-106180578
vectorGraphStoreCase	0	-31	127	-65536	4096	9	-106180578
vectorGraphStoreCase	0	-31	127	-65536	4096	10	-106180450
vectorGraphStoreCase	0	-31	127	-65536	4096	11	-106180379
vectorGraphStoreCase	0	-31	127	-65536	4096	12	-106180578
vectorGraphStoreCase	0	-31	127	-65536	4096	13	-106180578
vectorGraphStoreCase	0	-31	127	-65536	4096	14	-106180450
vectorGraphStoreCase	0	-31	127	-65536	4096	15	-106180509
vectorGraphStoreCase	0	-31	127	-65536	4096	16	-106180567
vectorGraphStoreCase	0	-31	127	-65536	4096	17	-106180352
vectorGraphStoreCase	0	-31	127	-65536	4096	18	-106180395
vectorGraphStoreCase	0	-31	127	-65536	4096	19	-106180437
vectorGraphStoreCase	0	-31	127	-65536	4096	20	-106180560
vectorGraphStoreCase	0	-31	127	-65536	4096	21	-106180347
vectorGraphStoreCase	0	-31	127	-65536	4096	22	-106180392
vectorGraphStoreCase	0	-31	127	-65536	4096	23	-106180436
vectorGraphStoreCase	0	-31	127	-65536	4096	24	-106180553
vectorGraphStoreCase	0	-31	127	-65536	4096	25	-106180342
vectorGraphStoreCase	0	-31	127	-65536	4096	26	-106180389
vectorGraphStoreCase	0	-31	127	-65536	4096	27	-106180435
vectorGraphStoreCase	0	-31	127	-65536	4096	28	-106180546
vectorGraphStoreCase	0	-31	127	-65536	4096	29	-106180337
vectorGraphStoreCase	0	-31	127	-65536	4096	30	-106180386
vectorGraphStoreCase	0	-31	127	-65536	4096	31	-106180434
vectorGraphStoreCase	0	-31	127	-65536	4096	32	-106180539
vectorGraphStoreCase	0	-31	127	-65536	4096	33	-106180332
vectorGraphStoreCase	0	-31	127	-65536	4096	34	-106180383
vectorGraphStoreCase	0	-31	127	-65536	4096	35	-106180433
vectorGraphStoreCase	0	-31	127	-65536	4096	36	-106180532
vectorGraphStoreCase	0	-31	127	-65536	4096	37	-106180327
vectorGraphStoreCase	0	-31	127	-65536	4096	38	-106180380
vectorGraphStoreCase	0	-31	127	-65536	4096	39	-106180432
vectorGraphStoreCase	0	-31	127	-65536	4096	40	-106180525
vectorGraphStoreCase	0	-31	127	-65536	4096	41	-106180578
vectorGraphStoreCase	0	-31	127	-65536	4096	42	-106180376
vectorGraphStoreCase	0	-31	127	-65536	4096	43	-106180431
vectorGraphStoreCase	0	-31	127	-65536	4096	44	-106180518
vectorGraphStoreCase	0	-31	127	-65536	4096	45	-106180573
vectorGraphStoreCase	0	-31	127	-65536	4096	46	-106180373
vectorGraphStoreCase	0	-31	127	-65536	4096	47	-106180430
vectorGraphStoreCase	0	-31	127	-65536	4096	48	-106180511
vectorGraphStoreCase	0	-31	127	-65536	4096	49	-106180568
vectorGraphStoreCase	0	-31	127	-65536	4096	50	-106180370
vectorGraphStoreCase	0	-31	127	-65536	4096	51	-106180429
vectorGraphStoreCase	0	-31	127	-65536	4096	52	-106180504
vectorGraphStoreCase	0	-31	127	-65536	4096	53	-106180563
vectorGraphStoreCase	0	-31	127	-65536	4096	54	-106180367
vectorGraphStoreCase	0	-31	127	-65536	4096	55	-106180428
vectorGraphStoreCase	0	-31	127	-65536	4096	56	-106180497
vectorGraphStoreCase	0	-31	127	-65536	4096	57	-106180558
vectorGraphStoreCase	0	-31	127	-65536	4096	58	-106180364
vectorGraphStoreCase	0	-31	127	-65536	4096	59	-106180427
vectorGraphStoreCase	0	-31	127	-65536	4096	60	-106180490
vectorGraphStoreCase	0	-31	127	-65536	4096	61	-106180553
vectorGraphStoreCase	0	-31	127	-65536	4096	62	-106180361
vectorGraphStoreCase	0	-31	127	-65536	4096	63	-106180426
vectorGraphStoreCase	1	-31	127	-257	4096	0	11256582
vectorGraphStoreCase	1	-31	127	-257	4096	1	11256548
vectorGraphStoreCase	1	-31	127	-257	4096	2	11256514
vectorGraphStoreCase	1	-31	127	-257	4096	3	11256480
vectorGraphStoreCase	1	-31	127	-257	4096	4	11256589
vectorGraphStoreCase	1	-31	127	-257	4096	5	11256553
vectorGraphStoreCase	1	-31	127	-257	4096	6	11256517
vectorGraphStoreCase	1	-31	127	-257	4096	7	11256481
vectorGraphStoreCase	1	-31	127	-257	4096	8	11256596
vectorGraphStoreCase	1	-31	127	-257	4096	9	11256558
vectorGraphStoreCase	1	-31	127	-257	4096	10	11256520
vectorGraphStoreCase	1	-31	127	-257	4096	11	11256482
vectorGraphStoreCase	1	-31	127	-257	4096	12	11256347
vectorGraphStoreCase	1	-31	127	-257	4096	13	11256564
vectorGraphStoreCase	1	-31	127	-257	4096	14	11256523
vectorGraphStoreCase	1	-31	127	-257	4096	15	11256483
vectorGraphStoreCase	1	-31	127	-257	4096	16	11256343
vectorGraphStoreCase	1	-31	127	-257	4096	17	11256343
vectorGraphStoreCase	1	-31	127	-257	4096	18	11256591
vectorGraphStoreCase	1	-31	127	-257	4096	19	11256536
vectorGraphStoreCase	1	-31	127	-257	4096	20	11256343
vectorGraphStoreCase	1	-31	127	-257	4096	21	11256343
vectorGraphStoreCase	1	-31	127	-257	4096	22	11256597
vectorGraphStoreCase	1	-31	127	-257	4096	23	11256409
vectorGraphStoreCase	1	-31	127	-257	4096	24	11256343
vectorGraphStoreCase	1	-31	127	-257	4096	25	11256471
vectorGraphStoreCase	1	-31	127	-257	4096	26	11256471
vectorGraphStoreCase	1	-31	127	-257	4096	27	11256538
vectorGraphStoreCase	1	-31	127	-257	4096	28	11256343
vectorGraphStoreCase	1	-31	127	-257	4096	29	11256343
vectorGraphStoreCase	1	-31	127	-257	4096	30	11256471
vectorGraphStoreCase	1	-31	127	-257	4096	31	11256412
vectorGraphStoreCase	1	-31	127	-257	4096	32	11256382
vectorGraphStoreCase	1	-31	127	-257	4096	33	11256589
vectorGraphStoreCase	1	-31	127	-257	4096	34	11256538
vectorGraphStoreCase	1	-31	127	-257	4096	35	11256488
vectorGraphStoreCase	1	-31	127	-257	4096	36	11256389
vectorGraphStoreCase	1	-31	127	-257	4096	37	11256594
vectorGraphStoreCase	1	-31	127	-257	4096	38	11256541
vectorGraphStoreCase	1	-31	127	-257	4096	39	11256489
vectorGraphStoreCase	1	-31	127	-257	4096	40	11256396
vectorGraphStoreCase	1	-31	127	-257	4096	41	11256343
vectorGraphStoreCase	1	-31	127	-257	4096	42	11256545
vectorGraphStoreCase	1	-31	127	-257	4096	43	11256490
vectorGraphStoreCase	1	-31	127	-257	4096	44	11256403
vectorGraphStoreCase	1	-31	127	-257	4096	45	11256348
vectorGraphStoreCase	1	-31	127	-257	4096	46	11256548
vectorGraphStoreCase	1	-31	127	-257	4096	47	11256491
vectorGraphStoreCase	1	-31	127	-257	4096	48	11256410
vectorGraphStoreCase	1	-31	127	-257	4096	49	11256353
vectorGraphStoreCase	1	-31	127	-257	4096	50	11256551
vectorGraphStoreCase	1	-31	127	-257	4096	51	11256492
vectorGraphStoreCase	1	-31	127	-257	4096	52	11256417
vectorGraphStoreCase	1	-31	127	-257	4096	53	11256358
vectorGraphStoreCase	1	-31	127	-257	4096	54	11256554
vectorGraphStoreCase	1	-31	127	-257	4096	55	11256493
vectorGraphStoreCase	1	-31	127	-257	4096	56	11256424
vectorGraphStoreCase	1	-31	127	-257	4096	57	11256363
vectorGraphStoreCase	1	-31	127	-257	4096	58	11256557
vectorGraphStoreCase	1	-31	127	-257	4096	59	11256494
vectorGraphStoreCase	1	-31	127	-257	4096	60	11256431
vectorGraphStoreCase	1	-31	127	-257	4096	61	11256368
vectorGraphStoreCase	1	-31	127	-257	4096	62	11256560
vectorGraphStoreCase	1	-31	127	-257	4096	63	11256495
vectorGraphStoreCase	2	-31	127	-1	4096	0	11717126
vectorGraphStoreCase	2	-31	127	-1	4096	1	11717092
vectorGraphStoreCase	2	-31	127	-1	4096	2	11717058
vectorGraphStoreCase	2	-31	127	-1	4096	3	11717024
vectorGraphStoreCase	2	-31	127	-1	4096	4	11717133
vectorGraphStoreCase	2	-31	127	-1	4096	5	11717097
vectorGraphStoreCase	2	-31	127	-1	4096	6	11717061
vectorGraphStoreCase	2	-31	127	-1	4096	7	11717025
vectorGraphStoreCase	2	-31	127	-1	4096	8	11717140
vectorGraphStoreCase	2	-31	127	-1	4096	9	11717102
vectorGraphStoreCase	2	-31	127	-1	4096	10	11717064
vectorGraphStoreCase	2	-31	127	-1	4096	11	11717026
vectorGraphStoreCase	2	-31	127	-1	4096	12	11716891
vectorGraphStoreCase	2	-31	127	-1	4096	13	11717108
vectorGraphStoreCase	2	-31	127	-1	4096	14	11717067
vectorGraphStoreCase	2	-31	127	-1	4096	15	11717027
vectorGraphStoreCase	2	-31	127	-1	4096	16	11716898
vectorGraphStoreCase	2	-31	127	-1	4096	17	11717113
vectorGraphStoreCase	2	-31	127	-1	4096	18	11717070
vectorGraphStoreCase	2	-31	127	-1	4096	19	11717028
vectorGraphStoreCase	2	-31	127	-1	4096	20	11716905
vectorGraphStoreCase	2	-31	127	-1	4096	21	11717118
vectorGraphStoreCase	2	-31	127	-1	4096	22	11717073
vectorGraphStoreCase	2	-31	127	-1	4096	23	11717029
vectorGraphStoreCase	2	-31	127	-1	4096	24	11716912
vectorGraphStoreCase	2	-31	127	-1	4096	25	11717123
vectorGraphStoreCase	2	-31	127	-1	4096	26	11717076
vectorGraphStoreCase	2	-31	127	-1	4096	27	11717030
vectorGraphStoreCase	2	-31	127	-1	4096	28	11716919
vectorGraphStoreCase	2	-31	127	-1	4096	29	11717128
vectorGraphStoreCase	2	-31	127	-1	4096	30	11717079
vectorGraphStoreCase	2	-31	127	-1	4096	31	11717031
vectorGraphStoreCase	2	-31	127	-1	4096	32	11716887
vectorGraphStoreCase	2	-31	127	-1	4096	33	11716887
vectorGraphStoreCase	2	-31	127	-1	4096	34	11717135
vectorGraphStoreCase	2	-31	127	-1	4096	35	11717080
vectorGraphStoreCase	2	-31	127	-1	4096	36	11716887
vectorGraphStoreCase	2	-31	127	-1	4096	37	11716887
vectorGraphStoreCase	2	-31	127	-1	4096	38	11717141
vectorGraphStoreCase	2	-31	127	-1	4096	39	11716953
vectorGraphStoreCase	2	-31	127	-1	4096	40	11716887
vectorGraphStoreCase	2	-31	127	-1	4096	41	11716887
vectorGraphStoreCase	2	-31	127	-1	4096	42	11717015
vectorGraphStoreCase	2	-31	127	-1	4096	43	11717078
vectorGraphStoreCase	2	-31	127	-1	4096	44	11716887
vectorGraphStoreCase	2	-31	127	-1	4096	45	11716887
vectorGraphStoreCase	2	-31	127	-1	4096	46	11717015
vectorGraphStoreCase	2	-31	127	-1	4096	47	11716956
vectorGraphStoreCase	2	-31	127	-1	4096	48	11716954
vectorGraphStoreCase	2	-31	127	-1	4096	49	11716897
vectorGraphStoreCase	2	-31	127	-1	4096	50	11717095
vectorGraphStoreCase	2	-31	127	-1	4096	51	11717036
vectorGraphStoreCase	2	-31	127	-1	4096	52	11716961
vectorGraphStoreCase	2	-31	127	-1	4096	53	11716902
vectorGraphStoreCase	2	-31	127	-1	4096	54	11717098
vectorGraphStoreCase	2	-31	127	-1	4096	55	11717037
vectorGraphStoreCase	2	-31	127	-1	4096	56	11716968
vectorGraphStoreCase	2	-31	127	-1	4096	57	11716907
vectorGraphStoreCase	2	-31	127	-1	4096	58	11717101
vectorGraphStoreCase	2	-31	127	-1	4096	59	11717038
vectorGraphStoreCase	2	-31	127	-1	4096	60	11716975
vectorGraphStoreCase	2	-31	127	-1	4096	61	11716912
vectorGraphStoreCase	2	-31	127	-1	4096	62	11717104
vectorGraphStoreCase	2	-31	127	-1	4096	63	11717039
vectorGraphStoreCase	3	-31	127	0	4096	0	11718925
vectorGraphStoreCase	3	-31	127	0	4096	1	11718891
vectorGraphStoreCase	3	-31	127	0	4096	2	11718857
vectorGraphStoreCase	3	-31	127	0	4096	3	11718823
vectorGraphStoreCase	3	-31	127	0	4096	4	11718932
vectorGraphStoreCase	3	-31	127	0	4096	5	11718896
vectorGraphStoreCase	3	-31	127	0	4096	6	11718860
vectorGraphStoreCase	3	-31	127	0	4096	7	11718824
vectorGraphStoreCase	3	-31	127	0	4096	8	11718939
vectorGraphStoreCase	3	-31	127	0	4096	9	11718901
vectorGraphStoreCase	3	-31	127	0	4096	10	11718863
vectorGraphStoreCase	3	-31	127	0	4096	11	11718825
vectorGraphStoreCase	3	-31	127	0	4096	12	11718690
vectorGraphStoreCase	3	-31	127	0	4096	13	11718907
vectorGraphStoreCase	3	-31	127	0	4096	14	11718866
vectorGraphStoreCase	3	-31	127	0	4096	15	11718826
vectorGraphStoreCase	3	-31	127	0	4096	16	11718697
vectorGraphStoreCase	3	-31	127	0	4096	17	11718912
vectorGraphStoreCase	3	-31	127	0	4096	18	11718869
vectorGraphStoreCase	3	-31	127	0	4096	19	11718827
vectorGraphStoreCase	3	-31	127	0	4096	20	11718704
vectorGraphStoreCase	3	-31	127	0	4096	21	11718917
vectorGraphStoreCase	3	-31	127	0	4096	22	11718872
vectorGraphStoreCase	3	-31	127	0	4096	23	11718828
vectorGraphStoreCase	3	-31	127	0	4096	24	11718711
vectorGraphStoreCase	3	-31	127	0	4096	25	11718922
vectorGraphStoreCase	3	-31	127	0	4096	26	11718875
vectorGraphStoreCase	3	-31	127	0	4096	27	11718829
vectorGraphStoreCase	3	-31	127	0	4096	28	11718718
vectorGraphStoreCase	3	-31	127	0	4096	29	11718927
vectorGraphStoreCase	3	-31	127	0	4096	30	11718878
vectorGraphStoreCase	3	-31	127	0	4096	31	11718830
vectorGraphStoreCase	3	-31	127	0	4096	32	11718725
vectorGraphStoreCase	3	-31	127	0	4096	33	11718932
vectorGraphStoreCase	3	-31	127	0	4096	34	11718881
vectorGraphStoreCase	3	-31	127	0	4096	35	11718831
vectorGraphStoreCase	3	-31	127	0	4096	36	11718732
vectorGraphStoreCase	3	-31	127	0	4096	37	11718937
vectorGraphStoreCase	3	-31	127	0	4096	38	11718884
vectorGraphStoreCase	3	-31	127	0	4096	39	11718832
vectorGraphStoreCase	3	-31	127	0	4096	40	11718739
vectorGraphStoreCase	3	-31	127	0	4096	41	11718686
vectorGraphStoreCase	3	-31	127	0	4096	42	11718888
vectorGraphStoreCase	3	-31	127	0	4096	43	11718833
vectorGraphStoreCase	3	-31	127	0	4096	44	11718746
vectorGraphStoreCase	3	-31	127	0	4096	45	11718691
vectorGraphStoreCase	3	-31	127	0	4096	46	11718891
vectorGraphStoreCase	3	-31	127	0	4096	47	11718834
vectorGraphStoreCase	3	-31	127	0	4096	48	11718686
vectorGraphStoreCase	3	-31	127	0	4096	49	11718686
vectorGraphStoreCase	3	-31	127	0	4096	50	11718934
vectorGraphStoreCase	3	-31	127	0	4096	51	11718879
vectorGraphStoreCase	3	-31	127	0	4096	52	11718686
vectorGraphStoreCase	3	-31	127	0	4096	53	11718686
vectorGraphStoreCase	3	-31	127	0	4096	54	11718940
vectorGraphStoreCase	3	-31	127	0	4096	55	11718752
vectorGraphStoreCase	3	-31	127	0	4096	56	11718686
vectorGraphStoreCase	3	-31	127	0	4096	57	11718686
vectorGraphStoreCase	3	-31	127	0	4096	58	11718686
vectorGraphStoreCase	3	-31	127	0	4096	59	11718686
vectorGraphStoreCase	3	-31	127	0	4096	60	11718686
vectorGraphStoreCase	3	-31	127	0	4096	61	11718686
vectorGraphStoreCase	3	-31	127	0	4096	62	11718814
vectorGraphStoreCase	3	-31	127	0	4096	63	11718755
vectorGraphStoreCase	0	-31	127	1	4096	0	11720485
vectorGraphStoreCase	0	-31	127	1	4096	1	11720485
vectorGraphStoreCase	0	-31	127	1	4096	2	11720733
vectorGraphStoreCase	0	-31	127	1	4096	3	11720678
vectorGraphStoreCase	0	-31	127	1	4096	4	11720485
vectorGraphStoreCase	0	-31	127	1	4096	5	11720485
vectorGraphStoreCase	0	-31	127	1	4096	6	11720739
vectorGraphStoreCase	0	-31	127	1	4096	7	11720551
vectorGraphStoreCase	0	-31	127	1	4096	8	11720485
vectorGraphStoreCase	0	-31	127	1	4096	9	11720485
vectorGraphStoreCase	0	-31	127	1	4096	10	11720613
vectorGraphStoreCase	0	-31	127	1	4096	11	11720548
vectorGraphStoreCase	0	-31	127	1	4096	12	11720485
vectorGraphStoreCase	0	-31	127	1	4096	13	11720485
vectorGraphStoreCase	0	-31	127	1	4096	14	11720613
vectorGraphStoreCase	0	-31	127	1	4096	15	11720554
vectorGraphStoreCase	0	-31	127	1	4096	16	11720496
vectorGraphStoreCase	0	-31	127	1	4096	17	11720711
vectorGraphStoreCase	0	-31	127	1	4096	18	11720668
vectorGraphStoreCase	0	-31	127	1	4096	19	11720626
vectorGraphStoreCase	0	-31	127	1	4096	20	11720503
vectorGraphStoreCase	0	-31	127	1	4096	21	11720716
vectorGraphStoreCase	0	-31	127	1	4096	22	11720671
vectorGraphStoreCase	0	-31	127	1	4096	23	11720627
vectorGraphStoreCase	0	-31	127	1	4096	24	11720510
vectorGraphStoreCase	0	-31	127	1	4096	25	11720721
vectorGraphStoreCase	0	-31	127	1	4096	26	11720674
vectorGraphStoreCase	0	-31	127	1	4096	27	11720628
vectorGraphStoreCase	0	-31	127	1	4096	28	11720517
vectorGraphStoreCase	0	-31	127	1	4096	29	11720726
vectorGraphStoreCase	0	-31	127	1	4096	30	11720677
vectorGraphStoreCase	0	-31	127	1	4096	31	11720629
vectorGraphStoreCase	0	-31	127	1	4096	32	11720524
vectorGraphStoreCase	0	-31	127	1	4096	33	11720731
vectorGraphStoreCase	0	-31	127	1	4096	34	11720680
vectorGraphStoreCase	0	-31	127	1	4096	35	11720630
vectorGraphStoreCase	0	-31	127	1	4096	36	11720531
vectorGraphStoreCase	0	-31	127	1	4096	37	11720736
vectorGraphStoreCase	0	-31	127	1	4096	38	11720683
vectorGraphStoreCase	0	-31	127	1	4096	39	11720631
vectorGraphStoreCase	0	-31	127	1	4096	40	11720538
vectorGraphStoreCase	0	-31	127	1	4096	41	11720485
vectorGraphStoreCase	0	-31	127	1	4096	42	11720687
vectorGraphStoreCase	0	-31	127	1	4096	43	11720632
vectorGraphStoreCase	0	-31	127	1	4096	44	11720545
vectorGraphStoreCase	0	-31	127	1	4096	45	11720490
vectorGraphStoreCase	0	-31	127	1	4096	46	11720690
vectorGraphStoreCase	0	-31	127	1	4096	47	11720633
vectorGraphStoreCase	0	-31	127	1	4096	48	11720552
vectorGraphStoreCase	0	-31	127	1	4096	49	11720495
vectorGraphStoreCase	0	-31	127	1	4096	50	11720693
vectorGraphStoreCase	0	-31	127	1	4096	51	11720634
vectorGraphStoreCase	0	-31	127	1	4096	52	11720559
vectorGraphStoreCase	0	-31	127	1	4096	53	11720500
vectorGraphStoreCase	0	-31	127	1	4096	54	11720696
vectorGraphStoreCase	0	-31	127	1	4096	55	11720635
vectorGraphStoreCase	0	-31	127	1	4096	56	11720566
vectorGraphStoreCase	0	-31	127	1	4096	57	11720505
vectorGraphStoreCase	0	-31	127	1	4096	58	11720699
vectorGraphStoreCase	0	-31	127	1	4096	59	11720636
vectorGraphStoreCase	0	-31	127	1	4096	60	11720573
vectorGraphStoreCase	0	-31	127	1	4096	61	11720510
vectorGraphStoreCase	0	-31	127	1	4096	62	11720702
vectorGraphStoreCase	0	-31	127	1	4096	63	11720637
vectorGraphStoreCase	1	-31	127	255	4096	0	12177670
vectorGraphStoreCase	1	-31	127	255	4096	1	12177636
vectorGraphStoreCase	1	-31	127	255	4096	2	12177602
vectorGraphStoreCase	1	-31	127	255	4096	3	12177568
vectorGraphStoreCase	1	-31	127	255	4096	4	12177677
vectorGraphStoreCase	1	-31	127	255	4096	5	12177641
vectorGraphStoreCase	1	-31	127	255	4096	6	12177605
vectorGraphStoreCase	1	-31	127	255	4096	7	12177569
vectorGraphStoreCase	1	-31	127	255	4096	8	12177684
vectorGraphStoreCase	1	-31	127	255	4096	9	12177646
vectorGraphStoreCase	1	-31	127	255	4096	10	12177608
vectorGraphStoreCase	1	-31	127	255	4096	11	12177570
vectorGraphStoreCase	1	-31	127	255	4096	12	12177435
vectorGraphStoreCase	1	-31	127	255	4096	13	12177652
vectorGraphStoreCase	1	-31	127	255	4096	14	12177611
vectorGraphStoreCase	1	-31	127	255	4096	15	12177571
vectorGraphStoreCase	1	-31	127	255	4096	16	12177431
vectorGraphStoreCase	1	-31	127	255	4096	17	12177431
vectorGraphStoreCase	1	-31	127	255	4096	18	12177679
vectorGraphStoreCase	1	-31	127	255	4096	19	12177624
vectorGraphStoreCase	1	-31	127	255	4096	20	12177431
vectorGraphStoreCase	1	-31	127	255	4096	21	12177431
vectorGraphStoreCase	1	-31	127	255	4096	22	12177685
vectorGraphStoreCase	1	-31	127	255	4096	23	12177497
vectorGraphStoreCase	1	-31	127	255	4096	24	12177431
vectorGraphStoreCase	1	-31	127	255	4096	25	12177431
vectorGraphStoreCase	1	-31	127	255	4096	26	12177558
vectorGraphStoreCase	1	-31	127	255	4096	27	12177498
vectorGraphStoreCase	1	-31	127	255	4096	28	12177431
vectorGraphStoreCase	1	-31	127	255	4096	29	12177431
vectorGraphStoreCase	1	-31	127	255	4096	30	12177559
vectorGraphStoreCase	1	-31	127	255	4096	31	12177500
vectorGraphStoreCase	1	-31	127	255	4096	32	12177470
vectorGraphStoreCase	1	-31	127	255	4096	33	12177677
vectorGraphStoreCase	1	-31	127	255	4096	34	12177626
vectorGraphStoreCase	1	-31	127	255	4096	35	12177576
vectorGraphStoreCase	1	-31	127	255	4096	36	12177477
vectorGraphStoreCase	1	-31	127	255	4096	37	12177682
vectorGraphStoreCase	1	-31	127	255	4096	38	12177629
vectorGraphStoreCase	1	-31	127	255	4096	39	12177577
vectorGraphStoreCase	1	-31	127	255	4096	40	12177484
vectorGraphStoreCase	1	-31	127	255	4096	41	12177431
vectorGraphStoreCase	1	-31	127	255	4096	42	12177633
vectorGraphStoreCase	1	-31	127	255	4096	43	12177578
vectorGraphStoreCase	1	-31	127	255	4096	44	12177491
vectorGraphStoreCase	1	-31	127	255	4096	45	12177436
vectorGraphStoreCase	1	-31	127	255	4096	46	12177636
vectorGraphStoreCase	1	-31	127	255	4096	47	12177579
vectorGraphStoreCase	1	-31	127	255	4096	48	12177498
vectorGraphStoreCase	1	-31	127	255	4096	49	12177441
vectorGraphStoreCase	1	-31	127	255	4096	50	12177639
vectorGraphStoreCase	1	-31	127	255	4096	51	12177580
vectorGraphStoreCase	1	-31	127	255	4096	52	12177505
vectorGraphStoreCase	1	-31	127	255	4096	53	12177446
vectorGraphStoreCase	1	-31	127	255	4096	54	12177642
vectorGraphStoreCase	1	-31	127	255	4096	55	12177581
vectorGraphStoreCase	1	-31	127	255	4096	56	12177512
vectorGraphStoreCase	1	-31	127	255	4096	57	12177451
vectorGraphStoreCase	1	-31	127	255	4096	58	12177645
vectorGraphStoreCase	1	-31	127	255	4096	59	12177582
vectorGraphStoreCase	1	-31	127	255	4096	60	12177519
vectorGraphStoreCase	1	-31	127	255	4096	61	12177456
vectorGraphStoreCase	1	-31	127	255	4096	62	12177648
vectorGraphStoreCase	1	-31	127	255	4096	63	12177583
vectorGraphStoreCase	2	-31	127	256	4096	0	12179469
vectorGraphStoreCase	2	-31	127	256	4096	1	12179435
vectorGraphStoreCase	2	-31	127	256	4096	2	12179401
vectorGraphStoreCase	2	-31	127	256	4096	3	12179367
vectorGraphStoreCase	2	-31	127	256	4096	4	12179476
vectorGraphStoreCase	2	-31	127	256	4096	5	12179440
vectorGraphStoreCase	2	-31	127	256	4096	6	12179404
vectorGraphStoreCase	2	-31	127	256	4096	7	12179368
vectorGraphStoreCase	2	-31	127	256	4096	8	12179483
vectorGraphStoreCase	2	-31	127	256	4096	9	12179445
vectorGraphStoreCase	2	-31	127	256	4096	10	12179407
vectorGraphStoreCase	2	-31	127	256	4096	11	12179369
vectorGraphStoreCase	2	-31	127	256	4096	12	12179234
vectorGraphStoreCase	2	-31	127	256	4096	13	12179451
vectorGraphStoreCase	2	-31	127	256	4096	14	12179410
vectorGraphStoreCase	2	-31	127	256	4096	15	12179370
vectorGraphStoreCase	2	-31	127	256	4096	16	12179241
vectorGraphStoreCase	2	-31	127	256	4096	17	12179456
vectorGraphStoreCase	2	-31	127	256	4096	18	12179413
vectorGraphStoreCase	2	-31	127	256	4096	19	12179371
vectorGraphStoreCase	2	-31	127	256	4096	20	12179248
vectorGraphStoreCase	2	-31	127	256	4096	21	12179461
vectorGraphStoreCase	2	-31	127	256	4096	22	12179416
vectorGraphStoreCase	2	-31	127	256	4096	23	12179372
vectorGraphStoreCase	2	-31	127	256	4096	24	12179255
vectorGraphStoreCase	2	-31	127	256	4096	25	12179466
vectorGraphStoreCase	2	-31	127	256	4096	26	12179419
vectorGraphStoreCase	2	-31	127	256	4096	27	12179373
vectorGraphStoreCase	2	-31	127	256	4096	28	12179262
vectorGraphStoreCase	2	-31	127	256	4096	29	12179471
vectorGraphStoreCase	2	-31	127	256	4096	30	12179422
vectorGraphStoreCase	2	-31	127	256	4096	31	12179374
vectorGraphStoreCase	2	-31	127	256	4096	32	12179230
vectorGraphStoreCase	2	-31	127	256	4096	33	12179230
vectorGraphStoreCase	2	-31	127	256	4096	34	12179478
vectorGraphStoreCase	2	-31	127	256	4096	35	12179423
vectorGraphStoreCase	2	-31	127	256	4096	36	12179230
vectorGraphStoreCase	2	-31	127	256	4096	37	12179230
vectorGraphStoreCase	2	-31	127	256	4096	38	12179484
vectorGraphStoreCase	2	-31	127	256	4096	39	12179296
vectorGraphStoreCase	2	-31	127	256	4096	40	12179230
vectorGraphStoreCase	2	-31	127	256	4096	41	12179230
vectorGraphStoreCase	2	-31	127	256	4096	42	12179358
vectorGraphStoreCase	2	-31	127	256	4096	43	12179297
vectorGraphStoreCase	2	-31	127	256	4096	44	12179230
vectorGraphStoreCase	2	-31	127	256	4096	45	12179230
vectorGraphStoreCase	2	-31	127	256	4096	46	12179358
vectorGraphStoreCase	2	-31	127	256	4096	47	12179299
vectorGraphStoreCase	2	-31	127	256	4096	48	12179297
vectorGraphStoreCase	2	-31	127	256	4096	49	12179240
vectorGraphStoreCase	2	-31	127	256	4096	50	12179438
vectorGraphStoreCase	2	-31	127	256	4096	51	12179379
vectorGraphStoreCase	2	-31	127	256	4096	52	12179304
vectorGraphStoreCase	2	-31	127	256	4096	53	12179245
vectorGraphStoreCase	2	-31	127	256	4096	54	12179441
vectorGraphStoreCase	2	-31	127	256	4096	55	12179380
vectorGraphStoreCase	2	-31	127	256	4096	56	12179311
vectorGraphStoreCase	2	-31	127	256	4096	57	12179250
vectorGraphStoreCase	2	-31	127	256	4096	58	12179444
vectorGraphStoreCase	2	-31	127	256	4096	59	12179381
vectorGraphStoreCase	2	-31	127	256	4096	60	12179318
vectorGraphStoreCase	2	-31	127	256	4096	61	12179255
vectorGraphStoreCase	2	-31	127	256	4096	62	12179447
vectorGraphStoreCase	2	-31	127	256	4096	63	12179382
vectorGraphStoreCase	3	-31	127	65535	4096	0	129616390
vectorGraphStoreCase	3	-31	127	65535	4096	1	129616356
vectorGraphStoreCase	3	-31	127	65535	4096	2	129616322
vectorGraphStoreCase	3	-31	127	65535	4096	3	129616288
vectorGraphStoreCase	3	-31	127	65535	4096	4	129616397
vectorGraphStoreCase	3	-31	127	65535	4096	5	129616361
vectorGraphStoreCase	3	-31	127	65535	4096	6	129616325
vectorGraphStoreCase	3	-31	127	65535	4096	7	129616289
vectorGraphStoreCase	3	-31	127	65535	4096	8	129616404
vectorGraphStoreCase	3	-31	127	65535	4096	9	129616366
vectorGraphStoreCase	3	-31	127	65535	4096	10	129616328
vectorGraphStoreCase	3	-31	127	65535	4096	11	129616290
vectorGraphStoreCase	3	-31	127	65535	4096	12	129616155
vectorGraphStoreCase	3	-31	127	65535	4096	13	129616372
vectorGraphStoreCase	3	-31	127	65535	4096	14	129616331
vectorGraphStoreCase	3	-31	127	65535	4096	15	129616291
vectorGraphStoreCase	3	-31	127	65535	4096	16	129616162
vectorGraphStoreCase	3	-31	127	65535	4096	17	129616377
vectorGraphStoreCase	3	-31	127	65535	4096	18	129616334
vectorGraphStoreCase	3	-31	127	65535	4096	19	129616292
vectorGraphStoreCase	3	-31	127	65535	4096	20	129616169
vectorGraphStoreCase	3	-31	127	65535	4096	21	129616382
vectorGraphStoreCase	3	-31	127	65535	4096	22	129616337
vectorGraphStoreCase	3	-31	127	65535	4096	23	129616293
vectorGraphStoreCase	3	-31	127	65535	4096	24	129616176
vectorGraphStoreCase	3	-31	127	65535	4096	25	129616387
vectorGraphStoreCase	3	-31	127	65535	4096	26	129616340
vectorGraphStoreCase	3	-31	127	65535	4096	27	129616294
vectorGraphStoreCase	3	-31	127	65535	4096	28	129616183
vectorGraphStoreCase	3	-31	127	65535	4096	29	129616392
vectorGraphStoreCase	3	-31	127	65535	4096	30	129616343
vectorGraphStoreCase	3	-31	127	65535	4096	31	129616295
vectorGraphStoreCase	3	-31	127	65535	4096	32	129616190
vectorGraphStoreCase	3	-31	127	65535	4096	33	129616397
vectorGraphStoreCase	3	-31	127	65535	4096	34	129616346
vectorGraphStoreCase	3	-31	127	65535	4096	35	129616296
vectorGraphStoreCase	3	-31	127	65535	4096	36	129616197
vectorGraphStoreCase	3	-31	127	65535	4096	37	129616402
vectorGraphStoreCase	3	-31	127	65535	4096	38	129616349
vectorGraphStoreCase	3	-31	127	65535	4096	39	129616297
vectorGraphStoreCase	3	-31	127	65535	4096	40	129616204
vectorGraphStoreCase	3	-31	127	65535	4096	41	129616151
vectorGraphStoreCase	3	-31	127	65535	4096	42	129616353
vectorGraphStoreCase	3	-31	127	65535	4096	43	129616298
vectorGraphStoreCase	3	-31	127	65535	4096	44	129616211
vectorGraphStoreCase	3	-31	127	65535	4096	45	129616156
vectorGraphStoreCase	3	-31	127	65535	4096	46	129616356
vectorGraphStoreCase	3	-31	127	65535	4096	47	129616299
vectorGraphStoreCase	3	-31	127	65535	4096	48	129616151
vectorGraphStoreCase	3	-31	127	65535	4096	49	129616151
vectorGraphStoreCase	3	-31	127	65535	4096	50	129616399
vectorGraphStoreCase	3	-31	127	65535	4096	51	129616344
vectorGraphStoreCase	3	-31	127	65535	4096	52	129616151
vectorGraphStoreCase	3	-31	127	65535	4096	53	129616151
vectorGraphStoreCase	3	-31	127	65535	4096	54	129616405
vectorGraphStoreCase	3	-31	127	65535	4096	55	129616217
vectorGraphStoreCase	3	-31	127	65535	4096	56	129616151
vectorGraphStoreCase	3	-31	127	65535	4096	57	129616406
vectorGraphStoreCase	3	-31	127	65535	4096	58	129616278
vectorGraphStoreCase	3	-31	127	65535	4096	59	129616222
vectorGraphStoreCase	3	-31	127	65535	4096	60	129616151
vectorGraphStoreCase	3	-31	127	65535	4096	61	129616151
vectorGraphStoreCase	3	-31	127	65535	4096	62	129616279
vectorGraphStoreCase	3	-31	127	65535	4096	63	129616220
vectorGraphStoreCase	0	-31	127	-1024	-65536	0	-186973154
vectorGraphStoreCase	0	-31	127	-1024	-65536	1	-186973154
vectorGraphStoreCase	0	-31	127	-1024	-65536	2	-186972906
vectorGraphStoreCase	0	-31	127	-1024	-65536	3	-186972961
vectorGraphStoreCase	0	-31	127	-1024	-65536	4	-186973154
vectorGraphStoreCase	0	-31	127	-1024	-65536	5	-186973154
vectorGraphStoreCase	0	-31	127	-1024	-65536	6	-186972900
vectorGraphStoreCase	0	-31	127	-1024	-65536	7	-186973088
vectorGraphStoreCase	0	-31	127	-1024	-65536	8	-186973154
vectorGraphStoreCase	0	-31	127	-1024	-65536	9	-186973154
vectorGraphStoreCase	0	-31	127	-1024	-65536	10	-186973026
vectorGraphStoreCase	0	-31	127	-1024	-65536	11	-186972958
vectorGraphStoreCase	0	-31	127	-1024	-65536	12	-186973154
vectorGraphStoreCase	0	-31	127	-1024	-65536	13	-186973154
vectorGraphStoreCase	0	-31	127	-1024	-65536	14	-186973026
vectorGraphStoreCase	0	-31	127	-1024	-65536	15	-186972955
vectorGraphStoreCase	0	-31	127	-1024	-65536	16	-186973143
vectorGraphStoreCase	0	-31	127	-1024	-65536	17	-186972928
vectorGraphStoreCase	0	-31	127	-1024	-65536	18	-186972971
vectorGraphStoreCase	0	-31	127	-1024	-65536	19	-186973013
vectorGraphStoreCase	0	-31	127	-1024	-65536	20	-186973136
vectorGraphStoreCase	0	-31	127	-1024	-65536	21	-186972923
vectorGraphStoreCase	0	-31	127	-1024	-65536	22	-186972968
vectorGraphStoreCase	0	-31	127	-1024	-65536	23	-186973012
vectorGraphStoreCase	0	-31	127	-1024	-65536	24	-186973129
vectorGraphStoreCase	0	-31	127	-1024	-65536	25	-186972918
vectorGraphStoreCase	0	-31	127	-1024	-65536	26	-186972965
vectorGraphStoreCase	0	-31	127	-1024	-65536	27	-186973011
vectorGraphStoreCase	0	-31	127	-1024	-65536	28	-186973122
vectorGraphStoreCase	0	-31	127	-1024	-65536	29	-186972913
vectorGraphStoreCase	0	-31	127	-1024	-65536	30	-186972962
vectorGraphStoreCase	0	-31	127	-1024	-65536	31	-186973010
vectorGraphStoreCase	0	-31	127	-1024	-65536	32	-186973115
vectorGraphStoreCase	0	-31	127	-1024	-65536	33	-186972908
vectorGraphStoreCase	0	-31	127	-1024	-65536	34	-186972959
vectorGraphStoreCase	0	-31	127	-1024	-65536	35	-186973009
vectorGraphStoreCase	0	-31	127	-1024	-65536	36	-186973108
vectorGraphStoreCase	0	-31	127	-1024	-65536	37	-186972903
vectorGraphStoreCase	0	-31	127	-1024	-65536	38	-186972956
vectorGraphStoreCase	0	-31	127	-1024	-65536	39	-186973008
vectorGraphStoreCase	0	-31	127	-1024	-65536	40	-186973101
vectorGraphStoreCase	0	-31	127	-1024	-65536	41	-186973154
vectorGraphStoreCase	0	-31	127	-1024	-65536	42	-186972952
vectorGraphStoreCase	0	-31	127	-1024	-65536	43	-186973007
vectorGraphStoreCase	0	-31	127	-1024	-65536	44	-186973094
vectorGraphStoreCase	0	-31	127	-1024	-65536	45	-186973149
vectorGraphStoreCase	0	-31	127	-1024	-65536	46	-186972949
vectorGraphStoreCase	0	-31	127	-1024	-65536	47	-186973006
vectorGraphStoreCase	0	-31	127	-1024	-65536	48	-186973087
vectorGraphStoreCase	0	-31	127	-1024	-65536	49	-186973144
vectorGraphStoreCase	0	-31	127	-1024	-65536	50	-186972946
vectorGraphStoreCase	0	-31	127	-1024	-65536	51	-186973005
vectorGraphStoreCase	0	-31	127	-1024	-65536	52	-186973080
vectorGraphStoreCase	0	-31	127	-1024	-65536	53	-186973139
vectorGraphStoreCase	0	-31	127	-1024	-65536	54	-186972943
vectorGraphStoreCase	0	-31	127	-1024	-65536	55	-186973004
vectorGraphStoreCase	0	-31	127	-1024	-65536	56	-186973073
vectorGraphStoreCase	0	-31	127	-1024	-65536	57	-186973134
vectorGraphStoreCase	0	-31	127	-1024	-65536	58	-186972940
vectorGraphStoreCase	0	-31	127	-1024	-65536	59	-186973003
vectorGraphStoreCase	0	-31	127	-1024	-65536	60	-186973066
vectorGraphStoreCase	0	-31	127	-1024	-65536	61	-186973129
vectorGraphStoreCase	0	-31	127	-1024	-65536	62	-186972937
vectorGraphStoreCase	0	-31	127	-1024	-65536	63	-186973002
vectorGraphStoreCase	1	-31	127	-1024	-257	0	-2429182
vectorGraphStoreCase	1	-31	127	-1024	-257	1	-2429216
vectorGraphStoreCase	1	-31	127	-1024	-257	2	-2429250
vectorGraphStoreCase	1	-31	127	-1024	-257	3	-2429284
vectorGraphStoreCase	1	-31	127	-1024	-257	4	-2429175
vectorGraphStoreCase	1	-31	127	-1024	-257	5	-2429211
vectorGraphStoreCase	1	-31	127	-1024	-257	6	-2429247
vectorGraphStoreCase	1	-31	127	-1024	-257	7	-2429283
vectorGraphStoreCase	1	-31	127	-1024	-257	8	-2429168
vectorGraphStoreCase	1	-31	127	-1024	-257	9	-2429206
vectorGraphStoreCase	1	-31	127	-1024	-257	10	-2429244
vectorGraphStoreCase	1	-31	127	-1024	-257	11	-2429282
vectorGraphStoreCase	1	-31	127	-1024	-257	12	-2429417
vectorGraphStoreCase	1	-31	127	-1024	-257	13	-2429200
vectorGraphStoreCase	1	-31	127	-1024	-257	14	-2429241
vectorGraphStoreCase	1	-31	127	-1024	-257	15	-2429281
vectorGraphStoreCase	1	-31	127	-1024	-257	16	-2429421
vectorGraphStoreCase	1	-31	127	-1024	-257	17	-2429421
vectorGraphStoreCase	1	-31	127	-1024	-257	18	-2429173
vectorGraphStoreCase	1	-31	127	-1024	-257	19	-2429228
vectorGraphStoreCase	1	-31	127	-1024	-257	20	-2429421
vectorGraphStoreCase	1	-31	127	-1024	-257	21	-2429421
vectorGraphStoreCase	1	-31	127	-1024	-257	22	-2429167
vectorGraphStoreCase	1	-31	127	-1024	-257	23	-2429355
vectorGraphStoreCase	1	-31	127	-1024	-257	24	-2429421
vectorGraphStoreCase	1	-31	127	-1024	-257	25	-2429421
vectorGraphStoreCase	1	-31	127	-1024	-257	26	-2429293
vectorGraphStoreCase	1	-31	127	-1024	-257	27	-2429225
vectorGraphStoreCase	1	-31	127	-1024	-257	28	-2429421
vectorGraphStoreCase	1	-31	127	-1024	-257	29	-2429293
vectorGraphStoreCase	1	-31	127	-1024	-257	30	-2429293
vectorGraphStoreCase	1	-31	127	-1024	-257	31	-2429226
vectorGraphStoreCase	1	-31	127	-1024	-257	32	-2429382
vectorGraphStoreCase	1	-31	127	-1024	-257	33	-2429175
vectorGraphStoreCase	1	-31	127	-1024	-257	34	-2429226
vectorGraphStoreCase	1	-31	127	-1024	-257	35	-2429276
vectorGraphStoreCase	1	-31	127	-1024	-257	36	-2429375
vectorGraphStoreCase	1	-31	127	-1024	-257	37	-2429170
vectorGraphStoreCase	1	-31	127	-1024	-257	38	-2429223
vectorGraphStoreCase	1	-31	127	-1024	-257	39	-2429275
vectorGraphStoreCase	1	-31	127	-1024	-257	40	-2429368
vectorGraphStoreCase	1	-31	127	-1024	-257	41	-2429421
vectorGraphStoreCase	1	-31	127	-1024	-257	42	-2429219
vectorGraphStoreCase	1	-31	127	-1024	-257	43	-2429274
vectorGraphStoreCase	1	-31	127	-1024	-257	44	-2429361
vectorGraphStoreCase	1	-31	127	-1024	-257	45	-2429416
vectorGraphStoreCase	1	-31	127	-1024	-257	46	-2429216
vectorGraphStoreCase	1	-31	127	-1024	-257	47	-2429273
vectorGraphStoreCase	1	-31	127	-1024	-257	48	-2429354
vectorGraphStoreCase	1	-31	127	-1024	-257	49	-2429411
vectorGraphStoreCase	1	-31	127	-1024	-257	50	-2429213
vectorGraphStoreCase	1	-31	127	-1024	-257	51	-2429272
vectorGraphStoreCase	1	-31	127	-1024	-257	52	-2429347
vectorGraphStoreCase	1	-31	127	-1024	-257	53	-2429406
vectorGraphStoreCase	1	-31	127	-1024	-257	54	-2429210
vectorGraphStoreCase	1	-31	127	-1024	-257	55	-2429271
vectorGraphStoreCase	1	-31	127	-1024	-257	56	-2429340
vectorGraphStoreCase	1	-31	127	-1024	-257	57	-2429401
vectorGraphStoreCase	1	-31	127	-1024	-257	58	-2429207
vectorGraphStoreCase	1	-31	127	-1024	-257	59	-2429270
vectorGraphStoreCase	1	-31	127	-1024	-257	60	-2429333
vectorGraphStoreCase	1	-31	127	-1024	-257	61	-2429396
vectorGraphStoreCase	1	-31	127	-1024	-257	62	-2429204
vectorGraphStoreCase	1	-31	127	-1024	-257	63	-2429269
vectorGraphStoreCase	2	-31	127	-1024	-1	0	-1705470
vectorGraphStoreCase	2	-31	127	-1024	-1	1	-1705504
vectorGraphStoreCase	2	-31	127	-1024	-1	2	-1705538
vectorGraphStoreCase	2	-31	127	-1024	-1	3	-1705572
vectorGraphStoreCase	2	-31	127	-1024	-1	4	-1705463
vectorGraphStoreCase	2	-31	127	-1024	-1	5	-1705499
vectorGraphStoreCase	2	-31	127	-1024	-1	6	-1705535
vectorGraphStoreCase	2	-31	127	-1024	-1	7	-1705571
vectorGraphStoreCase	2	-31	127	-1024	-1	8	-1705456
vectorGraphStoreCase	2	-31	127	-1024	-1	9	-1705494
vectorGraphStoreCase	2	-31	127	-1024	-1	10	-1705532
vectorGraphStoreCase	2	-31	127	-1024	-1	11	-1705570
vectorGraphStoreCase	2	-31	127	-1024	-1	12	-1705705
vectorGraphStoreCase	2	-31	127	-1024	-1	13	-1705488
vectorGraphStoreCase	2	-31	127	-1024	-1	14	-1705529
vectorGraphStoreCase	2	-31	127	-1024	-1	15	-1705569
vectorGraphStoreCase	2	-31	127	-1024	-1	16	-1705698
vectorGraphStoreCase	2	-31	127	-1024	-1	17	-1705483
vectorGraphStoreCase	2	-31	127	-1024	-1	18	-1705526
vectorGraphStoreCase	2	-31	127	-1024	-1	19	-1705568
vectorGraphStoreCase	2	-31	127	-1024	-1	20	-1705691
vectorGraphStoreCase	2	-31	127	-1024	-1	21	-1705478
vectorGraphStoreCase	2	-31	127	-1024	-1	22	-1705523
vectorGraphStoreCase	2	-31	127	-1024	-1	23	-1705567
vectorGraphStoreCase	2	-31	127	-1024	-1	24	-1705684
vectorGraphStoreCase	2	-31	127	-1024	-1	25	-1705473
vectorGraphStoreCase	2	-31	127	-1024	-1	26	-1705520
vectorGraphStoreCase	2	-31	127	-1024	-1	27	-1705566
vectorGraphStoreCase	2	-31	127	-1024	-1	28	-1705677
vectorGraphStoreCase	2	-31	127	-1024	-1	29	-1705468
vectorGraphStoreCase	2	-31	127	-1024	-1	30	-1705517
vectorGraphStoreCase	2	-31	127	-1024	-1	31	-1705565
vectorGraphStoreCase	2	-31	127	-1024	-1	32	-1705709
vectorGraphStoreCase	2	-31	127	-1024	-1	33	-1705709
vectorGraphStoreCase	2	-31	127	-1024	-1	34	-1705461
vectorGraphStoreCase	2	-31	127	-1024	-1	35	-1705516
vectorGraphStoreCase	2	-31	127	-1024	-1	36	-1705709
vectorGraphStoreCase	2	-31	127	-1024	-1	37	-1705709
vectorGraphStoreCase	2	-31	127	-1024	-1	38	-1705455
vectorGraphStoreCase	2	-31	127	-1024	-1	39	-1705643
vectorGraphStoreCase	2	-31	127	-1024	-1	40	-1705709
vectorGraphStoreCase	2	-31	127	-1024	-1	41	-1705709
vectorGraphStoreCase	2	-31	127	-1024	-1	42	-1705581
vectorGraphStoreCase	2	-31	127	-1024	-1	43	-1705513
vectorGraphStoreCase	2	-31	127	-1024	-1	44	-1705709
vectorGraphStoreCase	2	-31	127	-1024	-1	45	-1705709
vectorGraphStoreCase	2	-31	127	-1024	-1	46	-1705581
vectorGraphStoreCase	2	-31	127	-1024	-1	47	-1705518
vectorGraphStoreCase	2	-31	127	-1024	-1	48	-1705642
vectorGraphStoreCase	2	-31	127	-1024	-1	49	-1705699
vectorGraphStoreCase	2	-31	127	-1024	-1	50	-1705501
vectorGraphStoreCase	2	-31	127	-1024	-1	51	-1705560
vectorGraphStoreCase	2	-31	127	-1024	-1	52	-1705635
vectorGraphStoreCase	2	-31	127	-1024	-1	53	-1705694
vectorGraphStoreCase	2	-31	127	-1024	-1	54	-1705498
vectorGraphStoreCase	2	-31	127	-1024	-1	55	-1705559
vectorGraphStoreCase	2	-31	127	-1024	-1	56	-1705628
vectorGraphStoreCase	2	-31	127	-1024	-1	57	-1705689
vectorGraphStoreCase	2	-31	127	-1024	-1	58	-1705495
vectorGraphStoreCase	2	-31	127	-1024	-1	59	-1705558
vectorGraphStoreCase	2	-31	127	-1024	-1	60	-1705621
vectorGraphStoreCase	2	-31	127	-1024	-1	61	-1705684
vectorGraphStoreCase	2	-31	127	-1024	-1	62	-1705492
vectorGraphStoreCase	2	-31	127	-1024	-1	63	-1705557
vectorGraphStoreCase	3	-31	127	-1024	0	0	-1702643
vectorGraphStoreCase	3	-31	127	-1024	0	1	-1702677
vectorGraphStoreCase	3	-31	127	-1024	0	2	-1702711
vectorGraphStoreCase	3	-31	127	-1024	0	3	-1702745
vectorGraphStoreCase	3	-31	127	-1024	0	4	-1702636
vectorGraphStoreCase	3	-31	127	-1024	0	5	-1702672
vectorGraphStoreCase	3	-31	127	-1024	0	6	-1702708
vectorGraphStoreCase	3	-31	127	-1024	0	7	-1702744
vectorGraphStoreCase	3	-31	127	-1024	0	8	-1702629
vectorGraphStoreCase	3	-31	127	-1024	0	9	-1702667
vectorGraphStoreCase	3	-31	127	-1024	0	10	-1702705
vectorGraphStoreCase	3	-31	127	-1024	0	11	-1702743
vectorGraphStoreCase	3	-31	127	-1024	0	12	-1702878
vectorGraphStoreCase	3	-31	127	-1024	0	13	-1702661
vectorGraphStoreCase	3	-31	127	-1024	0	14	-1702702
vectorGraphStoreCase	3	-31	127	-1024	0	15	-1702742
vectorGraphStoreCase	3	-31	127	-1024	0	16	-1702871
vectorGraphStoreCase	3	-31	127	-1024	0	17	-1702656
vectorGraphStoreCase	3	-31	127	-1024	0	18	-1702699
vectorGraphStoreCase	3	-31	127	-1024	0	19	-1702741
vectorGraphStoreCase	3	-31	127	-1024	0	20	-1702864
vectorGraphStoreCase	3	-31	127	-1024	0	21	-1702651
vectorGraphStoreCase	3	-31	127	-1024	0	22	-1702696
vectorGraphStoreCase	3	-31	127	-1024	0	23	-1702740
vectorGraphStoreCase	3	-31	127	-1024	0	24	-1702857
vectorGraphStoreCase	3	-31	127	-1024	0	25	-1702646
vectorGraphStoreCase	3	-31	127	-1024	0	26	-1702693
vectorGraphStoreCase	3	-31	127	-1024	0	27	-1702739
vectorGraphStoreCase	3	-31	127	-1024	0	28	-1702850
vectorGraphStoreCase	3	-31	127	-1024	0	29	-1702641
vectorGraphStoreCase	3	-31	127	-1024	0	30	-1702690
vectorGraphStoreCase	3	-31	127	-1024	0	31	-1702738
vectorGraphStoreCase	3	-31	127	-1024	0	32	-1702843
vectorGraphStoreCase	3	-31	127	-1024	0	33	-1702636
vectorGraphStoreCase	3	-31	127	-1024	0	34	-1702687
vectorGraphStoreCase	3	-31	127	-1024	0	35	-1702737
vectorGraphStoreCase	3	-31	127	-1024	0	36	-1702836
vectorGraphStoreCase	3	-31	127	-1024	0	37	-1702631
vectorGraphStoreCase	3	-31	127	-1024	0	38	-1702684
vectorGraphStoreCase	3	-31	127	-1024	0	39	-1702736
vectorGraphStoreCase	3	-31	127	-1024	0	40	-1702829
vectorGraphStoreCase	3	-31	127	-1024	0	41	-1702882
vectorGraphStoreCase	3	-31	127	-1024	0	42	-1702680
vectorGraphStoreCase	3	-31	127	-1024	0	43	-1702735
vectorGraphStoreCase	3	-31	127	-1024	0	44	-1702822
vectorGraphStoreCase	3	-31	127	-1024	0	45	-1702877
vectorGraphStoreCase	3	-31	127	-1024	0	46	-1702677
vectorGraphStoreCase	3	-31	127	-1024	0	47	-1702734
vectorGraphStoreCase	3	-31	127	-1024	0	48	-1702882
vectorGraphStoreCase	3	-31	127	-1024	0	49	-1702882
vectorGraphStoreCase	3	-31	127	-1024	0	50	-1702634
vectorGraphStoreCase	3	-31	127	-1024	0	51	-1702689
vectorGraphStoreCase	3	-31	127	-1024	0	52	-1702882
vectorGraphStoreCase	3	-31	127	-1024	0	53	-1702882
vectorGraphStoreCase	3	-31	127	-1024	0	54	-1702628
vectorGraphStoreCase	3	-31	127	-1024	0	55	-1702816
vectorGraphStoreCase	3	-31	127	-1024	0	56	-1702882
vectorGraphStoreCase	3	-31	127	-1024	0	57	-1702882
vectorGraphStoreCase	3	-31	127	-1024	0	58	-1702754
vectorGraphStoreCase	3	-31	127	-1024	0	59	-1702686
vectorGraphStoreCase	3	-31	127	-1024	0	60	-1702882
vectorGraphStoreCase	3	-31	127	-1024	0	61	-1702882
vectorGraphStoreCase	3	-31	127	-1024	0	62	-1702882
vectorGraphStoreCase	3	-31	127	-1024	0	63	-1702882
vectorGraphStoreCase	0	-31	127	-1024	1	0	-1700055
vectorGraphStoreCase	0	-31	127	-1024	1	1	-1700055
vectorGraphStoreCase	0	-31	127	-1024	1	2	-1699807
vectorGraphStoreCase	0	-31	127	-1024	1	3	-1699862
vectorGraphStoreCase	0	-31	127	-1024	1	4	-1700055
vectorGraphStoreCase	0	-31	127	-1024	1	5	-1700055
vectorGraphStoreCase	0	-31	127	-1024	1	6	-1699801
vectorGraphStoreCase	0	-31	127	-1024	1	7	-1699989
vectorGraphStoreCase	0	-31	127	-1024	1	8	-1700055
vectorGraphStoreCase	0	-31	127	-1024	1	9	-1700055
vectorGraphStoreCase	0	-31	127	-1024	1	10	-1699927
vectorGraphStoreCase	0	-31	127	-1024	1	11	-1699859
vectorGraphStoreCase	0	-31	127	-1024	1	12	-1700055
vectorGraphStoreCase	0	-31	127	-1024	1	13	-1700055
vectorGraphStoreCase	0	-31	127	-1024	1	14	-1699927
vectorGraphStoreCase	0	-31	127	-1024	1	15	-1699992
vectorGraphStoreCase	0	-31	127	-1024	1	16	-1700044
vectorGraphStoreCase	0	-31	127	-1024	1	17	-1699829
vectorGraphStoreCase	0	-31	127	-1024	1	18	-1699872
vectorGraphStoreCase	0	-31	127	-1024	1	19	-1699914
vectorGraphStoreCase	0	-31	127	-1024	1	20	-1700037
vectorGraphStoreCase	0	-31	127	-1024	1	21	-1699824
vectorGraphStoreCase	0	-31	127	-1024	1	22	-1699869
vectorGraphStoreCase	0	-31	127	-1024	1	23	-1699913
vectorGraphStoreCase	0	-31	127	-1024	1	24	-1700030
vectorGraphStoreCase	0	-31	127	-1024	1	25	-1699819
vectorGraphStoreCase	0	-31	127	-1024	1	26	-1699866
vectorGraphStoreCase	0	-31	127	-1024	1	27	-1699912
vectorGraphStoreCase	0	-31	127	-1024	1	28	-1700023
vectorGraphStoreCase	0	-31	127	-1024	1	29	-1699814
vectorGraphStoreCase	0	-31	127	-1024	1	30	-1699863
vectorGraphStoreCase	0	-31	127	-1024	1	31	-1699911
vectorGraphStoreCase	0	-31	127	-1024	1	32	-1700016
vectorGraphStoreCase	0	-31	127	-1024	1	33	-1699809
vectorGraphStoreCase	0	-31	127	-1024	1	34	-1699860
vectorGraphStoreCase	0	-31	127	-1024	1	35	-1699910
vectorGraphStoreCase	0	-31	127	-1024	1	36	-1700009
vectorGraphStoreCase	0	-31	127	-1024	1	37	-1699804
vectorGraphStoreCase	0	-31	127	-1024	1	38	-1699857
vectorGraphStoreCase	0	-31	127	-1024	1	39	-1699909
vectorGraphStoreCase	0	-31	127	-1024	1	40	-1700002
vectorGraphStoreCase	0	-31	127	-1024	1	41	-1700055
vectorGraphStoreCase	0	-31	127	-1024	1	42	-1699853
vectorGraphStoreCase	0	-31	127	-1024	1	43	-1699908
vectorGraphStoreCase	0	-31	127	-1024	1	44	-1699995
vectorGraphStoreCase	0	-31	127	-1024	1	45	-1700050
vectorGraphStoreCase	0	-31	127	-1024	1	46	-1699850
vectorGraphStoreCase	0	-31	127	-1024	1	47	-1699907
vectorGraphStoreCase	0	-31	127	-1024	1	48	-1699988
vectorGraphStoreCase	0	-31	127	-1024	1	49	-1700045
vectorGraphStoreCase	0	-31	127	-1024	1	50	-1699847
vectorGraphStoreCase	0	-31	127	-1024	1	51	-1699906
vectorGraphStoreCase	0	-31	127	-1024	1	52	-1699981
vectorGraphStoreCase	0	-31	127	-1024	1	53	-1700040
vectorGraphStoreCase	0	-31	127	-1024	1	54	-1699844
vectorGraphStoreCase	0	-31	127	-1024	1	55	-1699905
vectorGraphStoreCase	0	-31	127	-1024	1	56	-1699974
vectorGraphStoreCase	0	-31	127	-1024	1	57	-1700035
vectorGraphStoreCase	0	-31	127	-1024	1	58	-1699841
vectorGraphStoreCase	0	-31	127	-1024	1	59	-1699904
vectorGraphStoreCase	0	-31	127	-1024	1	60	-1699967
vectorGraphStoreCase	0	-31	127	-1024	1	61	-1700030
vectorGraphStoreCase	0	-31	127	-1024	1	62	-1699838
vectorGraphStoreCase	0	-31	127	-1024	1	63	-1699903
vectorGraphStoreCase	1	-31	127	-1024	255	0	-981758
vectorGraphStoreCase	1	-31	127	-1024	255	1	-981792
vectorGraphStoreCase	1	-31	127	-1024	255	2	-981826
vectorGraphStoreCase	1	-31	127	-1024	255	3	-981860
vectorGraphStoreCase	1	-31	127	-1024	255	4	-981751
vectorGraphStoreCase	1	-31	127	-1024	255	5	-981787
vectorGraphStoreCase	1	-31	127	-1024	255	6	-981823
vectorGraphStoreCase	1	-31	127	-1024	255	7	-981859
vectorGraphStoreCase	1	-31	127	-1024	255	8	-981744
vectorGraphStoreCase	1	-31	127	-1024	255	9	-981782
vectorGraphStoreCase	1	-31	127	-1024	255	10	-981820
vectorGraphStoreCase	1	-31	127	-1024	255	11	-981858
vectorGraphStoreCase	1	-31	127	-1024	255	12	-981993
vectorGraphStoreCase	1	-31	127	-1024	255	13	-981776
vectorGraphStoreCase	1	-31	127	-1024	255	14	-981817
vectorGraphStoreCase	1	-31	127	-1024	255	15	-981857
vectorGraphStoreCase	1	-31	127	-1024	255	16	-981997
vectorGraphStoreCase	1	-31	127	-1024	255	17	-981997
vectorGraphStoreCase	1	-31	127	-1024	255	18	-981749
vectorGraphStoreCase	1	-31	127	-1024	255	19	-981804
vectorGraphStoreCase	1	-31	127	-1024	255	20	-981997
vectorGraphStoreCase	1	-31	127	-1024	255	21	-981997
vectorGraphStoreCase	1	-31	127	-1024	255	22	-981743
vectorGraphStoreCase	1	-31	127	-1024	255	23	-981931
vectorGraphStoreCase	1	-31	127	-1024	255	24	-981997
vectorGraphStoreCase	1	-31	127	-1024	255	25	-981997
vectorGraphStoreCase	1	-31	127	-1024	255	26	-981869
vectorGraphStoreCase	1	-31	127	-1024	255	27	-981801
vectorGraphStoreCase	1	-31	127	-1024	255	28	-981997
vectorGraphStoreCase	1	-31	127	-1024	255	29	-981997
vectorGraphStoreCase	1	-31	127	-1024	255	30	-981870
vectorGraphStoreCase	1	-31	127	-1024	255	31	-981930
vectorGraphStoreCase	1	-31	127	-1024	255	32	-981958
vectorGraphStoreCase	1	-31	127	-1024	255	33	-981751
vectorGraphStoreCase	1	-31	127	-1024	255	34	-981802
vectorGraphStoreCase	1	-31	127	-1024	255	35	-981852
vectorGraphStoreCase	1	-31	127	-1024	255	36	-981951
vectorGraphStoreCase	1	-31	127	-1024	255	37	-981746
vectorGraphStoreCase	1	-31	127	-1024	255	38	-981799
vectorGraphStoreCase	1	-31	127	-1024	255	39	-981851
vectorGraphStoreCase	1	-31	127	-1024	255	40	-981944
vectorGraphStoreCase	1	-31	127	-1024	255	41	-981997
vectorGraphStoreCase	1	-31	127	-1024	255	42	-981795
vectorGraphStoreCase	1	-31	127	-1024	255	43	-981850
vectorGraphStoreCase	1	-31	127	-1024	255	44	-981937
vectorGraphStoreCase	1	-31	127	-1024	255	45	-981992
vectorGraphStoreCase	1	-31	127	-1024	255	46	-981792
vectorGraphStoreCase	1	-31	127	-1024	255	47	-981849
vectorGraphStoreCase	1	-31	127	-1024	255	48	-981930
vectorGraphStoreCase	1	-31	127	-1024	255	49	-981987
vectorGraphStoreCase	1	-31	127	-1024	255	50	-981789
vectorGraphStoreCase	1	-31	127	-1024	255	51	-981848
vectorGraphStoreCase	1	-31	127	-1024	255	52	-981923
vectorGraphStoreCase	1	-31	127	-1024	255	53	-981982
vectorGraphStoreCase	1	-31	127	-1024	255	54	-981786
vectorGraphStoreCase	1	-31	127	-1024	255	55	-981847
vectorGraphStoreCase	1	-31	127	-1024	255	56	-981916
vectorGraphStoreCase	1	-31	127	-1024	255	57	-981977
vectorGraphStoreCase	1	-31	127	-1024	255	58	-981783
vectorGraphStoreCase	1	-31	127	-1024	255	59	-981846
vectorGraphStoreCase	1	-31	127	-1024	255	60	-981909
vectorGraphStoreCase	1	-31	127	-1024	255	61	-981972
vectorGraphStoreCase	1	-31	127	-1024	255	62	-981780
vectorGraphStoreCase	1	-31	127	-1024	255	63	-981845
vectorGraphStoreCase	2	-31	127	-1024	256	0	-978931
vectorGraphStoreCase	2	-31	127	-1024	256	1	-978965
vectorGraphStoreCase	2	-31	127	-1024	256	2	-978999
vectorGraphStoreCase	2	-31	127	-1024	256	3	-979033
vectorGraphStoreCase	2	-31	127	-1024	256	4	-978924
vectorGraphStoreCase	2	-31	127	-1024	256	5	-978960
vectorGraphStoreCase	2	-31	127	-1024	256	6	-978996
vectorGraphStoreCase	2	-31	127	-1024	256	7	-979032
vectorGraphStoreCase	2	-31	127	-1024	256	8	-978917
vectorGraphStoreCase	2	-31	127	-1024	256	9	-978955
vectorGraphStoreCase	2	-31	127	-1024	256	10	-978993
vectorGraphStoreCase	2	-31	127	-1024	256	11	-979031
vectorGraphStoreCase	2	-31	127	-1024	256	12	-979166
vectorGraphStoreCase	2	-31	127	-1024	256	13	-978949
vectorGraphStoreCase	2	-31	127	-1024	256	14	-978990
vectorGraphStoreCase	2	-31	127	-1024	256	15	-979030
vectorGraphStoreCase	2	-31	127	-1024	256	16	-979159
vectorGraphStoreCase	2	-31	127	-1024	256	17	-978944
vectorGraphStoreCase	2	-31	127	-1024	256	18	-978987
vectorGraphStoreCase	2	-31	127	-1024	256	19	-979029
vectorGraphStoreCase	2	-31	127	-1024	256	20	-979152
vectorGraphStoreCase	2	-31	127	-1024	256	21	-978939
vectorGraphStoreCase	2	-31	127	-1024	256	22	-978984
vectorGraphStoreCase	2	-31	127	-1024	256	23	-979028
vectorGraphStoreCase	2	-31	127	-1024	256	24	-979145
vectorGraphStoreCase	2	-31	127	-1024	256	25	-978934
vectorGraphStoreCase	2	-31	127	-1024	256	26	-978981
vectorGraphStoreCase	2	-31	127	-1024	256	27	-979027
vectorGraphStoreCase	2	-31	127	-1024	256	28	-979138
vectorGraphStoreCase	2	-31	127	-1024	256	29	-978929
vectorGraphStoreCase	2	-31	127	-1024	256	30	-978978
vectorGraphStoreCase	2	-31	127	-1024	256	31	-979026
vectorGraphStoreCase	2	-31	127	-1024	256	32	-979170
vectorGraphStoreCase	2	-31	127	-1024	256	33	-979170
vectorGraphStoreCase	2	-31	127	-1024	256	34	-978922
vectorGraphStoreCase	2	-31	127	-1024	256	35	-978977
vectorGraphStoreCase	2	-31	127	-1024	256	36	-979170
vectorGraphStoreCase	2	-31	127	-1024	256	37	-979170
vectorGraphStoreCase	2	-31	127	-1024	256	38	-978916
vectorGraphStoreCase	2	-31	127	-1024	256	39	-979104
vectorGraphStoreCase	2	-31	127	-1024	256	40	-979170
vectorGraphStoreCase	2	-31	127	-1024	256	41	-979170
vectorGraphStoreCase	2	-31	127	-1024	256	42	-979042
vectorGraphStoreCase	2	-31	127	-1024	256	43	-978974
vectorGraphStoreCase	2	-31	127	-1024	256	44	-979170
vectorGraphStoreCase	2	-31	127	-1024	256	45	-979170
vectorGraphStoreCase	2	-31	127	-1024	256	46	-979042
vectorGraphStoreCase	2	-31	127	-1024	256	47	-979103
vectorGraphStoreCase	2	-31	127	-1024	256	48	-979103
vectorGraphStoreCase	2	-31	127	-1024	256	49	-979160
vectorGraphStoreCase	2	-31	127	-1024	256	50	-978962
vectorGraphStoreCase	2	-31	127	-1024	256	51	-979021
vectorGraphStoreCase	2	-31	127	-1024	256	52	-979096
vectorGraphStoreCase	2	-31	127	-1024	256	53	-979155
vectorGraphStoreCase	2	-31	127	-1024	256	54	-978959
vectorGraphStoreCase	2	-31	127	-1024	256	55	-979020
vectorGraphStoreCase	2	-31	127	-1024	256	56	-979089
vectorGraphStoreCase	2	-31	127	-1024	256	57	-979150
vectorGraphStoreCase	2	-31	127	-1024	256	58	-978956
vectorGraphStoreCase	2	-31	127	-1024	256	59	-979019
vectorGraphStoreCase	2	-31	127	-1024	256	60	-979082
vectorGraphStoreCase	2	-31	127	-1024	256	61	-979145
vectorGraphStoreCase	2	-31	127	-1024	256	62	-978953
vectorGraphStoreCase	2	-31	127	-1024	256	63	-979018
vectorGraphStoreCase	3	-31	127	-1024	65535	0	183564802
vectorGraphStoreCase	3	-31	127	-1024	65535	1	183564768
vectorGraphStoreCase	3	-31	127	-1024	65535	2	183564734
vectorGraphStoreCase	3	-31	127	-1024	65535	3	183564700
vectorGraphStoreCase	3	-31	127	-1024	65535	4	183564809
vectorGraphStoreCase	3	-31	127	-1024	65535	5	183564773
vectorGraphStoreCase	3	-31	127	-1024	65535	6	183564737
vectorGraphStoreCase	3	-31	127	-1024	65535	7	183564701
vectorGraphStoreCase	3	-31	127	-1024	65535	8	183564816
vectorGraphStoreCase	3	-31	127	-1024	65535	9	183564778
vectorGraphStoreCase	3	-31	127	-1024	65535	10	183564740
vectorGraphStoreCase	3	-31	127	-1024	65535	11	183564702
vectorGraphStoreCase	3	-31	127	-1024	65535	12	183564567
vectorGraphStoreCase	3	-31	127	-1024	65535	13	183564784
vectorGraphStoreCase	3	-31	127	-1024	65535	14	183564743
vectorGraphStoreCase	3	-31	127	-1024	65535	15	183564703
vectorGraphStoreCase	3	-31	127	-1024	65535	16	183564574
vectorGraphStoreCase	3	-31	127	-1024	65535	17	183564789
vectorGraphStoreCase	3	-31	127	-1024	65535	18	183564746
vectorGraphStoreCase	3	-31	127	-1024	65535	19	183564704
vectorGraphStoreCase	3	-31	127	-1024	65535	20	183564581
vectorGraphStoreCase	3	-31	127	-1024	65535	21	183564794
vectorGraphStoreCase	3	-31	127	-1024	65535	22	183564749
vectorGraphStoreCase	3	-31	127	-1024	65535	23	183564705
vectorGraphStoreCase	3	-31	127	-1024	65535	24	183564588
vectorGraphStoreCase	3	-31	127	-1024	65535	25	183564799
vectorGraphStoreCase	3	-31	127	-1024	65535	26	183564752
vectorGraphStoreCase	3	-31	127	-1024	65535	27	183564706
vectorGraphStoreCase	3	-31	127	-1024	65535	28	183564595
vectorGraphStoreCase	3	-31	127	-1024	65535	29	183564804
vectorGraphStoreCase	3	-31	127	-1024	65535	30	183564755
vectorGraphStoreCase	3	-31	127	-1024	65535	31	183564707
vectorGraphStoreCase	3	-31	127	-1024	65535	32	183564602
vectorGraphStoreCase	3	-31	127	-1024	65535	33	183564809
vectorGraphStoreCase	3	-31	127	-1024	65535	34	183564758
vectorGraphStoreCase	3	-31	127	-1024	65535	35	183564708
vectorGraphStoreCase	3	-31	127	-1024	65535	36	183564609
vectorGraphStoreCase	3	-31	127	-1024	65535	37	183564814
vectorGraphStoreCase	3	-31	127	-1024	65535	38	183564761
vectorGraphStoreCase	3	-31	127	-1024	65535	39	183564709
vectorGraphStoreCase	3	-31	127	-1024	65535	40	183564616
vectorGraphStoreCase	3	-31	127	-1024	65535	41	183564563
vectorGraphStoreCase	3	-31	127	-1024	65535	42	183564765
vectorGraphStoreCase	3	-31	127	-1024	65535	43	183564710
vectorGraphStoreCase	3	-31	127	-1024	65535	44	183564623
vectorGraphStoreCase	3	-31	127	-1024	65535	45	183564568
vectorGraphStoreCase	3	-31	127	-1024	65535	46	183564768
vectorGraphStoreCase	3	-31	127	-1024	65535	47	183564711
vectorGraphStoreCase	3	-31	127	-1024	65535	48	183564563
vectorGraphStoreCase	3	-31	127	-1024	65535	49	183564563
vectorGraphStoreCase	3	-31	127	-1024	65535	50	183564811
vectorGraphStoreCase	3	-31	127	-1024	65535	51	183564756
vectorGraphStoreCase	3	-31	127	-1024	65535	52	183564563
vectorGraphStoreCase	3	-31	127	-1024	65535	53	183564563
vectorGraphStoreCase	3	-31	127	-1024	65535	54	183564817
vectorGraphStoreCase	3	-31	127	-1024	65535	55	183564629
vectorGraphStoreCase	3	-31	127	-1024	65535	56	183564563
vectorGraphStoreCase	3	-31	127	-1024	65535	57	183564563
vectorGraphStoreCase	3	-31	127	-1024	65535	58	183564691
vectorGraphStoreCase	3	-31	127	-1024	65535	59	183564759
vectorGraphStoreCase	3	-31	127	-1024	65535	60	183564563
vectorGraphStoreCase	3	-31	127	-1024	65535	61	183564818
vectorGraphStoreCase	3	-31	127	-1024	65535	62	183564690
vectorGraphStoreCase	3	-31	127	-1024	65535	63	183564634
scalarUnitCase	0	0	2155872255	2139095039	4291117857	0	0
scalarUnitCase	0	0	2155872255	2139095039	4291117857	1	2155872255
scalarUnitCase	0	0	2155872255	2139095039	4291117857	2	2139095039
scalarUnitCase	0	0	2155872255	2139095039	4291117857	3	4291117857
scalarUnitCase	0	0	2155872255	2139095039	4291117857	4	0
scalarUnitCase	0	0	2155872255	2139095039	4291117857	5	8388607
scalarUnitCase	0	0	2155872255	2139095039	4291117857	6	2139095039
scalarUnitCase	0	0	2155872255	2139095039	4291117857	7	4291117857
scalarUnitCase	1	2147483648	8388608	4286578687	0	0	2147483648
scalarUnitCase	1	2147483648	8388608	4286578687	0	1	8388608
scalarUnitCase	1	2147483648	8388608	4286578687	0	2	4286578687
scalarUnitCase	1	2147483648	8388608	4286578687	0	3	0
scalarUnitCase	1	2147483648	8388608	4286578687	0	4	2147483648
scalarUnitCase	1	2147483648	8388608	4286578687	0	5	2155872256
scalarUnitCase	1	2147483648	8388608	4286578687	0	6	4286578687
scalarUnitCase	1	2147483648	8388608	4286578687	0	7	0
scalarUnitCase	2	1	2155872256	2139095040	2147483648	0	1
scalarUnitCase	2	1	2155872256	2139095040	2147483648	1	2155872256
scalarUnitCase	2	1	2155872256	2139095040	2147483648	2	2139095040
scalarUnitCase	2	1	2155872256	2139095040	2147483648	3	2147483648
scalarUnitCase	2	1	2155872256	2139095040	2147483648	4	1
scalarUnitCase	2	1	2155872256	2139095040	2147483648	5	8388608
scalarUnitCase	2	1	2155872256	2139095040	2147483648	6	2139095040
scalarUnitCase	2	1	2155872256	2139095040	2147483648	7	2147483648
scalarUnitCase	3	2147483649	1065353216	4286578688	1	0	2147483649
scalarUnitCase	3	2147483649	1065353216	4286578688	1	1	1065353216
scalarUnitCase	3	2147483649	1065353216	4286578688	1	2	4286578688
scalarUnitCase	3	2147483649	1065353216	4286578688	1	3	1
scalarUnitCase	3	2147483649	1065353216	4286578688	1	4	2147483649
scalarUnitCase	3	2147483649	1065353216	4286578688	1	5	3212836864
scalarUnitCase	3	2147483649	1065353216	4286578688	1	6	4286578688
scalarUnitCase	3	2147483649	1065353216	4286578688	1	7	1
scalarUnitCase	4	8388607	3212836864	2143363909	2147483649	0	8388607
scalarUnitCase	4	8388607	3212836864	2143363909	2147483649	1	3212836864
scalarUnitCase	4	8388607	3212836864	2143363909	2147483649	2	2143363909
scalarUnitCase	4	8388607	3212836864	2143363909	2147483649	3	2147483649
scalarUnitCase	4	8388607	3212836864	2143363909	2147483649	4	8388607
scalarUnitCase	4	8388607	3212836864	2143363909	2147483649	5	1065353216
scalarUnitCase	4	8388607	3212836864	2143363909	2147483649	6	2143363909
scalarUnitCase	4	8388607	3212836864	2143363909	2147483649	7	2147483649
scalarUnitCase	5	2155872255	2139095039	4291117857	8388607	0	2155872255
scalarUnitCase	5	2155872255	2139095039	4291117857	8388607	1	2139095039
scalarUnitCase	5	2155872255	2139095039	4291117857	8388607	2	4291117857
scalarUnitCase	5	2155872255	2139095039	4291117857	8388607	3	8388607
scalarUnitCase	5	2155872255	2139095039	4291117857	8388607	4	2155872255
scalarUnitCase	5	2155872255	2139095039	4291117857	8388607	5	4286578687
scalarUnitCase	5	2155872255	2139095039	4291117857	8388607	6	4291117857
scalarUnitCase	5	2155872255	2139095039	4291117857	8388607	7	8388607
scalarUnitCase	6	8388608	4286578687	0	2155872255	0	8388608
scalarUnitCase	6	8388608	4286578687	0	2155872255	1	4286578687
scalarUnitCase	6	8388608	4286578687	0	2155872255	2	0
scalarUnitCase	6	8388608	4286578687	0	2155872255	3	2155872255
scalarUnitCase	6	8388608	4286578687	0	2155872255	4	8388608
scalarUnitCase	6	8388608	4286578687	0	2155872255	5	2139095039
scalarUnitCase	6	8388608	4286578687	0	2155872255	6	0
scalarUnitCase	6	8388608	4286578687	0	2155872255	7	2155872255
scalarUnitCase	7	2155872256	2139095040	2147483648	8388608	0	2155872256
scalarUnitCase	7	2155872256	2139095040	2147483648	8388608	1	2139095040
scalarUnitCase	7	2155872256	2139095040	2147483648	8388608	2	2147483648
scalarUnitCase	7	2155872256	2139095040	2147483648	8388608	3	8388608
scalarUnitCase	7	2155872256	2139095040	2147483648	8388608	4	2155872256
scalarUnitCase	7	2155872256	2139095040	2147483648	8388608	5	4286578688
scalarUnitCase	7	2155872256	2139095040	2147483648	8388608	6	2147483648
scalarUnitCase	7	2155872256	2139095040	2147483648	8388608	7	8388608
scalarUnitCase	8	1065353216	4286578688	1	2155872256	0	1065353216
scalarUnitCase	8	1065353216	4286578688	1	2155872256	1	4286578688
scalarUnitCase	8	1065353216	4286578688	1	2155872256	2	1
scalarUnitCase	8	1065353216	4286578688	1	2155872256	3	2155872256
scalarUnitCase	8	1065353216	4286578688	1	2155872256	4	1065353216
scalarUnitCase	8	1065353216	4286578688	1	2155872256	5	2139095040
scalarUnitCase	8	1065353216	4286578688	1	2155872256	6	1
scalarUnitCase	8	1065353216	4286578688	1	2155872256	7	2155872256
scalarUnitCase	9	3212836864	2143363909	2147483649	1065353216	0	3212836864
scalarUnitCase	9	3212836864	2143363909	2147483649	1065353216	1	2143363909
scalarUnitCase	9	3212836864	2143363909	2147483649	1065353216	2	2147483649
scalarUnitCase	9	3212836864	2143363909	2147483649	1065353216	3	1065353216
scalarUnitCase	9	3212836864	2143363909	2147483649	1065353216	4	3212836864
scalarUnitCase	9	3212836864	2143363909	2147483649	1065353216	5	4290847557
scalarUnitCase	9	3212836864	2143363909	2147483649	1065353216	6	2147483649
scalarUnitCase	9	3212836864	2143363909	2147483649	1065353216	7	1065353216
scalarUnitCase	10	2139095039	4291117857	8388607	3212836864	0	2139095039
scalarUnitCase	10	2139095039	4291117857	8388607	3212836864	1	4291117857
scalarUnitCase	10	2139095039	4291117857	8388607	3212836864	2	8388607
scalarUnitCase	10	2139095039	4291117857	8388607	3212836864	3	3212836864
scalarUnitCase	10	2139095039	4291117857	8388607	3212836864	4	2139095039
scalarUnitCase	10	2139095039	4291117857	8388607	3212836864	5	2143634209
scalarUnitCase	10	2139095039	4291117857	8388607	3212836864	6	8388607
scalarUnitCase	10	2139095039	4291117857	8388607	3212836864	7	3212836864
scalarUnitCase	11	4286578687	0	2155872255	2139095039	0	4286578687
scalarUnitCase	11	4286578687	0	2155872255	2139095039	1	0
scalarUnitCase	11	4286578687	0	2155872255	2139095039	2	2155872255
scalarUnitCase	11	4286578687	0	2155872255	2139095039	3	2139095039
scalarUnitCase	11	4286578687	0	2155872255	2139095039	4	4286578687
scalarUnitCase	11	4286578687	0	2155872255	2139095039	5	2147483648
scalarUnitCase	11	4286578687	0	2155872255	2139095039	6	2155872255
scalarUnitCase	11	4286578687	0	2155872255	2139095039	7	2139095039
scalarUnitCase	12	2139095040	2147483648	8388608	4286578687	0	2139095040
scalarUnitCase	12	2139095040	2147483648	8388608	4286578687	1	2147483648
scalarUnitCase	12	2139095040	2147483648	8388608	4286578687	2	8388608
scalarUnitCase	12	2139095040	2147483648	8388608	4286578687	3	4286578687
scalarUnitCase	12	2139095040	2147483648	8388608	4286578687	4	2139095040
scalarUnitCase	12	2139095040	2147483648	8388608	4286578687	5	0
scalarUnitCase	12	2139095040	2147483648	8388608	4286578687	6	8388608
scalarUnitCase	12	2139095040	2147483648	8388608	4286578687	7	4286578687
scalarUnitCase	0	4286578688	1	2155872256	2139095040	0	4286578688
scalarUnitCase	0	4286578688	1	2155872256	2139095040	1	1
scalarUnitCase	0	4286578688	1	2155872256	2139095040	2	2155872256
scalarUnitCase	0	4286578688	1	2155872256	2139095040	3	2139095040
scalarUnitCase	0	4286578688	1	2155872256	2139095040	4	4286578688
scalarUnitCase	0	4286578688	1	2155872256	2139095040	5	2147483649
scalarUnitCase	0	4286578688	1	2155872256	2139095040	6	2155872256
scalarUnitCase	0	4286578688	1	2155872256	2139095040	7	2139095040
scalarUnitCase	1	2143363909	2147483649	1065353216	4286578688	0	2143363909
scalarUnitCase	1	2143363909	2147483649	1065353216	4286578688	1	2147483649
scalarUnitCase	1	2143363909	2147483649	1065353216	4286578688	2	1065353216
scalarUnitCase	1	2143363909	2147483649	1065353216	4286578688	3	4286578688
scalarUnitCase	1	2143363909	2147483649	1065353216	4286578688	4	2143363909
scalarUnitCase	1	2143363909	2147483649	1065353216	4286578688	5	1
scalarUnitCase	1	2143363909	2147483649	1065353216	4286578688	6	1065353216
scalarUnitCase	1	2143363909	2147483649	1065353216	4286578688	7	4286578688
scalarUnitCase	2	4291117857	8388607	3212836864	2143363909	0	4291117857
scalarUnitCase	2	4291117857	8388607	3212836864	2143363909	1	8388607
scalarUnitCase	2	4291117857	8388607	3212836864	2143363909	2	3212836864
scalarUnitCase	2	4291117857	8388607	3212836864	2143363909	3	2143363909
scalarUnitCase	2	4291117857	8388607	3212836864	2143363909	4	4291117857
scalarUnitCase	2	4291117857	8388607	3212836864	2143363909	5	2155872255
scalarUnitCase	2	4291117857	8388607	3212836864	2143363909	6	3212836864
scalarUnitCase	2	4291117857	8388607	3212836864	2143363909	7	2143363909
scalarIndexCase	0	0	2155872255	2139095039	4291117857	0	0
scalarIndexCase	0	0	2155872255	2139095039	4291117857	1	2155872255
scalarIndexCase	0	0	2155872255	2139095039	4291117857	2	2139095039
scalarIndexCase	0	0	2155872255	2139095039	4291117857	3	4291117857
scalarIndexCase	1	2147483648	8388608	4286578687	0	0	2147483648
scalarIndexCase	1	2147483648	8388608	4286578687	0	1	8388608
scalarIndexCase	1	2147483648	8388608	4286578687	0	2	4286578687
scalarIndexCase	1	2147483648	8388608	4286578687	0	3	0
scalarIndexCase	2	1	2155872256	2139095040	2147483648	0	1
scalarIndexCase	2	1	2155872256	2139095040	2147483648	1	2155872256
scalarIndexCase	2	1	2155872256	2139095040	2147483648	2	2139095040
scalarIndexCase	2	1	2155872256	2139095040	2147483648	3	2147483648
scalarIndexCase	3	2147483649	1065353216	4286578688	1	0	2147483649
scalarIndexCase	3	2147483649	1065353216	4286578688	1	1	1065353216
scalarIndexCase	3	2147483649	1065353216	4286578688	1	2	4286578688
scalarIndexCase	3	2147483649	1065353216	4286578688	1	3	1
scalarIndexCase	4	8388607	3212836864	2143363909	2147483649	0	8388607
scalarIndexCase	4	8388607	3212836864	2143363909	2147483649	1	3212836864
scalarIndexCase	4	8388607	3212836864	2143363909	2147483649	2	2143363909
scalarIndexCase	4	8388607	3212836864	2143363909	2147483649	3	2147483649
scalarIndexCase	5	2155872255	2139095039	4291117857	8388607	0	2155872255
scalarIndexCase	5	2155872255	2139095039	4291117857	8388607	1	2139095039
scalarIndexCase	5	2155872255	2139095039	4291117857	8388607	2	4291117857
scalarIndexCase	5	2155872255	2139095039	4291117857	8388607	3	8388607
scalarIndexCase	6	8388608	4286578687	0	2155872255	0	8388608
scalarIndexCase	6	8388608	4286578687	0	2155872255	1	4286578687
scalarIndexCase	6	8388608	4286578687	0	2155872255	2	0
scalarIndexCase	6	8388608	4286578687	0	2155872255	3	2155872255
scalarIndexCase	7	2155872256	2139095040	2147483648	8388608	0	2155872256
scalarIndexCase	7	2155872256	2139095040	2147483648	8388608	1	2139095040
scalarIndexCase	7	2155872256	2139095040	2147483648	8388608	2	2147483648
scalarIndexCase	7	2155872256	2139095040	2147483648	8388608	3	8388608
scalarIndexCase	8	1065353216	4286578688	1	2155872256	0	1065353216
scalarIndexCase	8	1065353216	4286578688	1	2155872256	1	4286578688
scalarIndexCase	8	1065353216	4286578688	1	2155872256	2	1
scalarIndexCase	8	1065353216	4286578688	1	2155872256	3	2155872256
scalarIndexCase	9	3212836864	2143363909	2147483649	1065353216	0	3212836864
scalarIndexCase	9	3212836864	2143363909	2147483649	1065353216	1	2143363909
scalarIndexCase	9	3212836864	2143363909	2147483649	1065353216	2	2147483649
scalarIndexCase	9	3212836864	2143363909	2147483649	1065353216	3	1065353216
scalarIndexCase	10	2139095039	4291117857	8388607	3212836864	0	2139095039
scalarIndexCase	10	2139095039	4291117857	8388607	3212836864	1	4291117857
scalarIndexCase	10	2139095039	4291117857	8388607	3212836864	2	8388607
scalarIndexCase	10	2139095039	4291117857	8388607	3212836864	3	3212836864
scalarIndexCase	11	4286578687	0	2155872255	2139095039	0	4286578687
scalarIndexCase	11	4286578687	0	2155872255	2139095039	1	0
scalarIndexCase	11	4286578687	0	2155872255	2139095039	2	2155872255
scalarIndexCase	11	4286578687	0	2155872255	2139095039	3	2139095039
scalarIndexCase	12	2139095040	2147483648	8388608	4286578687	0	2139095040
scalarIndexCase	12	2139095040	2147483648	8388608	4286578687	1	2147483648
scalarIndexCase	12	2139095040	2147483648	8388608	4286578687	2	8388608
scalarIndexCase	12	2139095040	2147483648	8388608	4286578687	3	4286578687
scalarIndexCase	0	4286578688	1	2155872256	2139095040	0	4286578688
scalarIndexCase	0	4286578688	1	2155872256	2139095040	1	1
scalarIndexCase	0	4286578688	1	2155872256	2139095040	2	2155872256
scalarIndexCase	0	4286578688	1	2155872256	2139095040	3	2139095040
scalarIndexCase	1	2143363909	2147483649	1065353216	4286578688	0	2143363909
scalarIndexCase	1	2143363909	2147483649	1065353216	4286578688	1	2147483649
scalarIndexCase	1	2143363909	2147483649	1065353216	4286578688	2	1065353216
scalarIndexCase	1	2143363909	2147483649	1065353216	4286578688	3	4286578688
scalarIndexCase	2	4291117857	8388607	3212836864	2143363909	0	4291117857
scalarIndexCase	2	4291117857	8388607	3212836864	2143363909	1	8388607
scalarIndexCase	2	4291117857	8388607	3212836864	2143363909	2	3212836864
scalarIndexCase	2	4291117857	8388607	3212836864	2143363909	3	2143363909
scalarReadCase	0	0	2155872255	2139095039	4291117857	0	0
scalarReadCase	0	0	2155872255	2139095039	4291117857	1	2155872255
scalarReadCase	0	0	2155872255	2139095039	4291117857	2	2139095039
scalarReadCase	0	0	2155872255	2139095039	4291117857	3	4291117857
scalarReadCase	1	2147483648	8388608	4286578687	0	0	2147483648
scalarReadCase	1	2147483648	8388608	4286578687	0	1	8388608
scalarReadCase	1	2147483648	8388608	4286578687	0	2	4286578687
scalarReadCase	1	2147483648	8388608	4286578687	0	3	0
scalarReadCase	2	1	2155872256	2139095040	2147483648	0	1
scalarReadCase	2	1	2155872256	2139095040	2147483648	1	2155872256
scalarReadCase	2	1	2155872256	2139095040	2147483648	2	2139095040
scalarReadCase	2	1	2155872256	2139095040	2147483648	3	2147483648
scalarReadCase	3	2147483649	1065353216	4286578688	1	0	2147483649
scalarReadCase	3	2147483649	1065353216	4286578688	1	1	1065353216
scalarReadCase	3	2147483649	1065353216	4286578688	1	2	4286578688
scalarReadCase	3	2147483649	1065353216	4286578688	1	3	1
scalarReadCase	4	8388607	3212836864	2143363909	2147483649	0	8388607
scalarReadCase	4	8388607	3212836864	2143363909	2147483649	1	3212836864
scalarReadCase	4	8388607	3212836864	2143363909	2147483649	2	2143363909
scalarReadCase	4	8388607	3212836864	2143363909	2147483649	3	2147483649
scalarReadCase	5	2155872255	2139095039	4291117857	8388607	0	2155872255
scalarReadCase	5	2155872255	2139095039	4291117857	8388607	1	2139095039
scalarReadCase	5	2155872255	2139095039	4291117857	8388607	2	4291117857
scalarReadCase	5	2155872255	2139095039	4291117857	8388607	3	8388607
scalarReadCase	6	8388608	4286578687	0	2155872255	0	8388608
scalarReadCase	6	8388608	4286578687	0	2155872255	1	4286578687
scalarReadCase	6	8388608	4286578687	0	2155872255	2	0
scalarReadCase	6	8388608	4286578687	0	2155872255	3	2155872255
scalarReadCase	7	2155872256	2139095040	2147483648	8388608	0	2155872256
scalarReadCase	7	2155872256	2139095040	2147483648	8388608	1	2139095040
scalarReadCase	7	2155872256	2139095040	2147483648	8388608	2	2147483648
scalarReadCase	7	2155872256	2139095040	2147483648	8388608	3	8388608
scalarReadCase	8	1065353216	4286578688	1	2155872256	0	1065353216
scalarReadCase	8	1065353216	4286578688	1	2155872256	1	4286578688
scalarReadCase	8	1065353216	4286578688	1	2155872256	2	1
scalarReadCase	8	1065353216	4286578688	1	2155872256	3	2155872256
scalarReadCase	9	3212836864	2143363909	2147483649	1065353216	0	3212836864
scalarReadCase	9	3212836864	2143363909	2147483649	1065353216	1	2143363909
scalarReadCase	9	3212836864	2143363909	2147483649	1065353216	2	2147483649
scalarReadCase	9	3212836864	2143363909	2147483649	1065353216	3	1065353216
scalarReadCase	10	2139095039	4291117857	8388607	3212836864	0	2139095039
scalarReadCase	10	2139095039	4291117857	8388607	3212836864	1	4291117857
scalarReadCase	10	2139095039	4291117857	8388607	3212836864	2	8388607
scalarReadCase	10	2139095039	4291117857	8388607	3212836864	3	3212836864
scalarReadCase	11	4286578687	0	2155872255	2139095039	0	4286578687
scalarReadCase	11	4286578687	0	2155872255	2139095039	1	0
scalarReadCase	11	4286578687	0	2155872255	2139095039	2	2155872255
scalarReadCase	11	4286578687	0	2155872255	2139095039	3	2139095039
scalarReadCase	12	2139095040	2147483648	8388608	4286578687	0	2139095040
scalarReadCase	12	2139095040	2147483648	8388608	4286578687	1	2147483648
scalarReadCase	12	2139095040	2147483648	8388608	4286578687	2	8388608
scalarReadCase	12	2139095040	2147483648	8388608	4286578687	3	4286578687
scalarReadCase	0	4286578688	1	2155872256	2139095040	0	4286578688
scalarReadCase	0	4286578688	1	2155872256	2139095040	1	1
scalarReadCase	0	4286578688	1	2155872256	2139095040	2	2155872256
scalarReadCase	0	4286578688	1	2155872256	2139095040	3	2139095040
scalarReadCase	1	2143363909	2147483649	1065353216	4286578688	0	2143363909
scalarReadCase	1	2143363909	2147483649	1065353216	4286578688	1	2147483649
scalarReadCase	1	2143363909	2147483649	1065353216	4286578688	2	1065353216
scalarReadCase	1	2143363909	2147483649	1065353216	4286578688	3	4286578688
scalarReadCase	2	4291117857	8388607	3212836864	2143363909	0	4291117857
scalarReadCase	2	4291117857	8388607	3212836864	2143363909	1	8388607
scalarReadCase	2	4291117857	8388607	3212836864	2143363909	2	3212836864
scalarReadCase	2	4291117857	8388607	3212836864	2143363909	3	2143363909
scalarWriteCase	0	0	2155872255	2139095039	4291117857	0	18749518004575
scalarWriteCase	0	0	2155872255	2139095039	4291117857	1	18749518004575
scalarWriteCase	0	0	2155872255	2139095039	4291117857	2	18749518004575
scalarWriteCase	0	0	2155872255	2139095039	4291117857	3	18749518004575
scalarWriteCase	0	0	2155872255	2139095039	4291117857	4	18749518004830
scalarWriteCase	0	0	2155872255	2139095039	4291117857	5	18749518004830
scalarWriteCase	0	0	2155872255	2139095039	4291117857	6	18749518004702
scalarWriteCase	0	0	2155872255	2139095039	4291117857	7	18749518004703
scalarWriteCase	0	0	2155872255	2139095039	4291117857	8	18749518004830
scalarWriteCase	0	0	2155872255	2139095039	4291117857	9	18749518004830
scalarWriteCase	0	0	2155872255	2139095039	4291117857	10	18749518004702
scalarWriteCase	0	0	2155872255	2139095039	4291117857	11	18749518004702
scalarWriteCase	0	0	2155872255	2139095039	4291117857	12	18749518004608
scalarWriteCase	0	0	2155872255	2139095039	4291117857	13	18749518004642
scalarWriteCase	0	0	2155872255	2139095039	4291117857	14	18749518004772
scalarWriteCase	0	0	2155872255	2139095039	4291117857	15	18749518004830
scalarWriteCase	0	0	2155872255	2139095039	4291117857	16	18749518004586
scalarWriteCase	0	0	2155872255	2139095039	4291117857	17	18749518004801
scalarWriteCase	0	0	2155872255	2139095039	4291117857	18	18749518004758
scalarWriteCase	0	0	2155872255	2139095039	4291117857	19	18749518004716
scalarWriteCase	0	0	2155872255	2139095039	4291117857	20	18749518004593
scalarWriteCase	0	0	2155872255	2139095039	4291117857	21	18749518004806
scalarWriteCase	0	0	2155872255	2139095039	4291117857	22	18749518004761
scalarWriteCase	0	0	2155872255	2139095039	4291117857	23	18749518004717
scalarWriteCase	0	0	2155872255	2139095039	4291117857	24	18749518004600
scalarWriteCase	0	0	2155872255	2139095039	4291117857	25	18749518004811
scalarWriteCase	0	0	2155872255	2139095039	4291117857	26	18749518004764
scalarWriteCase	0	0	2155872255	2139095039	4291117857	27	18749518004718
scalarWriteCase	0	0	2155872255	2139095039	4291117857	28	18749518004607
scalarWriteCase	0	0	2155872255	2139095039	4291117857	29	18749518004816
scalarWriteCase	0	0	2155872255	2139095039	4291117857	30	18749518004767
scalarWriteCase	0	0	2155872255	2139095039	4291117857	31	18749518004719
scalarWriteCase	0	0	2155872255	2139095039	4291117857	32	18749518004614
scalarWriteCase	0	0	2155872255	2139095039	4291117857	33	18749518004821
scalarWriteCase	0	0	2155872255	2139095039	4291117857	34	18749518004770
scalarWriteCase	0	0	2155872255	2139095039	4291117857	35	18749518004720
scalarWriteCase	0	0	2155872255	2139095039	4291117857	36	18749518004621
scalarWriteCase	0	0	2155872255	2139095039	4291117857	37	18749518004826
scalarWriteCase	0	0	2155872255	2139095039	4291117857	38	18749518004773
scalarWriteCase	0	0	2155872255	2139095039	4291117857	39	18749518004721
scalarWriteCase	0	0	2155872255	2139095039	4291117857	40	18749518004628
scalarWriteCase	0	0	2155872255	2139095039	4291117857	41	18749518004575
scalarWriteCase	0	0	2155872255	2139095039	4291117857	42	18749518004777
scalarWriteCase	0	0	2155872255	2139095039	4291117857	43	18749518004722
scalarWriteCase	0	0	2155872255	2139095039	4291117857	44	18749518004635
scalarWriteCase	0	0	2155872255	2139095039	4291117857	45	18749518004580
scalarWriteCase	0	0	2155872255	2139095039	4291117857	46	18749518004780
scalarWriteCase	0	0	2155872255	2139095039	4291117857	47	18749518004723
scalarWriteCase	0	0	2155872255	2139095039	4291117857	48	18749518004642
scalarWriteCase	0	0	2155872255	2139095039	4291117857	49	18749518004585
scalarWriteCase	0	0	2155872255	2139095039	4291117857	50	18749518004783
scalarWriteCase	0	0	2155872255	2139095039	4291117857	51	18749518004724
scalarWriteCase	0	0	2155872255	2139095039	4291117857	52	18749518004649
scalarWriteCase	0	0	2155872255	2139095039	4291117857	53	18749518004590
scalarWriteCase	0	0	2155872255	2139095039	4291117857	54	18749518004786
scalarWriteCase	0	0	2155872255	2139095039	4291117857	55	18749518004725
scalarWriteCase	0	0	2155872255	2139095039	4291117857	56	18749518004656
scalarWriteCase	0	0	2155872255	2139095039	4291117857	57	18749518004595
scalarWriteCase	0	0	2155872255	2139095039	4291117857	58	18749518004789
scalarWriteCase	0	0	2155872255	2139095039	4291117857	59	18749518004726
scalarWriteCase	0	0	2155872255	2139095039	4291117857	60	18749518004663
scalarWriteCase	0	0	2155872255	2139095039	4291117857	61	18749518004600
scalarWriteCase	0	0	2155872255	2139095039	4291117857	62	18749518004792
scalarWriteCase	0	0	2155872255	2139095039	4291117857	63	18749518004727
scalarWriteCase	1	2147483648	8388608	4286578687	0	0	9378044312040
scalarWriteCase	1	2147483648	8388608	4286578687	0	1	9378044312006
scalarWriteCase	1	2147483648	8388608	4286578687	0	2	9378044311972
scalarWriteCase	1	2147483648	8388608	4286578687	0	3	9378044311938
scalarWriteCase	1	2147483648	8388608	4286578687	0	4	9378044311801
scalarWriteCase	1	2147483648	8388608	4286578687	0	5	9378044311801
scalarWriteCase	1	2147483648	8388608	4286578687	0	6	9378044311801
scalarWriteCase	1	2147483648	8388608	4286578687	0	7	9378044311929
scalarWriteCase	1	2147483648	8388608	4286578687	0	8	9378044311801
scalarWriteCase	1	2147483648	8388608	4286578687	0	9	9378044311801
scalarWriteCase	1	2147483648	8388608	4286578687	0	10	9378044311929
scalarWriteCase	1	2147483648	8388608	4286578687	0	11	9378044311801
scalarWriteCase	1	2147483648	8388608	4286578687	0	12	9378044312056
scalarWriteCase	1	2147483648	8388608	4286578687	0	13	9378044312056
scalarWriteCase	1	2147483648	8388608	4286578687	0	14	9378044311928
scalarWriteCase	1	2147483648	8388608	4286578687	0	15	9378044312056
scalarWriteCase	1	2147483648	8388608	4286578687	0	16	9378044311801
scalarWriteCase	1	2147483648	8388608	4286578687	0	17	9378044311801
scalarWriteCase	1	2147483648	8388608	4286578687	0	18	9378044311801
scalarWriteCase	1	2147483648	8388608	4286578687	0	19	9378044311801
scalarWriteCase	1	2147483648	8388608	4286578687	0	20	9378044311819
scalarWriteCase	1	2147483648	8388608	4286578687	0	21	9378044312032
scalarWriteCase	1	2147483648	8388608	4286578687	0	22	9378044311987
scalarWriteCase	1	2147483648	8388608	4286578687	0	23	9378044311943
scalarWriteCase	1	2147483648	8388608	4286578687	0	24	9378044311826
scalarWriteCase	1	2147483648	8388608	4286578687	0	25	9378044312037
scalarWriteCase	1	2147483648	8388608	4286578687	0	26	9378044311990
scalarWriteCase	1	2147483648	8388608	4286578687	0	27	9378044311944
scalarWriteCase	1	2147483648	8388608	4286578687	0	28	9378044311833
scalarWriteCase	1	2147483648	8388608	4286578687	0	29	9378044312042
scalarWriteCase	1	2147483648	8388608	4286578687	0	30	9378044311993
scalarWriteCase	1	2147483648	8388608	4286578687	0	31	9378044311945
scalarWriteCase	1	2147483648	8388608	4286578687	0	32	9378044311840
scalarWriteCase	1	2147483648	8388608	4286578687	0	33	9378044312047
scalarWriteCase	1	2147483648	8388608	4286578687	0	34	9378044311996
scalarWriteCase	1	2147483648	8388608	4286578687	0	35	9378044311946
scalarWriteCase	1	2147483648	8388608	4286578687	0	36	9378044311847
scalarWriteCase	1	2147483648	8388608	4286578687	0	37	9378044312052
scalarWriteCase	1	2147483648	8388608	4286578687	0	38	9378044311999
scalarWriteCase	1	2147483648	8388608	4286578687	0	39	9378044311947
scalarWriteCase	1	2147483648	8388608	4286578687	0	40	9378044311854
scalarWriteCase	1	2147483648	8388608	4286578687	0	41	9378044311801
scalarWriteCase	1	2147483648	8388608	4286578687	0	42	9378044312003
scalarWriteCase	1	2147483648	8388608	4286578687	0	43	9378044311948
scalarWriteCase	1	2147483648	8388608	4286578687	0	44	9378044311861
scalarWriteCase	1	2147483648	8388608	4286578687	0	45	9378044311806
scalarWriteCase	1	2147483648	8388608	4286578687	0	46	9378044312006
scalarWriteCase	1	2147483648	8388608	4286578687	0	47	9378044311949
scalarWriteCase	1	2147483648	8388608	4286578687	0	48	9378044311868
scalarWriteCase	1	2147483648	8388608	4286578687	0	49	9378044311811
scalarWriteCase	1	2147483648	8388608	4286578687	0	50	9378044312009
scalarWriteCase	1	2147483648	8388608	4286578687	0	51	9378044311950
scalarWriteCase	1	2147483648	8388608	4286578687	0	52	9378044311875
scalarWriteCase	1	2147483648	8388608	4286578687	0	53	9378044311816
scalarWriteCase	1	2147483648	8388608	4286578687	0	54	9378044312012
scalarWriteCase	1	2147483648	8388608	4286578687	0	55	9378044311951
scalarWriteCase	1	2147483648	8388608	4286578687	0	56	9378044311882
scalarWriteCase	1	2147483648	8388608	4286578687	0	57	9378044311821
scalarWriteCase	1	2147483648	8388608	4286578687	0	58	9378044312015
scalarWriteCase	1	2147483648	8388608	4286578687	0	59	9378044311952
scalarWriteCase	1	2147483648	8388608	4286578687	0	60	9378044311889
scalarWriteCase	1	2147483648	8388608	4286578687	0	61	9378044311826
scalarWriteCase	1	2147483648	8388608	4286578687	0	62	9378044312018
scalarWriteCase	1	2147483648	8388608	4286578687	0	63	9378044311953
scalarWriteCase	2	1	2155872256	2139095040	2147483648	0	12689464099826
scalarWriteCase	2	1	2155872256	2139095040	2147483648	1	12689464099792
scalarWriteCase	2	1	2155872256	2139095040	2147483648	2	12689464099758
scalarWriteCase	2	1	2155872256	2139095040	2147483648	3	12689464099724
scalarWriteCase	2	1	2155872256	2139095040	2147483648	4	12689464099833
scalarWriteCase	2	1	2155872256	2139095040	2147483648	5	12689464099797
scalarWriteCase	2	1	2155872256	2139095040	2147483648	6	12689464099761
scalarWriteCase	2	1	2155872256	2139095040	2147483648	7	12689464099725
scalarWriteCase	2	1	2155872256	2139095040	2147483648	8	12689464099588
scalarWriteCase	2	1	2155872256	2139095040	2147483648	9	12689464099587
scalarWriteCase	2	1	2155872256	2139095040	2147483648	10	12689464099587
scalarWriteCase	2	1	2155872256	2139095040	2147483648	11	12689464099587
scalarWriteCase	2	1	2155872256	2139095040	2147483648	12	12689464099587
scalarWriteCase	2	1	2155872256	2139095040	2147483648	13	12689464099587
scalarWriteCase	2	1	2155872256	2139095040	2147483648	14	12689464099715
scalarWriteCase	2	1	2155872256	2139095040	2147483648	15	12689464099715
scalarWriteCase	2	1	2155872256	2139095040	2147483648	16	12689464099587
scalarWriteCase	2	1	2155872256	2139095040	2147483648	17	12689464099587
scalarWriteCase	2	1	2155872256	2139095040	2147483648	18	12689464099715
scalarWriteCase	2	1	2155872256	2139095040	2147483648	19	12689464099714
scalarWriteCase	2	1	2155872256	2139095040	2147483648	20	12689464099587
scalarWriteCase	2	1	2155872256	2139095040	2147483648	21	12689464099587
scalarWriteCase	2	1	2155872256	2139095040	2147483648	22	12689464099587
scalarWriteCase	2	1	2155872256	2139095040	2147483648	23	12689464099715
scalarWriteCase	2	1	2155872256	2139095040	2147483648	24	12689464099612
scalarWriteCase	2	1	2155872256	2139095040	2147483648	25	12689464099823
scalarWriteCase	2	1	2155872256	2139095040	2147483648	26	12689464099776
scalarWriteCase	2	1	2155872256	2139095040	2147483648	27	12689464099730
scalarWriteCase	2	1	2155872256	2139095040	2147483648	28	12689464099619
scalarWriteCase	2	1	2155872256	2139095040	2147483648	29	12689464099828
scalarWriteCase	2	1	2155872256	2139095040	2147483648	30	12689464099779
scalarWriteCase	2	1	2155872256	2139095040	2147483648	31	12689464099731
scalarWriteCase	2	1	2155872256	2139095040	2147483648	32	12689464099626
scalarWriteCase	2	1	2155872256	2139095040	2147483648	33	12689464099833
scalarWriteCase	2	1	2155872256	2139095040	2147483648	34	12689464099782
scalarWriteCase	2	1	2155872256	2139095040	2147483648	35	12689464099732
scalarWriteCase	2	1	2155872256	2139095040	2147483648	36	12689464099633
scalarWriteCase	2	1	2155872256	2139095040	2147483648	37	12689464099838
scalarWriteCase	2	1	2155872256	2139095040	2147483648	38	12689464099785
scalarWriteCase	2	1	2155872256	2139095040	2147483648	39	12689464099733
scalarWriteCase	2	1	2155872256	2139095040	2147483648	40	12689464099640
scalarWriteCase	2	1	2155872256	2139095040	2147483648	41	12689464099587
scalarWriteCase	2	1	2155872256	2139095040	2147483648	42	12689464099789
scalarWriteCase	2	1	2155872256	2139095040	2147483648	43	12689464099734
scalarWriteCase	2	1	2155872256	2139095040	2147483648	44	12689464099647
scalarWriteCase	2	1	2155872256	2139095040	2147483648	45	12689464099592
scalarWriteCase	2	1	2155872256	2139095040	2147483648	46	12689464099792
scalarWriteCase	2	1	2155872256	2139095040	2147483648	47	12689464099735
scalarWriteCase	2	1	2155872256	2139095040	2147483648	48	12689464099654
scalarWriteCase	2	1	2155872256	2139095040	2147483648	49	12689464099597
scalarWriteCase	2	1	2155872256	2139095040	2147483648	50	12689464099795
scalarWriteCase	2	1	2155872256	2139095040	2147483648	51	12689464099736
scalarWriteCase	2	1	2155872256	2139095040	2147483648	52	12689464099661
scalarWriteCase	2	1	2155872256	2139095040	2147483648	53	12689464099602
scalarWriteCase	2	1	2155872256	2139095040	2147483648	54	12689464099798
scalarWriteCase	2	1	2155872256	2139095040	2147483648	55	12689464099737
scalarWriteCase	2	1	2155872256	2139095040	2147483648	56	12689464099668
scalarWriteCase	2	1	2155872256	2139095040	2147483648	57	12689464099607
scalarWriteCase	2	1	2155872256	2139095040	2147483648	58	12689464099801
scalarWriteCase	2	1	2155872256	2139095040	2147483648	59	12689464099738
scalarWriteCase	2	1	2155872256	2139095040	2147483648	60	12689464099675
scalarWriteCase	2	1	2155872256	2139095040	2147483648	61	12689464099612
scalarWriteCase	2	1	2155872256	2139095040	2147483648	62	12689464099804
scalarWriteCase	2	1	2155872256	2139095040	2147483648	63	12689464099739
scalarWriteCase	3	2147483649	1065353216	4286578688	1	0	10736243838717
scalarWriteCase	3	2147483649	1065353216	4286578688	1	1	10736243838683
scalarWriteCase	3	2147483649	1065353216	4286578688	1	2	10736243838649
scalarWriteCase	3	2147483649	1065353216	4286578688	1	3	10736243838615
scalarWriteCase	3	2147483649	1065353216	4286578688	1	4	10736243838724
scalarWriteCase	3	2147483649	1065353216	4286578688	1	5	10736243838688
scalarWriteCase	3	2147483649	1065353216	4286578688	1	6	10736243838652
scalarWriteCase	3	2147483649	1065353216	4286578688	1	7	10736243838616
scalarWriteCase	3	2147483649	1065353216	4286578688	1	8	10736243838731
scalarWriteCase	3	2147483649	1065353216	4286578688	1	9	10736243838693
scalarWriteCase	3	2147483649	1065353216	4286578688	1	10	10736243838655
scalarWriteCase	3	2147483649	1065353216	4286578688	1	11	10736243838617
scalarWriteCase	3	2147483649	1065353216	4286578688	1	12	10736243838479
scalarWriteCase	3	2147483649	1065353216	4286578688	1	13	10736243838478
scalarWriteCase	3	2147483649	1065353216	4286578688	1	14	10736243838478
scalarWriteCase	3	2147483649	1065353216	4286578688	1	15	10736243838606
scalarWriteCase	3	2147483649	1065353216	4286578688	1	16	10736243838478
scalarWriteCase	3	2147483649	1065353216	4286578688	1	17	10736243838478
scalarWriteCase	3	2147483649	1065353216	4286578688	1	18	10736243838606
scalarWriteCase	3	2147483649	1065353216	4286578688	1	19	10736243838541
scalarWriteCase	3	2147483649	1065353216	4286578688	1	20	10736243838478
scalarWriteCase	3	2147483649	1065353216	4286578688	1	21	10736243838478
scalarWriteCase	3	2147483649	1065353216	4286578688	1	22	10736243838606
scalarWriteCase	3	2147483649	1065353216	4286578688	1	23	10736243838733
scalarWriteCase	3	2147483649	1065353216	4286578688	1	24	10736243838479
scalarWriteCase	3	2147483649	1065353216	4286578688	1	25	10736243838478
scalarWriteCase	3	2147483649	1065353216	4286578688	1	26	10736243838478
scalarWriteCase	3	2147483649	1065353216	4286578688	1	27	10736243838478
scalarWriteCase	3	2147483649	1065353216	4286578688	1	28	10736243838510
scalarWriteCase	3	2147483649	1065353216	4286578688	1	29	10736243838719
scalarWriteCase	3	2147483649	1065353216	4286578688	1	30	10736243838670
scalarWriteCase	3	2147483649	1065353216	4286578688	1	31	10736243838622
scalarWriteCase	3	2147483649	1065353216	4286578688	1	32	10736243838517
scalarWriteCase	3	2147483649	1065353216	4286578688	1	33	10736243838724
scalarWriteCase	3	2147483649	1065353216	4286578688	1	34	10736243838673
scalarWriteCase	3	2147483649	1065353216	4286578688	1	35	10736243838623
scalarWriteCase	3	2147483649	1065353216	4286578688	1	36	10736243838524
scalarWriteCase	3	2147483649	1065353216	4286578688	1	37	10736243838729
scalarWriteCase	3	2147483649	1065353216	4286578688	1	38	10736243838676
scalarWriteCase	3	2147483649	1065353216	4286578688	1	39	10736243838624
scalarWriteCase	3	2147483649	1065353216	4286578688	1	40	10736243838531
scalarWriteCase	3	2147483649	1065353216	4286578688	1	41	10736243838478
scalarWriteCase	3	2147483649	1065353216	4286578688	1	42	10736243838680
scalarWriteCase	3	2147483649	1065353216	4286578688	1	43	10736243838625
scalarWriteCase	3	2147483649	1065353216	4286578688	1	44	10736243838538
scalarWriteCase	3	2147483649	1065353216	4286578688	1	45	10736243838483
scalarWriteCase	3	2147483649	1065353216	4286578688	1	46	10736243838683
scalarWriteCase	3	2147483649	1065353216	4286578688	1	47	10736243838626
scalarWriteCase	3	2147483649	1065353216	4286578688	1	48	10736243838545
scalarWriteCase	3	2147483649	1065353216	4286578688	1	49	10736243838488
scalarWriteCase	3	2147483649	1065353216	4286578688	1	50	10736243838686
scalarWriteCase	3	2147483649	1065353216	4286578688	1	51	10736243838627
scalarWriteCase	3	2147483649	1065353216	4286578688	1	52	10736243838552
scalarWriteCase	3	2147483649	1065353216	4286578688	1	53	10736243838493
scalarWriteCase	3	2147483649	1065353216	4286578688	1	54	10736243838689
scalarWriteCase	3	2147483649	1065353216	4286578688	1	55	10736243838628
scalarWriteCase	3	2147483649	1065353216	4286578688	1	56	10736243838559
scalarWriteCase	3	2147483649	1065353216	4286578688	1	57	10736243838498
scalarWriteCase	3	2147483649	1065353216	4286578688	1	58	10736243838692
scalarWriteCase	3	2147483649	1065353216	4286578688	1	59	10736243838629
scalarWriteCase	3	2147483649	1065353216	4286578688	1	60	10736243838566
scalarWriteCase	3	2147483649	1065353216	4286578688	1	61	10736243838503
scalarWriteCase	3	2147483649	1065353216	4286578688	1	62	10736243838695
scalarWriteCase	3	2147483649	1065353216	4286578688	1	63	10736243838630
scalarWriteCase	4	8388607	3212836864	2143363909	2147483649	0	14061810934490
scalarWriteCase	4	8388607	3212836864	2143363909	2147483649	1	14061810934456
scalarWriteCase	4	8388607	3212836864	2143363909	2147483649	2	14061810934422
scalarWriteCase	4	8388607	3212836864	2143363909	2147483649	3	14061810934388
scalarWriteCase	4	8388607	3212836864	2143363909	2147483649	4	14061810934497
scalarWriteCase	4	8388607	3212836864	2143363909	2147483649	5	14061810934461
scalarWriteCase	4	8388607	3212836864	2143363909	2147483649	6	14061810934425
scalarWriteCase	4	8388607	3212836864	2143363909	2147483649	7	14061810934389
scalarWriteCase	4	8388607	3212836864	2143363909	2147483649	8	14061810934504
scalarWriteCase	4	8388607	3212836864	2143363909	2147483649	9	14061810934466
scalarWriteCase	4	8388607	3212836864	2143363909	2147483649	10	14061810934428
scalarWriteCase	4	8388607	3212836864	2143363909	2147483649	11	14061810934390
scalarWriteCase	4	8388607	3212836864	2143363909	2147483649	12	14061810934255
scalarWriteCase	4	8388607	3212836864	2143363909	2147483649	13	14061810934472
scalarWriteCase	4	8388607	3212836864	2143363909	2147483649	14	14061810934431
scalarWriteCase	4	8388607	3212836864	2143363909	2147483649	15	14061810934391
scalarWriteCase	4	8388607	3212836864	2143363909	2147483649	16	14061810934506
scalarWriteCase	4	8388607	3212836864	2143363909	2147483649	17	14061810934506
scalarWriteCase	4	8388607	3212836864	2143363909	2147483649	18	14061810934378
scalarWriteCase	4	8388607	3212836864	2143363909	2147483649	19	14061810934251
scalarWriteCase	4	8388607	3212836864	2143363909	2147483649	20	14061810934251
scalarWriteCase	4	8388607	3212836864	2143363909	2147483649	21	14061810934251
scalarWriteCase	4	8388607	3212836864	2143363909	2147483649	22	14061810934379
scalarWriteCase	4	8388607	3212836864	2143363909	2147483649	23	14061810934442
scalarWriteCase	4	8388607	3212836864	2143363909	2147483649	24	14061810934320
scalarWriteCase	4	8388607	3212836864	2143363909	2147483649	25	14061810934286
scalarWriteCase	4	8388607	3212836864	2143363909	2147483649	26	14061810934444
scalarWriteCase	4	8388607	3212836864	2143363909	2147483649	27	14061810934378
scalarWriteCase	4	8388607	3212836864	2143363909	2147483649	28	14061810934252
scalarWriteCase	4	8388607	3212836864	2143363909	2147483649	29	14061810934251
scalarWriteCase	4	8388607	3212836864	2143363909	2147483649	30	14061810934251
scalarWriteCase	4	8388607	3212836864	2143363909	2147483649	31	14061810934379
scalarWriteCase	4	8388607	3212836864	2143363909	2147483649	32	14061810934290
scalarWriteCase	4	8388607	3212836864	2143363909	2147483649	33	14061810934497
scalarWriteCase	4	8388607	3212836864	2143363909	2147483649	34	14061810934446
scalarWriteCase	4	8388607	3212836864	2143363909	2147483649	35	14061810934396
scalarWriteCase	4	8388607	3212836864	2143363909	2147483649	36	14061810934297
scalarWriteCase	4	8388607	3212836864	2143363909	2147483649	37	14061810934502
scalarWriteCase	4	8388607	3212836864	2143363909	2147483649	38	14061810934449
scalarWriteCase	4	8388607	3212836864	2143363909	2147483649	39	14061810934397
scalarWriteCase	4	8388607	3212836864	2143363909	2147483649	40	14061810934304
scalarWriteCase	4	8388607	3212836864	2143363909	2147483649	41	14061810934251
scalarWriteCase	4	8388607	3212836864	2143363909	2147483649	42	14061810934453
scalarWriteCase	4	8388607	3212836864	2143363909	2147483649	43	14061810934398
scalarWriteCase	4	8388607	3212836864	2143363909	2147483649	44	14061810934311
scalarWriteCase	4	8388607	3212836864	2143363909	2147483649	45	14061810934256
scalarWriteCase	4	8388607	3212836864	2143363909	2147483649	46	14061810934456
scalarWriteCase	4	8388607	3212836864	2143363909	2147483649	47	14061810934399
scalarWriteCase	4	8388607	3212836864	2143363909	2147483649	48	14061810934318
scalarWriteCase	4	8388607	3212836864	2143363909	2147483649	49	14061810934261
scalarWriteCase	4	8388607	3212836864	2143363909	2147483649	50	14061810934459
scalarWriteCase	4	8388607	3212836864	2143363909	2147483649	51	14061810934400
scalarWriteCase	4	8388607	3212836864	2143363909	2147483649	52	14061810934325
scalarWriteCase	4	8388607	3212836864	2143363909	2147483649	53	14061810934266
scalarWriteCase	4	8388607	3212836864	2143363909	2147483649	54	14061810934462
scalarWriteCase	4	8388607	3212836864	2143363909	2147483649	55	14061810934401
scalarWriteCase	4	8388607	3212836864	2143363909	2147483649	56	14061810934332
scalarWriteCase	4	8388607	3212836864	2143363909	2147483649	57	14061810934271
scalarWriteCase	4	8388607	3212836864	2143363909	2147483649	58	14061810934465
scalarWriteCase	4	8388607	3212836864	2143363909	2147483649	59	14061810934402
scalarWriteCase	4	8388607	3212836864	2143363909	2147483649	60	14061810934339
scalarWriteCase	4	8388607	3212836864	2143363909	2147483649	61	14061810934276
scalarWriteCase	4	8388607	3212836864	2143363909	2147483649	62	14061810934468
scalarWriteCase	4	8388607	3212836864	2143363909	2147483649	63	14061810934403
scalarWriteCase	5	2155872255	2139095039	4291117857	8388607	0	12154350250691
scalarWriteCase	5	2155872255	2139095039	4291117857	8388607	1	12154350250657
scalarWriteCase	5	2155872255	2139095039	4291117857	8388607	2	12154350250623
scalarWriteCase	5	2155872255	2139095039	4291117857	8388607	3	12154350250589
scalarWriteCase	5	2155872255	2139095039	4291117857	8388607	4	12154350250698
scalarWriteCase	5	2155872255	2139095039	4291117857	8388607	5	12154350250662
scalarWriteCase	5	2155872255	2139095039	4291117857	8388607	6	12154350250626
scalarWriteCase	5	2155872255	2139095039	4291117857	8388607	7	12154350250590
scalarWriteCase	5	2155872255	2139095039	4291117857	8388607	8	12154350250705
scalarWriteCase	5	2155872255	2139095039	4291117857	8388607	9	12154350250667
scalarWriteCase	5	2155872255	2139095039	4291117857	8388607	10	12154350250629
scalarWriteCase	5	2155872255	2139095039	4291117857	8388607	11	12154350250591
scalarWriteCase	5	2155872255	2139095039	4291117857	8388607	12	12154350250456
scalarWriteCase	5	2155872255	2139095039	4291117857	8388607	13	12154350250673
scalarWriteCase	5	2155872255	2139095039	4291117857	8388607	14	12154350250632
scalarWriteCase	5	2155872255	2139095039	4291117857	8388607	15	12154350250592
scalarWriteCase	5	2155872255	2139095039	4291117857	8388607	16	12154350250463
scalarWriteCase	5	2155872255	2139095039	4291117857	8388607	17	12154350250678
scalarWriteCase	5	2155872255	2139095039	4291117857	8388607	18	12154350250635
scalarWriteCase	5	2155872255	2139095039	4291117857	8388607	19	12154350250593
scalarWriteCase	5	2155872255	2139095039	4291117857	8388607	20	12154350250707
scalarWriteCase	5	2155872255	2139095039	4291117857	8388607	21	12154350250707
scalarWriteCase	5	2155872255	2139095039	4291117857	8388607	22	12154350250579
scalarWriteCase	5	2155872255	2139095039	4291117857	8388607	23	12154350250580
scalarWriteCase	5	2155872255	2139095039	4291117857	8388607	24	12154350250707
scalarWriteCase	5	2155872255	2139095039	4291117857	8388607	25	12154350250707
scalarWriteCase	5	2155872255	2139095039	4291117857	8388607	26	12154350250579
scalarWriteCase	5	2155872255	2139095039	4291117857	8388607	27	12154350250579
scalarWriteCase	5	2155872255	2139095039	4291117857	8388607	28	12154350250485
scalarWriteCase	5	2155872255	2139095039	4291117857	8388607	29	12154350250519
scalarWriteCase	5	2155872255	2139095039	4291117857	8388607	30	12154350250649
scalarWriteCase	5	2155872255	2139095039	4291117857	8388607	31	12154350250707
scalarWriteCase	5	2155872255	2139095039	4291117857	8388607	32	12154350250707
scalarWriteCase	5	2155872255	2139095039	4291117857	8388607	33	12154350250707
scalarWriteCase	5	2155872255	2139095039	4291117857	8388607	34	12154350250579
scalarWriteCase	5	2155872255	2139095039	4291117857	8388607	35	12154350250452
scalarWriteCase	5	2155872255	2139095039	4291117857	8388607	36	12154350250498
scalarWriteCase	5	2155872255	2139095039	4291117857	8388607	37	12154350250703
scalarWriteCase	5	2155872255	2139095039	4291117857	8388607	38	12154350250650
scalarWriteCase	5	2155872255	2139095039	4291117857	8388607	39	12154350250598
scalarWriteCase	5	2155872255	2139095039	4291117857	8388607	40	12154350250505
scalarWriteCase	5	2155872255	2139095039	4291117857	8388607	41	12154350250452
scalarWriteCase	5	2155872255	2139095039	4291117857	8388607	42	12154350250654
scalarWriteCase	5	2155872255	2139095039	4291117857	8388607	43	12154350250599
scalarWriteCase	5	2155872255	2139095039	4291117857	8388607	44	12154350250512
scalarWriteCase	5	2155872255	2139095039	4291117857	8388607	45	12154350250457
scalarWriteCase	5	2155872255	2139095039	4291117857	8388607	46	12154350250657
scalarWriteCase	5	2155872255	2139095039	4291117857	8388607	47	12154350250600
scalarWriteCase	5	2155872255	2139095039	4291117857	8388607	48	12154350250519
scalarWriteCase	5	2155872255	2139095039	4291117857	8388607	49	12154350250462
scalarWriteCase	5	2155872255	2139095039	4291117857	8388607	50	12154350250660
scalarWriteCase	5	2155872255	2139095039	4291117857	8388607	51	12154350250601
scalarWriteCase	5	2155872255	2139095039	4291117857	8388607	52	12154350250526
scalarWriteCase	5	2155872255	2139095039	4291117857	8388607	53	12154350250467
scalarWriteCase	5	2155872255	2139095039	4291117857	8388607	54	12154350250663
scalarWriteCase	5	2155872255	2139095039	4291117857	8388607	55	12154350250602
scalarWriteCase	5	2155872255	2139095039	4291117857	8388607	56	12154350250533
scalarWriteCase	5	2155872255	2139095039	4291117857	8388607	57	12154350250472
scalarWriteCase	5	2155872255	2139095039	4291117857	8388607	58	12154350250666
scalarWriteCase	5	2155872255	2139095039	4291117857	8388607	59	12154350250603
scalarWriteCase	5	2155872255	2139095039	4291117857	8388607	60	12154350250540
scalarWriteCase	5	2155872255	2139095039	4291117857	8388607	61	12154350250477
scalarWriteCase	5	2155872255	2139095039	4291117857	8388607	62	12154350250669
scalarWriteCase	5	2155872255	2139095039	4291117857	8388607	63	12154350250604
scalarWriteCase	6	8388608	4286578687	0	2155872255	0	11609372094687
scalarWriteCase	6	8388608	4286578687	0	2155872255	1	11609372094653
scalarWriteCase	6	8388608	4286578687	0	2155872255	2	11609372094619
scalarWriteCase	6	8388608	4286578687	0	2155872255	3	11609372094585
scalarWriteCase	6	8388608	4286578687	0	2155872255	4	11609372094694
scalarWriteCase	6	8388608	4286578687	0	2155872255	5	11609372094658
scalarWriteCase	6	8388608	4286578687	0	2155872255	6	11609372094622
scalarWriteCase	6	8388608	4286578687	0	2155872255	7	11609372094586
scalarWriteCase	6	8388608	4286578687	0	2155872255	8	11609372094701
scalarWriteCase	6	8388608	4286578687	0	2155872255	9	11609372094663
scalarWriteCase	6	8388608	4286578687	0	2155872255	10	11609372094625
scalarWriteCase	6	8388608	4286578687	0	2155872255	11	11609372094587
scalarWriteCase	6	8388608	4286578687	0	2155872255	12	11609372094452
scalarWriteCase	6	8388608	4286578687	0	2155872255	13	11609372094669
scalarWriteCase	6	8388608	4286578687	0	2155872255	14	11609372094628
scalarWriteCase	6	8388608	4286578687	0	2155872255	15	11609372094588
scalarWriteCase	6	8388608	4286578687	0	2155872255	16	11609372094459
scalarWriteCase	6	8388608	4286578687	0	2155872255	17	11609372094674
scalarWriteCase	6	8388608	4286578687	0	2155872255	18	11609372094631
scalarWriteCase	6	8388608	4286578687	0	2155872255	19	11609372094589
scalarWriteCase	6	8388608	4286578687	0	2155872255	20	11609372094466
scalarWriteCase	6	8388608	4286578687	0	2155872255	21	11609372094679
scalarWriteCase	6	8388608	4286578687	0	2155872255	22	11609372094634
scalarWriteCase	6	8388608	4286578687	0	2155872255	23	11609372094590
scalarWriteCase	6	8388608	4286578687	0	2155872255	24	11609372094448
scalarWriteCase	6	8388608	4286578687	0	2155872255	25	11609372094448
scalarWriteCase	6	8388608	4286578687	0	2155872255	26	11609372094576
scalarWriteCase	6	8388608	4286578687	0	2155872255	27	11609372094448
scalarWriteCase	6	8388608	4286578687	0	2155872255	28	11609372094703
scalarWriteCase	6	8388608	4286578687	0	2155872255	29	11609372094703
scalarWriteCase	6	8388608	4286578687	0	2155872255	30	11609372094575
scalarWriteCase	6	8388608	4286578687	0	2155872255	31	11609372094703
scalarWriteCase	6	8388608	4286578687	0	2155872255	32	11609372094448
scalarWriteCase	6	8388608	4286578687	0	2155872255	33	11609372094448
scalarWriteCase	6	8388608	4286578687	0	2155872255	34	11609372094448
scalarWriteCase	6	8388608	4286578687	0	2155872255	35	11609372094448
scalarWriteCase	6	8388608	4286578687	0	2155872255	36	11609372094703
scalarWriteCase	6	8388608	4286578687	0	2155872255	37	11609372094703
scalarWriteCase	6	8388608	4286578687	0	2155872255	38	11609372094575
scalarWriteCase	6	8388608	4286578687	0	2155872255	39	11609372094576
scalarWriteCase	6	8388608	4286578687	0	2155872255	40	11609372094501
scalarWriteCase	6	8388608	4286578687	0	2155872255	41	11609372094448
scalarWriteCase	6	8388608	4286578687	0	2155872255	42	11609372094650
scalarWriteCase	6	8388608	4286578687	0	2155872255	43	11609372094595
scalarWriteCase	6	8388608	4286578687	0	2155872255	44	11609372094508
scalarWriteCase	6	8388608	4286578687	0	2155872255	45	11609372094453
scalarWriteCase	6	8388608	4286578687	0	2155872255	46	11609372094653
scalarWriteCase	6	8388608	4286578687	0	2155872255	47	11609372094596
scalarWriteCase	6	8388608	4286578687	0	2155872255	48	11609372094515
scalarWriteCase	6	8388608	4286578687	0	2155872255	49	11609372094458
scalarWriteCase	6	8388608	4286578687	0	2155872255	50	11609372094656
scalarWriteCase	6	8388608	4286578687	0	2155872255	51	11609372094597
scalarWriteCase	6	8388608	4286578687	0	2155872255	52	11609372094522
scalarWriteCase	6	8388608	4286578687	0	2155872255	53	11609372094463
scalarWriteCase	6	8388608	4286578687	0	2155872255	54	11609372094659
scalarWriteCase	6	8388608	4286578687	0	2155872255	55	11609372094598
scalarWriteCase	6	8388608	4286578687	0	2155872255	56	11609372094529
scalarWriteCase	6	8388608	4286578687	0	2155872255	57	11609372094468
scalarWriteCase	6	8388608	4286578687	0	2155872255	58	11609372094662
scalarWriteCase	6	8388608	4286578687	0	2155872255	59	11609372094599
scalarWriteCase	6	8388608	4286578687	0	2155872255	60	11609372094536
scalarWriteCase	6	8388608	4286578687	0	2155872255	61	11609372094473
scalarWriteCase	6	8388608	4286578687	0	2155872255	62	11609372094665
scalarWriteCase	6	8388608	4286578687	0	2155872255	63	11609372094600
scalarWriteCase	7	2155872256	2139095040	2147483648	8388608	0	8297952313583
scalarWriteCase	7	2155872256	2139095040	2147483648	8388608	1	8297952313549
scalarWriteCase	7	2155872256	2139095040	2147483648	8388608	2	8297952313515
scalarWriteCase	7	2155872256	2139095040	2147483648	8388608	3	8297952313481
scalarWriteCase	7	2155872256	2139095040	2147483648	8388608	4	8297952313590
scalarWriteCase	7	2155872256	2139095040	2147483648	8388608	5	8297952313554
scalarWriteCase	7	2155872256	2139095040	2147483648	8388608	6	8297952313518
scalarWriteCase	7	2155872256	2139095040	2147483648	8388608	7	8297952313482
scalarWriteCase	7	2155872256	2139095040	2147483648	8388608	8	8297952313597
scalarWriteCase	7	2155872256	2139095040	2147483648	8388608	9	8297952313559
scalarWriteCase	7	2155872256	2139095040	2147483648	8388608	10	8297952313521
scalarWriteCase	7	2155872256	2139095040	2147483648	8388608	11	8297952313483
scalarWriteCase	7	2155872256	2139095040	2147483648	8388608	12	8297952313348
scalarWriteCase	7	2155872256	2139095040	2147483648	8388608	13	8297952313565
scalarWriteCase	7	2155872256	2139095040	2147483648	8388608	14	8297952313524
scalarWriteCase	7	2155872256	2139095040	2147483648	8388608	15	8297952313484
scalarWriteCase	7	2155872256	2139095040	2147483648	8388608	16	8297952313355
scalarWriteCase	7	2155872256	2139095040	2147483648	8388608	17	8297952313570
scalarWriteCase	7	2155872256	2139095040	2147483648	8388608	18	8297952313527
scalarWriteCase	7	2155872256	2139095040	2147483648	8388608	19	8297952313485
scalarWriteCase	7	2155872256	2139095040	2147483648	8388608	20	8297952313362
scalarWriteCase	7	2155872256	2139095040	2147483648	8388608	21	8297952313575
scalarWriteCase	7	2155872256	2139095040	2147483648	8388608	22	8297952313530
scalarWriteCase	7	2155872256	2139095040	2147483648	8388608	23	8297952313486
scalarWriteCase	7	2155872256	2139095040	2147483648	8388608	24	8297952313369
scalarWriteCase	7	2155872256	2139095040	2147483648	8388608	25	8297952313580
scalarWriteCase	7	2155872256	2139095040	2147483648	8388608	26	8297952313533
scalarWriteCase	7	2155872256	2139095040	2147483648	8388608	27	8297952313487
scalarWriteCase	7	2155872256	2139095040	2147483648	8388608	28	8297952313344
scalarWriteCase	7	2155872256	2139095040	2147483648	8388608	29	8297952313344
scalarWriteCase	7	2155872256	2139095040	2147483648	8388608	30	8297952313472
scalarWriteCase	7	2155872256	2139095040	2147483648	8388608	31	8297952313472
scalarWriteCase	7	2155872256	2139095040	2147483648	8388608	32	8297952313344
scalarWriteCase	7	2155872256	2139095040	2147483648	8388608	33	8297952313344
scalarWriteCase	7	2155872256	2139095040	2147483648	8388608	34	8297952313472
scalarWriteCase	7	2155872256	2139095040	2147483648	8388608	35	8297952313471
scalarWriteCase	7	2155872256	2139095040	2147483648	8388608	36	8297952313344
scalarWriteCase	7	2155872256	2139095040	2147483648	8388608	37	8297952313344
scalarWriteCase	7	2155872256	2139095040	2147483648	8388608	38	8297952313344
scalarWriteCase	7	2155872256	2139095040	2147483648	8388608	39	8297952313472
scalarWriteCase	7	2155872256	2139095040	2147483648	8388608	40	8297952313344
scalarWriteCase	7	2155872256	2139095040	2147483648	8388608	41	8297952313344
scalarWriteCase	7	2155872256	2139095040	2147483648	8388608	42	8297952313472
scalarWriteCase	7	2155872256	2139095040	2147483648	8388608	43	8297952313344
scalarWriteCase	7	2155872256	2139095040	2147483648	8388608	44	8297952313404
scalarWriteCase	7	2155872256	2139095040	2147483648	8388608	45	8297952313349
scalarWriteCase	7	2155872256	2139095040	2147483648	8388608	46	8297952313549
scalarWriteCase	7	2155872256	2139095040	2147483648	8388608	47	8297952313492
scalarWriteCase	7	2155872256	2139095040	2147483648	8388608	48	8297952313411
scalarWriteCase	7	2155872256	2139095040	2147483648	8388608	49	8297952313354
scalarWriteCase	7	2155872256	2139095040	2147483648	8388608	50	8297952313552
scalarWriteCase	7	2155872256	2139095040	2147483648	8388608	51	8297952313493
scalarWriteCase	7	2155872256	2139095040	2147483648	8388608	52	8297952313418
scalarWriteCase	7	2155872256	2139095040	2147483648	8388608	53	8297952313359
scalarWriteCase	7	2155872256	2139095040	2147483648	8388608	54	8297952313555
scalarWriteCase	7	2155872256	2139095040	2147483648	8388608	55	8297952313494
scalarWriteCase	7	2155872256	2139095040	2147483648	8388608	56	8297952313425
scalarWriteCase	7	2155872256	2139095040	2147483648	8388608	57	8297952313364
scalarWriteCase	7	2155872256	2139095040	2147483648	8388608	58	8297952313558
scalarWriteCase	7	2155872256	2139095040	2147483648	8388608	59	8297952313495
scalarWriteCase	7	2155872256	2139095040	2147483648	8388608	60	8297952313432
scalarWriteCase	7	2155872256	2139095040	2147483648	8388608	61	8297952313369
scalarWriteCase	7	2155872256	2139095040	2147483648	8388608	62	8297952313561
scalarWriteCase	7	2155872256	2139095040	2147483648	8388608	63	8297952313496
scalarWriteCase	8	1065353216	4286578688	1	2155872256	0	12424291813366
scalarWriteCase	8	1065353216	4286578688	1	2155872256	1	12424291813332
scalarWriteCase	8	1065353216	4286578688	1	2155872256	2	12424291813298
scalarWriteCase	8	1065353216	4286578688	1	2155872256	3	12424291813264
scalarWriteCase	8	1065353216	4286578688	1	2155872256	4	12424291813373
scalarWriteCase	8	1065353216	4286578688	1	2155872256	5	12424291813337
scalarWriteCase	8	1065353216	4286578688	1	2155872256	6	12424291813301
scalarWriteCase	8	1065353216	4286578688	1	2155872256	7	12424291813265
scalarWriteCase	8	1065353216	4286578688	1	2155872256	8	12424291813380
scalarWriteCase	8	1065353216	4286578688	1	2155872256	9	12424291813342
scalarWriteCase	8	1065353216	4286578688	1	2155872256	10	12424291813304
scalarWriteCase	8	1065353216	4286578688	1	2155872256	11	12424291813266
scalarWriteCase	8	1065353216	4286578688	1	2155872256	12	12424291813131
scalarWriteCase	8	1065353216	4286578688	1	2155872256	13	12424291813348
scalarWriteCase	8	1065353216	4286578688	1	2155872256	14	12424291813307
scalarWriteCase	8	1065353216	4286578688	1	2155872256	15	12424291813267
scalarWriteCase	8	1065353216	4286578688	1	2155872256	16	12424291813138
scalarWriteCase	8	1065353216	4286578688	1	2155872256	17	12424291813353
scalarWriteCase	8	1065353216	4286578688	1	2155872256	18	12424291813310
scalarWriteCase	8	1065353216	4286578688	1	2155872256	19	12424291813268
scalarWriteCase	8	1065353216	4286578688	1	2155872256	20	12424291813145
scalarWriteCase	8	1065353216	4286578688	1	2155872256	21	12424291813358
scalarWriteCase	8	1065353216	4286578688	1	2155872256	22	12424291813313
scalarWriteCase	8	1065353216	4286578688	1	2155872256	23	12424291813269
scalarWriteCase	8	1065353216	4286578688	1	2155872256	24	12424291813152
scalarWriteCase	8	1065353216	4286578688	1	2155872256	25	12424291813363
scalarWriteCase	8	1065353216	4286578688	1	2155872256	26	12424291813316
scalarWriteCase	8	1065353216	4286578688	1	2155872256	27	12424291813270
scalarWriteCase	8	1065353216	4286578688	1	2155872256	28	12424291813159
scalarWriteCase	8	1065353216	4286578688	1	2155872256	29	12424291813368
scalarWriteCase	8	1065353216	4286578688	1	2155872256	30	12424291813319
scalarWriteCase	8	1065353216	4286578688	1	2155872256	31	12424291813271
scalarWriteCase	8	1065353216	4286578688	1	2155872256	32	12424291813127
scalarWriteCase	8	1065353216	4286578688	1	2155872256	33	12424291813127
scalarWriteCase	8	1065353216	4286578688	1	2155872256	34	12424291813255
scalarWriteCase	8	1065353216	4286578688	1	2155872256	35	12424291813190
scalarWriteCase	8	1065353216	4286578688	1	2155872256	36	12424291813127
scalarWriteCase	8	1065353216	4286578688	1	2155872256	37	12424291813127
scalarWriteCase	8	1065353216	4286578688	1	2155872256	38	12424291813255
scalarWriteCase	8	1065353216	4286578688	1	2155872256	39	12424291813382
scalarWriteCase	8	1065353216	4286578688	1	2155872256	40	12424291813128
scalarWriteCase	8	1065353216	4286578688	1	2155872256	41	12424291813127
scalarWriteCase	8	1065353216	4286578688	1	2155872256	42	12424291813127
scalarWriteCase	8	1065353216	4286578688	1	2155872256	43	12424291813127
scalarWriteCase	8	1065353216	4286578688	1	2155872256	44	12424291813127
scalarWriteCase	8	1065353216	4286578688	1	2155872256	45	12424291813127
scalarWriteCase	8	1065353216	4286578688	1	2155872256	46	12424291813255
scalarWriteCase	8	1065353216	4286578688	1	2155872256	47	12424291813255
scalarWriteCase	8	1065353216	4286578688	1	2155872256	48	12424291813194
scalarWriteCase	8	1065353216	4286578688	1	2155872256	49	12424291813137
scalarWriteCase	8	1065353216	4286578688	1	2155872256	50	12424291813335
scalarWriteCase	8	1065353216	4286578688	1	2155872256	51	12424291813276
scalarWriteCase	8	1065353216	4286578688	1	2155872256	52	12424291813201
scalarWriteCase	8	1065353216	4286578688	1	2155872256	53	12424291813142
scalarWriteCase	8	1065353216	4286578688	1	2155872256	54	12424291813338
scalarWriteCase	8	1065353216	4286578688	1	2155872256	55	12424291813277
scalarWriteCase	8	1065353216	4286578688	1	2155872256	56	12424291813208
scalarWriteCase	8	1065353216	4286578688	1	2155872256	57	12424291813147
scalarWriteCase	8	1065353216	4286578688	1	2155872256	58	12424291813341
scalarWriteCase	8	1065353216	4286578688	1	2155872256	59	12424291813278
scalarWriteCase	8	1065353216	4286578688	1	2155872256	60	12424291813215
scalarWriteCase	8	1065353216	4286578688	1	2155872256	61	12424291813152
scalarWriteCase	8	1065353216	4286578688	1	2155872256	62	12424291813344
scalarWriteCase	8	1065353216	4286578688	1	2155872256	63	12424291813279
scalarWriteCase	9	3212836864	2143363909	2147483649	1065353216	0	12106396471631
scalarWriteCase	9	3212836864	2143363909	2147483649	1065353216	1	12106396471597
scalarWriteCase	9	3212836864	2143363909	2147483649	1065353216	2	12106396471563
scalarWriteCase	9	3212836864	2143363909	2147483649	1065353216	3	12106396471529
scalarWriteCase	9	3212836864	2143363909	2147483649	1065353216	4	12106396471638
scalarWriteCase	9	3212836864	2143363909	2147483649	1065353216	5	12106396471602
scalarWriteCase	9	3212836864	2143363909	2147483649	1065353216	6	12106396471566
scalarWriteCase	9	3212836864	2143363909	2147483649	1065353216	7	12106396471530
scalarWriteCase	9	3212836864	2143363909	2147483649	1065353216	8	12106396471645
scalarWriteCase	9	3212836864	2143363909	2147483649	1065353216	9	12106396471607
scalarWriteCase	9	3212836864	2143363909	2147483649	1065353216	10	12106396471569
scalarWriteCase	9	3212836864	2143363909	2147483649	1065353216	11	12106396471531
scalarWriteCase	9	3212836864	2143363909	2147483649	1065353216	12	12106396471396
scalarWriteCase	9	3212836864	2143363909	2147483649	1065353216	13	12106396471613
scalarWriteCase	9	3212836864	2143363909	2147483649	1065353216	14	12106396471572
scalarWriteCase	9	3212836864	2143363909	2147483649	1065353216	15	12106396471532
scalarWriteCase	9	3212836864	2143363909	2147483649	1065353216	16	12106396471403
scalarWriteCase	9	3212836864	2143363909	2147483649	1065353216	17	12106396471618
scalarWriteCase	9	3212836864	2143363909	2147483649	1065353216	18	12106396471575
scalarWriteCase	9	3212836864	2143363909	2147483649	1065353216	19	12106396471533
scalarWriteCase	9	3212836864	2143363909	2147483649	1065353216	20	12106396471410
scalarWriteCase	9	3212836864	2143363909	2147483649	1065353216	21	12106396471623
scalarWriteCase	9	3212836864	2143363909	2147483649	1065353216	22	12106396471578
scalarWriteCase	9	3212836864	2143363909	2147483649	1065353216	23	12106396471534
scalarWriteCase	9	3212836864	2143363909	2147483649	1065353216	24	12106396471417
scalarWriteCase	9	3212836864	2143363909	2147483649	1065353216	25	12106396471628
scalarWriteCase	9	3212836864	2143363909	2147483649	1065353216	26	12106396471581
scalarWriteCase	9	3212836864	2143363909	2147483649	1065353216	27	12106396471535
scalarWriteCase	9	3212836864	2143363909	2147483649	1065353216	28	12106396471424
scalarWriteCase	9	3212836864	2143363909	2147483649	1065353216	29	12106396471633
scalarWriteCase	9	3212836864	2143363909	2147483649	1065353216	30	12106396471584
scalarWriteCase	9	3212836864	2143363909	2147483649	1065353216	31	12106396471536
scalarWriteCase	9	3212836864	2143363909	2147483649	1065353216	32	12106396471431
scalarWriteCase	9	3212836864	2143363909	2147483649	1065353216	33	12106396471638
scalarWriteCase	9	3212836864	2143363909	2147483649	1065353216	34	12106396471587
scalarWriteCase	9	3212836864	2143363909	2147483649	1065353216	35	12106396471537
scalarWriteCase	9	3212836864	2143363909	2147483649	1065353216	36	12106396471392
scalarWriteCase	9	3212836864	2143363909	2147483649	1065353216	37	12106396471392
scalarWriteCase	9	3212836864	2143363909	2147483649	1065353216	38	12106396471520
scalarWriteCase	9	3212836864	2143363909	2147483649	1065353216	39	12106396471583
scalarWriteCase	9	3212836864	2143363909	2147483649	1065353216	40	12106396471461
scalarWriteCase	9	3212836864	2143363909	2147483649	1065353216	41	12106396471427
scalarWriteCase	9	3212836864	2143363909	2147483649	1065353216	42	12106396471585
scalarWriteCase	9	3212836864	2143363909	2147483649	1065353216	43	12106396471519
scalarWriteCase	9	3212836864	2143363909	2147483649	1065353216	44	12106396471393
scalarWriteCase	9	3212836864	2143363909	2147483649	1065353216	45	12106396471392
scalarWriteCase	9	3212836864	2143363909	2147483649	1065353216	46	12106396471392
scalarWriteCase	9	3212836864	2143363909	2147483649	1065353216	47	12106396471520
scalarWriteCase	9	3212836864	2143363909	2147483649	1065353216	48	12106396471392
scalarWriteCase	9	3212836864	2143363909	2147483649	1065353216	49	12106396471392
scalarWriteCase	9	3212836864	2143363909	2147483649	1065353216	50	12106396471520
scalarWriteCase	9	3212836864	2143363909	2147483649	1065353216	51	12106396471455
scalarWriteCase	9	3212836864	2143363909	2147483649	1065353216	52	12106396471466
scalarWriteCase	9	3212836864	2143363909	2147483649	1065353216	53	12106396471407
scalarWriteCase	9	3212836864	2143363909	2147483649	1065353216	54	12106396471603
scalarWriteCase	9	3212836864	2143363909	2147483649	1065353216	55	12106396471542
scalarWriteCase	9	3212836864	2143363909	2147483649	1065353216	56	12106396471473
scalarWriteCase	9	3212836864	2143363909	2147483649	1065353216	57	12106396471412
scalarWriteCase	9	3212836864	2143363909	2147483649	1065353216	58	12106396471606
scalarWriteCase	9	3212836864	2143363909	2147483649	1065353216	59	12106396471543
scalarWriteCase	9	3212836864	2143363909	2147483649	1065353216	60	12106396471480
scalarWriteCase	9	3212836864	2143363909	2147483649	1065353216	61	12106396471417
scalarWriteCase	9	3212836864	2143363909	2147483649	1065353216	62	12106396471609
scalarWriteCase	9	3212836864	2143363909	2147483649	1065353216	63	12106396471544
scalarWriteCase	10	2139095039	4291117857	8388607	3212836864	0	16261109640074
scalarWriteCase	10	2139095039	4291117857	8388607	3212836864	1	16261109640040
scalarWriteCase	10	2139095039	4291117857	8388607	3212836864	2	16261109640006
scalarWriteCase	10	2139095039	4291117857	8388607	3212836864	3	16261109639972
scalarWriteCase	10	2139095039	4291117857	8388607	3212836864	4	16261109640081
scalarWriteCase	10	2139095039	4291117857	8388607	3212836864	5	16261109640045
scalarWriteCase	10	2139095039	4291117857	8388607	3212836864	6	16261109640009
scalarWriteCase	10	2139095039	4291117857	8388607	3212836864	7	16261109639973
scalarWriteCase	10	2139095039	4291117857	8388607	3212836864	8	16261109640088
scalarWriteCase	10	2139095039	4291117857	8388607	3212836864	9	16261109640050
scalarWriteCase	10	2139095039	4291117857	8388607	3212836864	10	16261109640012
scalarWriteCase	10	2139095039	4291117857	8388607	3212836864	11	16261109639974
scalarWriteCase	10	2139095039	4291117857	8388607	3212836864	12	16261109639839
scalarWriteCase	10	2139095039	4291117857	8388607	3212836864	13	16261109640056
scalarWriteCase	10	2139095039	4291117857	8388607	3212836864	14	16261109640015
scalarWriteCase	10	2139095039	4291117857	8388607	3212836864	15	16261109639975
scalarWriteCase	10	2139095039	4291117857	8388607	3212836864	16	16261109639846
scalarWriteCase	10	2139095039	4291117857	8388607	3212836864	17	16261109640061
scalarWriteCase	10	2139095039	4291117857	8388607	3212836864	18	16261109640018
scalarWriteCase	10	2139095039	4291117857	8388607	3212836864	19	16261109639976
scalarWriteCase	10	2139095039	4291117857	8388607	3212836864	20	16261109639853
scalarWriteCase	10	2139095039	4291117857	8388607	3212836864	21	16261109640066
scalarWriteCase	10	2139095039	4291117857	8388607	3212836864	22	16261109640021
scalarWriteCase	10	2139095039	4291117857	8388607	3212836864	23	16261109639977
scalarWriteCase	10	2139095039	4291117857	8388607	3212836864	24	16261109639860
scalarWriteCase	10	2139095039	4291117857	8388607	3212836864	25	16261109640071
scalarWriteCase	10	2139095039	4291117857	8388607	3212836864	26	16261109640024
scalarWriteCase	10	2139095039	4291117857	8388607	3212836864	27	16261109639978
scalarWriteCase	10	2139095039	4291117857	8388607	3212836864	28	16261109639867
scalarWriteCase	10	2139095039	4291117857	8388607	3212836864	29	16261109640076
scalarWriteCase	10	2139095039	4291117857	8388607	3212836864	30	16261109640027
scalarWriteCase	10	2139095039	4291117857	8388607	3212836864	31	16261109639979
scalarWriteCase	10	2139095039	4291117857	8388607	3212836864	32	16261109639874
scalarWriteCase	10	2139095039	4291117857	8388607	3212836864	33	16261109640081
scalarWriteCase	10	2139095039	4291117857	8388607	3212836864	34	16261109640030
scalarWriteCase	10	2139095039	4291117857	8388607	3212836864	35	16261109639980
scalarWriteCase	10	2139095039	4291117857	8388607	3212836864	36	16261109639881
scalarWriteCase	10	2139095039	4291117857	8388607	3212836864	37	16261109640086
scalarWriteCase	10	2139095039	4291117857	8388607	3212836864	38	16261109640033
scalarWriteCase	10	2139095039	4291117857	8388607	3212836864	39	16261109639981
scalarWriteCase	10	2139095039	4291117857	8388607	3212836864	40	16261109640090
scalarWriteCase	10	2139095039	4291117857	8388607	3212836864	41	16261109640090
scalarWriteCase	10	2139095039	4291117857	8388607	3212836864	42	16261109639962
scalarWriteCase	10	2139095039	4291117857	8388607	3212836864	43	16261109639962
scalarWriteCase	10	2139095039	4291117857	8388607	3212836864	44	16261109639868
scalarWriteCase	10	2139095039	4291117857	8388607	3212836864	45	16261109639902
scalarWriteCase	10	2139095039	4291117857	8388607	3212836864	46	16261109640032
scalarWriteCase	10	2139095039	4291117857	8388607	3212836864	47	16261109640090
scalarWriteCase	10	2139095039	4291117857	8388607	3212836864	48	16261109640090
scalarWriteCase	10	2139095039	4291117857	8388607	3212836864	49	16261109640090
scalarWriteCase	10	2139095039	4291117857	8388607	3212836864	50	16261109639962
scalarWriteCase	10	2139095039	4291117857	8388607	3212836864	51	16261109639835
scalarWriteCase	10	2139095039	4291117857	8388607	3212836864	52	16261109639835
scalarWriteCase	10	2139095039	4291117857	8388607	3212836864	53	16261109639835
scalarWriteCase	10	2139095039	4291117857	8388607	3212836864	54	16261109639963
scalarWriteCase	10	2139095039	4291117857	8388607	3212836864	55	16261109640026
scalarWriteCase	10	2139095039	4291117857	8388607	3212836864	56	16261109639916
scalarWriteCase	10	2139095039	4291117857	8388607	3212836864	57	16261109639855
scalarWriteCase	10	2139095039	4291117857	8388607	3212836864	58	16261109640049
scalarWriteCase	10	2139095039	4291117857	8388607	3212836864	59	16261109639986
scalarWriteCase	10	2139095039	4291117857	8388607	3212836864	60	16261109639923
scalarWriteCase	10	2139095039	4291117857	8388607	3212836864	61	16261109639860
scalarWriteCase	10	2139095039	4291117857	8388607	3212836864	62	16261109640052
scalarWriteCase	10	2139095039	4291117857	8388607	3212836864	63	16261109639987
scalarWriteCase	11	4286578687	0	2155872255	2139095039	0	13230588029914
scalarWriteCase	11	4286578687	0	2155872255	2139095039	1	13230588029880
scalarWriteCase	11	4286578687	0	2155872255	2139095039	2	13230588029846
scalarWriteCase	11	4286578687	0	2155872255	2139095039	3	13230588029812
scalarWriteCase	11	4286578687	0	2155872255	2139095039	4	13230588029921
scalarWriteCase	11	4286578687	0	2155872255	2139095039	5	13230588029885
scalarWriteCase	11	4286578687	0	2155872255	2139095039	6	13230588029849
scalarWriteCase	11	4286578687	0	2155872255	2139095039	7	13230588029813
scalarWriteCase	11	4286578687	0	2155872255	2139095039	8	13230588029928
scalarWriteCase	11	4286578687	0	2155872255	2139095039	9	13230588029890
scalarWriteCase	11	4286578687	0	2155872255	2139095039	10	13230588029852
scalarWriteCase	11	4286578687	0	2155872255	2139095039	11	13230588029814
scalarWriteCase	11	4286578687	0	2155872255	2139095039	12	13230588029679
scalarWriteCase	11	4286578687	0	2155872255	2139095039	13	13230588029896
scalarWriteCase	11	4286578687	0	2155872255	2139095039	14	13230588029855
scalarWriteCase	11	4286578687	0	2155872255	2139095039	15	13230588029815
scalarWriteCase	11	4286578687	0	2155872255	2139095039	16	13230588029686
scalarWriteCase	11	4286578687	0	2155872255	2139095039	17	13230588029901
scalarWriteCase	11	4286578687	0	2155872255	2139095039	18	13230588029858
scalarWriteCase	11	4286578687	0	2155872255	2139095039	19	13230588029816
scalarWriteCase	11	4286578687	0	2155872255	2139095039	20	13230588029693
scalarWriteCase	11	4286578687	0	2155872255	2139095039	21	13230588029906
scalarWriteCase	11	4286578687	0	2155872255	2139095039	22	13230588029861
scalarWriteCase	11	4286578687	0	2155872255	2139095039	23	13230588029817
scalarWriteCase	11	4286578687	0	2155872255	2139095039	24	13230588029700
scalarWriteCase	11	4286578687	0	2155872255	2139095039	25	13230588029911
scalarWriteCase	11	4286578687	0	2155872255	2139095039	26	13230588029864
scalarWriteCase	11	4286578687	0	2155872255	2139095039	27	13230588029818
scalarWriteCase	11	4286578687	0	2155872255	2139095039	28	13230588029707
scalarWriteCase	11	4286578687	0	2155872255	2139095039	29	13230588029916
scalarWriteCase	11	4286578687	0	2155872255	2139095039	30	13230588029867
scalarWriteCase	11	4286578687	0	2155872255	2139095039	31	13230588029819
scalarWriteCase	11	4286578687	0	2155872255	2139095039	32	13230588029714
scalarWriteCase	11	4286578687	0	2155872255	2139095039	33	13230588029921
scalarWriteCase	11	4286578687	0	2155872255	2139095039	34	13230588029870
scalarWriteCase	11	4286578687	0	2155872255	2139095039	35	13230588029820
scalarWriteCase	11	4286578687	0	2155872255	2139095039	36	13230588029721
scalarWriteCase	11	4286578687	0	2155872255	2139095039	37	13230588029926
scalarWriteCase	11	4286578687	0	2155872255	2139095039	38	13230588029873
scalarWriteCase	11	4286578687	0	2155872255	2139095039	39	13230588029821
scalarWriteCase	11	4286578687	0	2155872255	2139095039	40	13230588029728
scalarWriteCase	11	4286578687	0	2155872255	2139095039	41	13230588029675
scalarWriteCase	11	4286578687	0	2155872255	2139095039	42	13230588029877
scalarWriteCase	11	4286578687	0	2155872255	2139095039	43	13230588029822
scalarWriteCase	11	4286578687	0	2155872255	2139095039	44	13230588029930
scalarWriteCase	11	4286578687	0	2155872255	2139095039	45	13230588029930
scalarWriteCase	11	4286578687	0	2155872255	2139095039	46	13230588029802
scalarWriteCase	11	4286578687	0	2155872255	2139095039	47	13230588029930
scalarWriteCase	11	4286578687	0	2155872255	2139095039	48	13230588029675
scalarWriteCase	11	4286578687	0	2155872255	2139095039	49	13230588029675
scalarWriteCase	11	4286578687	0	2155872255	2139095039	50	13230588029675
scalarWriteCase	11	4286578687	0	2155872255	2139095039	51	13230588029675
scalarWriteCase	11	4286578687	0	2155872255	2139095039	52	13230588029930
scalarWriteCase	11	4286578687	0	2155872255	2139095039	53	13230588029930
scalarWriteCase	11	4286578687	0	2155872255	2139095039	54	13230588029802
scalarWriteCase	11	4286578687	0	2155872255	2139095039	55	13230588029803
scalarWriteCase	11	4286578687	0	2155872255	2139095039	56	13230588029930
scalarWriteCase	11	4286578687	0	2155872255	2139095039	57	13230588029930
scalarWriteCase	11	4286578687	0	2155872255	2139095039	58	13230588029802
scalarWriteCase	11	4286578687	0	2155872255	2139095039	59	13230588029802
scalarWriteCase	11	4286578687	0	2155872255	2139095039	60	13230588029763
scalarWriteCase	11	4286578687	0	2155872255	2139095039	61	13230588029700
scalarWriteCase	11	4286578687	0	2155872255	2139095039	62	13230588029892
scalarWriteCase	11	4286578687	0	2155872255	2139095039	63	13230588029827
scalarWriteCase	12	2139095040	2147483648	8388608	4286578687	0	16542007817700
scalarWriteCase	12	2139095040	2147483648	8388608	4286578687	1	16542007817666
scalarWriteCase	12	2139095040	2147483648	8388608	4286578687	2	16542007817632
scalarWriteCase	12	2139095040	2147483648	8388608	4286578687	3	16542007817598
scalarWriteCase	12	2139095040	2147483648	8388608	4286578687	4	16542007817707
scalarWriteCase	12	2139095040	2147483648	8388608	4286578687	5	16542007817671
scalarWriteCase	12	2139095040	2147483648	8388608	4286578687	6	16542007817635
scalarWriteCase	12	2139095040	2147483648	8388608	4286578687	7	16542007817599
scalarWriteCase	12	2139095040	2147483648	8388608	4286578687	8	16542007817714
scalarWriteCase	12	2139095040	2147483648	8388608	4286578687	9	16542007817676
scalarWriteCase	12	2139095040	2147483648	8388608	4286578687	10	16542007817638
scalarWriteCase	12	2139095040	2147483648	8388608	4286578687	11	16542007817600
scalarWriteCase	12	2139095040	2147483648	8388608	4286578687	12	16542007817465
scalarWriteCase	12	2139095040	2147483648	8388608	4286578687	13	16542007817682
scalarWriteCase	12	2139095040	2147483648	8388608	4286578687	14	16542007817641
scalarWriteCase	12	2139095040	2147483648	8388608	4286578687	15	16542007817601
scalarWriteCase	12	2139095040	2147483648	8388608	4286578687	16	16542007817472
scalarWriteCase	12	2139095040	2147483648	8388608	4286578687	17	16542007817687
scalarWriteCase	12	2139095040	2147483648	8388608	4286578687	18	16542007817644
scalarWriteCase	12	2139095040	2147483648	8388608	4286578687	19	16542007817602
scalarWriteCase	12	2139095040	2147483648	8388608	4286578687	20	16542007817479
scalarWriteCase	12	2139095040	2147483648	8388608	4286578687	21	16542007817692
scalarWriteCase	12	2139095040	2147483648	8388608	4286578687	22	16542007817647
scalarWriteCase	12	2139095040	2147483648	8388608	4286578687	23	16542007817603
scalarWriteCase	12	2139095040	2147483648	8388608	4286578687	24	16542007817486
scalarWriteCase	12	2139095040	2147483648	8388608	4286578687	25	16542007817697
scalarWriteCase	12	2139095040	2147483648	8388608	4286578687	26	16542007817650
scalarWriteCase	12	2139095040	2147483648	8388608	4286578687	27	16542007817604
scalarWriteCase	12	2139095040	2147483648	8388608	4286578687	28	16542007817493
scalarWriteCase	12	2139095040	2147483648	8388608	4286578687	29	16542007817702
scalarWriteCase	12	2139095040	2147483648	8388608	4286578687	30	16542007817653
scalarWriteCase	12	2139095040	2147483648	8388608	4286578687	31	16542007817605
scalarWriteCase	12	2139095040	2147483648	8388608	4286578687	32	16542007817500
scalarWriteCase	12	2139095040	2147483648	8388608	4286578687	33	16542007817707
scalarWriteCase	12	2139095040	2147483648	8388608	4286578687	34	16542007817656
scalarWriteCase	12	2139095040	2147483648	8388608	4286578687	35	16542007817606
scalarWriteCase	12	2139095040	2147483648	8388608	4286578687	36	16542007817507
scalarWriteCase	12	2139095040	2147483648	8388608	4286578687	37	16542007817712
scalarWriteCase	12	2139095040	2147483648	8388608	4286578687	38	16542007817659
scalarWriteCase	12	2139095040	2147483648	8388608	4286578687	39	16542007817607
scalarWriteCase	12	2139095040	2147483648	8388608	4286578687	40	16542007817514
scalarWriteCase	12	2139095040	2147483648	8388608	4286578687	41	16542007817461
scalarWriteCase	12	2139095040	2147483648	8388608	4286578687	42	16542007817663
scalarWriteCase	12	2139095040	2147483648	8388608	4286578687	43	16542007817608
scalarWriteCase	12	2139095040	2147483648	8388608	4286578687	44	16542007817521
scalarWriteCase	12	2139095040	2147483648	8388608	4286578687	45	16542007817466
scalarWriteCase	12	2139095040	2147483648	8388608	4286578687	46	16542007817666
scalarWriteCase	12	2139095040	2147483648	8388608	4286578687	47	16542007817609
scalarWriteCase	12	2139095040	2147483648	8388608	4286578687	48	16542007817461
scalarWriteCase	12	2139095040	2147483648	8388608	4286578687	49	16542007817461
scalarWriteCase	12	2139095040	2147483648	8388608	4286578687	50	16542007817589
scalarWriteCase	12	2139095040	2147483648	8388608	4286578687	51	16542007817588
scalarWriteCase	12	2139095040	2147483648	8388608	4286578687	52	16542007817461
scalarWriteCase	12	2139095040	2147483648	8388608	4286578687	53	16542007817461
scalarWriteCase	12	2139095040	2147483648	8388608	4286578687	54	16542007817461
scalarWriteCase	12	2139095040	2147483648	8388608	4286578687	55	16542007817589
scalarWriteCase	12	2139095040	2147483648	8388608	4286578687	56	16542007817461
scalarWriteCase	12	2139095040	2147483648	8388608	4286578687	57	16542007817461
scalarWriteCase	12	2139095040	2147483648	8388608	4286578687	58	16542007817589
scalarWriteCase	12	2139095040	2147483648	8388608	4286578687	59	16542007817461
scalarWriteCase	12	2139095040	2147483648	8388608	4286578687	60	16542007817716
scalarWriteCase	12	2139095040	2147483648	8388608	4286578687	61	16542007817716
scalarWriteCase	12	2139095040	2147483648	8388608	4286578687	62	16542007817588
scalarWriteCase	12	2139095040	2147483648	8388608	4286578687	63	16542007817716
scalarWriteCase	0	4286578688	1	2155872256	2139095040	0	13230588036357
scalarWriteCase	0	4286578688	1	2155872256	2139095040	1	13230588036357
scalarWriteCase	0	4286578688	1	2155872256	2139095040	2	13230588036485
scalarWriteCase	0	4286578688	1	2155872256	2139095040	3	13230588036612
scalarWriteCase	0	4286578688	1	2155872256	2139095040	4	13230588036358
scalarWriteCase	0	4286578688	1	2155872256	2139095040	5	13230588036357
scalarWriteCase	0	4286578688	1	2155872256	2139095040	6	13230588036357
scalarWriteCase	0	4286578688	1	2155872256	2139095040	7	13230588036357
scalarWriteCase	0	4286578688	1	2155872256	2139095040	8	13230588036357
scalarWriteCase	0	4286578688	1	2155872256	2139095040	9	13230588036357
scalarWriteCase	0	4286578688	1	2155872256	2139095040	10	13230588036485
scalarWriteCase	0	4286578688	1	2155872256	2139095040	11	13230588036485
scalarWriteCase	0	4286578688	1	2155872256	2139095040	12	13230588036357
scalarWriteCase	0	4286578688	1	2155872256	2139095040	13	13230588036357
scalarWriteCase	0	4286578688	1	2155872256	2139095040	14	13230588036485
scalarWriteCase	0	4286578688	1	2155872256	2139095040	15	13230588036484
scalarWriteCase	0	4286578688	1	2155872256	2139095040	16	13230588036368
scalarWriteCase	0	4286578688	1	2155872256	2139095040	17	13230588036583
scalarWriteCase	0	4286578688	1	2155872256	2139095040	18	13230588036540
scalarWriteCase	0	4286578688	1	2155872256	2139095040	19	13230588036498
scalarWriteCase	0	4286578688	1	2155872256	2139095040	20	13230588036375
scalarWriteCase	0	4286578688	1	2155872256	2139095040	21	13230588036588
scalarWriteCase	0	4286578688	1	2155872256	2139095040	22	13230588036543
scalarWriteCase	0	4286578688	1	2155872256	2139095040	23	13230588036499
scalarWriteCase	0	4286578688	1	2155872256	2139095040	24	13230588036382
scalarWriteCase	0	4286578688	1	2155872256	2139095040	25	13230588036593
scalarWriteCase	0	4286578688	1	2155872256	2139095040	26	13230588036546
scalarWriteCase	0	4286578688	1	2155872256	2139095040	27	13230588036500
scalarWriteCase	0	4286578688	1	2155872256	2139095040	28	13230588036389
scalarWriteCase	0	4286578688	1	2155872256	2139095040	29	13230588036598
scalarWriteCase	0	4286578688	1	2155872256	2139095040	30	13230588036549
scalarWriteCase	0	4286578688	1	2155872256	2139095040	31	13230588036501
scalarWriteCase	0	4286578688	1	2155872256	2139095040	32	13230588036396
scalarWriteCase	0	4286578688	1	2155872256	2139095040	33	13230588036603
scalarWriteCase	0	4286578688	1	2155872256	2139095040	34	13230588036552
scalarWriteCase	0	4286578688	1	2155872256	2139095040	35	13230588036502
scalarWriteCase	0	4286578688	1	2155872256	2139095040	36	13230588036403
scalarWriteCase	0	4286578688	1	2155872256	2139095040	37	13230588036608
scalarWriteCase	0	4286578688	1	2155872256	2139095040	38	13230588036555
scalarWriteCase	0	4286578688	1	2155872256	2139095040	39	13230588036503
scalarWriteCase	0	4286578688	1	2155872256	2139095040	40	13230588036410
scalarWriteCase	0	4286578688	1	2155872256	2139095040	41	13230588036357
scalarWriteCase	0	4286578688	1	2155872256	2139095040	42	13230588036559
scalarWriteCase	0	4286578688	1	2155872256	2139095040	43	13230588036504
scalarWriteCase	0	4286578688	1	2155872256	2139095040	44	13230588036417
scalarWriteCase	0	4286578688	1	2155872256	2139095040	45	13230588036362
scalarWriteCase	0	4286578688	1	2155872256	2139095040	46	13230588036562
scalarWriteCase	0	4286578688	1	2155872256	2139095040	47	13230588036505
scalarWriteCase	0	4286578688	1	2155872256	2139095040	48	13230588036424
scalarWriteCase	0	4286578688	1	2155872256	2139095040	49	13230588036367
scalarWriteCase	0	4286578688	1	2155872256	2139095040	50	13230588036565
scalarWriteCase	0	4286578688	1	2155872256	2139095040	51	13230588036506
scalarWriteCase	0	4286578688	1	2155872256	2139095040	52	13230588036431
scalarWriteCase	0	4286578688	1	2155872256	2139095040	53	13230588036372
scalarWriteCase	0	4286578688	1	2155872256	2139095040	54	13230588036568
scalarWriteCase	0	4286578688	1	2155872256	2139095040	55	13230588036507
scalarWriteCase	0	4286578688	1	2155872256	2139095040	56	13230588036438
scalarWriteCase	0	4286578688	1	2155872256	2139095040	57	13230588036377
scalarWriteCase	0	4286578688	1	2155872256	2139095040	58	13230588036571
scalarWriteCase	0	4286578688	1	2155872256	2139095040	59	13230588036508
scalarWriteCase	0	4286578688	1	2155872256	2139095040	60	13230588036445
scalarWriteCase	0	4286578688	1	2155872256	2139095040	61	13230588036382
scalarWriteCase	0	4286578688	1	2155872256	2139095040	62	13230588036574
scalarWriteCase	0	4286578688	1	2155872256	2139095040	63	13230588036509
scalarWriteCase	1	2143363909	2147483649	1065353216	4286578688	0	18446778449603
scalarWriteCase	1	2143363909	2147483649	1065353216	4286578688	1	18446778449569
scalarWriteCase	1	2143363909	2147483649	1065353216	4286578688	2	18446778449535
scalarWriteCase	1	2143363909	2147483649	1065353216	4286578688	3	18446778449501
scalarWriteCase	1	2143363909	2147483649	1065353216	4286578688	4	18446778449433
scalarWriteCase	1	2143363909	2147483649	1065353216	4286578688	5	18446778449399
scalarWriteCase	1	2143363909	2147483649	1065353216	4286578688	6	18446778449557
scalarWriteCase	1	2143363909	2147483649	1065353216	4286578688	7	18446778449491
scalarWriteCase	1	2143363909	2147483649	1065353216	4286578688	8	18446778449365
scalarWriteCase	1	2143363909	2147483649	1065353216	4286578688	9	18446778449364
scalarWriteCase	1	2143363909	2147483649	1065353216	4286578688	10	18446778449364
scalarWriteCase	1	2143363909	2147483649	1065353216	4286578688	11	18446778449492
scalarWriteCase	1	2143363909	2147483649	1065353216	4286578688	12	18446778449364
scalarWriteCase	1	2143363909	2147483649	1065353216	4286578688	13	18446778449364
scalarWriteCase	1	2143363909	2147483649	1065353216	4286578688	14	18446778449492
scalarWriteCase	1	2143363909	2147483649	1065353216	4286578688	15	18446778449427
scalarWriteCase	1	2143363909	2147483649	1065353216	4286578688	16	18446778449364
scalarWriteCase	1	2143363909	2147483649	1065353216	4286578688	17	18446778449364
scalarWriteCase	1	2143363909	2147483649	1065353216	4286578688	18	18446778449492
scalarWriteCase	1	2143363909	2147483649	1065353216	4286578688	19	18446778449619
scalarWriteCase	1	2143363909	2147483649	1065353216	4286578688	20	18446778449382
scalarWriteCase	1	2143363909	2147483649	1065353216	4286578688	21	18446778449595
scalarWriteCase	1	2143363909	2147483649	1065353216	4286578688	22	18446778449550
scalarWriteCase	1	2143363909	2147483649	1065353216	4286578688	23	18446778449506
scalarWriteCase	1	2143363909	2147483649	1065353216	4286578688	24	18446778449389
scalarWriteCase	1	2143363909	2147483649	1065353216	4286578688	25	18446778449600
scalarWriteCase	1	2143363909	2147483649	1065353216	4286578688	26	18446778449553
scalarWriteCase	1	2143363909	2147483649	1065353216	4286578688	27	18446778449507
scalarWriteCase	1	2143363909	2147483649	1065353216	4286578688	28	18446778449396
scalarWriteCase	1	2143363909	2147483649	1065353216	4286578688	29	18446778449605
scalarWriteCase	1	2143363909	2147483649	1065353216	4286578688	30	18446778449556
scalarWriteCase	1	2143363909	2147483649	1065353216	4286578688	31	18446778449508
scalarWriteCase	1	2143363909	2147483649	1065353216	4286578688	32	18446778449403
scalarWriteCase	1	2143363909	2147483649	1065353216	4286578688	33	18446778449610
scalarWriteCase	1	2143363909	2147483649	1065353216	4286578688	34	18446778449559
scalarWriteCase	1	2143363909	2147483649	1065353216	4286578688	35	18446778449509
scalarWriteCase	1	2143363909	2147483649	1065353216	4286578688	36	18446778449410
scalarWriteCase	1	2143363909	2147483649	1065353216	4286578688	37	18446778449615
scalarWriteCase	1	2143363909	2147483649	1065353216	4286578688	38	18446778449562
scalarWriteCase	1	2143363909	2147483649	1065353216	4286578688	39	18446778449510
scalarWriteCase	1	2143363909	2147483649	1065353216	4286578688	40	18446778449417
scalarWriteCase	1	2143363909	2147483649	1065353216	4286578688	41	18446778449364
scalarWriteCase	1	2143363909	2147483649	1065353216	4286578688	42	18446778449566
scalarWriteCase	1	2143363909	2147483649	1065353216	4286578688	43	18446778449511
scalarWriteCase	1	2143363909	2147483649	1065353216	4286578688	44	18446778449424
scalarWriteCase	1	2143363909	2147483649	1065353216	4286578688	45	18446778449369
scalarWriteCase	1	2143363909	2147483649	1065353216	4286578688	46	18446778449569
scalarWriteCase	1	2143363909	2147483649	1065353216	4286578688	47	18446778449512
scalarWriteCase	1	2143363909	2147483649	1065353216	4286578688	48	18446778449431
scalarWriteCase	1	2143363909	2147483649	1065353216	4286578688	49	18446778449374
scalarWriteCase	1	2143363909	2147483649	1065353216	4286578688	50	18446778449572
scalarWriteCase	1	2143363909	2147483649	1065353216	4286578688	51	18446778449513
scalarWriteCase	1	2143363909	2147483649	1065353216	4286578688	52	18446778449438
scalarWriteCase	1	2143363909	2147483649	1065353216	4286578688	53	18446778449379
scalarWriteCase	1	2143363909	2147483649	1065353216	4286578688	54	18446778449575
scalarWriteCase	1	2143363909	2147483649	1065353216	4286578688	55	18446778449514
scalarWriteCase	1	2143363909	2147483649	1065353216	4286578688	56	18446778449445
scalarWriteCase	1	2143363909	2147483649	1065353216	4286578688	57	18446778449384
scalarWriteCase	1	2143363909	2147483649	1065353216	4286578688	58	18446778449578
scalarWriteCase	1	2143363909	2147483649	1065353216	4286578688	59	18446778449515
scalarWriteCase	1	2143363909	2147483649	1065353216	4286578688	60	18446778449452
scalarWriteCase	1	2143363909	2147483649	1065353216	4286578688	61	18446778449389
scalarWriteCase	1	2143363909	2147483649	1065353216	4286578688	62	18446778449581
scalarWriteCase	1	2143363909	2147483649	1065353216	4286578688	63	18446778449516
scalarWriteCase	2	4291117857	8388607	3212836864	2143363909	0	15158414517060
scalarWriteCase	2	4291117857	8388607	3212836864	2143363909	1	15158414517026
scalarWriteCase	2	4291117857	8388607	3212836864	2143363909	2	15158414516992
scalarWriteCase	2	4291117857	8388607	3212836864	2143363909	3	15158414516958
scalarWriteCase	2	4291117857	8388607	3212836864	2143363909	4	15158414517067
scalarWriteCase	2	4291117857	8388607	3212836864	2143363909	5	15158414517031
scalarWriteCase	2	4291117857	8388607	3212836864	2143363909	6	15158414516995
scalarWriteCase	2	4291117857	8388607	3212836864	2143363909	7	15158414516959
scalarWriteCase	2	4291117857	8388607	3212836864	2143363909	8	15158414516854
scalarWriteCase	2	4291117857	8388607	3212836864	2143363909	9	15158414516888
scalarWriteCase	2	4291117857	8388607	3212836864	2143363909	10	15158414517018
scalarWriteCase	2	4291117857	8388607	3212836864	2143363909	11	15158414517076
scalarWriteCase	2	4291117857	8388607	3212836864	2143363909	12	15158414517076
scalarWriteCase	2	4291117857	8388607	3212836864	2143363909	13	15158414517076
scalarWriteCase	2	4291117857	8388607	3212836864	2143363909	14	15158414516948
scalarWriteCase	2	4291117857	8388607	3212836864	2143363909	15	15158414516821
scalarWriteCase	2	4291117857	8388607	3212836864	2143363909	16	15158414516821
scalarWriteCase	2	4291117857	8388607	3212836864	2143363909	17	15158414516821
scalarWriteCase	2	4291117857	8388607	3212836864	2143363909	18	15158414516949
scalarWriteCase	2	4291117857	8388607	3212836864	2143363909	19	15158414517012
scalarWriteCase	2	4291117857	8388607	3212836864	2143363909	20	15158414516890
scalarWriteCase	2	4291117857	8388607	3212836864	2143363909	21	15158414516856
scalarWriteCase	2	4291117857	8388607	3212836864	2143363909	22	15158414517014
scalarWriteCase	2	4291117857	8388607	3212836864	2143363909	23	15158414516948
scalarWriteCase	2	4291117857	8388607	3212836864	2143363909	24	15158414516846
scalarWriteCase	2	4291117857	8388607	3212836864	2143363909	25	15158414517057
scalarWriteCase	2	4291117857	8388607	3212836864	2143363909	26	15158414517010
scalarWriteCase	2	4291117857	8388607	3212836864	2143363909	27	15158414516964
scalarWriteCase	2	4291117857	8388607	3212836864	2143363909	28	15158414516853
scalarWriteCase	2	4291117857	8388607	3212836864	2143363909	29	15158414517062
scalarWriteCase	2	4291117857	8388607	3212836864	2143363909	30	15158414517013
scalarWriteCase	2	4291117857	8388607	3212836864	2143363909	31	15158414516965
scalarWriteCase	2	4291117857	8388607	3212836864	2143363909	32	15158414516860
scalarWriteCase	2	4291117857	8388607	3212836864	2143363909	33	15158414517067
scalarWriteCase	2	4291117857	8388607	3212836864	2143363909	34	15158414517016
scalarWriteCase	2	4291117857	8388607	3212836864	2143363909	35	15158414516966
scalarWriteCase	2	4291117857	8388607	3212836864	2143363909	36	15158414516867
scalarWriteCase	2	4291117857	8388607	3212836864	2143363909	37	15158414517072
scalarWriteCase	2	4291117857	8388607	3212836864	2143363909	38	15158414517019
scalarWriteCase	2	4291117857	8388607	3212836864	2143363909	39	15158414516967
scalarWriteCase	2	4291117857	8388607	3212836864	2143363909	40	15158414516874
scalarWriteCase	2	4291117857	8388607	3212836864	2143363909	41	15158414516821
scalarWriteCase	2	4291117857	8388607	3212836864	2143363909	42	15158414517023
scalarWriteCase	2	4291117857	8388607	3212836864	2143363909	43	15158414516968
scalarWriteCase	2	4291117857	8388607	3212836864	2143363909	44	15158414516881
scalarWriteCase	2	4291117857	8388607	3212836864	2143363909	45	15158414516826
scalarWriteCase	2	4291117857	8388607	3212836864	2143363909	46	15158414517026
scalarWriteCase	2	4291117857	8388607	3212836864	2143363909	47	15158414516969
scalarWriteCase	2	4291117857	8388607	3212836864	2143363909	48	15158414516888
scalarWriteCase	2	4291117857	8388607	3212836864	2143363909	49	15158414516831
scalarWriteCase	2	4291117857	8388607	3212836864	2143363909	50	15158414517029
scalarWriteCase	2	4291117857	8388607	3212836864	2143363909	51	15158414516970
scalarWriteCase	2	4291117857	8388607	3212836864	2143363909	52	15158414516895
scalarWriteCase	2	4291117857	8388607	3212836864	2143363909	53	15158414516836
scalarWriteCase	2	4291117857	8388607	3212836864	2143363909	54	15158414517032
scalarWriteCase	2	4291117857	8388607	3212836864	2143363909	55	15158414516971
scalarWriteCase	2	4291117857	8388607	3212836864	2143363909	56	15158414516902
scalarWriteCase	2	4291117857	8388607	3212836864	2143363909	57	15158414516841
scalarWriteCase	2	4291117857	8388607	3212836864	2143363909	58	15158414517035
scalarWriteCase	2	4291117857	8388607	3212836864	2143363909	59	15158414516972
scalarWriteCase	2	4291117857	8388607	3212836864	2143363909	60	15158414516909
scalarWriteCase	2	4291117857	8388607	3212836864	2143363909	61	15158414516846
scalarWriteCase	2	4291117857	8388607	3212836864	2143363909	62	15158414517038
scalarWriteCase	2	4291117857	8388607	3212836864	2143363909	63	15158414516973
scalarGraphIndexCase	0	-65536	127	-1024	4096	-158085
scalarGraphIndexCase	1	-257	127	-1024	4096	37752
scalarGraphIndexCase	2	-1	127	-1024	4096	38520
scalarGraphIndexCase	3	0	127	-1024	4096	38523
scalarGraphIndexCase	4	1	127	-1024	4096	38526
scalarGraphIndexCase	5	255	127	-1024	4096	39288
scalarGraphIndexCase	6	256	127	-1024	4096	39291
scalarGraphIndexCase	7	65535	127	-1024	4096	235128
scalarGraphIndexCase	8	-31	-65536	-1024	4096	-289885
scalarGraphIndexCase	9	-31	-257	-1024	4096	36510
scalarGraphIndexCase	10	-31	-1	-1024	4096	37790
scalarGraphIndexCase	11	-31	0	-1024	4096	37795
scalarGraphIndexCase	12	-31	1	-1024	4096	37800
scalarGraphIndexCase	0	-31	255	-1024	4096	39070
scalarGraphIndexCase	1	-31	256	-1024	4096	39075
scalarGraphIndexCase	2	-31	65535	-1024	4096	365470
scalarGraphIndexCase	3	-31	127	-65536	4096	-413154
scalarGraphIndexCase	4	-31	127	-257	4096	43799
scalarGraphIndexCase	5	-31	127	-1	4096	45591
scalarGraphIndexCase	6	-31	127	0	4096	45598
scalarGraphIndexCase	7	-31	127	1	4096	45605
scalarGraphIndexCase	8	-31	127	255	4096	47383
scalarGraphIndexCase	9	-31	127	256	4096	47390
scalarGraphIndexCase	10	-31	127	65535	4096	504343
scalarGraphIndexCase	11	-31	127	-1024	-65536	-727522
scalarGraphIndexCase	12	-31	127	-1024	-257	-9453
scalarGraphIndexCase	0	-31	127	-1024	-1	-6637
scalarGraphIndexCase	1	-31	127	-1024	0	-6626
scalarGraphIndexCase	2	-31	127	-1024	1	-6615
scalarGraphIndexCase	3	-31	127	-1024	255	-3821
scalarGraphIndexCase	4	-31	127	-1024	256	-3810
scalarGraphIndexCase	5	-31	127	-1024	65535	714259
scalarGraphStoreCase	0	-65536	127	-1024	4096	0	-40627845
scalarGraphStoreCase	0	-65536	127	-1024	4096	1	-40627845
scalarGraphStoreCase	0	-65536	127	-1024	4096	2	-40627717
scalarGraphStoreCase	0	-65536	127	-1024	4096	3	-40627646
scalarGraphStoreCase	0	-65536	127	-1024	4096	4	-40627845
scalarGraphStoreCase	0	-65536	127	-1024	4096	5	-40627845
scalarGraphStoreCase	0	-65536	127	-1024	4096	6	-40627591
scalarGraphStoreCase	0	-65536	127	-1024	4096	7	-40627779
scalarGraphStoreCase	0	-65536	127	-1024	4096	8	-40627845
scalarGraphStoreCase	0	-65536	127	-1024	4096	9	-40627845
scalarGraphStoreCase	0	-65536	127	-1024	4096	10	-40627717
scalarGraphStoreCase	0	-65536	127	-1024	4096	11	-40627649
scalarGraphStoreCase	0	-65536	127	-1024	4096	12	-40627845
scalarGraphStoreCase	0	-65536	127	-1024	4096	13	-40627845
scalarGraphStoreCase	0	-65536	127	-1024	4096	14	-40627717
scalarGraphStoreCase	0	-65536	127	-1024	4096	15	-40627776
scalarGraphStoreCase	0	-65536	127	-1024	4096	16	-40627834
scalarGraphStoreCase	0	-65536	127	-1024	4096	17	-40627619
scalarGraphStoreCase	0	-65536	127	-1024	4096	18	-40627662
scalarGraphStoreCase	0	-65536	127	-1024	4096	19	-40627704
scalarGraphStoreCase	0	-65536	127	-1024	4096	20	-40627827
scalarGraphStoreCase	0	-65536	127	-1024	4096	21	-40627614
scalarGraphStoreCase	0	-65536	127	-1024	4096	22	-40627659
scalarGraphStoreCase	0	-65536	127	-1024	4096	23	-40627703
scalarGraphStoreCase	0	-65536	127	-1024	4096	24	-40627820
scalarGraphStoreCase	0	-65536	127	-1024	4096	25	-40627609
scalarGraphStoreCase	0	-65536	127	-1024	4096	26	-40627656
scalarGraphStoreCase	0	-65536	127	-1024	4096	27	-40627702
scalarGraphStoreCase	0	-65536	127	-1024	4096	28	-40627813
scalarGraphStoreCase	0	-65536	127	-1024	4096	29	-40627604
scalarGraphStoreCase	0	-65536	127	-1024	4096	30	-40627653
scalarGraphStoreCase	0	-65536	127	-1024	4096	31	-40627701
scalarGraphStoreCase	0	-65536	127	-1024	4096	32	-40627806
scalarGraphStoreCase	0	-65536	127	-1024	4096	33	-40627599
scalarGraphStoreCase	0	-65536	127	-1024	4096	34	-40627650
scalarGraphStoreCase	0	-65536	127	-1024	4096	35	-40627700
scalarGraphStoreCase	0	-65536	127	-1024	4096	36	-40627799
scalarGraphStoreCase	0	-65536	127	-1024	4096	37	-40627594
scalarGraphStoreCase	0	-65536	127	-1024	4096	38	-40627647
scalarGraphStoreCase	0	-65536	127	-1024	4096	39	-40627699
scalarGraphStoreCase	0	-65536	127	-1024	4096	40	-40627792
scalarGraphStoreCase	0	-65536	127	-1024	4096	41	-40627845
scalarGraphStoreCase	0	-65536	127	-1024	4096	42	-40627643
scalarGraphStoreCase	0	-65536	127	-1024	4096	43	-40627698
scalarGraphStoreCase	0	-65536	127	-1024	4096	44	-40627785
scalarGraphStoreCase	0	-65536	127	-1024	4096	45	-40627840
scalarGraphStoreCase	0	-65536	127	-1024	4096	46	-40627640
scalarGraphStoreCase	0	-65536	127	-1024	4096	47	-40627697
scalarGraphStoreCase	0	-65536	127	-1024	4096	48	-40627778
scalarGraphStoreCase	0	-65536	127	-1024	4096	49	-40627835
scalarGraphStoreCase	0	-65536	127	-1024	4096	50	-40627637
scalarGraphStoreCase	0	-65536	127	-1024	4096	51	-40627696
scalarGraphStoreCase	0	-65536	127	-1024	4096	52	-40627771
scalarGraphStoreCase	0	-65536	127	-1024	4096	53	-40627830
scalarGraphStoreCase	0	-65536	127	-1024	4096	54	-40627634
scalarGraphStoreCase	0	-65536	127	-1024	4096	55	-40627695
scalarGraphStoreCase	0	-65536	127	-1024	4096	56	-40627764
scalarGraphStoreCase	0	-65536	127	-1024	4096	57	-40627825
scalarGraphStoreCase	0	-65536	127	-1024	4096	58	-40627631
scalarGraphStoreCase	0	-65536	127	-1024	4096	59	-40627694
scalarGraphStoreCase	0	-65536	127	-1024	4096	60	-40627757
scalarGraphStoreCase	0	-65536	127	-1024	4096	61	-40627820
scalarGraphStoreCase	0	-65536	127	-1024	4096	62	-40627628
scalarGraphStoreCase	0	-65536	127	-1024	4096	63	-40627693
scalarGraphStoreCase	1	-257	127	-1024	4096	0	9702503
scalarGraphStoreCase	1	-257	127	-1024	4096	1	9702469
scalarGraphStoreCase	1	-257	127	-1024	4096	2	9702435
scalarGraphStoreCase	1	-257	127	-1024	4096	3	9702401
scalarGraphStoreCase	1	-257	127	-1024	4096	4	9702264
scalarGraphStoreCase	1	-257	127	-1024	4096	5	9702392
scalarGraphStoreCase	1	-257	127	-1024	4096	6	9702392
scalarGraphStoreCase	1	-257	127	-1024	4096	7	9702459
scalarGraphStoreCase	1	-257	127	-1024	4096	8	9702264
scalarGraphStoreCase	1	-257	127	-1024	4096	9	9702264
scalarGraphStoreCase	1	-257	127	-1024	4096	10	9702518
scalarGraphStoreCase	1	-257	127	-1024	4096	11	9702330
scalarGraphStoreCase	1	-257	127	-1024	4096	12	9702264
scalarGraphStoreCase	1	-257	127	-1024	4096	13	9702264
scalarGraphStoreCase	1	-257	127	-1024	4096	14	9702392
scalarGraphStoreCase	1	-257	127	-1024	4096	15	9702460
scalarGraphStoreCase	1	-257	127	-1024	4096	16	9702264
scalarGraphStoreCase	1	-257	127	-1024	4096	17	9702264
scalarGraphStoreCase	1	-257	127	-1024	4096	18	9702392
scalarGraphStoreCase	1	-257	127	-1024	4096	19	9702333
scalarGraphStoreCase	1	-257	127	-1024	4096	20	9702282
scalarGraphStoreCase	1	-257	127	-1024	4096	21	9702495
scalarGraphStoreCase	1	-257	127	-1024	4096	22	9702450
scalarGraphStoreCase	1	-257	127	-1024	4096	23	9702406
scalarGraphStoreCase	1	-257	127	-1024	4096	24	9702289
scalarGraphStoreCase	1	-257	127	-1024	4096	25	9702500
scalarGraphStoreCase	1	-257	127	-1024	4096	26	9702453
scalarGraphStoreCase	1	-257	127	-1024	4096	27	9702407
scalarGraphStoreCase	1	-257	127	-1024	4096	28	9702296
scalarGraphStoreCase	1	-257	127	-1024	4096	29	9702505
scalarGraphStoreCase	1	-257	127	-1024	4096	30	9702456
scalarGraphStoreCase	1	-257	127	-1024	4096	31	9702408
scalarGraphStoreCase	1	-257	127	-1024	4096	32	9702303
scalarGraphStoreCase	1	-257	127	-1024	4096	33	9702510
scalarGraphStoreCase	1	-257	127	-1024	4096	34	9702459
scalarGraphStoreCase	1	-257	127	-1024	4096	35	9702409
scalarGraphStoreCase	1	-257	127	-1024	4096	36	9702310
scalarGraphStoreCase	1	-257	127	-1024	4096	37	9702515
scalarGraphStoreCase	1	-257	127	-1024	4096	38	9702462
scalarGraphStoreCase	1	-257	127	-1024	4096	39	9702410
scalarGraphStoreCase	1	-257	127	-1024	4096	40	9702317
scalarGraphStoreCase	1	-257	127	-1024	4096	41	9702264
scalarGraphStoreCase	1	-257	127	-1024	4096	42	9702466
scalarGraphStoreCase	1	-257	127	-1024	4096	43	9702411
scalarGraphStoreCase	1	-257	127	-1024	4096	44	9702324
scalarGraphStoreCase	1	-257	127	-1024	4096	45	9702269
scalarGraphStoreCase	1	-257	127	-1024	4096	46	9702469
scalarGraphStoreCase	1	-257	127	-1024	4096	47	9702412
scalarGraphStoreCase	1	-257	127	-1024	4096	48	9702331
scalarGraphStoreCase	1	-257	127	-1024	4096	49	9702274
scalarGraphStoreCase	1	-257	127	-1024	4096	50	9702472
scalarGraphStoreCase	1	-257	127	-1024	4096	51	9702413
scalarGraphStoreCase	1	-257	127	-1024	4096	52	9702338
scalarGraphStoreCase	1	-257	127	-1024	4096	53	9702279
scalarGraphStoreCase	1	-257	127	-1024	4096	54	9702475
scalarGraphStoreCase	1	-257	127	-1024	4096	55	9702414
scalarGraphStoreCase	1	-257	127	-1024	4096	56	9702345
scalarGraphStoreCase	1	-257	127	-1024	4096	57	9702284
scalarGraphStoreCase	1	-257	127	-1024	4096	58	9702478
scalarGraphStoreCase	1	-257	127	-1024	4096	59	9702415
scalarGraphStoreCase	1	-257	127	-1024	4096	60	9702352
scalarGraphStoreCase	1	-257	127	-1024	4096	61	9702289
scalarGraphStoreCase	1	-257	127	-1024	4096	62	9702481
scalarGraphStoreCase	1	-257	127	-1024	4096	63	9702416
scalarGraphStoreCase	2	-1	127	-1024	4096	0	9899879
scalarGraphStoreCase	2	-1	127	-1024	4096	1	9899845
scalarGraphStoreCase	2	-1	127	-1024	4096	2	9899811
scalarGraphStoreCase	2	-1	127	-1024	4096	3	9899777
scalarGraphStoreCase	2	-1	127	-1024	4096	4	9899886
scalarGraphStoreCase	2	-1	127	-1024	4096	5	9899850
scalarGraphStoreCase	2	-1	127	-1024	4096	6	9899814
scalarGraphStoreCase	2	-1	127	-1024	4096	7	9899778
scalarGraphStoreCase	2	-1	127	-1024	4096	8	9899640
scalarGraphStoreCase	2	-1	127	-1024	4096	9	9899640
scalarGraphStoreCase	2	-1	127	-1024	4096	10	9899768
scalarGraphStoreCase	2	-1	127	-1024	4096	11	9899831
scalarGraphStoreCase	2	-1	127	-1024	4096	12	9899640
scalarGraphStoreCase	2	-1	127	-1024	4096	13	9899640
scalarGraphStoreCase	2	-1	127	-1024	4096	14	9899894
scalarGraphStoreCase	2	-1	127	-1024	4096	15	9899706
scalarGraphStoreCase	2	-1	127	-1024	4096	16	9899640
scalarGraphStoreCase	2	-1	127	-1024	4096	17	9899640
scalarGraphStoreCase	2	-1	127	-1024	4096	18	9899768
scalarGraphStoreCase	2	-1	127	-1024	4096	19	9899836
scalarGraphStoreCase	2	-1	127	-1024	4096	20	9899640
scalarGraphStoreCase	2	-1	127	-1024	4096	21	9899640
scalarGraphStoreCase	2	-1	127	-1024	4096	22	9899768
scalarGraphStoreCase	2	-1	127	-1024	4096	23	9899709
scalarGraphStoreCase	2	-1	127	-1024	4096	24	9899665
scalarGraphStoreCase	2	-1	127	-1024	4096	25	9899876
scalarGraphStoreCase	2	-1	127	-1024	4096	26	9899829
scalarGraphStoreCase	2	-1	127	-1024	4096	27	9899783
scalarGraphStoreCase	2	-1	127	-1024	4096	28	9899672
scalarGraphStoreCase	2	-1	127	-1024	4096	29	9899881
scalarGraphStoreCase	2	-1	127	-1024	4096	30	9899832
scalarGraphStoreCase	2	-1	127	-1024	4096	31	9899784
scalarGraphStoreCase	2	-1	127	-1024	4096	32	9899679
scalarGraphStoreCase	2	-1	127	-1024	4096	33	9899886
scalarGraphStoreCase	2	-1	127	-1024	4096	34	9899835
scalarGraphStoreCase	2	-1	127	-1024	4096	35	9899785
scalarGraphStoreCase	2	-1	127	-1024	4096	36	9899686
scalarGraphStoreCase	2	-1	127	-1024	4096	37	9899891
scalarGraphStoreCase	2	-1	127	-1024	4096	38	9899838
scalarGraphStoreCase	2	-1	127	-1024	4096	39	9899786
scalarGraphStoreCase	2	-1	127	-1024	4096	40	9899693
scalarGraphStoreCase	2	-1	127	-1024	4096	41	9899640
scalarGraphStoreCase	2	-1	127	-1024	4096	42	9899842
scalarGraphStoreCase	2	-1	127	-1024	4096	43	9899787
scalarGraphStoreCase	2	-1	127	-1024	4096	44	9899700
scalarGraphStoreCase	2	-1	127	-1024	4096	45	9899645
scalarGraphStoreCase	2	-1	127	-1024	4096	46	9899845
scalarGraphStoreCase	2	-1	127	-1024	4096	47	9899788
scalarGraphStoreCase	2	-1	127	-1024	4096	48	9899707
scalarGraphStoreCase	2	-1	127	-1024	4096	49	9899650
scalarGraphStoreCase	2	-1	127	-1024	4096	50	9899848
scalarGraphStoreCase	2	-1	127	-1024	4096	51	9899789
scalarGraphStoreCase	2	-1	127	-1024	4096	52	9899714
scalarGraphStoreCase	2	-1	127	-1024	4096	53	9899655
scalarGraphStoreCase	2	-1	127	-1024	4096	54	9899851
scalarGraphStoreCase	2	-1	127	-1024	4096	55	9899790
scalarGraphStoreCase	2	-1	127	-1024	4096	56	9899721
scalarGraphStoreCase	2	-1	127	-1024	4096	57	9899660
scalarGraphStoreCase	2	-1	127	-1024	4096	58	9899854
scalarGraphStoreCase	2	-1	127	-1024	4096	59	9899791
scalarGraphStoreCase	2	-1	127	-1024	4096	60	9899728
scalarGraphStoreCase	2	-1	127	-1024	4096	61	9899665
scalarGraphStoreCase	2	-1	127	-1024	4096	62	9899857
scalarGraphStoreCase	2	-1	127	-1024	4096	63	9899792
scalarGraphStoreCase	3	0	127	-1024	4096	0	9900650
scalarGraphStoreCase	3	0	127	-1024	4096	1	9900616
scalarGraphStoreCase	3	0	127	-1024	4096	2	9900582
scalarGraphStoreCase	3	0	127	-1024	4096	3	9900548
scalarGraphStoreCase	3	0	127	-1024	4096	4	9900657
scalarGraphStoreCase	3	0	127	-1024	4096	5	9900621
scalarGraphStoreCase	3	0	127	-1024	4096	6	9900585
scalarGraphStoreCase	3	0	127	-1024	4096	7	9900549
scalarGraphStoreCase	3	0	127	-1024	4096	8	9900664
scalarGraphStoreCase	3	0	127	-1024	4096	9	9900626
scalarGraphStoreCase	3	0	127	-1024	4096	10	9900588
scalarGraphStoreCase	3	0	127	-1024	4096	11	9900550
scalarGraphStoreCase	3	0	127	-1024	4096	12	9900411
scalarGraphStoreCase	3	0	127	-1024	4096	13	9900411
scalarGraphStoreCase	3	0	127	-1024	4096	14	9900411
scalarGraphStoreCase	3	0	127	-1024	4096	15	9900411
scalarGraphStoreCase	3	0	127	-1024	4096	16	9900411
scalarGraphStoreCase	3	0	127	-1024	4096	17	9900411
scalarGraphStoreCase	3	0	127	-1024	4096	18	9900665
scalarGraphStoreCase	3	0	127	-1024	4096	19	9900477
scalarGraphStoreCase	3	0	127	-1024	4096	20	9900411
scalarGraphStoreCase	3	0	127	-1024	4096	21	9900411
scalarGraphStoreCase	3	0	127	-1024	4096	22	9900539
scalarGraphStoreCase	3	0	127	-1024	4096	23	9900607
scalarGraphStoreCase	3	0	127	-1024	4096	24	9900411
scalarGraphStoreCase	3	0	127	-1024	4096	25	9900411
scalarGraphStoreCase	3	0	127	-1024	4096	26	9900539
scalarGraphStoreCase	3	0	127	-1024	4096	27	9900480
scalarGraphStoreCase	3	0	127	-1024	4096	28	9900443
scalarGraphStoreCase	3	0	127	-1024	4096	29	9900652
scalarGraphStoreCase	3	0	127	-1024	4096	30	9900603
scalarGraphStoreCase	3	0	127	-1024	4096	31	9900555
scalarGraphStoreCase	3	0	127	-1024	4096	32	9900450
scalarGraphStoreCase	3	0	127	-1024	4096	33	9900657
scalarGraphStoreCase	3	0	127	-1024	4096	34	9900606
scalarGraphStoreCase	3	0	127	-1024	4096	35	9900556
scalarGraphStoreCase	3	0	127	-1024	4096	36	9900457
scalarGraphStoreCase	3	0	127	-1024	4096	37	9900662
scalarGraphStoreCase	3	0	127	-1024	4096	38	9900609
scalarGraphStoreCase	3	0	127	-1024	4096	39	9900557
scalarGraphStoreCase	3	0	127	-1024	4096	40	9900464
scalarGraphStoreCase	3	0	127	-1024	4096	41	9900411
scalarGraphStoreCase	3	0	127	-1024	4096	42	9900613
scalarGraphStoreCase	3	0	127	-1024	4096	43	9900558
scalarGraphStoreCase	3	0	127	-1024	4096	44	9900471
scalarGraphStoreCase	3	0	127	-1024	4096	45	9900416
scalarGraphStoreCase	3	0	127	-1024	4096	46	9900616
scalarGraphStoreCase	3	0	127	-1024	4096	47	9900559
scalarGraphStoreCase	3	0	127	-1024	4096	48	9900478
scalarGraphStoreCase	3	0	127	-1024	4096	49	9900421
scalarGraphStoreCase	3	0	127	-1024	4096	50	9900619
scalarGraphStoreCase	3	0	127	-1024	4096	51	9900560
scalarGraphStoreCase	3	0	127	-1024	4096	52	9900485
scalarGraphStoreCase	3	0	127	-1024	4096	53	9900426
scalarGraphStoreCase	3	0	127	-1024	4096	54	9900622
scalarGraphStoreCase	3	0	127	-1024	4096	55	9900561
scalarGraphStoreCase	3	0	127	-1024	4096	56	9900492
scalarGraphStoreCase	3	0	127	-1024	4096	57	9900431
scalarGraphStoreCase	3	0	127	-1024	4096	58	9900625
scalarGraphStoreCase	3	0	127	-1024	4096	59	9900562
scalarGraphStoreCase	3	0	127	-1024	4096	60	9900499
scalarGraphStoreCase	3	0	127	-1024	4096	61	9900436
scalarGraphStoreCase	3	0	127	-1024	4096	62	9900628
scalarGraphStoreCase	3	0	127	-1024	4096	63	9900563
scalarGraphStoreCase	4	1	127	-1024	4096	0	9901421
scalarGraphStoreCase	4	1	127	-1024	4096	1	9901387
scalarGraphStoreCase	4	1	127	-1024	4096	2	9901353
scalarGraphStoreCase	4	1	127	-1024	4096	3	9901319
scalarGraphStoreCase	4	1	127	-1024	4096	4	9901428
scalarGraphStoreCase	4	1	127	-1024	4096	5	9901392
scalarGraphStoreCase	4	1	127	-1024	4096	6	9901356
scalarGraphStoreCase	4	1	127	-1024	4096	7	9901320
scalarGraphStoreCase	4	1	127	-1024	4096	8	9901435
scalarGraphStoreCase	4	1	127	-1024	4096	9	9901397
scalarGraphStoreCase	4	1	127	-1024	4096	10	9901359
scalarGraphStoreCase	4	1	127	-1024	4096	11	9901321
scalarGraphStoreCase	4	1	127	-1024	4096	12	9901186
scalarGraphStoreCase	4	1	127	-1024	4096	13	9901403
scalarGraphStoreCase	4	1	127	-1024	4096	14	9901362
scalarGraphStoreCase	4	1	127	-1024	4096	15	9901322
scalarGraphStoreCase	4	1	127	-1024	4096	16	9901182
scalarGraphStoreCase	4	1	127	-1024	4096	17	9901182
scalarGraphStoreCase	4	1	127	-1024	4096	18	9901310
scalarGraphStoreCase	4	1	127	-1024	4096	19	9901245
scalarGraphStoreCase	4	1	127	-1024	4096	20	9901182
scalarGraphStoreCase	4	1	127	-1024	4096	21	9901182
scalarGraphStoreCase	4	1	127	-1024	4096	22	9901436
scalarGraphStoreCase	4	1	127	-1024	4096	23	9901248
scalarGraphStoreCase	4	1	127	-1024	4096	24	9901182
scalarGraphStoreCase	4	1	127	-1024	4096	25	9901182
scalarGraphStoreCase	4	1	127	-1024	4096	26	9901310
scalarGraphStoreCase	4	1	127	-1024	4096	27	9901378
scalarGraphStoreCase	4	1	127	-1024	4096	28	9901182
scalarGraphStoreCase	4	1	127	-1024	4096	29	9901182
scalarGraphStoreCase	4	1	127	-1024	4096	30	9901310
scalarGraphStoreCase	4	1	127	-1024	4096	31	9901251
scalarGraphStoreCase	4	1	127	-1024	4096	32	9901221
scalarGraphStoreCase	4	1	127	-1024	4096	33	9901428
scalarGraphStoreCase	4	1	127	-1024	4096	34	9901377
scalarGraphStoreCase	4	1	127	-1024	4096	35	9901327
scalarGraphStoreCase	4	1	127	-1024	4096	36	9901228
scalarGraphStoreCase	4	1	127	-1024	4096	37	9901433
scalarGraphStoreCase	4	1	127	-1024	4096	38	9901380
scalarGraphStoreCase	4	1	127	-1024	4096	39	9901328
scalarGraphStoreCase	4	1	127	-1024	4096	40	9901235
scalarGraphStoreCase	4	1	127	-1024	4096	41	9901182
scalarGraphStoreCase	4	1	127	-1024	4096	42	9901384
scalarGraphStoreCase	4	1	127	-1024	4096	43	9901329
scalarGraphStoreCase	4	1	127	-1024	4096	44	9901242
scalarGraphStoreCase	4	1	127	-1024	4096	45	9901187
scalarGraphStoreCase	4	1	127	-1024	4096	46	9901387
scalarGraphStoreCase	4	1	127	-1024	4096	47	9901330
scalarGraphStoreCase	4	1	127	-1024	4096	48	9901249
scalarGraphStoreCase	4	1	127	-1024	4096	49	9901192
scalarGraphStoreCase	4	1	127	-1024	4096	50	9901390
scalarGraphStoreCase	4	1	127	-1024	4096	51	9901331
scalarGraphStoreCase	4	1	127	-1024	4096	52	9901256
scalarGraphStoreCase	4	1	127	-1024	4096	53	9901197
scalarGraphStoreCase	4	1	127	-1024	4096	54	9901393
scalarGraphStoreCase	4	1	127	-1024	4096	55	9901332
scalarGraphStoreCase	4	1	127	-1024	4096	56	9901263
scalarGraphStoreCase	4	1	127	-1024	4096	57	9901202
scalarGraphStoreCase	4	1	127	-1024	4096	58	9901396
scalarGraphStoreCase	4	1	127	-1024	4096	59	9901333
scalarGraphStoreCase	4	1	127	-1024	4096	60	9901270
scalarGraphStoreCase	4	1	127	-1024	4096	61	9901207
scalarGraphStoreCase	4	1	127	-1024	4096	62	9901399
scalarGraphStoreCase	4	1	127	-1024	4096	63	9901334
scalarGraphStoreCase	5	255	127	-1024	4096	0	10097255
scalarGraphStoreCase	5	255	127	-1024	4096	1	10097221
scalarGraphStoreCase	5	255	127	-1024	4096	2	10097187
scalarGraphStoreCase	5	255	127	-1024	4096	3	10097153
scalarGraphStoreCase	5	255	127	-1024	4096	4	10097262
scalarGraphStoreCase	5	255	127	-1024	4096	5	10097226
scalarGraphStoreCase	5	255	127	-1024	4096	6	10097190
scalarGraphStoreCase	5	255	127	-1024	4096	7	10097154
scalarGraphStoreCase	5	255	127	-1024	4096	8	10097269
scalarGraphStoreCase	5	255	127	-1024	4096	9	10097231
scalarGraphStoreCase	5	255	127	-1024	4096	10	10097193
scalarGraphStoreCase	5	255	127	-1024	4096	11	10097155
scalarGraphStoreCase	5	255	127	-1024	4096	12	10097020
scalarGraphStoreCase	5	255	127	-1024	4096	13	10097237
scalarGraphStoreCase	5	255	127	-1024	4096	14	10097196
scalarGraphStoreCase	5	255	127	-1024	4096	15	10097156
scalarGraphStoreCase	5	255	127	-1024	4096	16	10097027
scalarGraphStoreCase	5	255	127	-1024	4096	17	10097242
scalarGraphStoreCase	5	255	127	-1024	4096	18	10097199
scalarGraphStoreCase	5	255	127	-1024	4096	19	10097157
scalarGraphStoreCase	5	255	127	-1024	4096	20	10097016
scalarGraphStoreCase	5	255	127	-1024	4096	21	10097016
scalarGraphStoreCase	5	255	127	-1024	4096	22	10097143
scalarGraphStoreCase	5	255	127	-1024	4096	23	10097083
scalarGraphStoreCase	5	255	127	-1024	4096	24	10097016
scalarGraphStoreCase	5	255	127	-1024	4096	25	10097016
scalarGraphStoreCase	5	255	127	-1024	4096	26	10097270
scalarGraphStoreCase	5	255	127	-1024	4096	27	10097082
scalarGraphStoreCase	5	255	127	-1024	4096	28	10097016
scalarGraphStoreCase	5	255	127	-1024	4096	29	10097016
scalarGraphStoreCase	5	255	127	-1024	4096	30	10097144
scalarGraphStoreCase	5	255	127	-1024	4096	31	10097212
scalarGraphStoreCase	5	255	127	-1024	4096	32	10097016
scalarGraphStoreCase	5	255	127	-1024	4096	33	10097016
scalarGraphStoreCase	5	255	127	-1024	4096	34	10097144
scalarGraphStoreCase	5	255	127	-1024	4096	35	10097085
scalarGraphStoreCase	5	255	127	-1024	4096	36	10097062
scalarGraphStoreCase	5	255	127	-1024	4096	37	10097267
scalarGraphStoreCase	5	255	127	-1024	4096	38	10097214
scalarGraphStoreCase	5	255	127	-1024	4096	39	10097162
scalarGraphStoreCase	5	255	127	-1024	4096	40	10097069
scalarGraphStoreCase	5	255	127	-1024	4096	41	10097016
scalarGraphStoreCase	5	255	127	-1024	4096	42	10097218
scalarGraphStoreCase	5	255	127	-1024	4096	43	10097163
scalarGraphStoreCase	5	255	127	-1024	4096	44	10097076
scalarGraphStoreCase	5	255	127	-1024	4096	45	10097021
scalarGraphStoreCase	5	255	127	-1024	4096	46	10097221
scalarGraphStoreCase	5	255	127	-1024	4096	47	10097164
scalarGraphStoreCase	5	255	127	-1024	4096	48	10097083
scalarGraphStoreCase	5	255	127	-1024	4096	49	10097026
scalarGraphStoreCase	5	255	127	-1024	4096	50	10097224
scalarGraphStoreCase	5	255	127	-1024	4096	51	10097165
scalarGraphStoreCase	5	255	127	-1024	4096	52	10097090
scalarGraphStoreCase	5	255	127	-1024	4096	53	10097031
scalarGraphStoreCase	5	255	127	-1024	4096	54	10097227
scalarGraphStoreCase	5	255	127	-1024	4096	55	10097166
scalarGraphStoreCase	5	255	127	-1024	4096	56	10097097
scalarGraphStoreCase	5	255	127	-1024	4096	57	10097036
scalarGraphStoreCase	5	255	127	-1024	4096	58	10097230
scalarGraphStoreCase	5	255	127	-1024	4096	59	10097167
scalarGraphStoreCase	5	255	127	-1024	4096	60	10097104
scalarGraphStoreCase	5	255	127	-1024	4096	61	10097041
scalarGraphStoreCase	5	255	127	-1024	4096	62	10097233
scalarGraphStoreCase	5	255	127	-1024	4096	63	10097168
scalarGraphStoreCase	6	256	127	-1024	4096	0	10098026
scalarGraphStoreCase	6	256	127	-1024	4096	1	10097992
scalarGraphStoreCase	6	256	127	-1024	4096	2	10097958
scalarGraphStoreCase	6	256	127	-1024	4096	3	10097924
scalarGraphStoreCase	6	256	127	-1024	4096	4	10098033
scalarGraphStoreCase	6	256	127	-1024	4096	5	10097997
scalarGraphStoreCase	6	256	127	-1024	4096	6	10097961
scalarGraphStoreCase	6	256	127	-1024	4096	7	10097925
scalarGraphStoreCase	6	256	127	-1024	4096	8	10098040
scalarGraphStoreCase	6	256	127	-1024	4096	9	10098002
scalarGraphStoreCase	6	256	127	-1024	4096	10	10097964
scalarGraphStoreCase	6	256	127	-1024	4096	11	10097926
scalarGraphStoreCase	6	256	127	-1024	4096	12	10097791
scalarGraphStoreCase	6	256	127	-1024	4096	13	10098008
scalarGraphStoreCase	6	256	127	-1024	4096	14	10097967
scalarGraphStoreCase	6	256	127	-1024	4096	15	10097927
scalarGraphStoreCase	6	256	127	-1024	4096	16	10097798
scalarGraphStoreCase	6	256	127	-1024	4096	17	10098013
scalarGraphStoreCase	6	256	127	-1024	4096	18	10097970
scalarGraphStoreCase	6	256	127	-1024	4096	19	10097928
scalarGraphStoreCase	6	256	127	-1024	4096	20	10097805
scalarGraphStoreCase	6	256	127	-1024	4096	21	10098018
scalarGraphStoreCase	6	256	127	-1024	4096	22	10097973
scalarGraphStoreCase	6	256	127	-1024	4096	23	10097929
scalarGraphStoreCase	6	256	127	-1024	4096	24	10097787
scalarGraphStoreCase	6	256	127	-1024	4096	25	10097787
scalarGraphStoreCase	6	256	127	-1024	4096	26	10097915
scalarGraphStoreCase	6	256	127	-1024	4096	27	10097854
scalarGraphStoreCase	6	256	127	-1024	4096	28	10097787
scalarGraphStoreCase	6	256	127	-1024	4096	29	10097787
scalarGraphStoreCase	6	256	127	-1024	4096	30	10098041
scalarGraphStoreCase	6	256	127	-1024	4096	31	10097853
scalarGraphStoreCase	6	256	127	-1024	4096	32	10097787
scalarGraphStoreCase	6	256	127	-1024	4096	33	10097787
scalarGraphStoreCase	6	256	127	-1024	4096	34	10097915
scalarGraphStoreCase	6	256	127	-1024	4096	35	10097983
scalarGraphStoreCase	6	256	127	-1024	4096	36	10097787
scalarGraphStoreCase	6	256	127	-1024	4096	37	10097787
scalarGraphStoreCase	6	256	127	-1024	4096	38	10097915
scalarGraphStoreCase	6	256	127	-1024	4096	39	10097856
scalarGraphStoreCase	6	256	127	-1024	4096	40	10097840
scalarGraphStoreCase	6	256	127	-1024	4096	41	10097787
scalarGraphStoreCase	6	256	127	-1024	4096	42	10097989
scalarGraphStoreCase	6	256	127	-1024	4096	43	10097934
scalarGraphStoreCase	6	256	127	-1024	4096	44	10097847
scalarGraphStoreCase	6	256	127	-1024	4096	45	10097792
scalarGraphStoreCase	6	256	127	-1024	4096	46	10097992
scalarGraphStoreCase	6	256	127	-1024	4096	47	10097935
scalarGraphStoreCase	6	256	127	-1024	4096	48	10097854
scalarGraphStoreCase	6	256	127	-1024	4096	49	10097797
scalarGraphStoreCase	6	256	127	-1024	4096	50	10097995
scalarGraphStoreCase	6	256	127	-1024	4096	51	10097936
scalarGraphStoreCase	6	256	127	-1024	4096	52	10097861
scalarGraphStoreCase	6	256	127	-1024	4096	53	10097802
scalarGraphStoreCase	6	256	127	-1024	4096	54	10097998
scalarGraphStoreCase	6	256	127	-1024	4096	55	10097937
scalarGraphStoreCase	6	256	127	-1024	4096	56	10097868
scalarGraphStoreCase	6	256	127	-1024	4096	57	10097807
scalarGraphStoreCase	6	256	127	-1024	4096	58	10098001
scalarGraphStoreCase	6	256	127	-1024	4096	59	10097938
scalarGraphStoreCase	6	256	127	-1024	4096	60	10097875
scalarGraphStoreCase	6	256	127	-1024	4096	61	10097812
scalarGraphStoreCase	6	256	127	-1024	4096	62	10098004
scalarGraphStoreCase	6	256	127	-1024	4096	63	10097939
scalarGraphStoreCase	7	65535	127	-1024	4096	0	60428135
scalarGraphStoreCase	7	65535	127	-1024	4096	1	60428101
scalarGraphStoreCase	7	65535	127	-1024	4096	2	60428067
scalarGraphStoreCase	7	65535	127	-1024	4096	3	60428033
scalarGraphStoreCase	7	65535	127	-1024	4096	4	60428142
scalarGraphStoreCase	7	65535	127	-1024	4096	5	60428106
scalarGraphStoreCase	7	65535	127	-1024	4096	6	60428070
scalarGraphStoreCase	7	65535	127	-1024	4096	7	60428034
scalarGraphStoreCase	7	65535	127	-1024	4096	8	60428149
scalarGraphStoreCase	7	65535	127	-1024	4096	9	60428111
scalarGraphStoreCase	7	65535	127	-1024	4096	10	60428073
scalarGraphStoreCase	7	65535	127	-1024	4096	11	60428035
scalarGraphStoreCase	7	65535	127	-1024	4096	12	60427900
scalarGraphStoreCase	7	65535	127	-1024	4096	13	60428117
scalarGraphStoreCase	7	65535	127	-1024	4096	14	60428076
scalarGraphStoreCase	7	65535	127	-1024	4096	15	60428036
scalarGraphStoreCase	7	65535	127	-1024	4096	16	60427907
scalarGraphStoreCase	7	65535	127	-1024	4096	17	60428122
scalarGraphStoreCase	7	65535	127	-1024	4096	18	60428079
scalarGraphStoreCase	7	65535	127	-1024	4096	19	60428037
scalarGraphStoreCase	7	65535	127	-1024	4096	20	60427914
scalarGraphStoreCase	7	65535	127	-1024	4096	21	60428127
scalarGraphStoreCase	7	65535	127	-1024	4096	22	60428082
scalarGraphStoreCase	7	65535	127	-1024	4096	23	60428038
scalarGraphStoreCase	7	65535	127	-1024	4096	24	60427921
scalarGraphStoreCase	7	65535	127	-1024	4096	25	60428132
scalarGraphStoreCase	7	65535	127	-1024	4096	26	60428085
scalarGraphStoreCase	7	65535	127	-1024	4096	27	60428039
scalarGraphStoreCase	7	65535	127	-1024	4096	28	60427896
scalarGraphStoreCase	7	65535	127	-1024	4096	29	60428151
scalarGraphStoreCase	7	65535	127	-1024	4096	30	60428023
scalarGraphStoreCase	7	65535	127	-1024	4096	31	60427967
scalarGraphStoreCase	7	65535	127	-1024	4096	32	60427896
scalarGraphStoreCase	7	65535	127	-1024	4096	33	60427896
scalarGraphStoreCase	7	65535	127	-1024	4096	34	60428150
scalarGraphStoreCase	7	65535	127	-1024	4096	35	60427962
scalarGraphStoreCase	7	65535	127	-1024	4096	36	60427896
scalarGraphStoreCase	7	65535	127	-1024	4096	37	60427896
scalarGraphStoreCase	7	65535	127	-1024	4096	38	60428024
scalarGraphStoreCase	7	65535	127	-1024	4096	39	60428092
scalarGraphStoreCase	7	65535	127	-1024	4096	40	60427896
scalarGraphStoreCase	7	65535	127	-1024	4096	41	60427896
scalarGraphStoreCase	7	65535	127	-1024	4096	42	60428024
scalarGraphStoreCase	7	65535	127	-1024	4096	43	60427965
scalarGraphStoreCase	7	65535	127	-1024	4096	44	60427956
scalarGraphStoreCase	7	65535	127	-1024	4096	45	60427901
scalarGraphStoreCase	7	65535	127	-1024	4096	46	60428101
scalarGraphStoreCase	7	65535	127	-1024	4096	47	60428044
scalarGraphStoreCase	7	65535	127	-1024	4096	48	60427963
scalarGraphStoreCase	7	65535	127	-1024	4096	49	60427906
scalarGraphStoreCase	7	65535	127	-1024	4096	50	60428104
scalarGraphStoreCase	7	65535	127	-1024	4096	51	60428045
scalarGraphStoreCase	7	65535	127	-1024	4096	52	60427970
scalarGraphStoreCase	7	65535	127	-1024	4096	53	60427911
scalarGraphStoreCase	7	65535	127	-1024	4096	54	60428107
scalarGraphStoreCase	7	65535	127	-1024	4096	55	60428046
scalarGraphStoreCase	7	65535	127	-1024	4096	56	60427977
scalarGraphStoreCase	7	65535	127	-1024	4096	57	60427916
scalarGraphStoreCase	7	65535	127	-1024	4096	58	60428110
scalarGraphStoreCase	7	65535	127	-1024	4096	59	60428047
scalarGraphStoreCase	7	65535	127	-1024	4096	60	60427984
scalarGraphStoreCase	7	65535	127	-1024	4096	61	60427921
scalarGraphStoreCase	7	65535	127	-1024	4096	62	60428113
scalarGraphStoreCase	7	65535	127	-1024	4096	63	60428048
scalarGraphStoreCase	8	-31	-65536	-1024	4096	0	-74500206
scalarGraphStoreCase	8	-31	-65536	-1024	4096	1	-74500240
scalarGraphStoreCase	8	-31	-65536	-1024	4096	2	-74500274
scalarGraphStoreCase	8	-31	-65536	-1024	4096	3	-74500308
scalarGraphStoreCase	8	-31	-65536	-1024	4096	4	-74500199
scalarGraphStoreCase	8	-31	-65536	-1024	4096	5	-74500235
scalarGraphStoreCase	8	-31	-65536	-1024	4096	6	-74500271
scalarGraphStoreCase	8	-31	-65536	-1024	4096	7	-74500307
scalarGraphStoreCase	8	-31	-65536	-1024	4096	8	-74500192
scalarGraphStoreCase	8	-31	-65536	-1024	4096	9	-74500230
scalarGraphStoreCase	8	-31	-65536	-1024	4096	10	-74500268
scalarGraphStoreCase	8	-31	-65536	-1024	4096	11	-74500306
scalarGraphStoreCase	8	-31	-65536	-1024	4096	12	-74500441
scalarGraphStoreCase	8	-31	-65536	-1024	4096	13	-74500224
scalarGraphStoreCase	8	-31	-65536	-1024	4096	14	-74500265
scalarGraphStoreCase	8	-31	-65536	-1024	4096	15	-74500305
scalarGraphStoreCase	8	-31	-65536	-1024	4096	16	-74500434
scalarGraphStoreCase	8	-31	-65536	-1024	4096	17	-74500219
scalarGraphStoreCase	8	-31	-65536	-1024	4096	18	-74500262
scalarGraphStoreCase	8	-31	-65536	-1024	4096	19	-74500304
scalarGraphStoreCase	8	-31	-65536	-1024	4096	20	-74500427
scalarGraphStoreCase	8	-31	-65536	-1024	4096	21	-74500214
scalarGraphStoreCase	8	-31	-65536	-1024	4096	22	-74500259
scalarGraphStoreCase	8	-31	-65536	-1024	4096	23	-74500303
scalarGraphStoreCase	8	-31	-65536	-1024	4096	24	-74500420
scalarGraphStoreCase	8	-31	-65536	-1024	4096	25	-74500209
scalarGraphStoreCase	8	-31	-65536	-1024	4096	26	-74500256
scalarGraphStoreCase	8	-31	-65536	-1024	4096	27	-74500302
scalarGraphStoreCase	8	-31	-65536	-1024	4096	28	-74500413
scalarGraphStoreCase	8	-31	-65536	-1024	4096	29	-74500204
scalarGraphStoreCase	8	-31	-65536	-1024	4096	30	-74500253
scalarGraphStoreCase	8	-31	-65536	-1024	4096	31	-74500301
scalarGraphStoreCase	8	-31	-65536	-1024	4096	32	-74500445
scalarGraphStoreCase	8	-31	-65536	-1024	4096	33	-74500445
scalarGraphStoreCase	8	-31	-65536	-1024	4096	34	-74500197
scalarGraphStoreCase	8	-31	-65536	-1024	4096	35	-74500252
scalarGraphStoreCase	8	-31	-65536	-1024	4096	36	-74500445
scalarGraphStoreCase	8	-31	-65536	-1024	4096	37	-74500445
scalarGraphStoreCase	8	-31	-65536	-1024	4096	38	-74500317
scalarGraphStoreCase	8	-31	-65536	-1024	4096	39	-74500246
scalarGraphStoreCase	8	-31	-65536	-1024	4096	40	-74500445
scalarGraphStoreCase	8	-31	-65536	-1024	4096	41	-74500445
scalarGraphStoreCase	8	-31	-65536	-1024	4096	42	-74500317
scalarGraphStoreCase	8	-31	-65536	-1024	4096	43	-74500249
scalarGraphStoreCase	8	-31	-65536	-1024	4096	44	-74500445
scalarGraphStoreCase	8	-31	-65536	-1024	4096	45	-74500445
scalarGraphStoreCase	8	-31	-65536	-1024	4096	46	-74500317
scalarGraphStoreCase	8	-31	-65536	-1024	4096	47	-74500376
scalarGraphStoreCase	8	-31	-65536	-1024	4096	48	-74500378
scalarGraphStoreCase	8	-31	-65536	-1024	4096	49	-74500435
scalarGraphStoreCase	8	-31	-65536	-1024	4096	50	-74500237
scalarGraphStoreCase	8	-31	-65536	-1024	4096	51	-74500296
scalarGraphStoreCase	8	-31	-65536	-1024	4096	52	-74500371
scalarGraphStoreCase	8	-31	-65536	-1024	4096	53	-74500430
scalarGraphStoreCase	8	-31	-65536	-1024	4096	54	-74500234
scalarGraphStoreCase	8	-31	-65536	-1024	4096	55	-74500295
scalarGraphStoreCase	8	-31	-65536	-1024	4096	56	-74500364
scalarGraphStoreCase	8	-31	-65536	-1024	4096	57	-74500425
scalarGraphStoreCase	8	-31	-65536	-1024	4096	58	-74500231
scalarGraphStoreCase	8	-31	-65536	-1024	4096	59	-74500294
scalarGraphStoreCase	8	-31	-65536	-1024	4096	60	-74500357
scalarGraphStoreCase	8	-31	-65536	-1024	4096	61	-74500420
scalarGraphStoreCase	8	-31	-65536	-1024	4096	62	-74500228
scalarGraphStoreCase	8	-31	-65536	-1024	4096	63	-74500293
scalarGraphStoreCase	9	-31	-257	-1024	4096	0	9383309
scalarGraphStoreCase	9	-31	-257	-1024	4096	1	9383275
scalarGraphStoreCase	9	-31	-257	-1024	4096	2	9383241
scalarGraphStoreCase	9	-31	-257	-1024	4096	3	9383207
scalarGraphStoreCase	9	-31	-257	-1024	4096	4	9383316
scalarGraphStoreCase	9	-31	-257	-1024	4096	5	9383280
scalarGraphStoreCase	9	-31	-257	-1024	4096	6	9383244
scalarGraphStoreCase	9	-31	-257	-1024	4096	7	9383208
scalarGraphStoreCase	9	-31	-257	-1024	4096	8	9383323
scalarGraphStoreCase	9	-31	-257	-1024	4096	9	9383285
scalarGraphStoreCase	9	-31	-257	-1024	4096	10	9383247
scalarGraphStoreCase	9	-31	-257	-1024	4096	11	9383209
scalarGraphStoreCase	9	-31	-257	-1024	4096	12	9383074
scalarGraphStoreCase	9	-31	-257	-1024	4096	13	9383291
scalarGraphStoreCase	9	-31	-257	-1024	4096	14	9383250
scalarGraphStoreCase	9	-31	-257	-1024	4096	15	9383210
scalarGraphStoreCase	9	-31	-257	-1024	4096	16	9383081
scalarGraphStoreCase	9	-31	-257	-1024	4096	17	9383296
scalarGraphStoreCase	9	-31	-257	-1024	4096	18	9383253
scalarGraphStoreCase	9	-31	-257	-1024	4096	19	9383211
scalarGraphStoreCase	9	-31	-257	-1024	4096	20	9383088
scalarGraphStoreCase	9	-31	-257	-1024	4096	21	9383301
scalarGraphStoreCase	9	-31	-257	-1024	4096	22	9383256
scalarGraphStoreCase	9	-31	-257	-1024	4096	23	9383212
scalarGraphStoreCase	9	-31	-257	-1024	4096	24	9383095
scalarGraphStoreCase	9	-31	-257	-1024	4096	25	9383306
scalarGraphStoreCase	9	-31	-257	-1024	4096	26	9383259
scalarGraphStoreCase	9	-31	-257	-1024	4096	27	9383213
scalarGraphStoreCase	9	-31	-257	-1024	4096	28	9383102
scalarGraphStoreCase	9	-31	-257	-1024	4096	29	9383311
scalarGraphStoreCase	9	-31	-257	-1024	4096	30	9383262
scalarGraphStoreCase	9	-31	-257	-1024	4096	31	9383214
scalarGraphStoreCase	9	-31	-257	-1024	4096	32	9383109
scalarGraphStoreCase	9	-31	-257	-1024	4096	33	9383316
scalarGraphStoreCase	9	-31	-257	-1024	4096	34	9383265
scalarGraphStoreCase	9	-31	-257	-1024	4096	35	9383215
scalarGraphStoreCase	9	-31	-257	-1024	4096	36	9383070
scalarGraphStoreCase	9	-31	-257	-1024	4096	37	9383070
scalarGraphStoreCase	9	-31	-257	-1024	4096	38	9383318
scalarGraphStoreCase	9	-31	-257	-1024	4096	39	9383263
scalarGraphStoreCase	9	-31	-257	-1024	4096	40	9383070
scalarGraphStoreCase	9	-31	-257	-1024	4096	41	9383198
scalarGraphStoreCase	9	-31	-257	-1024	4096	42	9383198
scalarGraphStoreCase	9	-31	-257	-1024	4096	43	9383265
scalarGraphStoreCase	9	-31	-257	-1024	4096	44	9383070
scalarGraphStoreCase	9	-31	-257	-1024	4096	45	9383070
scalarGraphStoreCase	9	-31	-257	-1024	4096	46	9383198
scalarGraphStoreCase	9	-31	-257	-1024	4096	47	9383266
scalarGraphStoreCase	9	-31	-257	-1024	4096	48	9383070
scalarGraphStoreCase	9	-31	-257	-1024	4096	49	9383070
scalarGraphStoreCase	9	-31	-257	-1024	4096	50	9383198
scalarGraphStoreCase	9	-31	-257	-1024	4096	51	9383139
scalarGraphStoreCase	9	-31	-257	-1024	4096	52	9383144
scalarGraphStoreCase	9	-31	-257	-1024	4096	53	9383085
scalarGraphStoreCase	9	-31	-257	-1024	4096	54	9383281
scalarGraphStoreCase	9	-31	-257	-1024	4096	55	9383220
scalarGraphStoreCase	9	-31	-257	-1024	4096	56	9383151
scalarGraphStoreCase	9	-31	-257	-1024	4096	57	9383090
scalarGraphStoreCase	9	-31	-257	-1024	4096	58	9383284
scalarGraphStoreCase	9	-31	-257	-1024	4096	59	9383221
scalarGraphStoreCase	9	-31	-257	-1024	4096	60	9383158
scalarGraphStoreCase	9	-31	-257	-1024	4096	61	9383095
scalarGraphStoreCase	9	-31	-257	-1024	4096	62	9383287
scalarGraphStoreCase	9	-31	-257	-1024	4096	63	9383222
scalarGraphStoreCase	10	-31	-1	-1024	4096	0	9712269
scalarGraphStoreCase	10	-31	-1	-1024	4096	1	9712235
scalarGraphStoreCase	10	-31	-1	-1024	4096	2	9712201
scalarGraphStoreCase	10	-31	-1	-1024	4096	3	9712167
scalarGraphStoreCase	10	-31	-1	-1024	4096	4	9712276
scalarGraphStoreCase	10	-31	-1	-1024	4096	5	9712240
scalarGraphStoreCase	10	-31	-1	-1024	4096	6	9712204
scalarGraphStoreCase	10	-31	-1	-1024	4096	7	9712168
scalarGraphStoreCase	10	-31	-1	-1024	4096	8	9712283
scalarGraphStoreCase	10	-31	-1	-1024	4096	9	9712245
scalarGraphStoreCase	10	-31	-1	-1024	4096	10	9712207
scalarGraphStoreCase	10	-31	-1	-1024	4096	11	9712169
scalarGraphStoreCase	10	-31	-1	-1024	4096	12	9712034
scalarGraphStoreCase	10	-31	-1	-1024	4096	13	9712251
scalarGraphStoreCase	10	-31	-1	-1024	4096	14	9712210
scalarGraphStoreCase	10	-31	-1	-1024	4096	15	9712170
scalarGraphStoreCase	10	-31	-1	-1024	4096	16	9712041
scalarGraphStoreCase	10	-31	-1	-1024	4096	17	9712256
scalarGraphStoreCase	10	-31	-1	-1024	4096	18	9712213
scalarGraphStoreCase	10	-31	-1	-1024	4096	19	9712171
scalarGraphStoreCase	10	-31	-1	-1024	4096	20	9712048
scalarGraphStoreCase	10	-31	-1	-1024	4096	21	9712261
scalarGraphStoreCase	10	-31	-1	-1024	4096	22	9712216
scalarGraphStoreCase	10	-31	-1	-1024	4096	23	9712172
scalarGraphStoreCase	10	-31	-1	-1024	4096	24	9712055
scalarGraphStoreCase	10	-31	-1	-1024	4096	25	9712266
scalarGraphStoreCase	10	-31	-1	-1024	4096	26	9712219
scalarGraphStoreCase	10	-31	-1	-1024	4096	27	9712173
scalarGraphStoreCase	10	-31	-1	-1024	4096	28	9712062
scalarGraphStoreCase	10	-31	-1	-1024	4096	29	9712271
scalarGraphStoreCase	10	-31	-1	-1024	4096	30	9712222
scalarGraphStoreCase	10	-31	-1	-1024	4096	31	9712174
scalarGraphStoreCase	10	-31	-1	-1024	4096	32	9712069
scalarGraphStoreCase	10	-31	-1	-1024	4096	33	9712276
scalarGraphStoreCase	10	-31	-1	-1024	4096	34	9712225
scalarGraphStoreCase	10	-31	-1	-1024	4096	35	9712175
scalarGraphStoreCase	10	-31	-1	-1024	4096	36	9712076
scalarGraphStoreCase	10	-31	-1	-1024	4096	37	9712281
scalarGraphStoreCase	10	-31	-1	-1024	4096	38	9712228
scalarGraphStoreCase	10	-31	-1	-1024	4096	39	9712176
scalarGraphStoreCase	10	-31	-1	-1024	4096	40	9712030
scalarGraphStoreCase	10	-31	-1	-1024	4096	41	9712030
scalarGraphStoreCase	10	-31	-1	-1024	4096	42	9712278
scalarGraphStoreCase	10	-31	-1	-1024	4096	43	9712223
scalarGraphStoreCase	10	-31	-1	-1024	4096	44	9712030
scalarGraphStoreCase	10	-31	-1	-1024	4096	45	9712030
scalarGraphStoreCase	10	-31	-1	-1024	4096	46	9712158
scalarGraphStoreCase	10	-31	-1	-1024	4096	47	9712221
scalarGraphStoreCase	10	-31	-1	-1024	4096	48	9712030
scalarGraphStoreCase	10	-31	-1	-1024	4096	49	9712030
scalarGraphStoreCase	10	-31	-1	-1024	4096	50	9712158
scalarGraphStoreCase	10	-31	-1	-1024	4096	51	9712226
scalarGraphStoreCase	10	-31	-1	-1024	4096	52	9712030
scalarGraphStoreCase	10	-31	-1	-1024	4096	53	9712030
scalarGraphStoreCase	10	-31	-1	-1024	4096	54	9712158
scalarGraphStoreCase	10	-31	-1	-1024	4096	55	9712099
scalarGraphStoreCase	10	-31	-1	-1024	4096	56	9712111
scalarGraphStoreCase	10	-31	-1	-1024	4096	57	9712050
scalarGraphStoreCase	10	-31	-1	-1024	4096	58	9712244
scalarGraphStoreCase	10	-31	-1	-1024	4096	59	9712181
scalarGraphStoreCase	10	-31	-1	-1024	4096	60	9712118
scalarGraphStoreCase	10	-31	-1	-1024	4096	61	9712055
scalarGraphStoreCase	10	-31	-1	-1024	4096	62	9712247
scalarGraphStoreCase	10	-31	-1	-1024	4096	63	9712182
scalarGraphStoreCase	11	-31	0	-1024	4096	0	9713554
scalarGraphStoreCase	11	-31	0	-1024	4096	1	9713520
scalarGraphStoreCase	11	-31	0	-1024	4096	2	9713486
scalarGraphStoreCase	11	-31	0	-1024	4096	3	9713452
scalarGraphStoreCase	11	-31	0	-1024	4096	4	9713561
scalarGraphStoreCase	11	-31	0	-1024	4096	5	9713525
scalarGraphStoreCase	11	-31	0	-1024	4096	6	9713489
scalarGraphStoreCase	11	-31	0	-1024	4096	7	9713453
scalarGraphStoreCase	11	-31	0	-1024	4096	8	9713568
scalarGraphStoreCase	11	-31	0	-1024	4096	9	9713530
scalarGraphStoreCase	11	-31	0	-1024	4096	10	9713492
scalarGraphStoreCase	11	-31	0	-1024	4096	11	9713454
scalarGraphStoreCase	11	-31	0	-1024	4096	12	9713319
scalarGraphStoreCase	11	-31	0	-1024	4096	13	9713536
scalarGraphStoreCase	11	-31	0	-1024	4096	14	9713495
scalarGraphStoreCase	11	-31	0	-1024	4096	15	9713455
scalarGraphStoreCase	11	-31	0	-1024	4096	16	9713326
scalarGraphStoreCase	11	-31	0	-1024	4096	17	9713541
scalarGraphStoreCase	11	-31	0	-1024	4096	18	9713498
scalarGraphStoreCase	11	-31	0	-1024	4096	19	9713456
scalarGraphStoreCase	11	-31	0	-1024	4096	20	9713333
scalarGraphStoreCase	11	-31	0	-1024	4096	21	9713546
scalarGraphStoreCase	11	-31	0	-1024	4096	22	9713501
scalarGraphStoreCase	11	-31	0	-1024	4096	23	9713457
scalarGraphStoreCase	11	-31	0	-1024	4096	24	9713340
scalarGraphStoreCase	11	-31	0	-1024	4096	25	9713551
scalarGraphStoreCase	11	-31	0	-1024	4096	26	9713504
scalarGraphStoreCase	11	-31	0	-1024	4096	27	9713458
scalarGraphStoreCase	11	-31	0	-1024	4096	28	9713347
scalarGraphStoreCase	11	-31	0	-1024	4096	29	9713556
scalarGraphStoreCase	11	-31	0	-1024	4096	30	9713507
scalarGraphStoreCase	11	-31	0	-1024	4096	31	9713459
scalarGraphStoreCase	11	-31	0	-1024	4096	32	9713354
scalarGraphStoreCase	11	-31	0	-1024	4096	33	9713561
scalarGraphStoreCase	11	-31	0	-1024	4096	34	9713510
scalarGraphStoreCase	11	-31	0	-1024	4096	35	9713460
scalarGraphStoreCase	11	-31	0	-1024	4096	36	9713361
scalarGraphStoreCase	11	-31	0	-1024	4096	37	9713566
scalarGraphStoreCase	11	-31	0	-1024	4096	38	9713513
scalarGraphStoreCase	11	-31	0	-1024	4096	39	9713461
scalarGraphStoreCase	11	-31	0	-1024	4096	40	9713368
scalarGraphStoreCase	11	-31	0	-1024	4096	41	9713315
scalarGraphStoreCase	11	-31	0	-1024	4096	42	9713517
scalarGraphStoreCase	11	-31	0	-1024	4096	43	9713462
scalarGraphStoreCase	11	-31	0	-1024	4096	44	9713315
scalarGraphStoreCase	11	-31	0	-1024	4096	45	9713315
scalarGraphStoreCase	11	-31	0	-1024	4096	46	9713563
scalarGraphStoreCase	11	-31	0	-1024	4096	47	9713508
scalarGraphStoreCase	11	-31	0	-1024	4096	48	9713315
scalarGraphStoreCase	11	-31	0	-1024	4096	49	9713315
scalarGraphStoreCase	11	-31	0	-1024	4096	50	9713315
scalarGraphStoreCase	11	-31	0	-1024	4096	51	9713315
scalarGraphStoreCase	11	-31	0	-1024	4096	52	9713315
scalarGraphStoreCase	11	-31	0	-1024	4096	53	9713315
scalarGraphStoreCase	11	-31	0	-1024	4096	54	9713443
scalarGraphStoreCase	11	-31	0	-1024	4096	55	9713511
scalarGraphStoreCase	11	-31	0	-1024	4096	56	9713315
scalarGraphStoreCase	11	-31	0	-1024	4096	57	9713315
scalarGraphStoreCase	11	-31	0	-1024	4096	58	9713443
scalarGraphStoreCase	11	-31	0	-1024	4096	59	9713384
scalarGraphStoreCase	11	-31	0	-1024	4096	60	9713403
scalarGraphStoreCase	11	-31	0	-1024	4096	61	9713340
scalarGraphStoreCase	11	-31	0	-1024	4096	62	9713532
scalarGraphStoreCase	11	-31	0	-1024	4096	63	9713467
scalarGraphStoreCase	12	-31	1	-1024	4096	0	9714839
scalarGraphStoreCase	12	-31	1	-1024	4096	1	9714805
scalarGraphStoreCase	12	-31	1	-1024	4096	2	9714771
scalarGraphStoreCase	12	-31	1	-1024	4096	3	9714737
scalarGraphStoreCase	12	-31	1	-1024	4096	4	9714846
scalarGraphStoreCase	12	-31	1	-1024	4096	5	9714810
scalarGraphStoreCase	12	-31	1	-1024	4096	6	9714774
scalarGraphStoreCase	12	-31	1	-1024	4096	7	9714738
scalarGraphStoreCase	12	-31	1	-1024	4096	8	9714853
scalarGraphStoreCase	12	-31	1	-1024	4096	9	9714815
scalarGraphStoreCase	12	-31	1	-1024	4096	10	9714777
scalarGraphStoreCase	12	-31	1	-1024	4096	11	9714739
scalarGraphStoreCase	12	-31	1	-1024	4096	12	9714604
scalarGraphStoreCase	12	-31	1	-1024	4096	13	9714821
scalarGraphStoreCase	12	-31	1	-1024	4096	14	9714780
scalarGraphStoreCase	12	-31	1	-1024	4096	15	9714740
scalarGraphStoreCase	12	-31	1	-1024	4096	16	9714611
scalarGraphStoreCase	12	-31	1	-1024	4096	17	9714826
scalarGraphStoreCase	12	-31	1	-1024	4096	18	9714783
scalarGraphStoreCase	12	-31	1	-1024	4096	19	9714741
scalarGraphStoreCase	12	-31	1	-1024	4096	20	9714618
scalarGraphStoreCase	12	-31	1	-1024	4096	21	9714831
scalarGraphStoreCase	12	-31	1	-1024	4096	22	9714786
scalarGraphStoreCase	12	-31	1	-1024	4096	23	9714742
scalarGraphStoreCase	12	-31	1	-1024	4096	24	9714625
scalarGraphStoreCase	12	-31	1	-1024	4096	25	9714836
scalarGraphStoreCase	12	-31	1	-1024	4096	26	9714789
scalarGraphStoreCase	12	-31	1	-1024	4096	27	9714743
scalarGraphStoreCase	12	-31	1	-1024	4096	28	9714632
scalarGraphStoreCase	12	-31	1	-1024	4096	29	9714841
scalarGraphStoreCase	12	-31	1	-1024	4096	30	9714792
scalarGraphStoreCase	12	-31	1	-1024	4096	31	9714744
scalarGraphStoreCase	12	-31	1	-1024	4096	32	9714639
scalarGraphStoreCase	12	-31	1	-1024	4096	33	9714846
scalarGraphStoreCase	12	-31	1	-1024	4096	34	9714795
scalarGraphStoreCase	12	-31	1	-1024	4096	35	9714745
scalarGraphStoreCase	12	-31	1	-1024	4096	36	9714646
scalarGraphStoreCase	12	-31	1	-1024	4096	37	9714851
scalarGraphStoreCase	12	-31	1	-1024	4096	38	9714798
scalarGraphStoreCase	12	-31	1	-1024	4096	39	9714746
scalarGraphStoreCase	12	-31	1	-1024	4096	40	9714653
scalarGraphStoreCase	12	-31	1	-1024	4096	41	9714600
scalarGraphStoreCase	12	-31	1	-1024	4096	42	9714802
scalarGraphStoreCase	12	-31	1	-1024	4096	43	9714747
scalarGraphStoreCase	12	-31	1	-1024	4096	44	9714660
scalarGraphStoreCase	12	-31	1	-1024	4096	45	9714605
scalarGraphStoreCase	12	-31	1	-1024	4096	46	9714805
scalarGraphStoreCase	12	-31	1	-1024	4096	47	9714748
scalarGraphStoreCase	12	-31	1	-1024	4096	48	9714600
scalarGraphStoreCase	12	-31	1	-1024	4096	49	9714600
scalarGraphStoreCase	12	-31	1	-1024	4096	50	9714848
scalarGraphStoreCase	12	-31	1	-1024	4096	51	9714793
scalarGraphStoreCase	12	-31	1	-1024	4096	52	9714600
scalarGraphStoreCase	12	-31	1	-1024	4096	53	9714600
scalarGraphStoreCase	12	-31	1	-1024	4096	54	9714728
scalarGraphStoreCase	12	-31	1	-1024	4096	55	9714663
scalarGraphStoreCase	12	-31	1	-1024	4096	56	9714600
scalarGraphStoreCase	12	-31	1	-1024	4096	57	9714600
scalarGraphStoreCase	12	-31	1	-1024	4096	58	9714728
scalarGraphStoreCase	12	-31	1	-1024	4096	59	9714796
scalarGraphStoreCase	12	-31	1	-1024	4096	60	9714600
scalarGraphStoreCase	12	-31	1	-1024	4096	61	9714600
scalarGraphStoreCase	12	-31	1	-1024	4096	62	9714728
scalarGraphStoreCase	12	-31	1	-1024	4096	63	9714669
scalarGraphStoreCase	0	-31	255	-1024	4096	0	10040990
scalarGraphStoreCase	0	-31	255	-1024	4096	1	10040990
scalarGraphStoreCase	0	-31	255	-1024	4096	2	10041238
scalarGraphStoreCase	0	-31	255	-1024	4096	3	10041183
scalarGraphStoreCase	0	-31	255	-1024	4096	4	10040990
scalarGraphStoreCase	0	-31	255	-1024	4096	5	10040990
scalarGraphStoreCase	0	-31	255	-1024	4096	6	10041117
scalarGraphStoreCase	0	-31	255	-1024	4096	7	10041057
scalarGraphStoreCase	0	-31	255	-1024	4096	8	10040990
scalarGraphStoreCase	0	-31	255	-1024	4096	9	10040990
scalarGraphStoreCase	0	-31	255	-1024	4096	10	10041118
scalarGraphStoreCase	0	-31	255	-1024	4096	11	10041186
scalarGraphStoreCase	0	-31	255	-1024	4096	12	10040990
scalarGraphStoreCase	0	-31	255	-1024	4096	13	10040990
scalarGraphStoreCase	0	-31	255	-1024	4096	14	10041118
scalarGraphStoreCase	0	-31	255	-1024	4096	15	10041059
scalarGraphStoreCase	0	-31	255	-1024	4096	16	10041001
scalarGraphStoreCase	0	-31	255	-1024	4096	17	10041216
scalarGraphStoreCase	0	-31	255	-1024	4096	18	10041173
scalarGraphStoreCase	0	-31	255	-1024	4096	19	10041131
scalarGraphStoreCase	0	-31	255	-1024	4096	20	10041008
scalarGraphStoreCase	0	-31	255	-1024	4096	21	10041221
scalarGraphStoreCase	0	-31	255	-1024	4096	22	10041176
scalarGraphStoreCase	0	-31	255	-1024	4096	23	10041132
scalarGraphStoreCase	0	-31	255	-1024	4096	24	10041015
scalarGraphStoreCase	0	-31	255	-1024	4096	25	10041226
scalarGraphStoreCase	0	-31	255	-1024	4096	26	10041179
scalarGraphStoreCase	0	-31	255	-1024	4096	27	10041133
scalarGraphStoreCase	0	-31	255	-1024	4096	28	10041022
scalarGraphStoreCase	0	-31	255	-1024	4096	29	10041231
scalarGraphStoreCase	0	-31	255	-1024	4096	30	10041182
scalarGraphStoreCase	0	-31	255	-1024	4096	31	10041134
scalarGraphStoreCase	0	-31	255	-1024	4096	32	10041029
scalarGraphStoreCase	0	-31	255	-1024	4096	33	10041236
scalarGraphStoreCase	0	-31	255	-1024	4096	34	10041185
scalarGraphStoreCase	0	-31	255	-1024	4096	35	10041135
scalarGraphStoreCase	0	-31	255	-1024	4096	36	10041036
scalarGraphStoreCase	0	-31	255	-1024	4096	37	10041241
scalarGraphStoreCase	0	-31	255	-1024	4096	38	10041188
scalarGraphStoreCase	0	-31	255	-1024	4096	39	10041136
scalarGraphStoreCase	0	-31	255	-1024	4096	40	10041043
scalarGraphStoreCase	0	-31	255	-1024	4096	41	10040990
scalarGraphStoreCase	0	-31	255	-1024	4096	42	10041192
scalarGraphStoreCase	0	-31	255	-1024	4096	43	10041137
scalarGraphStoreCase	0	-31	255	-1024	4096	44	10041050
scalarGraphStoreCase	0	-31	255	-1024	4096	45	10040995
scalarGraphStoreCase	0	-31	255	-1024	4096	46	10041195
scalarGraphStoreCase	0	-31	255	-1024	4096	47	10041138
scalarGraphStoreCase	0	-31	255	-1024	4096	48	10041057
scalarGraphStoreCase	0	-31	255	-1024	4096	49	10041000
scalarGraphStoreCase	0	-31	255	-1024	4096	50	10041198
scalarGraphStoreCase	0	-31	255	-1024	4096	51	10041139
scalarGraphStoreCase	0	-31	255	-1024	4096	52	10041064
scalarGraphStoreCase	0	-31	255	-1024	4096	53	10041005
scalarGraphStoreCase	0	-31	255	-1024	4096	54	10041201
scalarGraphStoreCase	0	-31	255	-1024	4096	55	10041140
scalarGraphStoreCase	0	-31	255	-1024	4096	56	10041071
scalarGraphStoreCase	0	-31	255	-1024	4096	57	10041010
scalarGraphStoreCase	0	-31	255	-1024	4096	58	10041204
scalarGraphStoreCase	0	-31	255	-1024	4096	59	10041141
scalarGraphStoreCase	0	-31	255	-1024	4096	60	10041078
scalarGraphStoreCase	0	-31	255	-1024	4096	61	10041015
scalarGraphStoreCase	0	-31	255	-1024	4096	62	10041207
scalarGraphStoreCase	0	-31	255	-1024	4096	63	10041142
scalarGraphStoreCase	1	-31	256	-1024	4096	0	10042514
scalarGraphStoreCase	1	-31	256	-1024	4096	1	10042480
scalarGraphStoreCase	1	-31	256	-1024	4096	2	10042446
scalarGraphStoreCase	1	-31	256	-1024	4096	3	10042412
scalarGraphStoreCase	1	-31	256	-1024	4096	4	10042275
scalarGraphStoreCase	1	-31	256	-1024	4096	5	10042275
scalarGraphStoreCase	1	-31	256	-1024	4096	6	10042523
scalarGraphStoreCase	1	-31	256	-1024	4096	7	10042468
scalarGraphStoreCase	1	-31	256	-1024	4096	8	10042275
scalarGraphStoreCase	1	-31	256	-1024	4096	9	10042275
scalarGraphStoreCase	1	-31	256	-1024	4096	10	10042403
scalarGraphStoreCase	1	-31	256	-1024	4096	11	10042342
scalarGraphStoreCase	1	-31	256	-1024	4096	12	10042275
scalarGraphStoreCase	1	-31	256	-1024	4096	13	10042275
scalarGraphStoreCase	1	-31	256	-1024	4096	14	10042403
scalarGraphStoreCase	1	-31	256	-1024	4096	15	10042471
scalarGraphStoreCase	1	-31	256	-1024	4096	16	10042275
scalarGraphStoreCase	1	-31	256	-1024	4096	17	10042275
scalarGraphStoreCase	1	-31	256	-1024	4096	18	10042403
scalarGraphStoreCase	1	-31	256	-1024	4096	19	10042344
scalarGraphStoreCase	1	-31	256	-1024	4096	20	10042293
scalarGraphStoreCase	1	-31	256	-1024	4096	21	10042506
scalarGraphStoreCase	1	-31	256	-1024	4096	22	10042461
scalarGraphStoreCase	1	-31	256	-1024	4096	23	10042417
scalarGraphStoreCase	1	-31	256	-1024	4096	24	10042300
scalarGraphStoreCase	1	-31	256	-1024	4096	25	10042511
scalarGraphStoreCase	1	-31	256	-1024	4096	26	10042464
scalarGraphStoreCase	1	-31	256	-1024	4096	27	10042418
scalarGraphStoreCase	1	-31	256	-1024	4096	28	10042307
scalarGraphStoreCase	1	-31	256	-1024	4096	29	10042516
scalarGraphStoreCase	1	-31	256	-1024	4096	30	10042467
scalarGraphStoreCase	1	-31	256	-1024	4096	31	10042419
scalarGraphStoreCase	1	-31	256	-1024	4096	32	10042314
scalarGraphStoreCase	1	-31	256	-1024	4096	33	10042521
scalarGraphStoreCase	1	-31	256	-1024	4096	34	10042470
scalarGraphStoreCase	1	-31	256	-1024	4096	35	10042420
scalarGraphStoreCase	1	-31	256	-1024	4096	36	10042321
scalarGraphStoreCase	1	-31	256	-1024	4096	37	10042526
scalarGraphStoreCase	1	-31	256	-1024	4096	38	10042473
scalarGraphStoreCase	1	-31	256	-1024	4096	39	10042421
scalarGraphStoreCase	1	-31	256	-1024	4096	40	10042328
scalarGraphStoreCase	1	-31	256	-1024	4096	41	10042275
scalarGraphStoreCase	1	-31	256	-1024	4096	42	10042477
scalarGraphStoreCase	1	-31	256	-1024	4096	43	10042422
scalarGraphStoreCase	1	-31	256	-1024	4096	44	10042335
scalarGraphStoreCase	1	-31	256	-1024	4096	45	10042280
scalarGraphStoreCase	1	-31	256	-1024	4096	46	10042480
scalarGraphStoreCase	1	-31	256	-1024	4096	47	10042423
scalarGraphStoreCase	1	-31	256	-1024	4096	48	10042342
scalarGraphStoreCase	1	-31	256	-1024	4096	49	10042285
scalarGraphStoreCase	1	-31	256	-1024	4096	50	10042483
scalarGraphStoreCase	1	-31	256	-1024	4096	51	10042424
scalarGraphStoreCase	1	-31	256	-1024	4096	52	10042349
scalarGraphStoreCase	1	-31	256	-1024	4096	53	10042290
scalarGraphStoreCase	1	-31	256	-1024	4096	54	10042486
scalarGraphStoreCase	1	-31	256	-1024	4096	55	10042425
scalarGraphStoreCase	1	-31	256	-1024	4096	56	10042356
scalarGraphStoreCase	1	-31	256	-1024	4096	57	10042295
scalarGraphStoreCase	1	-31	256	-1024	4096	58	10042489
scalarGraphStoreCase	1	-31	256	-1024	4096	59	10042426
scalarGraphStoreCase	1	-31	256	-1024	4096	60	10042363
scalarGraphStoreCase	1	-31	256	-1024	4096	61	10042300
scalarGraphStoreCase	1	-31	256	-1024	4096	62	10042492
scalarGraphStoreCase	1	-31	256	-1024	4096	63	10042427
scalarGraphStoreCase	2	-31	65535	-1024	4096	0	93926029
scalarGraphStoreCase	2	-31	65535	-1024	4096	1	93925995
scalarGraphStoreCase	2	-31	65535	-1024	4096	2	93925961
scalarGraphStoreCase	2	-31	65535	-1024	4096	3	93925927
scalarGraphStoreCase	2	-31	65535	-1024	4096	4	93926036
scalarGraphStoreCase	2	-31	65535	-1024	4096	5	93926000
scalarGraphStoreCase	2	-31	65535	-1024	4096	6	93925964
scalarGraphStoreCase	2	-31	65535	-1024	4096	7	93925928
scalarGraphStoreCase	2	-31	65535	-1024	4096	8	93925790
scalarGraphStoreCase	2	-31	65535	-1024	4096	9	93925790
scalarGraphStoreCase	2	-31	65535	-1024	4096	10	93926038
scalarGraphStoreCase	2	-31	65535	-1024	4096	11	93925983
scalarGraphStoreCase	2	-31	65535	-1024	4096	12	93925790
scalarGraphStoreCase	2	-31	65535	-1024	4096	13	93926045
scalarGraphStoreCase	2	-31	65535	-1024	4096	14	93925917
scalarGraphStoreCase	2	-31	65535	-1024	4096	15	93925861
scalarGraphStoreCase	2	-31	65535	-1024	4096	16	93925790
scalarGraphStoreCase	2	-31	65535	-1024	4096	17	93925790
scalarGraphStoreCase	2	-31	65535	-1024	4096	18	93925918
scalarGraphStoreCase	2	-31	65535	-1024	4096	19	93925986
scalarGraphStoreCase	2	-31	65535	-1024	4096	20	93925790
scalarGraphStoreCase	2	-31	65535	-1024	4096	21	93925790
scalarGraphStoreCase	2	-31	65535	-1024	4096	22	93925918
scalarGraphStoreCase	2	-31	65535	-1024	4096	23	93925859
scalarGraphStoreCase	2	-31	65535	-1024	4096	24	93925815
scalarGraphStoreCase	2	-31	65535	-1024	4096	25	93926026
scalarGraphStoreCase	2	-31	65535	-1024	4096	26	93925979
scalarGraphStoreCase	2	-31	65535	-1024	4096	27	93925933
scalarGraphStoreCase	2	-31	65535	-1024	4096	28	93925822
scalarGraphStoreCase	2	-31	65535	-1024	4096	29	93926031
scalarGraphStoreCase	2	-31	65535	-1024	4096	30	93925982
scalarGraphStoreCase	2	-31	65535	-1024	4096	31	93925934
scalarGraphStoreCase	2	-31	65535	-1024	4096	32	93925829
scalarGraphStoreCase	2	-31	65535	-1024	4096	33	93926036
scalarGraphStoreCase	2	-31	65535	-1024	4096	34	93925985
scalarGraphStoreCase	2	-31	65535	-1024	4096	35	93925935
scalarGraphStoreCase	2	-31	65535	-1024	4096	36	93925836
scalarGraphStoreCase	2	-31	65535	-1024	4096	37	93926041
scalarGraphStoreCase	2	-31	65535	-1024	4096	38	93925988
scalarGraphStoreCase	2	-31	65535	-1024	4096	39	93925936
scalarGraphStoreCase	2	-31	65535	-1024	4096	40	93925843
scalarGraphStoreCase	2	-31	65535	-1024	4096	41	93925790
scalarGraphStoreCase	2	-31	65535	-1024	4096	42	93925992
scalarGraphStoreCase	2	-31	65535	-1024	4096	43	93925937
scalarGraphStoreCase	2	-31	65535	-1024	4096	44	93925850
scalarGraphStoreCase	2	-31	65535	-1024	4096	45	93925795
scalarGraphStoreCase	2	-31	65535	-1024	4096	46	93925995
scalarGraphStoreCase	2	-31	65535	-1024	4096	47	93925938
scalarGraphStoreCase	2	-31	65535	-1024	4096	48	93925857
scalarGraphStoreCase	2	-31	65535	-1024	4096	49	93925800
scalarGraphStoreCase	2	-31	65535	-1024	4096	50	93925998
scalarGraphStoreCase	2	-31	65535	-1024	4096	51	93925939
scalarGraphStoreCase	2	-31	65535	-1024	4096	52	93925864
scalarGraphStoreCase	2	-31	65535	-1024	4096	53	93925805
scalarGraphStoreCase	2	-31	65535	-1024	4096	54	93926001
scalarGraphStoreCase	2	-31	65535	-1024	4096	55	93925940
scalarGraphStoreCase	2	-31	65535	-1024	4096	56	93925871
scalarGraphStoreCase	2	-31	65535	-1024	4096	57	93925810
scalarGraphStoreCase	2	-31	65535	-1024	4096	58	93926004
scalarGraphStoreCase	2	-31	65535	-1024	4096	59	93925941
scalarGraphStoreCase	2	-31	65535	-1024	4096	60	93925878
scalarGraphStoreCase	2	-31	65535	-1024	4096	61	93925815
scalarGraphStoreCase	2	-31	65535	-1024	4096	62	93926007
scalarGraphStoreCase	2	-31	65535	-1024	4096	63	93925942
scalarGraphStoreCase	3	-31	127	-65536	4096	0	-106180339
scalarGraphStoreCase	3	-31	127	-65536	4096	1	-106180373
scalarGraphStoreCase	3	-31	127	-65536	4096	2	-106180407
scalarGraphStoreCase	3	-31	127	-65536	4096	3	-106180441
scalarGraphStoreCase	3	-31	127	-65536	4096	4	-106180332
scalarGraphStoreCase	3	-31	127	-65536	4096	5	-106180368
scalarGraphStoreCase	3	-31	127	-65536	4096	6	-106180404
scalarGraphStoreCase	3	-31	127	-65536	4096	7	-106180440
scalarGraphStoreCase	3	-31	127	-65536	4096	8	-106180325
scalarGraphStoreCase	3	-31	127	-65536	4096	9	-106180363
scalarGraphStoreCase	3	-31	127	-65536	4096	10	-106180401
scalarGraphStoreCase	3	-31	127	-65536	4096	11	-106180439
scalarGraphStoreCase	3	-31	127	-65536	4096	12	-106180578
scalarGraphStoreCase	3	-31	127	-65536	4096	13	-106180578
scalarGraphStoreCase	3	-31	127	-65536	4096	14	-106180330
scalarGraphStoreCase	3	-31	127	-65536	4096	15	-106180385
scalarGraphStoreCase	3	-31	127	-65536	4096	16	-106180578
scalarGraphStoreCase	3	-31	127	-65536	4096	17	-106180578
scalarGraphStoreCase	3	-31	127	-65536	4096	18	-106180324
scalarGraphStoreCase	3	-31	127	-65536	4096	19	-106180512
scalarGraphStoreCase	3	-31	127	-65536	4096	20	-106180578
scalarGraphStoreCase	3	-31	127	-65536	4096	21	-106180578
scalarGraphStoreCase	3	-31	127	-65536	4096	22	-106180450
scalarGraphStoreCase	3	-31	127	-65536	4096	23	-106180379
scalarGraphStoreCase	3	-31	127	-65536	4096	24	-106180578
scalarGraphStoreCase	3	-31	127	-65536	4096	25	-106180578
scalarGraphStoreCase	3	-31	127	-65536	4096	26	-106180450
scalarGraphStoreCase	3	-31	127	-65536	4096	27	-106180509
scalarGraphStoreCase	3	-31	127	-65536	4096	28	-106180546
scalarGraphStoreCase	3	-31	127	-65536	4096	29	-106180337
scalarGraphStoreCase	3	-31	127	-65536	4096	30	-106180386
scalarGraphStoreCase	3	-31	127	-65536	4096	31	-106180434
scalarGraphStoreCase	3	-31	127	-65536	4096	32	-106180539
scalarGraphStoreCase	3	-31	127	-65536	4096	33	-106180332
scalarGraphStoreCase	3	-31	127	-65536	4096	34	-106180383
scalarGraphStoreCase	3	-31	127	-65536	4096	35	-106180433
scalarGraphStoreCase	3	-31	127	-65536	4096	36	-106180532
scalarGraphStoreCase	3	-31	127	-65536	4096	37	-106180327
scalarGraphStoreCase	3	-31	127	-65536	4096	38	-106180380
scalarGraphStoreCase	3	-31	127	-65536	4096	39	-106180432
scalarGraphStoreCase	3	-31	127	-65536	4096	40	-106180525
scalarGraphStoreCase	3	-31	127	-65536	4096	41	-106180578
scalarGraphStoreCase	3	-31	127	-65536	4096	42	-106180376
scalarGraphStoreCase	3	-31	127	-65536	4096	43	-106180431
scalarGraphStoreCase	3	-31	127	-65536	4096	44	-106180518
scalarGraphStoreCase	3	-31	127	-65536	4096	45	-106180573
scalarGraphStoreCase	3	-31	127	-65536	4096	46	-106180373
scalarGraphStoreCase	3	-31	127	-65536	4096	47	-106180430
scalarGraphStoreCase	3	-31	127	-65536	4096	48	-106180511
scalarGraphStoreCase	3	-31	127	-65536	4096	49	-106180568
scalarGraphStoreCase	3	-31	127	-65536	4096	50	-106180370
scalarGraphStoreCase	3	-31	127	-65536	4096	51	-106180429
scalarGraphStoreCase	3	-31	127	-65536	4096	52	-106180504
scalarGraphStoreCase	3	-31	127	-65536	4096	53	-106180563
scalarGraphStoreCase	3	-31	127	-65536	4096	54	-106180367
scalarGraphStoreCase	3	-31	127	-65536	4096	55	-106180428
scalarGraphStoreCase	3	-31	127	-65536	4096	56	-106180497
scalarGraphStoreCase	3	-31	127	-65536	4096	57	-106180558
scalarGraphStoreCase	3	-31	127	-65536	4096	58	-106180364
scalarGraphStoreCase	3	-31	127	-65536	4096	59	-106180427
scalarGraphStoreCase	3	-31	127	-65536	4096	60	-106180490
scalarGraphStoreCase	3	-31	127	-65536	4096	61	-106180553
scalarGraphStoreCase	3	-31	127	-65536	4096	62	-106180361
scalarGraphStoreCase	3	-31	127	-65536	4096	63	-106180426
scalarGraphStoreCase	4	-31	127	-257	4096	0	11256582
scalarGraphStoreCase	4	-31	127	-257	4096	1	11256548
scalarGraphStoreCase	4	-31	127	-257	4096	2	11256514
scalarGraphStoreCase	4	-31	127	-257	4096	3	11256480
scalarGraphStoreCase	4	-31	127	-257	4096	4	11256589
scalarGraphStoreCase	4	-31	127	-257	4096	5	11256553
scalarGraphStoreCase	4	-31	127	-257	4096	6	11256517
scalarGraphStoreCase	4	-31	127	-257	4096	7	11256481
scalarGraphStoreCase	4	-31	127	-257	4096	8	11256596
scalarGraphStoreCase	4	-31	127	-257	4096	9	11256558
scalarGraphStoreCase	4	-31	127	-257	4096	10	11256520
scalarGraphStoreCase	4	-31	127	-257	4096	11	11256482
scalarGraphStoreCase	4	-31	127	-257	4096	12	11256347
scalarGraphStoreCase	4	-31	127	-257	4096	13	11256564
scalarGraphStoreCase	4	-31	127	-257	4096	14	11256523
scalarGraphStoreCase	4	-31	127	-257	4096	15	11256483
scalarGraphStoreCase	4	-31	127	-257	4096	16	11256343
scalarGraphStoreCase	4	-31	127	-257	4096	17	11256343
scalarGraphStoreCase	4	-31	127	-257	4096	18	11256591
scalarGraphStoreCase	4	-31	127	-257	4096	19	11256536
scalarGraphStoreCase	4	-31	127	-257	4096	20	11256343
scalarGraphStoreCase	4	-31	127	-257	4096	21	11256343
scalarGraphStoreCase	4	-31	127	-257	4096	22	11256597
scalarGraphStoreCase	4	-31	127	-257	4096	23	11256409
scalarGraphStoreCase	4	-31	127	-257	4096	24	11256343
scalarGraphStoreCase	4	-31	127	-257	4096	25	11256471
scalarGraphStoreCase	4	-31	127	-257	4096	26	11256471
scalarGraphStoreCase	4	-31	127	-257	4096	27	11256538
scalarGraphStoreCase	4	-31	127	-257	4096	28	11256343
scalarGraphStoreCase	4	-31	127	-257	4096	29	11256343
scalarGraphStoreCase	4	-31	127	-257	4096	30	11256471
scalarGraphStoreCase	4	-31	127	-257	4096	31	11256412
scalarGraphStoreCase	4	-31	127	-257	4096	32	11256382
scalarGraphStoreCase	4	-31	127	-257	4096	33	11256589
scalarGraphStoreCase	4	-31	127	-257	4096	34	11256538
scalarGraphStoreCase	4	-31	127	-257	4096	35	11256488
scalarGraphStoreCase	4	-31	127	-257	4096	36	11256389
scalarGraphStoreCase	4	-31	127	-257	4096	37	11256594
scalarGraphStoreCase	4	-31	127	-257	4096	38	11256541
scalarGraphStoreCase	4	-31	127	-257	4096	39	11256489
scalarGraphStoreCase	4	-31	127	-257	4096	40	11256396
scalarGraphStoreCase	4	-31	127	-257	4096	41	11256343
scalarGraphStoreCase	4	-31	127	-257	4096	42	11256545
scalarGraphStoreCase	4	-31	127	-257	4096	43	11256490
scalarGraphStoreCase	4	-31	127	-257	4096	44	11256403
scalarGraphStoreCase	4	-31	127	-257	4096	45	11256348
scalarGraphStoreCase	4	-31	127	-257	4096	46	11256548
scalarGraphStoreCase	4	-31	127	-257	4096	47	11256491
scalarGraphStoreCase	4	-31	127	-257	4096	48	11256410
scalarGraphStoreCase	4	-31	127	-257	4096	49	11256353
scalarGraphStoreCase	4	-31	127	-257	4096	50	11256551
scalarGraphStoreCase	4	-31	127	-257	4096	51	11256492
scalarGraphStoreCase	4	-31	127	-257	4096	52	11256417
scalarGraphStoreCase	4	-31	127	-257	4096	53	11256358
scalarGraphStoreCase	4	-31	127	-257	4096	54	11256554
scalarGraphStoreCase	4	-31	127	-257	4096	55	11256493
scalarGraphStoreCase	4	-31	127	-257	4096	56	11256424
scalarGraphStoreCase	4	-31	127	-257	4096	57	11256363
scalarGraphStoreCase	4	-31	127	-257	4096	58	11256557
scalarGraphStoreCase	4	-31	127	-257	4096	59	11256494
scalarGraphStoreCase	4	-31	127	-257	4096	60	11256431
scalarGraphStoreCase	4	-31	127	-257	4096	61	11256368
scalarGraphStoreCase	4	-31	127	-257	4096	62	11256560
scalarGraphStoreCase	4	-31	127	-257	4096	63	11256495
scalarGraphStoreCase	5	-31	127	-1	4096	0	11717126
scalarGraphStoreCase	5	-31	127	-1	4096	1	11717092
scalarGraphStoreCase	5	-31	127	-1	4096	2	11717058
scalarGraphStoreCase	5	-31	127	-1	4096	3	11717024
scalarGraphStoreCase	5	-31	127	-1	4096	4	11717133
scalarGraphStoreCase	5	-31	127	-1	4096	5	11717097
scalarGraphStoreCase	5	-31	127	-1	4096	6	11717061
scalarGraphStoreCase	5	-31	127	-1	4096	7	11717025
scalarGraphStoreCase	5	-31	127	-1	4096	8	11717140
scalarGraphStoreCase	5	-31	127	-1	4096	9	11717102
scalarGraphStoreCase	5	-31	127	-1	4096	10	11717064
scalarGraphStoreCase	5	-31	127	-1	4096	11	11717026
scalarGraphStoreCase	5	-31	127	-1	4096	12	11716891
scalarGraphStoreCase	5	-31	127	-1	4096	13	11717108
scalarGraphStoreCase	5	-31	127	-1	4096	14	11717067
scalarGraphStoreCase	5	-31	127	-1	4096	15	11717027
scalarGraphStoreCase	5	-31	127	-1	4096	16	11716898
scalarGraphStoreCase	5	-31	127	-1	4096	17	11717113
scalarGraphStoreCase	5	-31	127	-1	4096	18	11717070
scalarGraphStoreCase	5	-31	127	-1	4096	19	11717028
scalarGraphStoreCase	5	-31	127	-1	4096	20	11716887
scalarGraphStoreCase	5	-31	127	-1	4096	21	11716887
scalarGraphStoreCase	5	-31	127	-1	4096	22	11717135
scalarGraphStoreCase	5	-31	127	-1	4096	23	11717080
scalarGraphStoreCase	5	-31	127	-1	4096	24	11716887
scalarGraphStoreCase	5	-31	127	-1	4096	25	11716887
scalarGraphStoreCase	5	-31	127	-1	4096	26	11717141
scalarGraphStoreCase	5	-31	127	-1	4096	27	11716953
scalarGraphStoreCase	5	-31	127	-1	4096	28	11716887
scalarGraphStoreCase	5	-31	127	-1	4096	29	11716887
scalarGraphStoreCase	5	-31	127	-1	4096	30	11717015
scalarGraphStoreCase	5	-31	127	-1	4096	31	11717078
scalarGraphStoreCase	5	-31	127	-1	4096	32	11716887
scalarGraphStoreCase	5	-31	127	-1	4096	33	11716887
scalarGraphStoreCase	5	-31	127	-1	4096	34	11717015
scalarGraphStoreCase	5	-31	127	-1	4096	35	11716956
scalarGraphStoreCase	5	-31	127	-1	4096	36	11716933
scalarGraphStoreCase	5	-31	127	-1	4096	37	11717138
scalarGraphStoreCase	5	-31	127	-1	4096	38	11717085
scalarGraphStoreCase	5	-31	127	-1	4096	39	11717033
scalarGraphStoreCase	5	-31	127	-1	4096	40	11716940
scalarGraphStoreCase	5	-31	127	-1	4096	41	11716887
scalarGraphStoreCase	5	-31	127	-1	4096	42	11717089
scalarGraphStoreCase	5	-31	127	-1	4096	43	11717034
scalarGraphStoreCase	5	-31	127	-1	4096	44	11716947
scalarGraphStoreCase	5	-31	127	-1	4096	45	11716892
scalarGraphStoreCase	5	-31	127	-1	4096	46	11717092
scalarGraphStoreCase	5	-31	127	-1	4096	47	11717035
scalarGraphStoreCase	5	-31	127	-1	4096	48	11716954
scalarGraphStoreCase	5	-31	127	-1	4096	49	11716897
scalarGraphStoreCase	5	-31	127	-1	4096	50	11717095
scalarGraphStoreCase	5	-31	127	-1	4096	51	11717036
scalarGraphStoreCase	5	-31	127	-1	4096	52	11716961
scalarGraphStoreCase	5	-31	127	-1	4096	53	11716902
scalarGraphStoreCase	5	-31	127	-1	4096	54	11717098
scalarGraphStoreCase	5	-31	127	-1	4096	55	11717037
scalarGraphStoreCase	5	-31	127	-1	4096	56	11716968
scalarGraphStoreCase	5	-31	127	-1	4096	57	11716907
scalarGraphStoreCase	5	-31	127	-1	4096	58	11717101
scalarGraphStoreCase	5	-31	127	-1	4096	59	11717038
scalarGraphStoreCase	5	-31	127	-1	4096	60	11716975
scalarGraphStoreCase	5	-31	127	-1	4096	61	11716912
scalarGraphStoreCase	5	-31	127	-1	4096	62	11717104
scalarGraphStoreCase	5	-31	127	-1	4096	63	11717039
scalarGraphStoreCase	6	-31	127	0	4096	0	11718925
scalarGraphStoreCase	6	-31	127	0	4096	1	11718891
scalarGraphStoreCase	6	-31	127	0	4096	2	11718857
scalarGraphStoreCase	6	-31	127	0	4096	3	11718823
scalarGraphStoreCase	6	-31	127	0	4096	4	11718932
scalarGraphStoreCase	6	-31	127	0	4096	5	11718896
scalarGraphStoreCase	6	-31	127	0	4096	6	11718860
scalarGraphStoreCase	6	-31	127	0	4096	7	11718824
scalarGraphStoreCase	6	-31	127	0	4096	8	11718939
scalarGraphStoreCase	6	-31	127	0	4096	9	11718901
scalarGraphStoreCase	6	-31	127	0	4096	10	11718863
scalarGraphStoreCase	6	-31	127	0	4096	11	11718825
scalarGraphStoreCase	6	-31	127	0	4096	12	11718690
scalarGraphStoreCase	6	-31	127	0	4096	13	11718907
scalarGraphStoreCase	6	-31	127	0	4096	14	11718866
scalarGraphStoreCase	6	-31	127	0	4096	15	11718826
scalarGraphStoreCase	6	-31	127	0	4096	16	11718697
scalarGraphStoreCase	6	-31	127	0	4096	17	11718912
scalarGraphStoreCase	6	-31	127	0	4096	18	11718869
scalarGraphStoreCase	6	-31	127	0	4096	19	11718827
scalarGraphStoreCase	6	-31	127	0	4096	20	11718704
scalarGraphStoreCase	6	-31	127	0	4096	21	11718917
scalarGraphStoreCase	6	-31	127	0	4096	22	11718872
scalarGraphStoreCase	6	-31	127	0	4096	23	11718828
scalarGraphStoreCase	6	-31	127	0	4096	24	11718686
scalarGraphStoreCase	6	-31	127	0	4096	25	11718686
scalarGraphStoreCase	6	-31	127	0	4096	26	11718934
scalarGraphStoreCase	6	-31	127	0	4096	27	11718879
scalarGraphStoreCase	6	-31	127	0	4096	28	11718686
scalarGraphStoreCase	6	-31	127	0	4096	29	11718686
scalarGraphStoreCase	6	-31	127	0	4096	30	11718940
scalarGraphStoreCase	6	-31	127	0	4096	31	11718752
scalarGraphStoreCase	6	-31	127	0	4096	32	11718686
scalarGraphStoreCase	6	-31	127	0	4096	33	11718686
scalarGraphStoreCase	6	-31	127	0	4096	34	11718686
scalarGraphStoreCase	6	-31	127	0	4096	35	11718686
scalarGraphStoreCase	6	-31	127	0	4096	36	11718686
scalarGraphStoreCase	6	-31	127	0	4096	37	11718686
scalarGraphStoreCase	6	-31	127	0	4096	38	11718814
scalarGraphStoreCase	6	-31	127	0	4096	39	11718755
scalarGraphStoreCase	6	-31	127	0	4096	40	11718739
scalarGraphStoreCase	6	-31	127	0	4096	41	11718686
scalarGraphStoreCase	6	-31	127	0	4096	42	11718888
scalarGraphStoreCase	6	-31	127	0	4096	43	11718833
scalarGraphStoreCase	6	-31	127	0	4096	44	11718746
scalarGraphStoreCase	6	-31	127	0	4096	45	11718691
scalarGraphStoreCase	6	-31	127	0	4096	46	11718891
scalarGraphStoreCase	6	-31	127	0	4096	47	11718834
scalarGraphStoreCase	6	-31	127	0	4096	48	11718753
scalarGraphStoreCase	6	-31	127	0	4096	49	11718696
scalarGraphStoreCase	6	-31	127	0	4096	50	11718894
scalarGraphStoreCase	6	-31	127	0	4096	51	11718835
scalarGraphStoreCase	6	-31	127	0	4096	52	11718760
scalarGraphStoreCase	6	-31	127	0	4096	53	11718701
scalarGraphStoreCase	6	-31	127	0	4096	54	11718897
scalarGraphStoreCase	6	-31	127	0	4096	55	11718836
scalarGraphStoreCase	6	-31	127	0	4096	56	11718767
scalarGraphStoreCase	6	-31	127	0	4096	57	11718706
scalarGraphStoreCase	6	-31	127	0	4096	58	11718900
scalarGraphStoreCase	6	-31	127	0	4096	59	11718837
scalarGraphStoreCase	6	-31	127	0	4096	60	11718774
scalarGraphStoreCase	6	-31	127	0	4096	61	11718711
scalarGraphStoreCase	6	-31	127	0	4096	62	11718903
scalarGraphStoreCase	6	-31	127	0	4096	63	11718838
scalarGraphStoreCase	7	-31	127	1	4096	0	11720724
scalarGraphStoreCase	7	-31	127	1	4096	1	11720690
scalarGraphStoreCase	7	-31	127	1	4096	2	11720656
scalarGraphStoreCase	7	-31	127	1	4096	3	11720622
scalarGraphStoreCase	7	-31	127	1	4096	4	11720731
scalarGraphStoreCase	7	-31	127	1	4096	5	11720695
scalarGraphStoreCase	7	-31	127	1	4096	6	11720659
scalarGraphStoreCase	7	-31	127	1	4096	7	11720623
scalarGraphStoreCase	7	-31	127	1	4096	8	11720738
scalarGraphStoreCase	7	-31	127	1	4096	9	11720700
scalarGraphStoreCase	7	-31	127	1	4096	10	11720662
scalarGraphStoreCase	7	-31	127	1	4096	11	11720624
scalarGraphStoreCase	7	-31	127	1	4096	12	11720489
scalarGraphStoreCase	7	-31	127	1	4096	13	11720706
scalarGraphStoreCase	7	-31	127	1	4096	14	11720665
scalarGraphStoreCase	7	-31	127	1	4096	15	11720625
scalarGraphStoreCase	7	-31	127	1	4096	16	11720496
scalarGraphStoreCase	7	-31	127	1	4096	17	11720711
scalarGraphStoreCase	7	-31	127	1	4096	18	11720668
scalarGraphStoreCase	7	-31	127	1	4096	19	11720626
scalarGraphStoreCase	7	-31	127	1	4096	20	11720503
scalarGraphStoreCase	7	-31	127	1	4096	21	11720716
scalarGraphStoreCase	7	-31	127	1	4096	22	11720671
scalarGraphStoreCase	7	-31	127	1	4096	23	11720627
scalarGraphStoreCase	7	-31	127	1	4096	24	11720510
scalarGraphStoreCase	7	-31	127	1	4096	25	11720721
scalarGraphStoreCase	7	-31	127	1	4096	26	11720674
scalarGraphStoreCase	7	-31	127	1	4096	27	11720628
scalarGraphStoreCase	7	-31	127	1	4096	28	11720485
scalarGraphStoreCase	7	-31	127	1	4096	29	11720485
scalarGraphStoreCase	7	-31	127	1	4096	30	11720733
scalarGraphStoreCase	7	-31	127	1	4096	31	11720678
scalarGraphStoreCase	7	-31	127	1	4096	32	11720485
scalarGraphStoreCase	7	-31	127	1	4096	33	11720485
scalarGraphStoreCase	7	-31	127	1	4096	34	11720739
scalarGraphStoreCase	7	-31	127	1	4096	35	11720551
scalarGraphStoreCase	7	-31	127	1	4096	36	11720485
scalarGraphStoreCase	7	-31	127	1	4096	37	11720485
scalarGraphStoreCase	7	-31	127	1	4096	38	11720613
scalarGraphStoreCase	7	-31	127	1	4096	39	11720548
scalarGraphStoreCase	7	-31	127	1	4096	40	11720485
scalarGraphStoreCase	7	-31	127	1	4096	41	11720485
scalarGraphStoreCase	7	-31	127	1	4096	42	11720613
scalarGraphStoreCase	7	-31	127	1	4096	43	11720554
scalarGraphStoreCase	7	-31	127	1	4096	44	11720545
scalarGraphStoreCase	7	-31	127	1	4096	45	11720490
scalarGraphStoreCase	7	-31	127	1	4096	46	11720690
scalarGraphStoreCase	7	-31	127	1	4096	47	11720633
scalarGraphStoreCase	7	-31	127	1	4096	48	11720552
scalarGraphStoreCase	7	-31	127	1	4096	49	11720495
scalarGraphStoreCase	7	-31	127	1	4096	50	11720693
scalarGraphStoreCase	7	-31	127	1	4096	51	11720634
scalarGraphStoreCase	7	-31	127	1	4096	52	11720559
scalarGraphStoreCase	7	-31	127	1	4096	53	11720500
scalarGraphStoreCase	7	-31	127	1	4096	54	11720696
scalarGraphStoreCase	7	-31	127	1	4096	55	11720635
scalarGraphStoreCase	7	-31	127	1	4096	56	11720566
scalarGraphStoreCase	7	-31	127	1	4096	57	11720505
scalarGraphStoreCase	7	-31	127	1	4096	58	11720699
scalarGraphStoreCase	7	-31	127	1	4096	59	11720636
scalarGraphStoreCase	7	-31	127	1	4096	60	11720573
scalarGraphStoreCase	7	-31	127	1	4096	61	11720510
scalarGraphStoreCase	7	-31	127	1	4096	62	11720702
scalarGraphStoreCase	7	-31	127	1	4096	63	11720637
scalarGraphStoreCase	8	-31	127	255	4096	0	12177670
scalarGraphStoreCase	8	-31	127	255	4096	1	12177636
scalarGraphStoreCase	8	-31	127	255	4096	2	12177602
scalarGraphStoreCase	8	-31	127	255	4096	3	12177568
scalarGraphStoreCase	8	-31	127	255	4096	4	12177677
scalarGraphStoreCase	8	-31	127	255	4096	5	12177641
scalarGraphStoreCase	8	-31	127	255	4096	6	12177605
scalarGraphStoreCase	8	-31	127	255	4096	7	12177569
scalarGraphStoreCase	8	-31	127	255	4096	8	12177684
scalarGraphStoreCase	8	-31	127	255	4096	9	12177646
scalarGraphStoreCase	8	-31	127	255	4096	10	12177608
scalarGraphStoreCase	8	-31	127	255	4096	11	12177570
scalarGraphStoreCase	8	-31	127	255	4096	12	12177435
scalarGraphStoreCase	8	-31	127	255	4096	13	12177652
scalarGraphStoreCase	8	-31	127	255	4096	14	12177611
scalarGraphStoreCase	8	-31	127	255	4096	15	12177571
scalarGraphStoreCase	8	-31	127	255	4096	16	12177442
scalarGraphStoreCase	8	-31	127	255	4096	17	12177657
scalarGraphStoreCase	8	-31	127	255	4096	18	12177614
scalarGraphStoreCase	8	-31	127	255	4096	19	12177572
scalarGraphStoreCase	8	-31	127	255	4096	20	12177449
scalarGraphStoreCase	8	-31	127	255	4096	21	12177662
scalarGraphStoreCase	8	-31	127	255	4096	22	12177617
scalarGraphStoreCase	8	-31	127	255	4096	23	12177573
scalarGraphStoreCase	8	-31	127	255	4096	24	12177456
scalarGraphStoreCase	8	-31	127	255	4096	25	12177667
scalarGraphStoreCase	8	-31	127	255	4096	26	12177620
scalarGraphStoreCase	8	-31	127	255	4096	27	12177574
scalarGraphStoreCase	8	-31	127	255	4096	28	12177463
scalarGraphStoreCase	8	-31	127	255	4096	29	12177672
scalarGraphStoreCase	8	-31	127	255	4096	30	12177623
scalarGraphStoreCase	8	-31	127	255	4096	31	12177575
scalarGraphStoreCase	8	-31	127	255	4096	32	12177431
scalarGraphStoreCase	8	-31	127	255	4096	33	12177431
scalarGraphStoreCase	8	-31	127	255	4096	34	12177679
scalarGraphStoreCase	8	-31	127	255	4096	35	12177624
scalarGraphStoreCase	8	-31	127	255	4096	36	12177431
scalarGraphStoreCase	8	-31	127	255	4096	37	12177431
scalarGraphStoreCase	8	-31	127	255	4096	38	12177685
scalarGraphStoreCase	8	-31	127	255	4096	39	12177497
scalarGraphStoreCase	8	-31	127	255	4096	40	12177431
scalarGraphStoreCase	8	-31	127	255	4096	41	12177431
scalarGraphStoreCase	8	-31	127	255	4096	42	12177558
scalarGraphStoreCase	8	-31	127	255	4096	43	12177498
scalarGraphStoreCase	8	-31	127	255	4096	44	12177431
scalarGraphStoreCase	8	-31	127	255	4096	45	12177431
scalarGraphStoreCase	8	-31	127	255	4096	46	12177559
scalarGraphStoreCase	8	-31	127	255	4096	47	12177500
scalarGraphStoreCase	8	-31	127	255	4096	48	12177498
scalarGraphStoreCase	8	-31	127	255	4096	49	12177441
scalarGraphStoreCase	8	-31	127	255	4096	50	12177639
scalarGraphStoreCase	8	-31	127	255	4096	51	12177580
scalarGraphStoreCase	8	-31	127	255	4096	52	12177505
scalarGraphStoreCase	8	-31	127	255	4096	53	12177446
scalarGraphStoreCase	8	-31	127	255	4096	54	12177642
scalarGraphStoreCase	8	-31	127	255	4096	55	12177581
scalarGraphStoreCase	8	-31	127	255	4096	56	12177512
scalarGraphStoreCase	8	-31	127	255	4096	57	12177451
scalarGraphStoreCase	8	-31	127	255	4096	58	12177645
scalarGraphStoreCase	8	-31	127	255	4096	59	12177582
scalarGraphStoreCase	8	-31	127	255	4096	60	12177519
scalarGraphStoreCase	8	-31	127	255	4096	61	12177456
scalarGraphStoreCase	8	-31	127	255	4096	62	12177648
scalarGraphStoreCase	8	-31	127	255	4096	63	12177583
scalarGraphStoreCase	9	-31	127	256	4096	0	12179469
scalarGraphStoreCase	9	-31	127	256	4096	1	12179435
scalarGraphStoreCase	9	-31	127	256	4096	2	12179401
scalarGraphStoreCase	9	-31	127	256	4096	3	12179367
scalarGraphStoreCase	9	-31	127	256	4096	4	12179476
scalarGraphStoreCase	9	-31	127	256	4096	5	12179440
scalarGraphStoreCase	9	-31	127	256	4096	6	12179404
scalarGraphStoreCase	9	-31	127	256	4096	7	12179368
scalarGraphStoreCase	9	-31	127	256	4096	8	12179483
scalarGraphStoreCase	9	-31	127	256	4096	9	12179445
scalarGraphStoreCase	9	-31	127	256	4096	10	12179407
scalarGraphStoreCase	9	-31	127	256	4096	11	12179369
scalarGraphStoreCase	9	-31	127	256	4096	12	12179234
scalarGraphStoreCase	9	-31	127	256	4096	13	12179451
scalarGraphStoreCase	9	-31	127	256	4096	14	12179410
scalarGraphStoreCase	9	-31	127	256	4096	15	12179370
scalarGraphStoreCase	9	-31	127	256	4096	16	12179241
scalarGraphStoreCase	9	-31	127	256	4096	17	12179456
scalarGraphStoreCase	9	-31	127	256	4096	18	12179413
scalarGraphStoreCase	9	-31	127	256	4096	19	12179371
scalarGraphStoreCase	9	-31	127	256	4096	20	12179248
scalarGraphStoreCase	9	-31	127	256	4096	21	12179461
scalarGraphStoreCase	9	-31	127	256	4096	22	12179416
scalarGraphStoreCase	9	-31	127	256	4096	23	12179372
scalarGraphStoreCase	9	-31	127	256	4096	24	12179255
scalarGraphStoreCase	9	-31	127	256	4096	25	12179466
scalarGraphStoreCase	9	-31	127	256	4096	26	12179419
scalarGraphStoreCase	9	-31	127	256	4096	27	12179373
scalarGraphStoreCase	9	-31	127	256	4096	28	12179262
scalarGraphStoreCase	9	-31	127	256	4096	29	12179471
scalarGraphStoreCase	9	-31	127	256	4096	30	12179422
scalarGraphStoreCase	9	-31	127	256	4096	31	12179374
scalarGraphStoreCase	9	-31	127	256	4096	32	12179269
scalarGraphStoreCase	9	-31	127	256	4096	33	12179476
scalarGraphStoreCase	9	-31	127	256	4096	34	12179425
scalarGraphStoreCase	9	-31	127	256	4096	35	12179375
scalarGraphStoreCase	9	-31	127	256	4096	36	12179230
scalarGraphStoreCase	9	-31	127	256	4096	37	12179230
scalarGraphStoreCase	9	-31	127	256	4096	38	12179478
scalarGraphStoreCase	9	-31	127	256	4096	39	12179423
scalarGraphStoreCase	9	-31	127	256	4096	40	12179230
scalarGraphStoreCase	9	-31	127	256	4096	41	12179230
scalarGraphStoreCase	9	-31	127	256	4096	42	12179484
scalarGraphStoreCase	9	-31	127	256	4096	43	12179296
scalarGraphStoreCase	9	-31	127	256	4096	44	12179230
scalarGraphStoreCase	9	-31	127	256	4096	45	12179230
scalarGraphStoreCase	9	-31	127	256	4096	46	12179358
scalarGraphStoreCase	9	-31	127	256	4096	47	12179297
scalarGraphStoreCase	9	-31	127	256	4096	48	12179230
scalarGraphStoreCase	9	-31	127	256	4096	49	12179230
scalarGraphStoreCase	9	-31	127	256	4096	50	12179358
scalarGraphStoreCase	9	-31	127	256	4096	51	12179299
scalarGraphStoreCase	9	-31	127	256	4096	52	12179304
scalarGraphStoreCase	9	-31	127	256	4096	53	12179245
scalarGraphStoreCase	9	-31	127	256	4096	54	12179441
scalarGraphStoreCase	9	-31	127	256	4096	55	12179380
scalarGraphStoreCase	9	-31	127	256	4096	56	12179311
scalarGraphStoreCase	9	-31	127	256	4096	57	12179250
scalarGraphStoreCase	9	-31	127	256	4096	58	12179444
scalarGraphStoreCase	9	-31	127	256	4096	59	12179381
scalarGraphStoreCase	9	-31	127	256	4096	60	12179318
scalarGraphStoreCase	9	-31	127	256	4096	61	12179255
scalarGraphStoreCase	9	-31	127	256	4096	62	12179447
scalarGraphStoreCase	9	-31	127	256	4096	63	12179382
scalarGraphStoreCase	10	-31	127	65535	4096	0	129616390
scalarGraphStoreCase	10	-31	127	65535	4096	1	129616356
scalarGraphStoreCase	10	-31	127	65535	4096	2	129616322
scalarGraphStoreCase	10	-31	127	65535	4096	3	129616288
scalarGraphStoreCase	10	-31	127	65535	4096	4	129616397
scalarGraphStoreCase	10	-31	127	65535	4096	5	129616361
scalarGraphStoreCase	10	-31	127	65535	4096	6	129616325
scalarGraphStoreCase	10	-31	127	65535	4096	7	129616289
scalarGraphStoreCase	10	-31	127	65535	4096	8	129616404
scalarGraphStoreCase	10	-31	127	65535	4096	9	129616366
scalarGraphStoreCase	10	-31	127	65535	4096	10	129616328
scalarGraphStoreCase	10	-31	127	65535	4096	11	129616290
scalarGraphStoreCase	10	-31	127	65535	4096	12	129616155
scalarGraphStoreCase	10	-31	127	65535	4096	13	129616372
scalarGraphStoreCase	10	-31	127	65535	4096	14	129616331
scalarGraphStoreCase	10	-31	127	65535	4096	15	129616291
scalarGraphStoreCase	10	-31	127	65535	4096	16	129616162
scalarGraphStoreCase	10	-31	127	65535	4096	17	129616377
scalarGraphStoreCase	10	-31	127	65535	4096	18	129616334
scalarGraphStoreCase	10	-31	127	65535	4096	19	129616292
scalarGraphStoreCase	10	-31	127	65535	4096	20	129616169
scalarGraphStoreCase	10	-31	127	65535	4096	21	129616382
scalarGraphStoreCase	10	-31	127	65535	4096	22	129616337
scalarGraphStoreCase	10	-31	127	65535	4096	23	129616293
scalarGraphStoreCase	10	-31	127	65535	4096	24	129616176
scalarGraphStoreCase	10	-31	127	65535	4096	25	129616387
scalarGraphStoreCase	10	-31	127	65535	4096	26	129616340
scalarGraphStoreCase	10	-31	127	65535	4096	27	129616294
scalarGraphStoreCase	10	-31	127	65535	4096	28	129616183
scalarGraphStoreCase	10	-31	127	65535	4096	29	129616392
scalarGraphStoreCase	10	-31	127	65535	4096	30	129616343
scalarGraphStoreCase	10	-31	127	65535	4096	31	129616295
scalarGraphStoreCase	10	-31	127	65535	4096	32	129616190
scalarGraphStoreCase	10	-31	127	65535	4096	33	129616397
scalarGraphStoreCase	10	-31	127	65535	4096	34	129616346
scalarGraphStoreCase	10	-31	127	65535	4096	35	129616296
scalarGraphStoreCase	10	-31	127	65535	4096	36	129616197
scalarGraphStoreCase	10	-31	127	65535	4096	37	129616402
scalarGraphStoreCase	10	-31	127	65535	4096	38	129616349
scalarGraphStoreCase	10	-31	127	65535	4096	39	129616297
scalarGraphStoreCase	10	-31	127	65535	4096	40	129616151
scalarGraphStoreCase	10	-31	127	65535	4096	41	129616151
scalarGraphStoreCase	10	-31	127	65535	4096	42	129616399
scalarGraphStoreCase	10	-31	127	65535	4096	43	129616344
scalarGraphStoreCase	10	-31	127	65535	4096	44	129616151
scalarGraphStoreCase	10	-31	127	65535	4096	45	129616151
scalarGraphStoreCase	10	-31	127	65535	4096	46	129616405
scalarGraphStoreCase	10	-31	127	65535	4096	47	129616217
scalarGraphStoreCase	10	-31	127	65535	4096	48	129616151
scalarGraphStoreCase	10	-31	127	65535	4096	49	129616406
scalarGraphStoreCase	10	-31	127	65535	4096	50	129616278
scalarGraphStoreCase	10	-31	127	65535	4096	51	129616222
scalarGraphStoreCase	10	-31	127	65535	4096	52	129616151
scalarGraphStoreCase	10	-31	127	65535	4096	53	129616151
scalarGraphStoreCase	10	-31	127	65535	4096	54	129616279
scalarGraphStoreCase	10	-31	127	65535	4096	55	129616220
scalarGraphStoreCase	10	-31	127	65535	4096	56	129616232
scalarGraphStoreCase	10	-31	127	65535	4096	57	129616171
scalarGraphStoreCase	10	-31	127	65535	4096	58	129616365
scalarGraphStoreCase	10	-31	127	65535	4096	59	129616302
scalarGraphStoreCase	10	-31	127	65535	4096	60	129616239
scalarGraphStoreCase	10	-31	127	65535	4096	61	129616176
scalarGraphStoreCase	10	-31	127	65535	4096	62	129616368
scalarGraphStoreCase	10	-31	127	65535	4096	63	129616303
scalarGraphStoreCase	11	-31	127	-1024	-65536	0	-186972915
scalarGraphStoreCase	11	-31	127	-1024	-65536	1	-186972949
scalarGraphStoreCase	11	-31	127	-1024	-65536	2	-186972983
scalarGraphStoreCase	11	-31	127	-1024	-65536	3	-186973017
scalarGraphStoreCase	11	-31	127	-1024	-65536	4	-186972908
scalarGraphStoreCase	11	-31	127	-1024	-65536	5	-186972944
scalarGraphStoreCase	11	-31	127	-1024	-65536	6	-186972980
scalarGraphStoreCase	11	-31	127	-1024	-65536	7	-186973016
scalarGraphStoreCase	11	-31	127	-1024	-65536	8	-186972901
scalarGraphStoreCase	11	-31	127	-1024	-65536	9	-186972939
scalarGraphStoreCase	11	-31	127	-1024	-65536	10	-186972977
scalarGraphStoreCase	11	-31	127	-1024	-65536	11	-186973015
scalarGraphStoreCase	11	-31	127	-1024	-65536	12	-186973150
scalarGraphStoreCase	11	-31	127	-1024	-65536	13	-186972933
scalarGraphStoreCase	11	-31	127	-1024	-65536	14	-186972974
scalarGraphStoreCase	11	-31	127	-1024	-65536	15	-186973014
scalarGraphStoreCase	11	-31	127	-1024	-65536	16	-186973143
scalarGraphStoreCase	11	-31	127	-1024	-65536	17	-186972928
scalarGraphStoreCase	11	-31	127	-1024	-65536	18	-186972971
scalarGraphStoreCase	11	-31	127	-1024	-65536	19	-186973013
scalarGraphStoreCase	11	-31	127	-1024	-65536	20	-186973136
scalarGraphStoreCase	11	-31	127	-1024	-65536	21	-186972923
scalarGraphStoreCase	11	-31	127	-1024	-65536	22	-186972968
scalarGraphStoreCase	11	-31	127	-1024	-65536	23	-186973012
scalarGraphStoreCase	11	-31	127	-1024	-65536	24	-186973129
scalarGraphStoreCase	11	-31	127	-1024	-65536	25	-186972918
scalarGraphStoreCase	11	-31	127	-1024	-65536	26	-186972965
scalarGraphStoreCase	11	-31	127	-1024	-65536	27	-186973011
scalarGraphStoreCase	11	-31	127	-1024	-65536	28	-186973122
scalarGraphStoreCase	11	-31	127	-1024	-65536	29	-186972913
scalarGraphStoreCase	11	-31	127	-1024	-65536	30	-186972962
scalarGraphStoreCase	11	-31	127	-1024	-65536	31	-186973010
scalarGraphStoreCase	11	-31	127	-1024	-65536	32	-186973115
scalarGraphStoreCase	11	-31	127	-1024	-65536	33	-186972908
scalarGraphStoreCase	11	-31	127	-1024	-65536	34	-186972959
scalarGraphStoreCase	11	-31	127	-1024	-65536	35	-186973009
scalarGraphStoreCase	11	-31	127	-1024	-65536	36	-186973108
scalarGraphStoreCase	11	-31	127	-1024	-65536	37	-186972903
scalarGraphStoreCase	11	-31	127	-1024	-65536	38	-186972956
scalarGraphStoreCase	11	-31	127	-1024	-65536	39	-186973008
scalarGraphStoreCase	11	-31	127	-1024	-65536	40	-186973101
scalarGraphStoreCase	11	-31	127	-1024	-65536	41	-186973154
scalarGraphStoreCase	11	-31	127	-1024	-65536	42	-186972952
scalarGraphStoreCase	11	-31	127	-1024	-65536	43	-186973007
scalarGraphStoreCase	11	-31	127	-1024	-65536	44	-186973154
scalarGraphStoreCase	11	-31	127	-1024	-65536	45	-186973154
scalarGraphStoreCase	11	-31	127	-1024	-65536	46	-186972906
scalarGraphStoreCase	11	-31	127	-1024	-65536	47	-186972961
scalarGraphStoreCase	11	-31	127	-1024	-65536	48	-186973154
scalarGraphStoreCase	11	-31	127	-1024	-65536	49	-186973154
scalarGraphStoreCase	11	-31	127	-1024	-65536	50	-186972900
scalarGraphStoreCase	11	-31	127	-1024	-65536	51	-186973088
scalarGraphStoreCase	11	-31	127	-1024	-65536	52	-186973154
scalarGraphStoreCase	11	-31	127	-1024	-65536	53	-186973154
scalarGraphStoreCase	11	-31	127	-1024	-65536	54	-186973026
scalarGraphStoreCase	11	-31	127	-1024	-65536	55	-186972958
scalarGraphStoreCase	11	-31	127	-1024	-65536	56	-186973154
scalarGraphStoreCase	11	-31	127	-1024	-65536	57	-186973154
scalarGraphStoreCase	11	-31	127	-1024	-65536	58	-186973026
scalarGraphStoreCase	11	-31	127	-1024	-65536	59	-186972955
scalarGraphStoreCase	11	-31	127	-1024	-65536	60	-186973066
scalarGraphStoreCase	11	-31	127	-1024	-65536	61	-186973129
scalarGraphStoreCase	11	-31	127	-1024	-65536	62	-186972937
scalarGraphStoreCase	11	-31	127	-1024	-65536	63	-186973002
scalarGraphStoreCase	12	-31	127	-1024	-257	0	-2429182
scalarGraphStoreCase	12	-31	127	-1024	-257	1	-2429216
scalarGraphStoreCase	12	-31	127	-1024	-257	2	-2429250
scalarGraphStoreCase	12	-31	127	-1024	-257	3	-2429284
scalarGraphStoreCase	12	-31	127	-1024	-257	4	-2429175
scalarGraphStoreCase	12	-31	127	-1024	-257	5	-2429211
scalarGraphStoreCase	12	-31	127	-1024	-257	6	-2429247
scalarGraphStoreCase	12	-31	127	-1024	-257	7	-2429283
scalarGraphStoreCase	12	-31	127	-1024	-257	8	-2429168
scalarGraphStoreCase	12	-31	127	-1024	-257	9	-2429206
scalarGraphStoreCase	12	-31	127	-1024	-257	10	-2429244
scalarGraphStoreCase	12	-31	127	-1024	-257	11	-2429282
scalarGraphStoreCase	12	-31	127	-1024	-257	12	-2429417
scalarGraphStoreCase	12	-31	127	-1024	-257	13	-2429200
scalarGraphStoreCase	12	-31	127	-1024	-257	14	-2429241
scalarGraphStoreCase	12	-31	127	-1024	-257	15	-2429281
scalarGraphStoreCase	12	-31	127	-1024	-257	16	-2429410
scalarGraphStoreCase	12	-31	127	-1024	-257	17	-2429195
scalarGraphStoreCase	12	-31	127	-1024	-257	18	-2429238
scalarGraphStoreCase	12	-31	127	-1024	-257	19	-2429280
scalarGraphStoreCase	12	-31	127	-1024	-257	20	-2429403
scalarGraphStoreCase	12	-31	127	-1024	-257	21	-2429190
scalarGraphStoreCase	12	-31	127	-1024	-257	22	-2429235
scalarGraphStoreCase	12	-31	127	-1024	-257	23	-2429279
scalarGraphStoreCase	12	-31	127	-1024	-257	24	-2429396
scalarGraphStoreCase	12	-31	127	-1024	-257	25	-2429185
scalarGraphStoreCase	12	-31	127	-1024	-257	26	-2429232
scalarGraphStoreCase	12	-31	127	-1024	-257	27	-2429278
scalarGraphStoreCase	12	-31	127	-1024	-257	28	-2429389
scalarGraphStoreCase	12	-31	127	-1024	-257	29	-2429180
scalarGraphStoreCase	12	-31	127	-1024	-257	30	-2429229
scalarGraphStoreCase	12	-31	127	-1024	-257	31	-2429277
scalarGraphStoreCase	12	-31	127	-1024	-257	32	-2429382
scalarGraphStoreCase	12	-31	127	-1024	-257	33	-2429175
scalarGraphStoreCase	12	-31	127	-1024	-257	34	-2429226
scalarGraphStoreCase	12	-31	127	-1024	-257	35	-2429276
scalarGraphStoreCase	12	-31	127	-1024	-257	36	-2429375
scalarGraphStoreCase	12	-31	127	-1024	-257	37	-2429170
scalarGraphStoreCase	12	-31	127	-1024	-257	38	-2429223
scalarGraphStoreCase	12	-31	127	-1024	-257	39	-2429275
scalarGraphStoreCase	12	-31	127	-1024	-257	40	-2429368
scalarGraphStoreCase	12	-31	127	-1024	-257	41	-2429421
scalarGraphStoreCase	12	-31	127	-1024	-257	42	-2429219
scalarGraphStoreCase	12	-31	127	-1024	-257	43	-2429274
scalarGraphStoreCase	12	-31	127	-1024	-257	44	-2429361
scalarGraphStoreCase	12	-31	127	-1024	-257	45	-2429416
scalarGraphStoreCase	12	-31	127	-1024	-257	46	-2429216
scalarGraphStoreCase	12	-31	127	-1024	-257	47	-2429273
scalarGraphStoreCase	12	-31	127	-1024	-257	48	-2429421
scalarGraphStoreCase	12	-31	127	-1024	-257	49	-2429421
scalarGraphStoreCase	12	-31	127	-1024	-257	50	-2429173
scalarGraphStoreCase	12	-31	127	-1024	-257	51	-2429228
scalarGraphStoreCase	12	-31	127	-1024	-257	52	-2429421
scalarGraphStoreCase	12	-31	127	-1024	-257	53	-2429421
scalarGraphStoreCase	12	-31	127	-1024	-257	54	-2429167
scalarGraphStoreCase	12	-31	127	-1024	-257	55	-2429355
scalarGraphStoreCase	12	-31	127	-1024	-257	56	-2429421
scalarGraphStoreCase	12	-31	127	-1024	-257	57	-2429421
scalarGraphStoreCase	12	-31	127	-1024	-257	58	-2429293
scalarGraphStoreCase	12	-31	127	-1024	-257	59	-2429225
scalarGraphStoreCase	12	-31	127	-1024	-257	60	-2429421
scalarGraphStoreCase	12	-31	127	-1024	-257	61	-2429293
scalarGraphStoreCase	12	-31	127	-1024	-257	62	-2429293
scalarGraphStoreCase	12	-31	127	-1024	-257	63	-2429226
scalarGraphStoreCase	0	-31	127	-1024	-1	0	-1705709
scalarGraphStoreCase	0	-31	127	-1024	-1	1	-1705709
scalarGraphStoreCase	0	-31	127	-1024	-1	2	-1705461
scalarGraphStoreCase	0	-31	127	-1024	-1	3	-1705516
scalarGraphStoreCase	0	-31	127	-1024	-1	4	-1705709
scalarGraphStoreCase	0	-31	127	-1024	-1	5	-1705709
scalarGraphStoreCase	0	-31	127	-1024	-1	6	-1705455
scalarGraphStoreCase	0	-31	127	-1024	-1	7	-1705643
scalarGraphStoreCase	0	-31	127	-1024	-1	8	-1705709
scalarGraphStoreCase	0	-31	127	-1024	-1	9	-1705709
scalarGraphStoreCase	0	-31	127	-1024	-1	10	-1705581
scalarGraphStoreCase	0	-31	127	-1024	-1	11	-1705513
scalarGraphStoreCase	0	-31	127	-1024	-1	12	-1705709
scalarGraphStoreCase	0	-31	127	-1024	-1	13	-1705709
scalarGraphStoreCase	0	-31	127	-1024	-1	14	-1705581
scalarGraphStoreCase	0	-31	127	-1024	-1	15	-1705518
scalarGraphStoreCase	0	-31	127	-1024	-1	16	-1705698
scalarGraphStoreCase	0	-31	127	-1024	-1	17	-1705483
scalarGraphStoreCase	0	-31	127	-1024	-1	18	-1705526
scalarGraphStoreCase	0	-31	127	-1024	-1	19	-1705568
scalarGraphStoreCase	0	-31	127	-1024	-1	20	-1705691
scalarGraphStoreCase	0	-31	127	-1024	-1	21	-1705478
scalarGraphStoreCase	0	-31	127	-1024	-1	22	-1705523
scalarGraphStoreCase	0	-31	127	-1024	-1	23	-1705567
scalarGraphStoreCase	0	-31	127	-1024	-1	24	-1705684
scalarGraphStoreCase	0	-31	127	-1024	-1	25	-1705473
scalarGraphStoreCase	0	-31	127	-1024	-1	26	-1705520
scalarGraphStoreCase	0	-31	127	-1024	-1	27	-1705566
scalarGraphStoreCase	0	-31	127	-1024	-1	28	-1705677
scalarGraphStoreCase	0	-31	127	-1024	-1	29	-1705468
scalarGraphStoreCase	0	-31	127	-1024	-1	30	-1705517
scalarGraphStoreCase	0	-31	127	-1024	-1	31	-1705565
scalarGraphStoreCase	0	-31	127	-1024	-1	32	-1705670
scalarGraphStoreCase	0	-31	127	-1024	-1	33	-1705463
scalarGraphStoreCase	0	-31	127	-1024	-1	34	-1705514
scalarGraphStoreCase	0	-31	127	-1024	-1	35	-1705564
scalarGraphStoreCase	0	-31	127	-1024	-1	36	-1705663
scalarGraphStoreCase	0	-31	127	-1024	-1	37	-1705458
scalarGraphStoreCase	0	-31	127	-1024	-1	38	-1705511
scalarGraphStoreCase	0	-31	127	-1024	-1	39	-1705563
scalarGraphStoreCase	0	-31	127	-1024	-1	40	-1705656
scalarGraphStoreCase	0	-31	127	-1024	-1	41	-1705709
scalarGraphStoreCase	0	-31	127	-1024	-1	42	-1705507
scalarGraphStoreCase	0	-31	127	-1024	-1	43	-1705562
scalarGraphStoreCase	0	-31	127	-1024	-1	44	-1705649
scalarGraphStoreCase	0	-31	127	-1024	-1	45	-1705704
scalarGraphStoreCase	0	-31	127	-1024	-1	46	-1705504
scalarGraphStoreCase	0	-31	127	-1024	-1	47	-1705561
scalarGraphStoreCase	0	-31	127	-1024	-1	48	-1705642
scalarGraphStoreCase	0	-31	127	-1024	-1	49	-1705699
scalarGraphStoreCase	0	-31	127	-1024	-1	50	-1705501
scalarGraphStoreCase	0	-31	127	-1024	-1	51	-1705560
scalarGraphStoreCase	0	-31	127	-1024	-1	52	-1705635
scalarGraphStoreCase	0	-31	127	-1024	-1	53	-1705694
scalarGraphStoreCase	0	-31	127	-1024	-1	54	-1705498
scalarGraphStoreCase	0	-31	127	-1024	-1	55	-1705559
scalarGraphStoreCase	0	-31	127	-1024	-1	56	-1705628
scalarGraphStoreCase	0	-31	127	-1024	-1	57	-1705689
scalarGraphStoreCase	0	-31	127	-1024	-1	58	-1705495
scalarGraphStoreCase	0	-31	127	-1024	-1	59	-1705558
scalarGraphStoreCase	0	-31	127	-1024	-1	60	-1705621
scalarGraphStoreCase	0	-31	127	-1024	-1	61	-1705684
scalarGraphStoreCase	0	-31	127	-1024	-1	62	-1705492
scalarGraphStoreCase	0	-31	127	-1024	-1	63	-1705557
scalarGraphStoreCase	1	-31	127	-1024	0	0	-1702643
scalarGraphStoreCase	1	-31	127	-1024	0	1	-1702677
scalarGraphStoreCase	1	-31	127	-1024	0	2	-1702711
scalarGraphStoreCase	1	-31	127	-1024	0	3	-1702745
scalarGraphStoreCase	1	-31	127	-1024	0	4	-1702882
scalarGraphStoreCase	1	-31	127	-1024	0	5	-1702882
scalarGraphStoreCase	1	-31	127	-1024	0	6	-1702634
scalarGraphStoreCase	1	-31	127	-1024	0	7	-1702689
scalarGraphStoreCase	1	-31	127	-1024	0	8	-1702882
scalarGraphStoreCase	1	-31	127	-1024	0	9	-1702882
scalarGraphStoreCase	1	-31	127	-1024	0	10	-1702628
scalarGraphStoreCase	1	-31	127	-1024	0	11	-1702816
scalarGraphStoreCase	1	-31	127	-1024	0	12	-1702882
scalarGraphStoreCase	1	-31	127	-1024	0	13	-1702882
scalarGraphStoreCase	1	-31	127	-1024	0	14	-1702754
scalarGraphStoreCase	1	-31	127	-1024	0	15	-1702686
scalarGraphStoreCase	1	-31	127	-1024	0	16	-1702882
scalarGraphStoreCase	1	-31	127	-1024	0	17	-1702882
scalarGraphStoreCase	1	-31	127	-1024	0	18	-1702882
scalarGraphStoreCase	1	-31	127	-1024	0	19	-1702882
scalarGraphStoreCase	1	-31	127	-1024	0	20	-1702864
scalarGraphStoreCase	1	-31	127	-1024	0	21	-1702651
scalarGraphStoreCase	1	-31	127	-1024	0	22	-1702696
scalarGraphStoreCase	1	-31	127	-1024	0	23	-1702740
scalarGraphStoreCase	1	-31	127	-1024	0	24	-1702857
scalarGraphStoreCase	1	-31	127	-1024	0	25	-1702646
scalarGraphStoreCase	1	-31	127	-1024	0	26	-1702693
scalarGraphStoreCase	1	-31	127	-1024	0	27	-1702739
scalarGraphStoreCase	1	-31	127	-1024	0	28	-1702850
scalarGraphStoreCase	1	-31	127	-1024	0	29	-1702641
scalarGraphStoreCase	1	-31	127	-1024	0	30	-1702690
scalarGraphStoreCase	1	-31	127	-1024	0	31	-1702738
scalarGraphStoreCase	1	-31	127	-1024	0	32	-1702843
scalarGraphStoreCase	1	-31	127	-1024	0	33	-1702636
scalarGraphStoreCase	1	-31	127	-1024	0	34	-1702687
scalarGraphStoreCase	1	-31	127	-1024	0	35	-1702737
scalarGraphStoreCase	1	-31	127	-1024	0	36	-1702836
scalarGraphStoreCase	1	-31	127	-1024	0	37	-1702631
scalarGraphStoreCase	1	-31	127	-1024	0	38	-1702684
scalarGraphStoreCase	1	-31	127	-1024	0	39	-1702736
scalarGraphStoreCase	1	-31	127	-1024	0	40	-1702829
scalarGraphStoreCase	1	-31	127	-1024	0	41	-1702882
scalarGraphStoreCase	1	-31	127	-1024	0	42	-1702680
scalarGraphStoreCase	1	-31	127	-1024	0	43	-1702735
scalarGraphStoreCase	1	-31	127	-1024	0	44	-1702822
scalarGraphStoreCase	1	-31	127	-1024	0	45	-1702877
scalarGraphStoreCase	1	-31	127	-1024	0	46	-1702677
scalarGraphStoreCase	1	-31	127	-1024	0	47	-1702734
scalarGraphStoreCase	1	-31	127	-1024	0	48	-1702815
scalarGraphStoreCase	1	-31	127	-1024	0	49	-1702872
scalarGraphStoreCase	1	-31	127	-1024	0	50	-1702674
scalarGraphStoreCase	1	-31	127	-1024	0	51	-1702733
scalarGraphStoreCase	1	-31	127	-1024	0	52	-1702808
scalarGraphStoreCase	1	-31	127	-1024	0	53	-1702867
scalarGraphStoreCase	1	-31	127	-1024	0	54	-1702671
scalarGraphStoreCase	1	-31	127	-1024	0	55	-1702732
scalarGraphStoreCase	1	-31	127	-1024	0	56	-1702801
scalarGraphStoreCase	1	-31	127	-1024	0	57	-1702862
scalarGraphStoreCase	1	-31	127	-1024	0	58	-1702668
scalarGraphStoreCase	1	-31	127	-1024	0	59	-1702731
scalarGraphStoreCase	1	-31	127	-1024	0	60	-1702794
scalarGraphStoreCase	1	-31	127	-1024	0	61	-1702857
scalarGraphStoreCase	1	-31	127	-1024	0	62	-1702665
scalarGraphStoreCase	1	-31	127	-1024	0	63	-1702730
scalarGraphStoreCase	2	-31	127	-1024	1	0	-1699816
scalarGraphStoreCase	2	-31	127	-1024	1	1	-1699850
scalarGraphStoreCase	2	-31	127	-1024	1	2	-1699884
scalarGraphStoreCase	2	-31	127	-1024	1	3	-1699918
scalarGraphStoreCase	2	-31	127	-1024	1	4	-1699809
scalarGraphStoreCase	2	-31	127	-1024	1	5	-1699845
scalarGraphStoreCase	2	-31	127	-1024	1	6	-1699881
scalarGraphStoreCase	2	-31	127	-1024	1	7	-1699917
scalarGraphStoreCase	2	-31	127	-1024	1	8	-1700055
scalarGraphStoreCase	2	-31	127	-1024	1	9	-1700055
scalarGraphStoreCase	2	-31	127	-1024	1	10	-1699807
scalarGraphStoreCase	2	-31	127	-1024	1	11	-1699862
scalarGraphStoreCase	2	-31	127	-1024	1	12	-1700055
scalarGraphStoreCase	2	-31	127	-1024	1	13	-1700055
scalarGraphStoreCase	2	-31	127	-1024	1	14	-1699801
scalarGraphStoreCase	2	-31	127	-1024	1	15	-1699989
scalarGraphStoreCase	2	-31	127	-1024	1	16	-1700055
scalarGraphStoreCase	2	-31	127	-1024	1	17	-1700055
scalarGraphStoreCase	2	-31	127	-1024	1	18	-1699927
scalarGraphStoreCase	2	-31	127	-1024	1	19	-1699859
scalarGraphStoreCase	2	-31	127	-1024	1	20	-1700055
scalarGraphStoreCase	2	-31	127	-1024	1	21	-1700055
scalarGraphStoreCase	2	-31	127	-1024	1	22	-1699927
scalarGraphStoreCase	2	-31	127	-1024	1	23	-1699992
scalarGraphStoreCase	2	-31	127	-1024	1	24	-1700030
scalarGraphStoreCase	2	-31	127	-1024	1	25	-1699819
scalarGraphStoreCase	2	-31	127	-1024	1	26	-1699866
scalarGraphStoreCase	2	-31	127	-1024	1	27	-1699912
scalarGraphStoreCase	2	-31	127	-1024	1	28	-1700023
scalarGraphStoreCase	2	-31	127	-1024	1	29	-1699814
scalarGraphStoreCase	2	-31	127	-1024	1	30	-1699863
scalarGraphStoreCase	2	-31	127	-1024	1	31	-1699911
scalarGraphStoreCase	2	-31	127	-1024	1	32	-1700016
scalarGraphStoreCase	2	-31	127	-1024	1	33	-1699809
scalarGraphStoreCase	2	-31	127	-1024	1	34	-1699860
scalarGraphStoreCase	2	-31	127	-1024	1	35	-1699910
scalarGraphStoreCase	2	-31	127	-1024	1	36	-1700009
scalarGraphStoreCase	2	-31	127	-1024	1	37	-1699804
scalarGraphStoreCase	2	-31	127	-1024	1	38	-1699857
scalarGraphStoreCase	2	-31	127	-1024	1	39	-1699909
scalarGraphStoreCase	2	-31	127	-1024	1	40	-1700002
scalarGraphStoreCase	2	-31	127	-1024	1	41	-1700055
scalarGraphStoreCase	2	-31	127	-1024	1	42	-1699853
scalarGraphStoreCase	2	-31	127	-1024	1	43	-1699908
scalarGraphStoreCase	2	-31	127	-1024	1	44	-1699995
scalarGraphStoreCase	2	-31	127	-1024	1	45	-1700050
scalarGraphStoreCase	2	-31	127	-1024	1	46	-1699850
scalarGraphStoreCase	2	-31	127	-1024	1	47	-1699907
scalarGraphStoreCase	2	-31	127	-1024	1	48	-1699988
scalarGraphStoreCase	2	-31	127	-1024	1	49	-1700045
scalarGraphStoreCase	2	-31	127	-1024	1	50	-1699847
scalarGraphStoreCase	2	-31	127	-1024	1	51	-1699906
scalarGraphStoreCase	2	-31	127	-1024	1	52	-1699981
scalarGraphStoreCase	2	-31	127	-1024	1	53	-1700040
scalarGraphStoreCase	2	-31	127	-1024	1	54	-1699844
scalarGraphStoreCase	2	-31	127	-1024	1	55	-1699905
scalarGraphStoreCase	2	-31	127	-1024	1	56	-1699974
scalarGraphStoreCase	2	-31	127	-1024	1	57	-1700035
scalarGraphStoreCase	2	-31	127	-1024	1	58	-1699841
scalarGraphStoreCase	2	-31	127	-1024	1	59	-1699904
scalarGraphStoreCase	2	-31	127	-1024	1	60	-1699967
scalarGraphStoreCase	2	-31	127	-1024	1	61	-1700030
scalarGraphStoreCase	2	-31	127	-1024	1	62	-1699838
scalarGraphStoreCase	2	-31	127	-1024	1	63	-1699903
scalarGraphStoreCase	3	-31	127	-1024	255	0	-981758
scalarGraphStoreCase	3	-31	127	-1024	255	1	-981792
scalarGraphStoreCase	3	-31	127	-1024	255	2	-981826
scalarGraphStoreCase	3	-31	127	-1024	255	3	-981860
scalarGraphStoreCase	3	-31	127	-1024	255	4	-981751
scalarGraphStoreCase	3	-31	127	-1024	255	5	-981787
scalarGraphStoreCase	3	-31	127	-1024	255	6	-981823
scalarGraphStoreCase	3	-31	127	-1024	255	7	-981859
scalarGraphStoreCase	3	-31	127	-1024	255	8	-981744
scalarGraphStoreCase	3	-31	127	-1024	255	9	-981782
scalarGraphStoreCase	3	-31	127	-1024	255	10	-981820
scalarGraphStoreCase	3	-31	127	-1024	255	11	-981858
scalarGraphStoreCase	3	-31	127	-1024	255	12	-981997
scalarGraphStoreCase	3	-31	127	-1024	255	13	-981997
scalarGraphStoreCase	3	-31	127	-1024	255	14	-981749
scalarGraphStoreCase	3	-31	127	-1024	255	15	-981804
scalarGraphStoreCase	3	-31	127	-1024	255	16	-981997
scalarGraphStoreCase	3	-31	127	-1024	255	17	-981997
scalarGraphStoreCase	3	-31	127	-1024	255	18	-981743
scalarGraphStoreCase	3	-31	127	-1024	255	19	-981931
scalarGraphStoreCase	3	-31	127	-1024	255	20	-981997
scalarGraphStoreCase	3	-31	127	-1024	255	21	-981997
scalarGraphStoreCase	3	-31	127	-1024	255	22	-981869
scalarGraphStoreCase	3	-31	127	-1024	255	23	-981801
scalarGraphStoreCase	3	-31	127	-1024	255	24	-981997
scalarGraphStoreCase	3	-31	127	-1024	255	25	-981997
scalarGraphStoreCase	3	-31	127	-1024	255	26	-981870
scalarGraphStoreCase	3	-31	127	-1024	255	27	-981930
scalarGraphStoreCase	3	-31	127	-1024	255	28	-981965
scalarGraphStoreCase	3	-31	127	-1024	255	29	-981756
scalarGraphStoreCase	3	-31	127	-1024	255	30	-981805
scalarGraphStoreCase	3	-31	127	-1024	255	31	-981853
scalarGraphStoreCase	3	-31	127	-1024	255	32	-981958
scalarGraphStoreCase	3	-31	127	-1024	255	33	-981751
scalarGraphStoreCase	3	-31	127	-1024	255	34	-981802
scalarGraphStoreCase	3	-31	127	-1024	255	35	-981852
scalarGraphStoreCase	3	-31	127	-1024	255	36	-981951
scalarGraphStoreCase	3	-31	127	-1024	255	37	-981746
scalarGraphStoreCase	3	-31	127	-1024	255	38	-981799
scalarGraphStoreCase	3	-31	127	-1024	255	39	-981851
scalarGraphStoreCase	3	-31	127	-1024	255	40	-981944
scalarGraphStoreCase	3	-31	127	-1024	255	41	-981997
scalarGraphStoreCase	3	-31	127	-1024	255	42	-981795
scalarGraphStoreCase	3	-31	127	-1024	255	43	-981850
scalarGraphStoreCase	3	-31	127	-1024	255	44	-981937
scalarGraphStoreCase	3	-31	127	-1024	255	45	-981992
scalarGraphStoreCase	3	-31	127	-1024	255	46	-981792
scalarGraphStoreCase	3	-31	127	-1024	255	47	-981849
scalarGraphStoreCase	3	-31	127	-1024	255	48	-981930
scalarGraphStoreCase	3	-31	127	-1024	255	49	-981987
scalarGraphStoreCase	3	-31	127	-1024	255	50	-981789
scalarGraphStoreCase	3	-31	127	-1024	255	51	-981848
scalarGraphStoreCase	3	-31	127	-1024	255	52	-981923
scalarGraphStoreCase	3	-31	127	-1024	255	53	-981982
scalarGraphStoreCase	3	-31	127	-1024	255	54	-981786
scalarGraphStoreCase	3	-31	127	-1024	255	55	-981847
scalarGraphStoreCase	3	-31	127	-1024	255	56	-981916
scalarGraphStoreCase	3	-31	127	-1024	255	57	-981977
scalarGraphStoreCase	3	-31	127	-1024	255	58	-981783
scalarGraphStoreCase	3	-31	127	-1024	255	59	-981846
scalarGraphStoreCase	3	-31	127	-1024	255	60	-981909
scalarGraphStoreCase	3	-31	127	-1024	255	61	-981972
scalarGraphStoreCase	3	-31	127	-1024	255	62	-981780
scalarGraphStoreCase	3	-31	127	-1024	255	63	-981845
scalarGraphStoreCase	4	-31	127	-1024	256	0	-978931
scalarGraphStoreCase	4	-31	127	-1024	256	1	-978965
scalarGraphStoreCase	4	-31	127	-1024	256	2	-978999
scalarGraphStoreCase	4	-31	127	-1024	256	3	-979033
scalarGraphStoreCase	4	-31	127	-1024	256	4	-978924
scalarGraphStoreCase	4	-31	127	-1024	256	5	-978960
scalarGraphStoreCase	4	-31	127	-1024	256	6	-978996
scalarGraphStoreCase	4	-31	127	-1024	256	7	-979032
scalarGraphStoreCase	4	-31	127	-1024	256	8	-978917
scalarGraphStoreCase	4	-31	127	-1024	256	9	-978955
scalarGraphStoreCase	4	-31	127	-1024	256	10	-978993
scalarGraphStoreCase	4	-31	127	-1024	256	11	-979031
scalarGraphStoreCase	4	-31	127	-1024	256	12	-979166
scalarGraphStoreCase	4	-31	127	-1024	256	13	-978949
scalarGraphStoreCase	4	-31	127	-1024	256	14	-978990
scalarGraphStoreCase	4	-31	127	-1024	256	15	-979030
scalarGraphStoreCase	4	-31	127	-1024	256	16	-979170
scalarGraphStoreCase	4	-31	127	-1024	256	17	-979170
scalarGraphStoreCase	4	-31	127	-1024	256	18	-978922
scalarGraphStoreCase	4	-31	127	-1024	256	19	-978977
scalarGraphStoreCase	4	-31	127	-1024	256	20	-979170
scalarGraphStoreCase	4	-31	127	-1024	256	21	-979170
scalarGraphStoreCase	4	-31	127	-1024	256	22	-978916
scalarGraphStoreCase	4	-31	127	-1024	256	23	-979104
scalarGraphStoreCase	4	-31	127	-1024	256	24	-979170
scalarGraphStoreCase	4	-31	127	-1024	256	25	-979170
scalarGraphStoreCase	4	-31	127	-1024	256	26	-979042
scalarGraphStoreCase	4	-31	127	-1024	256	27	-978974
scalarGraphStoreCase	4	-31	127	-1024	256	28	-979170
scalarGraphStoreCase	4	-31	127	-1024	256	29	-979170
scalarGraphStoreCase	4	-31	127	-1024	256	30	-979042
scalarGraphStoreCase	4	-31	127	-1024	256	31	-979103
scalarGraphStoreCase	4	-31	127	-1024	256	32	-979131
scalarGraphStoreCase	4	-31	127	-1024	256	33	-978924
scalarGraphStoreCase	4	-31	127	-1024	256	34	-978975
scalarGraphStoreCase	4	-31	127	-1024	256	35	-979025
scalarGraphStoreCase	4	-31	127	-1024	256	36	-979124
scalarGraphStoreCase	4	-31	127	-1024	256	37	-978919
scalarGraphStoreCase	4	-31	127	-1024	256	38	-978972
scalarGraphStoreCase	4	-31	127	-1024	256	39	-979024
scalarGraphStoreCase	4	-31	127	-1024	256	40	-979117
scalarGraphStoreCase	4	-31	127	-1024	256	41	-979170
scalarGraphStoreCase	4	-31	127	-1024	256	42	-978968
scalarGraphStoreCase	4	-31	127	-1024	256	43	-979023
scalarGraphStoreCase	4	-31	127	-1024	256	44	-979110
scalarGraphStoreCase	4	-31	127	-1024	256	45	-979165
scalarGraphStoreCase	4	-31	127	-1024	256	46	-978965
scalarGraphStoreCase	4	-31	127	-1024	256	47	-979022
scalarGraphStoreCase	4	-31	127	-1024	256	48	-979103
scalarGraphStoreCase	4	-31	127	-1024	256	49	-979160
scalarGraphStoreCase	4	-31	127	-1024	256	50	-978962
scalarGraphStoreCase	4	-31	127	-1024	256	51	-979021
scalarGraphStoreCase	4	-31	127	-1024	256	52	-979096
scalarGraphStoreCase	4	-31	127	-1024	256	53	-979155
scalarGraphStoreCase	4	-31	127	-1024	256	54	-978959
scalarGraphStoreCase	4	-31	127	-1024	256	55	-979020
scalarGraphStoreCase	4	-31	127	-1024	256	56	-979089
scalarGraphStoreCase	4	-31	127	-1024	256	57	-979150
scalarGraphStoreCase	4	-31	127	-1024	256	58	-978956
scalarGraphStoreCase	4	-31	127	-1024	256	59	-979019
scalarGraphStoreCase	4	-31	127	-1024	256	60	-979082
scalarGraphStoreCase	4	-31	127	-1024	256	61	-979145
scalarGraphStoreCase	4	-31	127	-1024	256	62	-978953
scalarGraphStoreCase	4	-31	127	-1024	256	63	-979018
scalarGraphStoreCase	5	-31	127	-1024	65535	0	183564802
scalarGraphStoreCase	5	-31	127	-1024	65535	1	183564768
scalarGraphStoreCase	5	-31	127	-1024	65535	2	183564734
scalarGraphStoreCase	5	-31	127	-1024	65535	3	183564700
scalarGraphStoreCase	5	-31	127	-1024	65535	4	183564809
scalarGraphStoreCase	5	-31	127	-1024	65535	5	183564773
scalarGraphStoreCase	5	-31	127	-1024	65535	6	183564737
scalarGraphStoreCase	5	-31	127	-1024	65535	7	183564701
scalarGraphStoreCase	5	-31	127	-1024	65535	8	183564816
scalarGraphStoreCase	5	-31	127	-1024	65535	9	183564778
scalarGraphStoreCase	5	-31	127	-1024	65535	10	183564740
scalarGraphStoreCase	5	-31	127	-1024	65535	11	183564702
scalarGraphStoreCase	5	-31	127	-1024	65535	12	183564567
scalarGraphStoreCase	5	-31	127	-1024	65535	13	183564784
scalarGraphStoreCase	5	-31	127	-1024	65535	14	183564743
scalarGraphStoreCase	5	-31	127	-1024	65535	15	183564703
scalarGraphStoreCase	5	-31	127	-1024	65535	16	183564574
scalarGraphStoreCase	5	-31	127	-1024	65535	17	183564789
scalarGraphStoreCase	5	-31	127	-1024	65535	18	183564746
scalarGraphStoreCase	5	-31	127	-1024	65535	19	183564704
scalarGraphStoreCase	5	-31	127	-1024	65535	20	183564563
scalarGraphStoreCase	5	-31	127	-1024	65535	21	183564563
scalarGraphStoreCase	5	-31	127	-1024	65535	22	183564811
scalarGraphStoreCase	5	-31	127	-1024	65535	23	183564756
scalarGraphStoreCase	5	-31	127	-1024	65535	24	183564563
scalarGraphStoreCase	5	-31	127	-1024	65535	25	183564563
scalarGraphStoreCase	5	-31	127	-1024	65535	26	183564817
scalarGraphStoreCase	5	-31	127	-1024	65535	27	183564629
scalarGraphStoreCase	5	-31	127	-1024	65535	28	183564563
scalarGraphStoreCase	5	-31	127	-1024	65535	29	183564563
scalarGraphStoreCase	5	-31	127	-1024	65535	30	183564691
scalarGraphStoreCase	5	-31	127	-1024	65535	31	183564759
scalarGraphStoreCase	5	-31	127	-1024	65535	32	183564563
scalarGraphStoreCase	5	-31	127	-1024	65535	33	183564818
scalarGraphStoreCase	5	-31	127	-1024	65535	34	183564690
scalarGraphStoreCase	5	-31	127	-1024	65535	35	183564634
scalarGraphStoreCase	5	-31	127	-1024	65535	36	183564609
scalarGraphStoreCase	5	-31	127	-1024	65535	37	183564814
scalarGraphStoreCase	5	-31	127	-1024	65535	38	183564761
scalarGraphStoreCase	5	-31	127	-1024	65535	39	183564709
scalarGraphStoreCase	5	-31	127	-1024	65535	40	183564616
scalarGraphStoreCase	5	-31	127	-1024	65535	41	183564563
scalarGraphStoreCase	5	-31	127	-1024	65535	42	183564765
scalarGraphStoreCase	5	-31	127	-1024	65535	43	183564710
scalarGraphStoreCase	5	-31	127	-1024	65535	44	183564623
scalarGraphStoreCase	5	-31	127	-1024	65535	45	183564568
scalarGraphStoreCase	5	-31	127	-1024	65535	46	183564768
scalarGraphStoreCase	5	-31	127	-1024	65535	47	183564711
scalarGraphStoreCase	5	-31	127	-1024	65535	48	183564630
scalarGraphStoreCase	5	-31	127	-1024	65535	49	183564573
scalarGraphStoreCase	5	-31	127	-1024	65535	50	183564771
scalarGraphStoreCase	5	-31	127	-1024	65535	51	183564712
scalarGraphStoreCase	5	-31	127	-1024	65535	52	183564637
scalarGraphStoreCase	5	-31	127	-1024	65535	53	183564578
scalarGraphStoreCase	5	-31	127	-1024	65535	54	183564774
scalarGraphStoreCase	5	-31	127	-1024	65535	55	183564713
scalarGraphStoreCase	5	-31	127	-1024	65535	56	183564644
scalarGraphStoreCase	5	-31	127	-1024	65535	57	183564583
scalarGraphStoreCase	5	-31	127	-1024	65535	58	183564777
scalarGraphStoreCase	5	-31	127	-1024	65535	59	183564714
scalarGraphStoreCase	5	-31	127	-1024	65535	60	183564651
scalarGraphStoreCase	5	-31	127	-1024	65535	61	183564588
scalarGraphStoreCase	5	-31	127	-1024	65535	62	183564780
scalarGraphStoreCase	5	-31	127	-1024	65535	63	183564715
