GHC primop inventory: 379 advertised / 1491 total; names and arities agree
Verified 246 exact monomorphic scalar signatures against GHC 9.14.1
[6 of 6] Linking /home/ekmett/ai/thc-pinned-addresses-01a0cdeb/build/compiler/libHSthc-core-plugin-0.1-ghc9.14.1.so [Flags changed]
Reading package info from "/home/ekmett/ai/thc-pinned-addresses-01a0cdeb/build/compiler/thc-core-plugin.conf" ... done.
Built THC Core plugin in /home/ekmett/ai/thc-pinned-addresses-01a0cdeb/build/compiler
[1 of 3] Compiling FloatingAudit    ( compiler/test-fixtures/FloatingAudit.hs, /home/ekmett/ai/thc-pinned-addresses-01a0cdeb/build/floating/native/FloatingAudit.o )
[2 of 3] Compiling Main             ( /home/ekmett/ai/thc-pinned-addresses-01a0cdeb/compiler/test-fixtures/FloatingAuditNative.hs, /home/ekmett/ai/thc-pinned-addresses-01a0cdeb/build/floating/native/Main.o )
[3 of 3] Linking /home/ekmett/ai/thc-pinned-addresses-01a0cdeb/build/floating/native/floating-oracle [Objects changed]
[1 of 1] Compiling FloatingAudit    ( /home/ekmett/ai/thc-pinned-addresses-01a0cdeb/compiler/test-fixtures/FloatingAudit.hs, /home/ekmett/ai/thc-pinned-addresses-01a0cdeb/build/floating/ghc/FloatingAudit.o )
Floating audit: 441 native rows, 28 primops, 15 strict entries
[1 of 3] Compiling FloatingTupleAudit ( compiler/test-fixtures/FloatingTupleAudit.hs, /home/ekmett/ai/thc-pinned-addresses-01a0cdeb/build/floating-tuple/native/FloatingTupleAudit.o )
[2 of 3] Compiling Main             ( /home/ekmett/ai/thc-pinned-addresses-01a0cdeb/compiler/test-fixtures/FloatingTupleAuditNative.hs, /home/ekmett/ai/thc-pinned-addresses-01a0cdeb/build/floating-tuple/native/Main.o )
[3 of 3] Linking /home/ekmett/ai/thc-pinned-addresses-01a0cdeb/build/floating-tuple/native/oracle [Objects changed]
[1 of 1] Compiling FloatingTupleAudit ( /home/ekmett/ai/thc-pinned-addresses-01a0cdeb/compiler/test-fixtures/FloatingTupleAudit.hs, /home/ekmett/ai/thc-pinned-addresses-01a0cdeb/build/floating-tuple/pre-ghc/FloatingTupleAudit.o )
{"accepted": true, "suppliedBindings": 42, "reachableBindings": 18, "missingGlobals": 0, "issues": 0}
[1 of 1] Compiling FloatingTupleAudit ( /home/ekmett/ai/thc-pinned-addresses-01a0cdeb/compiler/test-fixtures/FloatingTupleAudit.hs, /home/ekmett/ai/thc-pinned-addresses-01a0cdeb/build/floating-tuple/post-ghc/FloatingTupleAudit.o )
{"accepted": true, "suppliedBindings": 44, "reachableBindings": 18, "missingGlobals": 0, "issues": 0}
Floating tuples: 44 native/model rows, 8 IEEE bit rows, exact pre/post layouts and strict audits
[1 of 3] Compiling SqrtAudit        ( compiler/test-fixtures/SqrtAudit.hs, /home/ekmett/ai/thc-pinned-addresses-01a0cdeb/build/sqrt/native/SqrtAudit.o )
[2 of 3] Compiling Main             ( /home/ekmett/ai/thc-pinned-addresses-01a0cdeb/compiler/test-fixtures/SqrtAuditNative.hs, /home/ekmett/ai/thc-pinned-addresses-01a0cdeb/build/sqrt/native/Main.o )
[3 of 3] Linking /home/ekmett/ai/thc-pinned-addresses-01a0cdeb/build/sqrt/native/oracle [Objects changed]
[1 of 1] Compiling SqrtAudit        ( /home/ekmett/ai/thc-pinned-addresses-01a0cdeb/compiler/test-fixtures/SqrtAudit.hs, /home/ekmett/ai/thc-pinned-addresses-01a0cdeb/build/sqrt/pre-ghc/SqrtAudit.o )
{"accepted": true, "suppliedBindings": 9, "reachableBindings": 4, "missingGlobals": 0, "issues": 0}
[1 of 1] Compiling SqrtAudit        ( /home/ekmett/ai/thc-pinned-addresses-01a0cdeb/compiler/test-fixtures/SqrtAudit.hs, /home/ekmett/ai/thc-pinned-addresses-01a0cdeb/build/sqrt/post-ghc/SqrtAudit.o )
{"accepted": true, "suppliedBindings": 9, "reachableBindings": 4, "missingGlobals": 0, "issues": 0}
Sqrt native/model: {"coverage": [{"audit": {"issues": 0, "missingGlobals": 0, "reachableBindings": 4, "suppliedBindings": 9}, "primitives": ["sqrtFloat#", "sqrtDouble#"], "stage": "pre"}, {"audit": {"issues": 0, "missingGlobals": 0, "reachableBindings": 4, "suppliedBindings": 9}, "primitives": ["sqrtFloat#", "sqrtDouble#"], "stage": "post"}], "exactBitRows": 288, "integerRows": 26, "nanClassificationRows": 104, "nativeRows": 418, "provenance": {"path": "build/sqrt/provenance.json", "sha256": "e2466a2178af1f64b22d9fd8acdb4e949b2a98353f8d52ac6fda7db153a87c07"}}
[1 of 1] Compiling ScalarBitCastAudit ( /home/ekmett/ai/thc-pinned-addresses-01a0cdeb/compiler/test-fixtures/ScalarBitCastAudit.hs, /home/ekmett/ai/thc-pinned-addresses-01a0cdeb/build/scalar-bitcasts/pre-ghc/ScalarBitCastAudit.o )
[1 of 1] Compiling ScalarBitCastAudit ( /home/ekmett/ai/thc-pinned-addresses-01a0cdeb/compiler/test-fixtures/ScalarBitCastAudit.hs, /home/ekmett/ai/thc-pinned-addresses-01a0cdeb/build/scalar-bitcasts/post-ghc/ScalarBitCastAudit.o )
[1 of 3] Compiling ScalarBitCastAudit ( /home/ekmett/ai/thc-pinned-addresses-01a0cdeb/compiler/test-fixtures/ScalarBitCastAudit.hs, /home/ekmett/ai/thc-pinned-addresses-01a0cdeb/build/scalar-bitcasts/native/ScalarBitCastAudit.o )
[2 of 3] Compiling Main             ( /home/ekmett/ai/thc-pinned-addresses-01a0cdeb/build/scalar-bitcasts/NativeScalarBitCast.hs, /home/ekmett/ai/thc-pinned-addresses-01a0cdeb/build/scalar-bitcasts/native/Main.o )
[3 of 3] Linking /home/ekmett/ai/thc-pinned-addresses-01a0cdeb/build/scalar-bitcasts/native/scalar-bitcast-oracle [Objects changed]
Prepared 13555 exact native bit rows, 10 entries, pre/post strict audits and retained guest counts
[1 of 4] Compiling TagToEnumExternal ( compiler/test-fixtures/TagToEnumExternal.hs, /home/ekmett/ai/thc-pinned-addresses-01a0cdeb/build/tag-to-enum/native/TagToEnumExternal.o )
[2 of 4] Compiling TagToEnumAudit   ( compiler/test-fixtures/TagToEnumAudit.hs, /home/ekmett/ai/thc-pinned-addresses-01a0cdeb/build/tag-to-enum/native/TagToEnumAudit.o )
[3 of 4] Compiling Main             ( /home/ekmett/ai/thc-pinned-addresses-01a0cdeb/compiler/test-fixtures/TagToEnumAuditNative.hs, /home/ekmett/ai/thc-pinned-addresses-01a0cdeb/build/tag-to-enum/native/Main.o )
[4 of 4] Linking /home/ekmett/ai/thc-pinned-addresses-01a0cdeb/build/tag-to-enum/native/oracle [Objects changed]
[1 of 3] Compiling TagToEnumExternal ( compiler/test-fixtures/TagToEnumExternal.hs, /home/ekmett/ai/thc-pinned-addresses-01a0cdeb/build/tag-to-enum/pre-ghc/TagToEnumExternal.o )
[2 of 3] Compiling TagToEnumAudit   ( /home/ekmett/ai/thc-pinned-addresses-01a0cdeb/compiler/test-fixtures/TagToEnumAudit.hs, /home/ekmett/ai/thc-pinned-addresses-01a0cdeb/build/tag-to-enum/pre-ghc/TagToEnumAudit.o )
[3 of 3] Compiling TagToEnumFrontier ( /home/ekmett/ai/thc-pinned-addresses-01a0cdeb/compiler/test-fixtures/TagToEnumFrontier.hs, /home/ekmett/ai/thc-pinned-addresses-01a0cdeb/build/tag-to-enum/pre-ghc/TagToEnumFrontier.o )
{"accepted": true, "suppliedBindings": 93, "reachableBindings": 20, "missingGlobals": 0, "issues": 0}
[1 of 3] Compiling TagToEnumExternal ( compiler/test-fixtures/TagToEnumExternal.hs, /home/ekmett/ai/thc-pinned-addresses-01a0cdeb/build/tag-to-enum/post-ghc/TagToEnumExternal.o )
[2 of 3] Compiling TagToEnumAudit   ( /home/ekmett/ai/thc-pinned-addresses-01a0cdeb/compiler/test-fixtures/TagToEnumAudit.hs, /home/ekmett/ai/thc-pinned-addresses-01a0cdeb/build/tag-to-enum/post-ghc/TagToEnumAudit.o )
[3 of 3] Compiling TagToEnumFrontier ( /home/ekmett/ai/thc-pinned-addresses-01a0cdeb/compiler/test-fixtures/TagToEnumFrontier.hs, /home/ekmett/ai/thc-pinned-addresses-01a0cdeb/build/tag-to-enum/post-ghc/TagToEnumFrontier.o )
{"accepted": true, "suppliedBindings": 106, "reachableBindings": 20, "missingGlobals": 0, "issues": 0}
{"nativeRows": 29, "coverage": [{"stage": "pre", "families": 4, "audit": {"suppliedBindings": 93, "reachableBindings": 20, "missingGlobals": 0, "issues": 0}}, {"stage": "post", "families": 4, "audit": {"suppliedBindings": 106, "reachableBindings": 20, "missingGlobals": 0, "issues": 0}}], "provenance": {"path": "build/tag-to-enum/provenance.json", "sha256": "2f1afa0dbdd72162a867836530c38ad70291ed8ed5ab22e554be5afadddd17c8"}}
[6 of 6] Linking /home/ekmett/ai/thc-pinned-addresses-01a0cdeb/build/compiler/libHSthc-core-plugin-0.1-ghc9.14.1.so [Flags changed]
Reading package info from "/home/ekmett/ai/thc-pinned-addresses-01a0cdeb/build/compiler/thc-core-plugin.conf" ... done.
Built THC Core plugin in /home/ekmett/ai/thc-pinned-addresses-01a0cdeb/build/compiler
PASS actual wired case
PASS live case binder
PASS same spelling, different wired key
PASS wrong alternative
PASS default alternative
PASS two alternatives
PASS no alternatives
PASS bare first-class proof
PASS erased arguments
PASS too few arguments
PASS too many arguments
[1 of 3] Compiling UnsafeEqualityAudit ( compiler/test-fixtures/UnsafeEqualityAudit.hs, /home/ekmett/ai/thc-pinned-addresses-01a0cdeb/build/unsafe-equality/native/UnsafeEqualityAudit.o )
[2 of 3] Compiling Main             ( /home/ekmett/ai/thc-pinned-addresses-01a0cdeb/compiler/test-fixtures/UnsafeEqualityAuditNative.hs, /home/ekmett/ai/thc-pinned-addresses-01a0cdeb/build/unsafe-equality/native/Main.o )
[3 of 3] Linking /home/ekmett/ai/thc-pinned-addresses-01a0cdeb/build/unsafe-equality/native/oracle [Objects changed]
[1 of 1] Compiling UnsafeEqualityAudit ( /home/ekmett/ai/thc-pinned-addresses-01a0cdeb/compiler/test-fixtures/UnsafeEqualityAudit.hs, /home/ekmett/ai/thc-pinned-addresses-01a0cdeb/build/unsafe-equality/pre-ghc/UnsafeEqualityAudit.o )
THC interface closure: 1 actual unfoldings, 1 missing source definitions
[1 of 1] Compiling UnsafeEqualityAudit ( /home/ekmett/ai/thc-pinned-addresses-01a0cdeb/compiler/test-fixtures/UnsafeEqualityAudit.hs, /home/ekmett/ai/thc-pinned-addresses-01a0cdeb/build/unsafe-equality/post-ghc/UnsafeEqualityAudit.o )
THC interface closure: 1 actual unfoldings, 1 missing source definitions
Unsafe equality: 49 native/model rows, exact GHC predicate controls, 9 strict roots and 2 explicit frontiers at both stages
[6 of 6] Linking /home/ekmett/ai/thc-pinned-addresses-01a0cdeb/build/compiler/libHSthc-core-plugin-0.1-ghc9.14.1.so [Flags changed]
Reading package info from "/home/ekmett/ai/thc-pinned-addresses-01a0cdeb/build/compiler/thc-core-plugin.conf" ... done.
Built THC Core plugin in /home/ekmett/ai/thc-pinned-addresses-01a0cdeb/build/compiler
[1 of 1] Compiling ShowIntAudit     ( /home/ekmett/ai/thc-pinned-addresses-01a0cdeb/compiler/test-fixtures/ShowIntAudit.hs, /home/ekmett/ai/thc-pinned-addresses-01a0cdeb/build/show-int/pre-ghc/ShowIntAudit.o )
THC interface closure: 2 actual unfoldings, 1 missing source definitions
[1 of 1] Compiling ShowIntAudit     ( /home/ekmett/ai/thc-pinned-addresses-01a0cdeb/compiler/test-fixtures/ShowIntAudit.hs, /home/ekmett/ai/thc-pinned-addresses-01a0cdeb/build/show-int/post-ghc/ShowIntAudit.o )
THC interface closure: 2 actual unfoldings, 1 missing source definitions
[1 of 3] Compiling ShowIntAudit     ( compiler/test-fixtures/ShowIntAudit.hs, /home/ekmett/ai/thc-pinned-addresses-01a0cdeb/build/show-int/native/ShowIntAudit.o )
[2 of 3] Compiling Main             ( /home/ekmett/ai/thc-pinned-addresses-01a0cdeb/compiler/test-fixtures/ShowIntAuditNative.hs, /home/ekmett/ai/thc-pinned-addresses-01a0cdeb/build/show-int/native/Main.o )
[3 of 3] Linking /home/ekmett/ai/thc-pinned-addresses-01a0cdeb/build/show-int/native/show-int-oracle [Objects changed]
Show Int: 6763 native/model rows, 510 inputs, exact digit-by-digit observations, 4 strict audits and 2 missing-source controls
[6 of 6] Linking /home/ekmett/ai/thc-pinned-addresses-01a0cdeb/build/compiler/libHSthc-core-plugin-0.1-ghc9.14.1.so [Flags changed]
Reading package info from "/home/ekmett/ai/thc-pinned-addresses-01a0cdeb/build/compiler/thc-core-plugin.conf" ... done.
Built THC Core plugin in /home/ekmett/ai/thc-pinned-addresses-01a0cdeb/build/compiler
[1 of 1] Compiling InterfaceRoots   ( compiler/package-roots/InterfaceRoots.hs, /home/ekmett/ai/thc-pinned-addresses-01a0cdeb/build/show-word-list/cstring/interface-ghc/InterfaceRoots.o )
THC interface closure: 20 actual unfoldings, 4 missing source definitions
[1 of 1] Compiling ShowWordListAudit ( /home/ekmett/ai/thc-pinned-addresses-01a0cdeb/compiler/test-fixtures/ShowWordListAudit.hs, /home/ekmett/ai/thc-pinned-addresses-01a0cdeb/build/show-word-list/pre-ghc/ShowWordListAudit.o )
THC interface closure: 5 actual unfoldings, 4 missing source definitions
[1 of 1] Compiling ShowWordListAudit ( /home/ekmett/ai/thc-pinned-addresses-01a0cdeb/compiler/test-fixtures/ShowWordListAudit.hs, /home/ekmett/ai/thc-pinned-addresses-01a0cdeb/build/show-word-list/post-ghc/ShowWordListAudit.o )
THC interface closure: 5 actual unfoldings, 4 missing source definitions
[1 of 3] Compiling ShowWordListAudit ( compiler/test-fixtures/ShowWordListAudit.hs, /home/ekmett/ai/thc-pinned-addresses-01a0cdeb/build/show-word-list/native/ShowWordListAudit.o )
[2 of 3] Compiling Main             ( /home/ekmett/ai/thc-pinned-addresses-01a0cdeb/compiler/test-fixtures/ShowWordListAuditNative.hs, /home/ekmett/ai/thc-pinned-addresses-01a0cdeb/build/show-word-list/native/Main.o )
[3 of 3] Linking /home/ekmett/ai/thc-pinned-addresses-01a0cdeb/build/show-word-list/native/show-word-list-oracle [Objects changed]
Show Word/list: 41816 native/model rows, 530 inputs, exact decimal/list character observations, 8 strict audits and 2 missing-source controls
[6 of 6] Linking /home/ekmett/ai/thc-pinned-addresses-01a0cdeb/build/compiler/libHSthc-core-plugin-0.1-ghc9.14.1.so [Flags changed]
Reading package info from "/home/ekmett/ai/thc-pinned-addresses-01a0cdeb/build/compiler/thc-core-plugin.conf" ... done.
Built THC Core plugin in /home/ekmett/ai/thc-pinned-addresses-01a0cdeb/build/compiler
[1 of 1] Compiling BigNatLiteralAudit ( compiler/test-fixtures/BigNatLiteralAudit.hs, /home/ekmett/ai/thc-pinned-addresses-01a0cdeb/build/bignat-literals/pre-ghc/BigNatLiteralAudit.o )
THC interface closure: 1 actual unfoldings, 5 missing source definitions
[1 of 1] Compiling BigNatLiteralAudit ( compiler/test-fixtures/BigNatLiteralAudit.hs, /home/ekmett/ai/thc-pinned-addresses-01a0cdeb/build/bignat-literals/post-ghc/BigNatLiteralAudit.o )
THC interface closure: 1 actual unfoldings, 5 missing source definitions
[1 of 3] Compiling BigNatLiteralAudit ( compiler/test-fixtures/BigNatLiteralAudit.hs, /home/ekmett/ai/thc-pinned-addresses-01a0cdeb/build/bignat-literals/native/BigNatLiteralAudit.o )
[2 of 3] Compiling Main             ( compiler/test-fixtures/BigNatLiteralAuditNative.hs, /home/ekmett/ai/thc-pinned-addresses-01a0cdeb/build/bignat-literals/native/Main.o )
[3 of 3] Linking /home/ekmett/ai/thc-pinned-addresses-01a0cdeb/build/bignat-literals/native/bignat-literal-oracle [Objects changed]
BigNat: 699 native/model rows, 16 strict audits, 4 arithmetic and 2 missing-source frontiers; complete original sources
[6 of 6] Linking /home/ekmett/ai/thc-pinned-addresses-01a0cdeb/build/compiler/libHSthc-core-plugin-0.1-ghc9.14.1.so [Flags changed]
Reading package info from "/home/ekmett/ai/thc-pinned-addresses-01a0cdeb/build/compiler/thc-core-plugin.conf" ... done.
Built THC Core plugin in /home/ekmett/ai/thc-pinned-addresses-01a0cdeb/build/compiler
[1 of 1] Compiling InterfaceRoots   ( compiler/package-roots/InterfaceRoots.hs, /home/ekmett/ai/thc-pinned-addresses-01a0cdeb/build/short-bytes-slices/cstring/interface-ghc/InterfaceRoots.o )
THC interface closure: 20 actual unfoldings, 4 missing source definitions
[1 of 1] Compiling ShortByteStringSliceAudit ( /home/ekmett/ai/thc-pinned-addresses-01a0cdeb/compiler/test-fixtures/ShortByteStringSliceAudit.hs, /home/ekmett/ai/thc-pinned-addresses-01a0cdeb/build/short-bytes-slices/pre-ghc/ShortByteStringSliceAudit.o )
THC interface closure: 16 actual unfoldings, 3 missing source definitions
[1 of 1] Compiling ShortByteStringSliceAudit ( /home/ekmett/ai/thc-pinned-addresses-01a0cdeb/compiler/test-fixtures/ShortByteStringSliceAudit.hs, /home/ekmett/ai/thc-pinned-addresses-01a0cdeb/build/short-bytes-slices/post-ghc/ShortByteStringSliceAudit.o )
THC interface closure: 16 actual unfoldings, 3 missing source definitions
[1 of 3] Compiling ShortByteStringSliceAudit ( compiler/test-fixtures/ShortByteStringSliceAudit.hs, /home/ekmett/ai/thc-pinned-addresses-01a0cdeb/build/short-bytes-slices/native/ShortByteStringSliceAudit.o )
[2 of 3] Compiling Main             ( /home/ekmett/ai/thc-pinned-addresses-01a0cdeb/compiler/test-fixtures/ShortByteStringSliceAuditNative.hs, /home/ekmett/ai/thc-pinned-addresses-01a0cdeb/build/short-bytes-slices/native/Main.o )
[3 of 3] Linking /home/ekmett/ai/thc-pinned-addresses-01a0cdeb/build/short-bytes-slices/native/short-bytes-slices-oracle [Objects changed]
ShortByteString slices: 81312 native/model rows; 6 accepted audits, 4 exact overflow frontiers, 6 missing-List controls
[1 of 1] Compiling AggregateFrontier ( compiler/test-fixtures/AggregateFrontier.hs, /home/ekmett/ai/thc-pinned-addresses-01a0cdeb/build/aggregate-ghc/AggregateFrontier.o )
[1 of 1] Compiling AggregateFrontier ( compiler/test-fixtures/AggregateFrontier.hs, /home/ekmett/ai/thc-pinned-addresses-01a0cdeb/build/aggregate-post-ghc/AggregateFrontier.o )
Aggregate frontier: 6 supported result-only entries, 5 rejected boundaries; 48 native oracle rows
[6 of 6] Linking /home/ekmett/ai/thc-pinned-addresses-01a0cdeb/build/compiler/libHSthc-core-plugin-0.1-ghc9.14.1.so [Flags changed]
Reading package info from "/home/ekmett/ai/thc-pinned-addresses-01a0cdeb/build/compiler/thc-core-plugin.conf" ... done.
Built THC Core plugin in /home/ekmett/ai/thc-pinned-addresses-01a0cdeb/build/compiler
[1 of 1] Compiling AggregateLayoutAudit ( /home/ekmett/ai/thc-pinned-addresses-01a0cdeb/compiler/test-fixtures/AggregateLayoutAudit.hs, /home/ekmett/ai/thc-pinned-addresses-01a0cdeb/build/aggregate-layout/native/AggregateLayoutAudit.o )
[1 of 1] Compiling AggregateLayoutAudit ( /home/ekmett/ai/thc-pinned-addresses-01a0cdeb/compiler/test-fixtures/AggregateLayoutAudit.hs, /home/ekmett/ai/thc-pinned-addresses-01a0cdeb/build/aggregate-layout/pre-ghc/AggregateLayoutAudit.o )
[1 of 1] Compiling AggregateLayoutAudit ( /home/ekmett/ai/thc-pinned-addresses-01a0cdeb/compiler/test-fixtures/AggregateLayoutAudit.hs, /home/ekmett/ai/thc-pinned-addresses-01a0cdeb/build/aggregate-layout/post-ghc/AggregateLayoutAudit.o )
Aggregate layout: 18 recursive/unknown layout proofs in both native stages; polymorphic/alias regressions checked; 0 supported entries
Sum metadata: 17 shapes × 2 stages, 130 native/model rows; capability boundaries checked
Prepared 110 native sum rows, 7 independent pairs and both strict Core stages
[6 of 6] Linking /home/ekmett/ai/thc-pinned-addresses-01a0cdeb/build/compiler/libHSthc-core-plugin-0.1-ghc9.14.1.so [Flags changed]
Reading package info from "/home/ekmett/ai/thc-pinned-addresses-01a0cdeb/build/compiler/thc-core-plugin.conf" ... done.
Built THC Core plugin in /home/ekmett/ai/thc-pinned-addresses-01a0cdeb/build/compiler
[1 of 3] Compiling TupleReturnAudit ( compiler/test-fixtures/TupleReturnAudit.hs, /home/ekmett/ai/thc-pinned-addresses-01a0cdeb/build/tuple-return/native/TupleReturnAudit.o )
[2 of 3] Compiling Main             ( /home/ekmett/ai/thc-pinned-addresses-01a0cdeb/compiler/test-fixtures/TupleReturnAuditNative.hs, /home/ekmett/ai/thc-pinned-addresses-01a0cdeb/build/tuple-return/native/Main.o )
[3 of 3] Linking /home/ekmett/ai/thc-pinned-addresses-01a0cdeb/build/tuple-return/native/tuple-return [Objects changed]
[1 of 1] Compiling TupleReturnAudit ( /home/ekmett/ai/thc-pinned-addresses-01a0cdeb/compiler/test-fixtures/TupleReturnAudit.hs, /home/ekmett/ai/thc-pinned-addresses-01a0cdeb/build/tuple-return/pre-ghc/TupleReturnAudit.o )
[1 of 1] Compiling TupleReturnAudit ( /home/ekmett/ai/thc-pinned-addresses-01a0cdeb/compiler/test-fixtures/TupleReturnAudit.hs, /home/ekmett/ai/thc-pinned-addresses-01a0cdeb/build/tuple-return/post-ghc/TupleReturnAudit.o )
Tuple return fixture: 94 verified native rows, 15 producers in both stages; PAP retained; overapplication retained: [True, True]
[6 of 6] Linking /home/ekmett/ai/thc-pinned-addresses-01a0cdeb/build/compiler/libHSthc-core-plugin-0.1-ghc9.14.1.so [Flags changed]
Reading package info from "/home/ekmett/ai/thc-pinned-addresses-01a0cdeb/build/compiler/thc-core-plugin.conf" ... done.
Built THC Core plugin in /home/ekmett/ai/thc-pinned-addresses-01a0cdeb/build/compiler
[1 of 3] Compiling StateTupleAudit  ( compiler/test-fixtures/StateTupleAudit.hs, /home/ekmett/ai/thc-pinned-addresses-01a0cdeb/build/state-tuple/native/StateTupleAudit.o )
[2 of 3] Compiling Main             ( /home/ekmett/ai/thc-pinned-addresses-01a0cdeb/compiler/test-fixtures/StateTupleAuditNative.hs, /home/ekmett/ai/thc-pinned-addresses-01a0cdeb/build/state-tuple/native/Main.o )
[3 of 3] Linking /home/ekmett/ai/thc-pinned-addresses-01a0cdeb/build/state-tuple/native/state-tuple [Objects changed]
[1 of 1] Compiling StateTupleAudit  ( /home/ekmett/ai/thc-pinned-addresses-01a0cdeb/compiler/test-fixtures/StateTupleAudit.hs, /home/ekmett/ai/thc-pinned-addresses-01a0cdeb/build/state-tuple/pre-ghc/StateTupleAudit.o )
{"accepted": true, "suppliedBindings": 35, "reachableBindings": 12, "missingGlobals": 0, "issues": 0}
[1 of 1] Compiling StateTupleAudit  ( /home/ekmett/ai/thc-pinned-addresses-01a0cdeb/compiler/test-fixtures/StateTupleAudit.hs, /home/ekmett/ai/thc-pinned-addresses-01a0cdeb/build/state-tuple/post-ghc/StateTupleAudit.o )
{"accepted": true, "suppliedBindings": 37, "reachableBindings": 12, "missingGlobals": 0, "issues": 0}
State# tuples: 21 verified native rows; zero-width logical fields and runRW# proofs preserved at both stages
[6 of 6] Linking /home/ekmett/ai/thc-pinned-addresses-01a0cdeb/build/compiler/libHSthc-core-plugin-0.1-ghc9.14.1.so [Flags changed]
Reading package info from "/home/ekmett/ai/thc-pinned-addresses-01a0cdeb/build/compiler/thc-core-plugin.conf" ... done.
Built THC Core plugin in /home/ekmett/ai/thc-pinned-addresses-01a0cdeb/build/compiler
[1 of 3] Compiling EmptyTupleInputAudit ( compiler/test-fixtures/EmptyTupleInputAudit.hs, /home/ekmett/ai/thc-pinned-addresses-01a0cdeb/build/empty-tuple-input/native/EmptyTupleInputAudit.o )
[2 of 3] Compiling Main             ( /home/ekmett/ai/thc-pinned-addresses-01a0cdeb/compiler/test-fixtures/EmptyTupleInputAuditNative.hs, /home/ekmett/ai/thc-pinned-addresses-01a0cdeb/build/empty-tuple-input/native/Main.o )
[3 of 3] Linking /home/ekmett/ai/thc-pinned-addresses-01a0cdeb/build/empty-tuple-input/native/empty-tuple-input [Objects changed]
[1 of 1] Compiling EmptyTupleInputAudit ( /home/ekmett/ai/thc-pinned-addresses-01a0cdeb/compiler/test-fixtures/EmptyTupleInputAudit.hs, /home/ekmett/ai/thc-pinned-addresses-01a0cdeb/build/empty-tuple-input/pre-ghc/EmptyTupleInputAudit.o )
{"accepted": true, "suppliedBindings": 60, "reachableBindings": 38, "missingGlobals": 0, "issues": 0}
[1 of 1] Compiling EmptyTupleInputAudit ( /home/ekmett/ai/thc-pinned-addresses-01a0cdeb/compiler/test-fixtures/EmptyTupleInputAudit.hs, /home/ekmett/ai/thc-pinned-addresses-01a0cdeb/build/empty-tuple-input/post-ghc/EmptyTupleInputAudit.o )
{"accepted": true, "suppliedBindings": 62, "reachableBindings": 38, "missingGlobals": 0, "issues": 0}
Exact-empty input fixture: 118 native rows + 7 independent-input rows; both stages strict accepted
[6 of 6] Linking /home/ekmett/ai/thc-pinned-addresses-01a0cdeb/build/compiler/libHSthc-core-plugin-0.1-ghc9.14.1.so [Flags changed]
Reading package info from "/home/ekmett/ai/thc-pinned-addresses-01a0cdeb/build/compiler/thc-core-plugin.conf" ... done.
Built THC Core plugin in /home/ekmett/ai/thc-pinned-addresses-01a0cdeb/build/compiler
[1 of 3] Compiling TupleInputAudit  ( compiler/test-fixtures/TupleInputAudit.hs, /home/ekmett/ai/thc-pinned-addresses-01a0cdeb/build/tuple-input/native/TupleInputAudit.o )
[2 of 3] Compiling Main             ( /home/ekmett/ai/thc-pinned-addresses-01a0cdeb/compiler/test-fixtures/TupleInputAuditNative.hs, /home/ekmett/ai/thc-pinned-addresses-01a0cdeb/build/tuple-input/native/Main.o )
[3 of 3] Linking /home/ekmett/ai/thc-pinned-addresses-01a0cdeb/build/tuple-input/native/tuple-input [Objects changed]
[1 of 1] Compiling TupleInputAudit  ( /home/ekmett/ai/thc-pinned-addresses-01a0cdeb/compiler/test-fixtures/TupleInputAudit.hs, /home/ekmett/ai/thc-pinned-addresses-01a0cdeb/build/tuple-input/pre-ghc/TupleInputAudit.o )
{"accepted": true, "suppliedBindings": 54, "reachableBindings": 33, "missingGlobals": 0, "issues": 0}
[1 of 1] Compiling TupleInputAudit  ( /home/ekmett/ai/thc-pinned-addresses-01a0cdeb/compiler/test-fixtures/TupleInputAudit.hs, /home/ekmett/ai/thc-pinned-addresses-01a0cdeb/build/tuple-input/post-ghc/TupleInputAudit.o )
{"accepted": true, "suppliedBindings": 56, "reachableBindings": 33, "missingGlobals": 0, "issues": 0}
Typed tuple input fixture: 139 native rows + 7 independent-input rows; both stages strict accepted
[1 of 1] Compiling TupleJoinAudit   ( compiler/test-fixtures/TupleJoinAudit.hs, /home/ekmett/ai/thc-pinned-addresses-01a0cdeb/build/tuple-join/pre-ghc/TupleJoinAudit.o )
[1 of 1] Compiling TupleJoinAudit   ( compiler/test-fixtures/TupleJoinAudit.hs, /home/ekmett/ai/thc-pinned-addresses-01a0cdeb/build/tuple-join/post-ghc/TupleJoinAudit.o )
{"rows": 54, "joins": {"pre": 9, "post": 9}}
[6 of 6] Linking /home/ekmett/ai/thc-pinned-addresses-01a0cdeb/build/compiler/libHSthc-core-plugin-0.1-ghc9.14.1.so [Flags changed]
Reading package info from "/home/ekmett/ai/thc-pinned-addresses-01a0cdeb/build/compiler/thc-core-plugin.conf" ... done.
Built THC Core plugin in /home/ekmett/ai/thc-pinned-addresses-01a0cdeb/build/compiler
[1 of 1] Compiling EmptyJoinInputAudit ( compiler/test-fixtures/EmptyJoinInputAudit.hs, /home/ekmett/ai/thc-pinned-addresses-01a0cdeb/build/empty-join-input/pre-ghc/EmptyJoinInputAudit.o )
[1 of 1] Compiling EmptyJoinInputAudit ( compiler/test-fixtures/EmptyJoinInputAudit.hs, /home/ekmett/ai/thc-pinned-addresses-01a0cdeb/build/empty-join-input/post-ghc/EmptyJoinInputAudit.o )
{"rows": 58, "joins": {"pre": 10, "post": 10}}
[1 of 1] Compiling IntegerPrimopsAudit ( compiler/test-fixtures/IntegerPrimopsAudit.hs, /home/ekmett/ai/thc-pinned-addresses-01a0cdeb/build/integer-primops/ghc/IntegerPrimopsAudit.o )
THC interface closure: 0 actual unfoldings, 0 missing source definitions
[1 of 3] Compiling IntegerPrimopsAudit ( /home/ekmett/ai/thc-pinned-addresses-01a0cdeb/compiler/test-fixtures/IntegerPrimopsAudit.hs, /home/ekmett/ai/thc-pinned-addresses-01a0cdeb/build/integer-primops/native/IntegerPrimopsAudit.o )
[2 of 3] Compiling Main             ( /home/ekmett/ai/thc-pinned-addresses-01a0cdeb/build/integer-primops/NativeIntegerPrimops.hs, /home/ekmett/ai/thc-pinned-addresses-01a0cdeb/build/integer-primops/native/Main.o )
[3 of 3] Linking /home/ekmett/ai/thc-pinned-addresses-01a0cdeb/build/integer-primops/native/integer-primops-oracle [Objects changed]
Prepared 40 scalar integer primops / 56791 native oracle rows
[1 of 1] Compiling BitPrimopsAudit  ( compiler/test-fixtures/BitPrimopsAudit.hs, /home/ekmett/ai/thc-pinned-addresses-01a0cdeb/build/bit-primops/pre-ghc/BitPrimopsAudit.o )
THC interface closure: 0 actual unfoldings, 0 missing source definitions
[1 of 1] Compiling BitPrimopsAudit  ( compiler/test-fixtures/BitPrimopsAudit.hs, /home/ekmett/ai/thc-pinned-addresses-01a0cdeb/build/bit-primops/post-ghc/BitPrimopsAudit.o )
THC interface closure: 0 actual unfoldings, 0 missing source definitions
[1 of 3] Compiling BitPrimopsAudit  ( /home/ekmett/ai/thc-pinned-addresses-01a0cdeb/compiler/test-fixtures/BitPrimopsAudit.hs, /home/ekmett/ai/thc-pinned-addresses-01a0cdeb/build/bit-primops/native/BitPrimopsAudit.o )
[2 of 3] Compiling Main             ( /home/ekmett/ai/thc-pinned-addresses-01a0cdeb/build/bit-primops/NativeBitPrimops.hs, /home/ekmett/ai/thc-pinned-addresses-01a0cdeb/build/bit-primops/native/Main.o )
[3 of 3] Linking /home/ekmett/ai/thc-pinned-addresses-01a0cdeb/build/bit-primops/native/bit-primops-oracle [Objects changed]
Prepared 21 scalar bit primops / 11923 native oracle rows / pre+post Core
[1 of 1] Compiling ByteArrayAudit   ( compiler/test-fixtures/ByteArrayAudit.hs, /home/ekmett/ai/thc-pinned-addresses-01a0cdeb/build/bytearray/pre/ghc/ByteArrayAudit.o )
THC interface closure: 4 actual unfoldings, 1 missing source definitions
[1 of 1] Compiling ByteArrayAudit   ( compiler/test-fixtures/ByteArrayAudit.hs, /home/ekmett/ai/thc-pinned-addresses-01a0cdeb/build/bytearray/post/ghc/ByteArrayAudit.o )
THC interface closure: 4 actual unfoldings, 1 missing source definitions
[1 of 3] Compiling ByteArrayAudit   ( /home/ekmett/ai/thc-pinned-addresses-01a0cdeb/compiler/test-fixtures/ByteArrayAudit.hs, /home/ekmett/ai/thc-pinned-addresses-01a0cdeb/build/bytearray/native/ByteArrayAudit.o )
[2 of 3] Compiling Main             ( /home/ekmett/ai/thc-pinned-addresses-01a0cdeb/build/bytearray/NativeByteArray.hs, /home/ekmett/ai/thc-pinned-addresses-01a0cdeb/build/bytearray/native/Main.o )
[3 of 3] Linking /home/ekmett/ai/thc-pinned-addresses-01a0cdeb/build/bytearray/native/bytearray-oracle [Objects changed]
Prepared 4 real ByteArray workloads / 4116 native rows / pre+post Core
[6 of 6] Linking /home/ekmett/ai/thc-pinned-addresses-01a0cdeb/build/compiler/libHSthc-core-plugin-0.1-ghc9.14.1.so [Flags changed]
Reading package info from "/home/ekmett/ai/thc-pinned-addresses-01a0cdeb/build/compiler/thc-core-plugin.conf" ... done.
Built THC Core plugin in /home/ekmett/ai/thc-pinned-addresses-01a0cdeb/build/compiler
GHC primop inventory: 379 advertised / 1491 total; names and arities agree
[1 of 1] Compiling MutableByteArrayAudit ( /home/ekmett/ai/thc-pinned-addresses-01a0cdeb/compiler/test-fixtures/MutableByteArrayAudit.hs, /home/ekmett/ai/thc-pinned-addresses-01a0cdeb/build/mutable-bytearrays/pre-ghc/MutableByteArrayAudit.o )
THC interface closure: 1 actual unfoldings, 0 missing source definitions
[1 of 1] Compiling MutableByteArrayAudit ( /home/ekmett/ai/thc-pinned-addresses-01a0cdeb/compiler/test-fixtures/MutableByteArrayAudit.hs, /home/ekmett/ai/thc-pinned-addresses-01a0cdeb/build/mutable-bytearrays/post-ghc/MutableByteArrayAudit.o )
THC interface closure: 1 actual unfoldings, 0 missing source definitions
[1 of 3] Compiling MutableByteArrayAudit ( compiler/test-fixtures/MutableByteArrayAudit.hs, /home/ekmett/ai/thc-pinned-addresses-01a0cdeb/build/mutable-bytearrays/native/MutableByteArrayAudit.o )
[2 of 3] Compiling Main             ( /home/ekmett/ai/thc-pinned-addresses-01a0cdeb/build/mutable-bytearrays/NativeMutableByteArrays.hs, /home/ekmett/ai/thc-pinned-addresses-01a0cdeb/build/mutable-bytearrays/native/Main.o )
[3 of 3] Linking /home/ekmett/ai/thc-pinned-addresses-01a0cdeb/build/mutable-bytearrays/native/mutable-bytearrays-oracle [Objects changed]
Mutable ByteArrays: 12876 native/model rows, 2146 independent input pairs, 12 strict accepted audits
[6 of 6] Linking /home/ekmett/ai/thc-pinned-addresses-01a0cdeb/build/compiler/libHSthc-core-plugin-0.1-ghc9.14.1.so [Flags changed]
Reading package info from "/home/ekmett/ai/thc-pinned-addresses-01a0cdeb/build/compiler/thc-core-plugin.conf" ... done.
Built THC Core plugin in /home/ekmett/ai/thc-pinned-addresses-01a0cdeb/build/compiler
GHC primop inventory: 379 advertised / 1491 total; names and arities agree
[1 of 1] Compiling ResizeByteArrayAudit ( /home/ekmett/ai/thc-pinned-addresses-01a0cdeb/compiler/test-fixtures/ResizeByteArrayAudit.hs, /home/ekmett/ai/thc-pinned-addresses-01a0cdeb/build/resize-bytearrays/pre-ghc/ResizeByteArrayAudit.o )
THC interface closure: 0 actual unfoldings, 0 missing source definitions
[1 of 1] Compiling ResizeByteArrayAudit ( /home/ekmett/ai/thc-pinned-addresses-01a0cdeb/compiler/test-fixtures/ResizeByteArrayAudit.hs, /home/ekmett/ai/thc-pinned-addresses-01a0cdeb/build/resize-bytearrays/post-ghc/ResizeByteArrayAudit.o )
THC interface closure: 0 actual unfoldings, 0 missing source definitions
[1 of 3] Compiling ResizeByteArrayAudit ( compiler/test-fixtures/ResizeByteArrayAudit.hs, /home/ekmett/ai/thc-pinned-addresses-01a0cdeb/build/resize-bytearrays/native/ResizeByteArrayAudit.o )
[2 of 3] Compiling Main             ( /home/ekmett/ai/thc-pinned-addresses-01a0cdeb/build/resize-bytearrays/NativeResizeByteArrays.hs, /home/ekmett/ai/thc-pinned-addresses-01a0cdeb/build/resize-bytearrays/native/Main.o )
[3 of 3] Linking /home/ekmett/ai/thc-pinned-addresses-01a0cdeb/build/resize-bytearrays/native/resize-bytearrays-oracle [Objects changed]
Resize ByteArrays: 3192 native/model rows, 1596 independent input pairs, 4 strict accepted audits
[1 of 1] Compiling CompareByteArraysAudit ( compiler/test-fixtures/CompareByteArraysAudit.hs, /home/ekmett/ai/thc-pinned-addresses-01a0cdeb/build/compare-byte-arrays/pre/ghc/CompareByteArraysAudit.o )
THC interface closure: 2 actual unfoldings, 1 missing source definitions
[1 of 1] Compiling CompareByteArraysAudit ( compiler/test-fixtures/CompareByteArraysAudit.hs, /home/ekmett/ai/thc-pinned-addresses-01a0cdeb/build/compare-byte-arrays/post/ghc/CompareByteArraysAudit.o )
THC interface closure: 2 actual unfoldings, 1 missing source definitions
[1 of 3] Compiling CompareByteArraysAudit ( /home/ekmett/ai/thc-pinned-addresses-01a0cdeb/compiler/test-fixtures/CompareByteArraysAudit.hs, /home/ekmett/ai/thc-pinned-addresses-01a0cdeb/build/compare-byte-arrays/native/CompareByteArraysAudit.o )
[2 of 3] Compiling Main             ( /home/ekmett/ai/thc-pinned-addresses-01a0cdeb/build/compare-byte-arrays/NativeCompareByteArrays.hs, /home/ekmett/ai/thc-pinned-addresses-01a0cdeb/build/compare-byte-arrays/native/Main.o )
[3 of 3] Linking /home/ekmett/ai/thc-pinned-addresses-01a0cdeb/build/compare-byte-arrays/native/compare-byte-arrays-oracle [Objects changed]
Prepared 3027 sign-normalized native/model rows, 5 public/range entries, pre+post strict audits
[1 of 1] Compiling BoxedArrayAudit  ( compiler/test-fixtures/BoxedArrayAudit.hs, /home/ekmett/ai/thc-pinned-addresses-01a0cdeb/build/boxed-arrays/pre/ghc/BoxedArrayAudit.o )
THC interface closure: 0 actual unfoldings, 4 missing source definitions
[1 of 1] Compiling BoxedArrayAudit  ( compiler/test-fixtures/BoxedArrayAudit.hs, /home/ekmett/ai/thc-pinned-addresses-01a0cdeb/build/boxed-arrays/post/ghc/BoxedArrayAudit.o )
THC interface closure: 0 actual unfoldings, 4 missing source definitions
[1 of 3] Compiling BoxedArrayAudit  ( /home/ekmett/ai/thc-pinned-addresses-01a0cdeb/compiler/test-fixtures/BoxedArrayAudit.hs, /home/ekmett/ai/thc-pinned-addresses-01a0cdeb/build/boxed-arrays/native/BoxedArrayAudit.o )
[2 of 3] Compiling Main             ( /home/ekmett/ai/thc-pinned-addresses-01a0cdeb/build/boxed-arrays/NativeBoxedArray.hs, /home/ekmett/ai/thc-pinned-addresses-01a0cdeb/build/boxed-arrays/native/Main.o )
[3 of 3] Linking /home/ekmett/ai/thc-pinned-addresses-01a0cdeb/build/boxed-arrays/native/boxed-array-oracle [Objects changed]
Prepared boxed arrays: 164 supported native/model rows; 451 total value rows; 5 expected exceptions; strict pre/post checks
[6 of 6] Linking /home/ekmett/ai/thc-pinned-addresses-01a0cdeb/build/compiler/libHSthc-core-plugin-0.1-ghc9.14.1.so [Flags changed]
Reading package info from "/home/ekmett/ai/thc-pinned-addresses-01a0cdeb/build/compiler/thc-core-plugin.conf" ... done.
Built THC Core plugin in /home/ekmett/ai/thc-pinned-addresses-01a0cdeb/build/compiler
GHC primop inventory: 379 advertised / 1491 total; names and arities agree
[1 of 1] Compiling ArraySliceAudit  ( /home/ekmett/ai/thc-pinned-addresses-01a0cdeb/compiler/test-fixtures/ArraySliceAudit.hs, /home/ekmett/ai/thc-pinned-addresses-01a0cdeb/build/array-slices/pre-ghc/ArraySliceAudit.o )
THC interface closure: 0 actual unfoldings, 1 missing source definitions
[1 of 1] Compiling ArraySliceAudit  ( /home/ekmett/ai/thc-pinned-addresses-01a0cdeb/compiler/test-fixtures/ArraySliceAudit.hs, /home/ekmett/ai/thc-pinned-addresses-01a0cdeb/build/array-slices/post-ghc/ArraySliceAudit.o )
THC interface closure: 0 actual unfoldings, 1 missing source definitions
[1 of 3] Compiling ArraySliceAudit  ( compiler/test-fixtures/ArraySliceAudit.hs, /home/ekmett/ai/thc-pinned-addresses-01a0cdeb/build/array-slices/native/ArraySliceAudit.o )
[2 of 3] Compiling Main             ( /home/ekmett/ai/thc-pinned-addresses-01a0cdeb/build/array-slices/NativeArraySlices.hs, /home/ekmett/ai/thc-pinned-addresses-01a0cdeb/build/array-slices/native/Main.o )
[3 of 3] Linking /home/ekmett/ai/thc-pinned-addresses-01a0cdeb/build/array-slices/native/array-slices-oracle [Objects changed]
Array slices: 2316 native/model rows, 1930 strict-supported rows, 10 positive and 2 exact frontier audits
[1 of 1] Compiling AddressFieldAudit ( compiler/test-fixtures/AddressFieldAudit.hs, /home/ekmett/ai/thc-pinned-addresses-01a0cdeb/build/address-fields/pre/ghc/AddressFieldAudit.o )
[1 of 1] Compiling AddressFieldAudit ( compiler/test-fixtures/AddressFieldAudit.hs, /home/ekmett/ai/thc-pinned-addresses-01a0cdeb/build/address-fields/post/ghc/AddressFieldAudit.o )
[1 of 3] Compiling AddressFieldAudit ( /home/ekmett/ai/thc-pinned-addresses-01a0cdeb/compiler/test-fixtures/AddressFieldAudit.hs, /home/ekmett/ai/thc-pinned-addresses-01a0cdeb/build/address-fields/native/AddressFieldAudit.o )
[2 of 3] Compiling Main             ( /home/ekmett/ai/thc-pinned-addresses-01a0cdeb/build/address-fields/NativeAddressFields.hs, /home/ekmett/ai/thc-pinned-addresses-01a0cdeb/build/address-fields/native/Main.o )
[3 of 3] Linking /home/ekmett/ai/thc-pinned-addresses-01a0cdeb/build/address-fields/native/address-fields-oracle [Objects changed]
Prepared address fields: 200 native/model rows; 16 accepted and 2 rejected pre/post audits
[1 of 3] Compiling PinnedAddressAudit ( /home/ekmett/ai/thc-pinned-addresses-01a0cdeb/compiler/test-fixtures/PinnedAddressAudit.hs, /home/ekmett/ai/thc-pinned-addresses-01a0cdeb/build/pinned-addresses/native/PinnedAddressAudit.o )
[2 of 3] Compiling Main             ( compiler/test-fixtures/PinnedAddressAuditNative.hs, /home/ekmett/ai/thc-pinned-addresses-01a0cdeb/build/pinned-addresses/native/Main.o )
[3 of 3] Linking /home/ekmett/ai/thc-pinned-addresses-01a0cdeb/build/pinned-addresses/native/pinned-address-oracle [Objects changed]
[1 of 1] Compiling PinnedAddressAudit ( compiler/test-fixtures/PinnedAddressAudit.hs, /home/ekmett/ai/thc-pinned-addresses-01a0cdeb/build/pinned-addresses/pre/ghc/PinnedAddressAudit.o )
THC interface closure: 82 actual unfoldings, 12 missing source definitions
[1 of 1] Compiling PinnedAddressAudit ( compiler/test-fixtures/PinnedAddressAudit.hs, /home/ekmett/ai/thc-pinned-addresses-01a0cdeb/build/pinned-addresses/post/ghc/PinnedAddressAudit.o )
THC interface closure: 82 actual unfoldings, 12 missing source definitions
Pinned address preparation: mode=Namespace(native_only=False, export_only=False, allow_unsupported=False) nativeRows=7269 modelRows=7269 strictAccepted=True counts={'pinnedBytes': 1859, 'alignedBytes': 3718, 'keepAliveWord8': 13, 'keepAliveLazy': 13, 'fingerprintByte': 784, 'publicFingerprintByte': 784, 'publicFingerprintRoundtrip': 98}
Archived prior MD5 attempt unchanged: /home/ekmett/ai/thc-pinned-addresses-01a0cdeb/build/managed-md5-native.previous-jv7qxdpx/managed-md5-native
{"aliasCases": 5, "aliasRows": 15, "caseRows": 2232, "cases": 558, "hashlibCases": 540}
PASS native C ABI/context oracle; provenance sha256=3bdbc00e766a833c654d6c26b1650934354663a425b2d40d65c8fd40db43e90d
[1 of 1] Compiling DataToTagAudit   ( /home/ekmett/ai/thc-pinned-addresses-01a0cdeb/compiler/test-fixtures/DataToTagAudit.hs, /home/ekmett/ai/thc-pinned-addresses-01a0cdeb/build/data-to-tag/pre/ghc/DataToTagAudit.o )
/home/ekmett/ai/thc-pinned-addresses-01a0cdeb/compiler/test-fixtures/DataToTagAudit.hs:29:13: warning: [GHC-68441] [-Wdeprecations]
    In the use of ‘dataToTagSmall#’ (imported from GHC.Internal.Prim):
    Deprecated: " Use dataToTag# from \"GHC.Magic\" instead. "
   |
29 | pairTag x = dataToTagSmall# x +# 1#
   |             ^^^^^^^^^^^^^^^

/home/ekmett/ai/thc-pinned-addresses-01a0cdeb/compiler/test-fixtures/DataToTagAudit.hs:73:19: warning: [GHC-68441] [-Wdeprecations]
    In the use of ‘dataToTagSmall#’ (imported from GHC.Internal.Prim):
    Deprecated: " Use dataToTag# from \"GHC.Magic\" instead. "
   |
73 | unknownFamily x = dataToTagSmall# x +# 1#
   |                   ^^^^^^^^^^^^^^^

/home/ekmett/ai/thc-pinned-addresses-01a0cdeb/compiler/test-fixtures/DataToTagAudit.hs:76:19: warning: [GHC-68441] [-Wdeprecations]
    In the use of ‘dataToTagSmall#’ (imported from GHC.Internal.Prim):
    Deprecated: " Use dataToTag# from \"GHC.Magic\" instead. "
   |
76 | closureFamily x = dataToTagSmall# x +# 1#
   |                   ^^^^^^^^^^^^^^^

/home/ekmett/ai/thc-pinned-addresses-01a0cdeb/compiler/test-fixtures/DataToTagAudit.hs:79:19: warning: [GHC-68441] [-Wdeprecations]
    In the use of ‘dataToTagSmall#’ (imported from GHC.Internal.Prim):
    Deprecated: " Use dataToTag# from \"GHC.Magic\" instead. "
   |
79 | newtypeFamily x = dataToTagSmall# x +# 1#
   |                   ^^^^^^^^^^^^^^^

/home/ekmett/ai/thc-pinned-addresses-01a0cdeb/compiler/test-fixtures/DataToTagAudit.hs:82:22: warning: [GHC-68441] [-Wdeprecations]
    In the use of ‘dataToTagSmall#’ (imported from GHC.Internal.Prim):
    Deprecated: " Use dataToTag# from \"GHC.Magic\" instead. "
   |
82 | wrongSmallFamily x = dataToTagSmall# x +# 1#
   |                      ^^^^^^^^^^^^^^^

/home/ekmett/ai/thc-pinned-addresses-01a0cdeb/compiler/test-fixtures/DataToTagAudit.hs:86:17: warning: [GHC-68441] [-Wdeprecations]
    In the use of ‘dataToTagSmall#’ (imported from GHC.Internal.Prim):
    Deprecated: " Use dataToTag# from \"GHC.Magic\" instead. "
   |
86 | barePrimitive = dataToTagSmall#
   |                 ^^^^^^^^^^^^^^^

[1 of 1] Compiling DataToTagAudit   ( /home/ekmett/ai/thc-pinned-addresses-01a0cdeb/compiler/test-fixtures/DataToTagAudit.hs, /home/ekmett/ai/thc-pinned-addresses-01a0cdeb/build/data-to-tag/post/ghc/DataToTagAudit.o )
/home/ekmett/ai/thc-pinned-addresses-01a0cdeb/compiler/test-fixtures/DataToTagAudit.hs:29:13: warning: [GHC-68441] [-Wdeprecations]
    In the use of ‘dataToTagSmall#’ (imported from GHC.Internal.Prim):
    Deprecated: " Use dataToTag# from \"GHC.Magic\" instead. "
   |
29 | pairTag x = dataToTagSmall# x +# 1#
   |             ^^^^^^^^^^^^^^^

/home/ekmett/ai/thc-pinned-addresses-01a0cdeb/compiler/test-fixtures/DataToTagAudit.hs:73:19: warning: [GHC-68441] [-Wdeprecations]
    In the use of ‘dataToTagSmall#’ (imported from GHC.Internal.Prim):
    Deprecated: " Use dataToTag# from \"GHC.Magic\" instead. "
   |
73 | unknownFamily x = dataToTagSmall# x +# 1#
   |                   ^^^^^^^^^^^^^^^

/home/ekmett/ai/thc-pinned-addresses-01a0cdeb/compiler/test-fixtures/DataToTagAudit.hs:76:19: warning: [GHC-68441] [-Wdeprecations]
    In the use of ‘dataToTagSmall#’ (imported from GHC.Internal.Prim):
    Deprecated: " Use dataToTag# from \"GHC.Magic\" instead. "
   |
76 | closureFamily x = dataToTagSmall# x +# 1#
   |                   ^^^^^^^^^^^^^^^

/home/ekmett/ai/thc-pinned-addresses-01a0cdeb/compiler/test-fixtures/DataToTagAudit.hs:79:19: warning: [GHC-68441] [-Wdeprecations]
    In the use of ‘dataToTagSmall#’ (imported from GHC.Internal.Prim):
    Deprecated: " Use dataToTag# from \"GHC.Magic\" instead. "
   |
79 | newtypeFamily x = dataToTagSmall# x +# 1#
   |                   ^^^^^^^^^^^^^^^

/home/ekmett/ai/thc-pinned-addresses-01a0cdeb/compiler/test-fixtures/DataToTagAudit.hs:82:22: warning: [GHC-68441] [-Wdeprecations]
    In the use of ‘dataToTagSmall#’ (imported from GHC.Internal.Prim):
    Deprecated: " Use dataToTag# from \"GHC.Magic\" instead. "
   |
82 | wrongSmallFamily x = dataToTagSmall# x +# 1#
   |                      ^^^^^^^^^^^^^^^

/home/ekmett/ai/thc-pinned-addresses-01a0cdeb/compiler/test-fixtures/DataToTagAudit.hs:86:17: warning: [GHC-68441] [-Wdeprecations]
    In the use of ‘dataToTagSmall#’ (imported from GHC.Internal.Prim):
    Deprecated: " Use dataToTag# from \"GHC.Magic\" instead. "
   |
86 | barePrimitive = dataToTagSmall#
   |                 ^^^^^^^^^^^^^^^

[1 of 3] Compiling DataToTagAudit   ( /home/ekmett/ai/thc-pinned-addresses-01a0cdeb/compiler/test-fixtures/DataToTagAudit.hs, /home/ekmett/ai/thc-pinned-addresses-01a0cdeb/build/data-to-tag/native/DataToTagAudit.o )
/home/ekmett/ai/thc-pinned-addresses-01a0cdeb/compiler/test-fixtures/DataToTagAudit.hs:29:13: warning: [GHC-68441] [-Wdeprecations]
    In the use of ‘dataToTagSmall#’ (imported from GHC.Internal.Prim):
    Deprecated: " Use dataToTag# from \"GHC.Magic\" instead. "
   |
29 | pairTag x = dataToTagSmall# x +# 1#
   |             ^^^^^^^^^^^^^^^

/home/ekmett/ai/thc-pinned-addresses-01a0cdeb/compiler/test-fixtures/DataToTagAudit.hs:73:19: warning: [GHC-68441] [-Wdeprecations]
    In the use of ‘dataToTagSmall#’ (imported from GHC.Internal.Prim):
    Deprecated: " Use dataToTag# from \"GHC.Magic\" instead. "
   |
73 | unknownFamily x = dataToTagSmall# x +# 1#
   |                   ^^^^^^^^^^^^^^^

/home/ekmett/ai/thc-pinned-addresses-01a0cdeb/compiler/test-fixtures/DataToTagAudit.hs:76:19: warning: [GHC-68441] [-Wdeprecations]
    In the use of ‘dataToTagSmall#’ (imported from GHC.Internal.Prim):
    Deprecated: " Use dataToTag# from \"GHC.Magic\" instead. "
   |
76 | closureFamily x = dataToTagSmall# x +# 1#
   |                   ^^^^^^^^^^^^^^^

/home/ekmett/ai/thc-pinned-addresses-01a0cdeb/compiler/test-fixtures/DataToTagAudit.hs:79:19: warning: [GHC-68441] [-Wdeprecations]
    In the use of ‘dataToTagSmall#’ (imported from GHC.Internal.Prim):
    Deprecated: " Use dataToTag# from \"GHC.Magic\" instead. "
   |
79 | newtypeFamily x = dataToTagSmall# x +# 1#
   |                   ^^^^^^^^^^^^^^^

/home/ekmett/ai/thc-pinned-addresses-01a0cdeb/compiler/test-fixtures/DataToTagAudit.hs:82:22: warning: [GHC-68441] [-Wdeprecations]
    In the use of ‘dataToTagSmall#’ (imported from GHC.Internal.Prim):
    Deprecated: " Use dataToTag# from \"GHC.Magic\" instead. "
   |
82 | wrongSmallFamily x = dataToTagSmall# x +# 1#
   |                      ^^^^^^^^^^^^^^^

/home/ekmett/ai/thc-pinned-addresses-01a0cdeb/compiler/test-fixtures/DataToTagAudit.hs:86:17: warning: [GHC-68441] [-Wdeprecations]
    In the use of ‘dataToTagSmall#’ (imported from GHC.Internal.Prim):
    Deprecated: " Use dataToTag# from \"GHC.Magic\" instead. "
   |
86 | barePrimitive = dataToTagSmall#
   |                 ^^^^^^^^^^^^^^^

[2 of 3] Compiling Main             ( /home/ekmett/ai/thc-pinned-addresses-01a0cdeb/build/data-to-tag/NativeDataToTag.hs, /home/ekmett/ai/thc-pinned-addresses-01a0cdeb/build/data-to-tag/native/Main.o )
[3 of 3] Linking /home/ekmett/ai/thc-pinned-addresses-01a0cdeb/build/data-to-tag/native/data-to-tag-oracle
Prepared dataToTag: 293 native/model rows, one forced-bottom exception, 14 accepted + 10 rejected strict audits
[1 of 1] Compiling MutVarAudit      ( compiler/test-fixtures/MutVarAudit.hs, /home/ekmett/ai/thc-pinned-addresses-01a0cdeb/build/mutvar/pre/ghc/MutVarAudit.o )
THC interface closure: 1 actual unfoldings, 0 missing source definitions
[1 of 1] Compiling MutVarAudit      ( compiler/test-fixtures/MutVarAudit.hs, /home/ekmett/ai/thc-pinned-addresses-01a0cdeb/build/mutvar/post/ghc/MutVarAudit.o )
THC interface closure: 1 actual unfoldings, 0 missing source definitions
[1 of 3] Compiling MutVarAudit      ( /home/ekmett/ai/thc-pinned-addresses-01a0cdeb/compiler/test-fixtures/MutVarAudit.hs, /home/ekmett/ai/thc-pinned-addresses-01a0cdeb/build/mutvar/native/MutVarAudit.o )
[2 of 3] Compiling Main             ( /home/ekmett/ai/thc-pinned-addresses-01a0cdeb/build/mutvar/NativeMutVar.hs, /home/ekmett/ai/thc-pinned-addresses-01a0cdeb/build/mutvar/native/Main.o )
[3 of 3] Linking /home/ekmett/ai/thc-pinned-addresses-01a0cdeb/build/mutvar/native/mutvar-oracle
Prepared 8 genuine STRef/MutVar workloads / 2120 native-model rows / pre+post Core
[1 of 1] Compiling THC.UnboxedArrays ( examples/THC/UnboxedArrays.hs, /home/ekmett/ai/thc-pinned-addresses-01a0cdeb/build/int-arrays/pre/0/ghc/THC/UnboxedArrays.o )
THC interface closure: 0 actual unfoldings, 0 missing source definitions
[1 of 1] Compiling IntArrayAudit    ( compiler/test-fixtures/IntArrayAudit.hs, /home/ekmett/ai/thc-pinned-addresses-01a0cdeb/build/int-arrays/pre/1/ghc/IntArrayAudit.o )
THC interface closure: 0 actual unfoldings, 0 missing source definitions
[1 of 1] Compiling THC.UnboxedArrays ( examples/THC/UnboxedArrays.hs, /home/ekmett/ai/thc-pinned-addresses-01a0cdeb/build/int-arrays/post/0/ghc/THC/UnboxedArrays.o )
THC interface closure: 0 actual unfoldings, 0 missing source definitions
[1 of 1] Compiling IntArrayAudit    ( compiler/test-fixtures/IntArrayAudit.hs, /home/ekmett/ai/thc-pinned-addresses-01a0cdeb/build/int-arrays/post/1/ghc/IntArrayAudit.o )
THC interface closure: 0 actual unfoldings, 0 missing source definitions
[1 of 4] Compiling IntArrayAudit    ( /home/ekmett/ai/thc-pinned-addresses-01a0cdeb/compiler/test-fixtures/IntArrayAudit.hs, /home/ekmett/ai/thc-pinned-addresses-01a0cdeb/build/int-arrays/native/IntArrayAudit.o )
[2 of 4] Compiling THC.UnboxedArrays ( /home/ekmett/ai/thc-pinned-addresses-01a0cdeb/examples/THC/UnboxedArrays.hs, /home/ekmett/ai/thc-pinned-addresses-01a0cdeb/build/int-arrays/native/THC/UnboxedArrays.o )
[3 of 4] Compiling Main             ( /home/ekmett/ai/thc-pinned-addresses-01a0cdeb/build/int-arrays/NativeIntArray.hs, /home/ekmett/ai/thc-pinned-addresses-01a0cdeb/build/int-arrays/native/Main.o )
[4 of 4] Linking /home/ekmett/ai/thc-pinned-addresses-01a0cdeb/build/int-arrays/native/int-array-oracle
Prepared 5 Int array entries / 1965 native-model rows / strict pre+post Core
[1 of 1] Compiling THC.UnboxedDoubleArrays ( examples/THC/UnboxedDoubleArrays.hs, /home/ekmett/ai/thc-pinned-addresses-01a0cdeb/build/double-arrays/pre/0/ghc/THC/UnboxedDoubleArrays.o )
THC interface closure: 0 actual unfoldings, 0 missing source definitions
[1 of 1] Compiling DoubleArrayAudit ( compiler/test-fixtures/DoubleArrayAudit.hs, /home/ekmett/ai/thc-pinned-addresses-01a0cdeb/build/double-arrays/pre/1/ghc/DoubleArrayAudit.o )
THC interface closure: 0 actual unfoldings, 0 missing source definitions
[1 of 1] Compiling THC.UnboxedDoubleArrays ( examples/THC/UnboxedDoubleArrays.hs, /home/ekmett/ai/thc-pinned-addresses-01a0cdeb/build/double-arrays/post/0/ghc/THC/UnboxedDoubleArrays.o )
THC interface closure: 0 actual unfoldings, 0 missing source definitions
[1 of 1] Compiling DoubleArrayAudit ( compiler/test-fixtures/DoubleArrayAudit.hs, /home/ekmett/ai/thc-pinned-addresses-01a0cdeb/build/double-arrays/post/1/ghc/DoubleArrayAudit.o )
THC interface closure: 0 actual unfoldings, 0 missing source definitions
[1 of 4] Compiling DoubleArrayAudit ( /home/ekmett/ai/thc-pinned-addresses-01a0cdeb/compiler/test-fixtures/DoubleArrayAudit.hs, /home/ekmett/ai/thc-pinned-addresses-01a0cdeb/build/double-arrays/native/DoubleArrayAudit.o )
[2 of 4] Compiling THC.UnboxedDoubleArrays ( /home/ekmett/ai/thc-pinned-addresses-01a0cdeb/examples/THC/UnboxedDoubleArrays.hs, /home/ekmett/ai/thc-pinned-addresses-01a0cdeb/build/double-arrays/native/THC/UnboxedDoubleArrays.o )
[3 of 4] Compiling Main             ( /home/ekmett/ai/thc-pinned-addresses-01a0cdeb/build/double-arrays/NativeDoubleArray.hs, /home/ekmett/ai/thc-pinned-addresses-01a0cdeb/build/double-arrays/native/Main.o )
[4 of 4] Linking /home/ekmett/ai/thc-pinned-addresses-01a0cdeb/build/double-arrays/native/double-array-oracle
Prepared 4 Double array entries / 2024 native-model rows / strict pre+post Core
[1 of 1] Compiling THC.Unboxed32Arrays ( examples/THC/Unboxed32Arrays.hs, /home/ekmett/ai/thc-pinned-addresses-01a0cdeb/build/int32-arrays/pre/0/ghc/THC/Unboxed32Arrays.o )
examples/THC/Unboxed32Arrays.hs:36:54: warning: [GHC-97441] [-Woverflowed-literals]
    Literal -2 is out of the Word32 range 0..4294967295
   |
36 |       a = accumArray (+) x (-3,4) [(-3,3),(0,5),(-3,-2),(4,x)] :: UArray Int Word32
   |                                                      ^

THC interface closure: 0 actual unfoldings, 0 missing source definitions
[1 of 1] Compiling Int32ArrayAudit  ( compiler/test-fixtures/Int32ArrayAudit.hs, /home/ekmett/ai/thc-pinned-addresses-01a0cdeb/build/int32-arrays/pre/1/ghc/Int32ArrayAudit.o )
THC interface closure: 0 actual unfoldings, 0 missing source definitions
[1 of 1] Compiling THC.Unboxed32Arrays ( examples/THC/Unboxed32Arrays.hs, /home/ekmett/ai/thc-pinned-addresses-01a0cdeb/build/int32-arrays/post/0/ghc/THC/Unboxed32Arrays.o )
examples/THC/Unboxed32Arrays.hs:36:54: warning: [GHC-97441] [-Woverflowed-literals]
    Literal -2 is out of the Word32 range 0..4294967295
   |
36 |       a = accumArray (+) x (-3,4) [(-3,3),(0,5),(-3,-2),(4,x)] :: UArray Int Word32
   |                                                      ^

THC interface closure: 0 actual unfoldings, 0 missing source definitions
[1 of 1] Compiling Int32ArrayAudit  ( compiler/test-fixtures/Int32ArrayAudit.hs, /home/ekmett/ai/thc-pinned-addresses-01a0cdeb/build/int32-arrays/post/1/ghc/Int32ArrayAudit.o )
THC interface closure: 0 actual unfoldings, 0 missing source definitions
[1 of 4] Compiling Int32ArrayAudit  ( /home/ekmett/ai/thc-pinned-addresses-01a0cdeb/compiler/test-fixtures/Int32ArrayAudit.hs, /home/ekmett/ai/thc-pinned-addresses-01a0cdeb/build/int32-arrays/native/Int32ArrayAudit.o )
[2 of 4] Compiling THC.Unboxed32Arrays ( /home/ekmett/ai/thc-pinned-addresses-01a0cdeb/examples/THC/Unboxed32Arrays.hs, /home/ekmett/ai/thc-pinned-addresses-01a0cdeb/build/int32-arrays/native/THC/Unboxed32Arrays.o )
/home/ekmett/ai/thc-pinned-addresses-01a0cdeb/examples/THC/Unboxed32Arrays.hs:36:54: warning: [GHC-97441] [-Woverflowed-literals]
    Literal -2 is out of the Word32 range 0..4294967295
   |
36 |       a = accumArray (+) x (-3,4) [(-3,3),(0,5),(-3,-2),(4,x)] :: UArray Int Word32
   |                                                      ^

[3 of 4] Compiling Main             ( /home/ekmett/ai/thc-pinned-addresses-01a0cdeb/build/int32-arrays/NativeInt32Array.hs, /home/ekmett/ai/thc-pinned-addresses-01a0cdeb/build/int32-arrays/native/Main.o )
[4 of 4] Linking /home/ekmett/ai/thc-pinned-addresses-01a0cdeb/build/int32-arrays/native/int32-array-oracle
Prepared 6 Int32/Word32 array entries / 2382 native-model rows / 14 noinline literal rows / strict pre+post Core
[1 of 1] Compiling THC.UnboxedFloatArrays ( examples/THC/UnboxedFloatArrays.hs, /home/ekmett/ai/thc-pinned-addresses-01a0cdeb/build/float-word-arrays/pre/0/ghc/THC/UnboxedFloatArrays.o )
THC interface closure: 0 actual unfoldings, 0 missing source definitions
[1 of 1] Compiling THC.UnboxedWordArrays ( examples/THC/UnboxedWordArrays.hs, /home/ekmett/ai/thc-pinned-addresses-01a0cdeb/build/float-word-arrays/pre/1/ghc/THC/UnboxedWordArrays.o )
THC interface closure: 0 actual unfoldings, 0 missing source definitions
[1 of 1] Compiling FloatArrayAudit  ( compiler/test-fixtures/FloatArrayAudit.hs, /home/ekmett/ai/thc-pinned-addresses-01a0cdeb/build/float-word-arrays/pre/2/ghc/FloatArrayAudit.o )
THC interface closure: 0 actual unfoldings, 0 missing source definitions
[1 of 1] Compiling WordArrayAudit   ( compiler/test-fixtures/WordArrayAudit.hs, /home/ekmett/ai/thc-pinned-addresses-01a0cdeb/build/float-word-arrays/pre/3/ghc/WordArrayAudit.o )
THC interface closure: 0 actual unfoldings, 0 missing source definitions
[1 of 1] Compiling THC.UnboxedFloatArrays ( examples/THC/UnboxedFloatArrays.hs, /home/ekmett/ai/thc-pinned-addresses-01a0cdeb/build/float-word-arrays/post/0/ghc/THC/UnboxedFloatArrays.o )
THC interface closure: 0 actual unfoldings, 0 missing source definitions
[1 of 1] Compiling THC.UnboxedWordArrays ( examples/THC/UnboxedWordArrays.hs, /home/ekmett/ai/thc-pinned-addresses-01a0cdeb/build/float-word-arrays/post/1/ghc/THC/UnboxedWordArrays.o )
THC interface closure: 0 actual unfoldings, 0 missing source definitions
[1 of 1] Compiling FloatArrayAudit  ( compiler/test-fixtures/FloatArrayAudit.hs, /home/ekmett/ai/thc-pinned-addresses-01a0cdeb/build/float-word-arrays/post/2/ghc/FloatArrayAudit.o )
THC interface closure: 0 actual unfoldings, 0 missing source definitions
[1 of 1] Compiling WordArrayAudit   ( compiler/test-fixtures/WordArrayAudit.hs, /home/ekmett/ai/thc-pinned-addresses-01a0cdeb/build/float-word-arrays/post/3/ghc/WordArrayAudit.o )
THC interface closure: 0 actual unfoldings, 0 missing source definitions
[1 of 6] Compiling FloatArrayAudit  ( /home/ekmett/ai/thc-pinned-addresses-01a0cdeb/compiler/test-fixtures/FloatArrayAudit.hs, /home/ekmett/ai/thc-pinned-addresses-01a0cdeb/build/float-word-arrays/native/FloatArrayAudit.o )
[2 of 6] Compiling THC.UnboxedFloatArrays ( /home/ekmett/ai/thc-pinned-addresses-01a0cdeb/examples/THC/UnboxedFloatArrays.hs, /home/ekmett/ai/thc-pinned-addresses-01a0cdeb/build/float-word-arrays/native/THC/UnboxedFloatArrays.o )
[3 of 6] Compiling THC.UnboxedWordArrays ( /home/ekmett/ai/thc-pinned-addresses-01a0cdeb/examples/THC/UnboxedWordArrays.hs, /home/ekmett/ai/thc-pinned-addresses-01a0cdeb/build/float-word-arrays/native/THC/UnboxedWordArrays.o )
[4 of 6] Compiling WordArrayAudit   ( /home/ekmett/ai/thc-pinned-addresses-01a0cdeb/compiler/test-fixtures/WordArrayAudit.hs, /home/ekmett/ai/thc-pinned-addresses-01a0cdeb/build/float-word-arrays/native/WordArrayAudit.o )
[5 of 6] Compiling Main             ( /home/ekmett/ai/thc-pinned-addresses-01a0cdeb/build/float-word-arrays/NativeFloatWordArray.hs, /home/ekmett/ai/thc-pinned-addresses-01a0cdeb/build/float-word-arrays/native/Main.o )
[6 of 6] Linking /home/ekmett/ai/thc-pinned-addresses-01a0cdeb/build/float-word-arrays/native/float-word-array-oracle
Prepared 7 Float/Word array entries / 3165 native-model rows / strict pre+post Core
[1 of 1] Compiling THC.Unboxed16Arrays ( examples/THC/Unboxed16Arrays.hs, /home/ekmett/ai/thc-pinned-addresses-01a0cdeb/build/int16-arrays/pre/0/ghc/THC/Unboxed16Arrays.o )
examples/THC/Unboxed16Arrays.hs:36:54: warning: [GHC-97441] [-Woverflowed-literals]
    Literal -2 is out of the Word16 range 0..65535
   |
36 |       a = accumArray (+) x (-3,4) [(-3,3),(0,5),(-3,-2),(4,x)] :: UArray Int Word16
   |                                                      ^

THC interface closure: 0 actual unfoldings, 0 missing source definitions
[1 of 1] Compiling Int16ArrayAudit  ( compiler/test-fixtures/Int16ArrayAudit.hs, /home/ekmett/ai/thc-pinned-addresses-01a0cdeb/build/int16-arrays/pre/1/ghc/Int16ArrayAudit.o )
THC interface closure: 0 actual unfoldings, 0 missing source definitions
[1 of 1] Compiling THC.Unboxed16Arrays ( examples/THC/Unboxed16Arrays.hs, /home/ekmett/ai/thc-pinned-addresses-01a0cdeb/build/int16-arrays/post/0/ghc/THC/Unboxed16Arrays.o )
examples/THC/Unboxed16Arrays.hs:36:54: warning: [GHC-97441] [-Woverflowed-literals]
    Literal -2 is out of the Word16 range 0..65535
   |
36 |       a = accumArray (+) x (-3,4) [(-3,3),(0,5),(-3,-2),(4,x)] :: UArray Int Word16
   |                                                      ^

THC interface closure: 0 actual unfoldings, 0 missing source definitions
[1 of 1] Compiling Int16ArrayAudit  ( compiler/test-fixtures/Int16ArrayAudit.hs, /home/ekmett/ai/thc-pinned-addresses-01a0cdeb/build/int16-arrays/post/1/ghc/Int16ArrayAudit.o )
THC interface closure: 0 actual unfoldings, 0 missing source definitions
[1 of 4] Compiling Int16ArrayAudit  ( /home/ekmett/ai/thc-pinned-addresses-01a0cdeb/compiler/test-fixtures/Int16ArrayAudit.hs, /home/ekmett/ai/thc-pinned-addresses-01a0cdeb/build/int16-arrays/native/Int16ArrayAudit.o )
[2 of 4] Compiling THC.Unboxed16Arrays ( /home/ekmett/ai/thc-pinned-addresses-01a0cdeb/examples/THC/Unboxed16Arrays.hs, /home/ekmett/ai/thc-pinned-addresses-01a0cdeb/build/int16-arrays/native/THC/Unboxed16Arrays.o )
/home/ekmett/ai/thc-pinned-addresses-01a0cdeb/examples/THC/Unboxed16Arrays.hs:36:54: warning: [GHC-97441] [-Woverflowed-literals]
    Literal -2 is out of the Word16 range 0..65535
   |
36 |       a = accumArray (+) x (-3,4) [(-3,3),(0,5),(-3,-2),(4,x)] :: UArray Int Word16
   |                                                      ^

[3 of 4] Compiling Main             ( /home/ekmett/ai/thc-pinned-addresses-01a0cdeb/build/int16-arrays/NativeInt16Array.hs, /home/ekmett/ai/thc-pinned-addresses-01a0cdeb/build/int16-arrays/native/Main.o )
[4 of 4] Linking /home/ekmett/ai/thc-pinned-addresses-01a0cdeb/build/int16-arrays/native/int16-array-oracle
Prepared 6 Int16/Word16 array entries / 2418 native-model rows / 14 noinline literal rows / strict pre+post Core
[1 of 1] Compiling THC.Unboxed8Arrays ( examples/THC/Unboxed8Arrays.hs, /home/ekmett/ai/thc-pinned-addresses-01a0cdeb/build/int8-arrays/pre/0/ghc/THC/Unboxed8Arrays.o )
examples/THC/Unboxed8Arrays.hs:36:54: warning: [GHC-97441] [-Woverflowed-literals]
    Literal -2 is out of the Word8 range 0..255
   |
36 |       a = accumArray (+) x (-3,4) [(-3,3),(0,5),(-3,-2),(4,x)] :: UArray Int Word8
   |                                                      ^

THC interface closure: 0 actual unfoldings, 0 missing source definitions
[1 of 1] Compiling Int8ArrayAudit   ( compiler/test-fixtures/Int8ArrayAudit.hs, /home/ekmett/ai/thc-pinned-addresses-01a0cdeb/build/int8-arrays/pre/1/ghc/Int8ArrayAudit.o )
THC interface closure: 0 actual unfoldings, 0 missing source definitions
[1 of 1] Compiling THC.Unboxed8Arrays ( examples/THC/Unboxed8Arrays.hs, /home/ekmett/ai/thc-pinned-addresses-01a0cdeb/build/int8-arrays/post/0/ghc/THC/Unboxed8Arrays.o )
examples/THC/Unboxed8Arrays.hs:36:54: warning: [GHC-97441] [-Woverflowed-literals]
    Literal -2 is out of the Word8 range 0..255
   |
36 |       a = accumArray (+) x (-3,4) [(-3,3),(0,5),(-3,-2),(4,x)] :: UArray Int Word8
   |                                                      ^

THC interface closure: 0 actual unfoldings, 0 missing source definitions
[1 of 1] Compiling Int8ArrayAudit   ( compiler/test-fixtures/Int8ArrayAudit.hs, /home/ekmett/ai/thc-pinned-addresses-01a0cdeb/build/int8-arrays/post/1/ghc/Int8ArrayAudit.o )
THC interface closure: 0 actual unfoldings, 0 missing source definitions
[1 of 4] Compiling Int8ArrayAudit   ( /home/ekmett/ai/thc-pinned-addresses-01a0cdeb/compiler/test-fixtures/Int8ArrayAudit.hs, /home/ekmett/ai/thc-pinned-addresses-01a0cdeb/build/int8-arrays/native/Int8ArrayAudit.o )
[2 of 4] Compiling THC.Unboxed8Arrays ( /home/ekmett/ai/thc-pinned-addresses-01a0cdeb/examples/THC/Unboxed8Arrays.hs, /home/ekmett/ai/thc-pinned-addresses-01a0cdeb/build/int8-arrays/native/THC/Unboxed8Arrays.o )
/home/ekmett/ai/thc-pinned-addresses-01a0cdeb/examples/THC/Unboxed8Arrays.hs:36:54: warning: [GHC-97441] [-Woverflowed-literals]
    Literal -2 is out of the Word8 range 0..255
   |
36 |       a = accumArray (+) x (-3,4) [(-3,3),(0,5),(-3,-2),(4,x)] :: UArray Int Word8
   |                                                      ^

[3 of 4] Compiling Main             ( /home/ekmett/ai/thc-pinned-addresses-01a0cdeb/build/int8-arrays/NativeInt8Array.hs, /home/ekmett/ai/thc-pinned-addresses-01a0cdeb/build/int8-arrays/native/Main.o )
[4 of 4] Linking /home/ekmett/ai/thc-pinned-addresses-01a0cdeb/build/int8-arrays/native/int8-array-oracle
Prepared 9 byte-array entries / 7614 native/model rows / strict pre+post Core
[6 of 6] Linking /home/ekmett/ai/thc-pinned-addresses-01a0cdeb/build/compiler/libHSthc-core-plugin-0.1-ghc9.14.1.so [Flags changed]
Reading package info from "/home/ekmett/ai/thc-pinned-addresses-01a0cdeb/build/compiler/thc-core-plugin.conf" ... done.
Built THC Core plugin in /home/ekmett/ai/thc-pinned-addresses-01a0cdeb/build/compiler
[1 of 1] Compiling SimdInt64X2      ( /home/ekmett/ai/thc-pinned-addresses-01a0cdeb/compiler/test-fixtures/SimdInt64X2.hs, /home/ekmett/ai/thc-pinned-addresses-01a0cdeb/build/simd/pre-ghc/SimdInt64X2.o )
[1 of 1] Compiling SimdInt64X2      ( /home/ekmett/ai/thc-pinned-addresses-01a0cdeb/compiler/test-fixtures/SimdInt64X2.hs, /home/ekmett/ai/thc-pinned-addresses-01a0cdeb/build/simd/post-ghc/SimdInt64X2.o )
[1 of 3] Compiling SimdInt64X2      ( compiler/test-fixtures/SimdInt64X2.hs, /home/ekmett/ai/thc-pinned-addresses-01a0cdeb/build/simd/native/SimdInt64X2.o )
[2 of 3] Compiling Main             ( /home/ekmett/ai/thc-pinned-addresses-01a0cdeb/compiler/test-fixtures/SimdInt64X2Native.hs, /home/ekmett/ai/thc-pinned-addresses-01a0cdeb/build/simd/native/Main.o )
[3 of 3] Linking /home/ekmett/ai/thc-pinned-addresses-01a0cdeb/build/simd/native/simd
SIMD export stages=['pre', 'post']; native oracle rows=147 (None means not run)
[6 of 6] Linking /home/ekmett/ai/thc-pinned-addresses-01a0cdeb/build/compiler/libHSthc-core-plugin-0.1-ghc9.14.1.so [Flags changed]
Reading package info from "/home/ekmett/ai/thc-pinned-addresses-01a0cdeb/build/compiler/thc-core-plugin.conf" ... done.
Built THC Core plugin in /home/ekmett/ai/thc-pinned-addresses-01a0cdeb/build/compiler
[1 of 1] Compiling SimdInt32X4      ( /home/ekmett/ai/thc-pinned-addresses-01a0cdeb/compiler/test-fixtures/SimdInt32X4.hs, /home/ekmett/ai/thc-pinned-addresses-01a0cdeb/build/simd-int32x4/pre-ghc/SimdInt32X4.o )
[1 of 1] Compiling SimdInt32X4      ( /home/ekmett/ai/thc-pinned-addresses-01a0cdeb/compiler/test-fixtures/SimdInt32X4.hs, /home/ekmett/ai/thc-pinned-addresses-01a0cdeb/build/simd-int32x4/post-ghc/SimdInt32X4.o )
[1 of 3] Compiling SimdInt32X4      ( compiler/test-fixtures/SimdInt32X4.hs, /home/ekmett/ai/thc-pinned-addresses-01a0cdeb/build/simd-int32x4/native/SimdInt32X4.o )
[2 of 3] Compiling Main             ( /home/ekmett/ai/thc-pinned-addresses-01a0cdeb/compiler/test-fixtures/SimdInt32X4Native.hs, /home/ekmett/ai/thc-pinned-addresses-01a0cdeb/build/simd-int32x4/native/Main.o )
[3 of 3] Linking /home/ekmett/ai/thc-pinned-addresses-01a0cdeb/build/simd-int32x4/native/simd
SIMD export stages=['pre', 'post']; native oracle rows=243 (None means not run)
[6 of 6] Linking /home/ekmett/ai/thc-pinned-addresses-01a0cdeb/build/compiler/libHSthc-core-plugin-0.1-ghc9.14.1.so [Flags changed]
Reading package info from "/home/ekmett/ai/thc-pinned-addresses-01a0cdeb/build/compiler/thc-core-plugin.conf" ... done.
Built THC Core plugin in /home/ekmett/ai/thc-pinned-addresses-01a0cdeb/build/compiler
[1 of 1] Compiling SimdFloatX4      ( /home/ekmett/ai/thc-pinned-addresses-01a0cdeb/compiler/test-fixtures/SimdFloatX4.hs, /home/ekmett/ai/thc-pinned-addresses-01a0cdeb/build/simd-floatx4/pre-ghc/SimdFloatX4.o )
[1 of 1] Compiling SimdFloatX4      ( /home/ekmett/ai/thc-pinned-addresses-01a0cdeb/compiler/test-fixtures/SimdFloatX4.hs, /home/ekmett/ai/thc-pinned-addresses-01a0cdeb/build/simd-floatx4/post-ghc/SimdFloatX4.o )
[1 of 3] Compiling SimdFloatX4      ( compiler/test-fixtures/SimdFloatX4.hs, /home/ekmett/ai/thc-pinned-addresses-01a0cdeb/build/simd-floatx4/native/SimdFloatX4.o )
[2 of 3] Compiling Main             ( /home/ekmett/ai/thc-pinned-addresses-01a0cdeb/compiler/test-fixtures/SimdFloatX4Native.hs, /home/ekmett/ai/thc-pinned-addresses-01a0cdeb/build/simd-floatx4/native/Main.o )
[3 of 3] Linking /home/ekmett/ai/thc-pinned-addresses-01a0cdeb/build/simd-floatx4/native/floatx4-oracle
FloatX4 stages=['pre', 'post'], native rows=2196, model rows=2196, positive strict audits=True
[6 of 6] Linking /home/ekmett/ai/thc-pinned-addresses-01a0cdeb/build/compiler/libHSthc-core-plugin-0.1-ghc9.14.1.so [Flags changed]
Reading package info from "/home/ekmett/ai/thc-pinned-addresses-01a0cdeb/build/compiler/thc-core-plugin.conf" ... done.
Built THC Core plugin in /home/ekmett/ai/thc-pinned-addresses-01a0cdeb/build/compiler
[1 of 1] Compiling SimdDoubleX2     ( /home/ekmett/ai/thc-pinned-addresses-01a0cdeb/compiler/test-fixtures/SimdDoubleX2.hs, /home/ekmett/ai/thc-pinned-addresses-01a0cdeb/build/simd-doublex2/pre-ghc/SimdDoubleX2.o )
[1 of 1] Compiling SimdDoubleX2     ( /home/ekmett/ai/thc-pinned-addresses-01a0cdeb/compiler/test-fixtures/SimdDoubleX2.hs, /home/ekmett/ai/thc-pinned-addresses-01a0cdeb/build/simd-doublex2/post-ghc/SimdDoubleX2.o )
[1 of 3] Compiling SimdDoubleX2     ( compiler/test-fixtures/SimdDoubleX2.hs, /home/ekmett/ai/thc-pinned-addresses-01a0cdeb/build/simd-doublex2/native/SimdDoubleX2.o )
[2 of 3] Compiling Main             ( /home/ekmett/ai/thc-pinned-addresses-01a0cdeb/compiler/test-fixtures/SimdDoubleX2Native.hs, /home/ekmett/ai/thc-pinned-addresses-01a0cdeb/build/simd-doublex2/native/Main.o )
[3 of 3] Linking /home/ekmett/ai/thc-pinned-addresses-01a0cdeb/build/simd-doublex2/native/doublex2-oracle
DoubleX2 stages=['pre', 'post'], native rows=3390, model rows=3390, positive strict audits=True
[1 of 1] Compiling TupleArithmeticAudit ( compiler/test-fixtures/TupleArithmeticAudit.hs, /home/ekmett/ai/thc-pinned-addresses-01a0cdeb/build/tuple-arithmetic/pre-ghc/TupleArithmeticAudit.o )
[1 of 1] Compiling TupleArithmeticAudit ( compiler/test-fixtures/TupleArithmeticAudit.hs, /home/ekmett/ai/thc-pinned-addresses-01a0cdeb/build/tuple-arithmetic/post-ghc/TupleArithmeticAudit.o )
[1 of 3] Compiling TupleArithmeticAudit ( /home/ekmett/ai/thc-pinned-addresses-01a0cdeb/compiler/test-fixtures/TupleArithmeticAudit.hs, /home/ekmett/ai/thc-pinned-addresses-01a0cdeb/build/tuple-arithmetic/native/TupleArithmeticAudit.o )
[2 of 3] Compiling Main             ( /home/ekmett/ai/thc-pinned-addresses-01a0cdeb/build/tuple-arithmetic/NativeTupleArithmetic.hs, /home/ekmett/ai/thc-pinned-addresses-01a0cdeb/build/tuple-arithmetic/native/Main.o )
[3 of 3] Linking /home/ekmett/ai/thc-pinned-addresses-01a0cdeb/build/tuple-arithmetic/native/tuple-arithmetic-oracle
Verified 6 tuple primops, pre/post Tidy, 8279 native two-field rows
[6 of 6] Linking /home/ekmett/ai/thc-pinned-addresses-01a0cdeb/build/compiler/libHSthc-core-plugin-0.1-ghc9.14.1.so [Flags changed]
Reading package info from "/home/ekmett/ai/thc-pinned-addresses-01a0cdeb/build/compiler/thc-core-plugin.conf" ... done.
Built THC Core plugin in /home/ekmett/ai/thc-pinned-addresses-01a0cdeb/build/compiler
[1 of 1] Compiling SimdInt16X8      ( /home/ekmett/ai/thc-pinned-addresses-01a0cdeb/compiler/test-fixtures/SimdInt16X8.hs, /home/ekmett/ai/thc-pinned-addresses-01a0cdeb/build/simd-int16x8/pre-ghc/SimdInt16X8.o )
[1 of 1] Compiling SimdInt16X8      ( /home/ekmett/ai/thc-pinned-addresses-01a0cdeb/compiler/test-fixtures/SimdInt16X8.hs, /home/ekmett/ai/thc-pinned-addresses-01a0cdeb/build/simd-int16x8/post-ghc/SimdInt16X8.o )
[1 of 3] Compiling SimdInt16X8      ( compiler/test-fixtures/SimdInt16X8.hs, /home/ekmett/ai/thc-pinned-addresses-01a0cdeb/build/simd-int16x8/native/SimdInt16X8.o )
[2 of 3] Compiling Main             ( /home/ekmett/ai/thc-pinned-addresses-01a0cdeb/compiler/test-fixtures/SimdInt16X8Native.hs, /home/ekmett/ai/thc-pinned-addresses-01a0cdeb/build/simd-int16x8/native/Main.o )
[3 of 3] Linking /home/ekmett/ai/thc-pinned-addresses-01a0cdeb/build/simd-int16x8/native/int16x8-oracle
Int16X8 stages=['pre', 'post'], native rows=6032, model rows=6032, positive strict audits=True
[1 of 1] Compiling SignedNarrowPrimopsAudit ( compiler/test-fixtures/SignedNarrowPrimopsAudit.hs, /home/ekmett/ai/thc-pinned-addresses-01a0cdeb/build/signed-narrow-primops/ghc/SignedNarrowPrimopsAudit.o )
THC interface closure: 0 actual unfoldings, 0 missing source definitions
[1 of 3] Compiling SignedNarrowPrimopsAudit ( /home/ekmett/ai/thc-pinned-addresses-01a0cdeb/compiler/test-fixtures/SignedNarrowPrimopsAudit.hs, /home/ekmett/ai/thc-pinned-addresses-01a0cdeb/build/signed-narrow-primops/native/SignedNarrowPrimopsAudit.o )
[2 of 3] Compiling Main             ( /home/ekmett/ai/thc-pinned-addresses-01a0cdeb/build/signed-narrow-primops/NativeSignedNarrowPrimops.hs, /home/ekmett/ai/thc-pinned-addresses-01a0cdeb/build/signed-narrow-primops/native/Main.o )
[3 of 3] Linking /home/ekmett/ai/thc-pinned-addresses-01a0cdeb/build/signed-narrow-primops/native/signed-narrow-primops-oracle
Prepared 36 signed narrow primops / 73453 native oracle rows
[6 of 6] Linking /home/ekmett/ai/thc-pinned-addresses-01a0cdeb/build/compiler/libHSthc-core-plugin-0.1-ghc9.14.1.so [Flags changed]
Reading package info from "/home/ekmett/ai/thc-pinned-addresses-01a0cdeb/build/compiler/thc-core-plugin.conf" ... done.
Built THC Core plugin in /home/ekmett/ai/thc-pinned-addresses-01a0cdeb/build/compiler
[1 of 1] Compiling SimdInt8X16      ( /home/ekmett/ai/thc-pinned-addresses-01a0cdeb/compiler/test-fixtures/SimdInt8X16.hs, /home/ekmett/ai/thc-pinned-addresses-01a0cdeb/build/simd-int8x16/pre-ghc/SimdInt8X16.o )
[1 of 1] Compiling SimdInt8X16      ( /home/ekmett/ai/thc-pinned-addresses-01a0cdeb/compiler/test-fixtures/SimdInt8X16.hs, /home/ekmett/ai/thc-pinned-addresses-01a0cdeb/build/simd-int8x16/post-ghc/SimdInt8X16.o )
[1 of 3] Compiling SimdInt8X16      ( compiler/test-fixtures/SimdInt8X16.hs, /home/ekmett/ai/thc-pinned-addresses-01a0cdeb/build/simd-int8x16/native/SimdInt8X16.o )
[2 of 3] Compiling Main             ( /home/ekmett/ai/thc-pinned-addresses-01a0cdeb/compiler/test-fixtures/SimdInt8X16Native.hs, /home/ekmett/ai/thc-pinned-addresses-01a0cdeb/build/simd-int8x16/native/Main.o )
[3 of 3] Linking /home/ekmett/ai/thc-pinned-addresses-01a0cdeb/build/simd-int8x16/native/int8x16-oracle
Int8X16 stages=['pre', 'post'], native rows=9168, model rows=9168, positive strict audits=True
[6 of 6] Linking /home/ekmett/ai/thc-pinned-addresses-01a0cdeb/build/compiler/libHSthc-core-plugin-0.1-ghc9.14.1.so [Flags changed]
Reading package info from "/home/ekmett/ai/thc-pinned-addresses-01a0cdeb/build/compiler/thc-core-plugin.conf" ... done.
Built THC Core plugin in /home/ekmett/ai/thc-pinned-addresses-01a0cdeb/build/compiler
[1 of 1] Compiling SimdWord8X16     ( /home/ekmett/ai/thc-pinned-addresses-01a0cdeb/compiler/test-fixtures/SimdWord8X16.hs, /home/ekmett/ai/thc-pinned-addresses-01a0cdeb/build/simd-word8x16/pre-ghc/SimdWord8X16.o )
[1 of 1] Compiling SimdWord8X16     ( /home/ekmett/ai/thc-pinned-addresses-01a0cdeb/compiler/test-fixtures/SimdWord8X16.hs, /home/ekmett/ai/thc-pinned-addresses-01a0cdeb/build/simd-word8x16/post-ghc/SimdWord8X16.o )
[1 of 3] Compiling SimdWord8X16     ( compiler/test-fixtures/SimdWord8X16.hs, /home/ekmett/ai/thc-pinned-addresses-01a0cdeb/build/simd-word8x16/native/SimdWord8X16.o )
[2 of 3] Compiling Main             ( /home/ekmett/ai/thc-pinned-addresses-01a0cdeb/compiler/test-fixtures/SimdWord8X16Native.hs, /home/ekmett/ai/thc-pinned-addresses-01a0cdeb/build/simd-word8x16/native/Main.o )
[3 of 3] Linking /home/ekmett/ai/thc-pinned-addresses-01a0cdeb/build/simd-word8x16/native/word8x16-oracle
Word8X16 stages=['pre', 'post'], native rows=7712, model rows=7712, positive strict audits=True
[6 of 6] Linking /home/ekmett/ai/thc-pinned-addresses-01a0cdeb/build/compiler/libHSthc-core-plugin-0.1-ghc9.14.1.so [Flags changed]
Reading package info from "/home/ekmett/ai/thc-pinned-addresses-01a0cdeb/build/compiler/thc-core-plugin.conf" ... done.
Built THC Core plugin in /home/ekmett/ai/thc-pinned-addresses-01a0cdeb/build/compiler
[1 of 1] Compiling SimdWord16X8     ( /home/ekmett/ai/thc-pinned-addresses-01a0cdeb/compiler/test-fixtures/SimdWord16X8.hs, /home/ekmett/ai/thc-pinned-addresses-01a0cdeb/build/simd-word16x8/pre-ghc/SimdWord16X8.o )
[1 of 1] Compiling SimdWord16X8     ( /home/ekmett/ai/thc-pinned-addresses-01a0cdeb/compiler/test-fixtures/SimdWord16X8.hs, /home/ekmett/ai/thc-pinned-addresses-01a0cdeb/build/simd-word16x8/post-ghc/SimdWord16X8.o )
[1 of 3] Compiling SimdWord16X8     ( compiler/test-fixtures/SimdWord16X8.hs, /home/ekmett/ai/thc-pinned-addresses-01a0cdeb/build/simd-word16x8/native/SimdWord16X8.o )
[2 of 3] Compiling Main             ( /home/ekmett/ai/thc-pinned-addresses-01a0cdeb/compiler/test-fixtures/SimdWord16X8Native.hs, /home/ekmett/ai/thc-pinned-addresses-01a0cdeb/build/simd-word16x8/native/Main.o )
[3 of 3] Linking /home/ekmett/ai/thc-pinned-addresses-01a0cdeb/build/simd-word16x8/native/word16x8-oracle
Word16X8 stages=['pre', 'post'], native rows=5116, model rows=5116, positive strict audits=True
[6 of 6] Linking /home/ekmett/ai/thc-pinned-addresses-01a0cdeb/build/compiler/libHSthc-core-plugin-0.1-ghc9.14.1.so [Flags changed]
Reading package info from "/home/ekmett/ai/thc-pinned-addresses-01a0cdeb/build/compiler/thc-core-plugin.conf" ... done.
Built THC Core plugin in /home/ekmett/ai/thc-pinned-addresses-01a0cdeb/build/compiler
[1 of 1] Compiling SimdWord32X4     ( /home/ekmett/ai/thc-pinned-addresses-01a0cdeb/compiler/test-fixtures/SimdWord32X4.hs, /home/ekmett/ai/thc-pinned-addresses-01a0cdeb/build/simd-word32x4/pre-ghc/SimdWord32X4.o )
[1 of 1] Compiling SimdWord32X4     ( /home/ekmett/ai/thc-pinned-addresses-01a0cdeb/compiler/test-fixtures/SimdWord32X4.hs, /home/ekmett/ai/thc-pinned-addresses-01a0cdeb/build/simd-word32x4/post-ghc/SimdWord32X4.o )
[1 of 3] Compiling SimdWord32X4     ( compiler/test-fixtures/SimdWord32X4.hs, /home/ekmett/ai/thc-pinned-addresses-01a0cdeb/build/simd-word32x4/native/SimdWord32X4.o )
[2 of 3] Compiling Main             ( /home/ekmett/ai/thc-pinned-addresses-01a0cdeb/compiler/test-fixtures/SimdWord32X4Native.hs, /home/ekmett/ai/thc-pinned-addresses-01a0cdeb/build/simd-word32x4/native/Main.o )
[3 of 3] Linking /home/ekmett/ai/thc-pinned-addresses-01a0cdeb/build/simd-word32x4/native/word32x4-oracle
Word32X4 stages=['pre', 'post'], native rows=4882, model rows=4882, positive strict audits=True
[6 of 6] Linking /home/ekmett/ai/thc-pinned-addresses-01a0cdeb/build/compiler/libHSthc-core-plugin-0.1-ghc9.14.1.so [Flags changed]
Reading package info from "/home/ekmett/ai/thc-pinned-addresses-01a0cdeb/build/compiler/thc-core-plugin.conf" ... done.
Built THC Core plugin in /home/ekmett/ai/thc-pinned-addresses-01a0cdeb/build/compiler
[1 of 1] Compiling SimdInt32X4Multiply ( /home/ekmett/ai/thc-pinned-addresses-01a0cdeb/compiler/test-fixtures/SimdInt32X4Multiply.hs, /home/ekmett/ai/thc-pinned-addresses-01a0cdeb/build/simd-int32x4-multiply/pre-ghc/SimdInt32X4Multiply.o )
[1 of 1] Compiling SimdInt32X4Multiply ( /home/ekmett/ai/thc-pinned-addresses-01a0cdeb/compiler/test-fixtures/SimdInt32X4Multiply.hs, /home/ekmett/ai/thc-pinned-addresses-01a0cdeb/build/simd-int32x4-multiply/post-ghc/SimdInt32X4Multiply.o )
[1 of 3] Compiling SimdInt32X4Multiply ( compiler/test-fixtures/SimdInt32X4Multiply.hs, /home/ekmett/ai/thc-pinned-addresses-01a0cdeb/build/simd-int32x4-multiply/native/SimdInt32X4Multiply.o )
[2 of 3] Compiling Main             ( /home/ekmett/ai/thc-pinned-addresses-01a0cdeb/compiler/test-fixtures/SimdInt32X4MultiplyNative.hs, /home/ekmett/ai/thc-pinned-addresses-01a0cdeb/build/simd-int32x4-multiply/native/Main.o )
[3 of 3] Linking /home/ekmett/ai/thc-pinned-addresses-01a0cdeb/build/simd-int32x4-multiply/native/int32x4-multiply-oracle
Int32X4 multiply stages=['pre', 'post'], native rows=1722, model rows=1722, positive strict audits=True
PASS int32x4-bytearray: model=9666, native=9666, stages=['pre', 'post'], sourceHashes=19, artifactHashes=7
PASS word32x4-bytearray: model=9666, native=9666, stages=['pre', 'post'], sourceHashes=19, artifactHashes=7
[1 of 1] Compiling Explicit64PrimopsAudit ( compiler/test-fixtures/Explicit64PrimopsAudit.hs, /home/ekmett/ai/thc-pinned-addresses-01a0cdeb/build/explicit64-primops/ghc/Explicit64PrimopsAudit.o )
[1 of 3] Compiling Explicit64PrimopsAudit ( /home/ekmett/ai/thc-pinned-addresses-01a0cdeb/compiler/test-fixtures/Explicit64PrimopsAudit.hs, /home/ekmett/ai/thc-pinned-addresses-01a0cdeb/build/explicit64-primops/native/Explicit64PrimopsAudit.o )
[2 of 3] Compiling Main             ( /home/ekmett/ai/thc-pinned-addresses-01a0cdeb/build/explicit64-primops/NativeExplicit64.hs, /home/ekmett/ai/thc-pinned-addresses-01a0cdeb/build/explicit64-primops/native/Main.o )
[3 of 3] Linking /home/ekmett/ai/thc-pinned-addresses-01a0cdeb/build/explicit64-primops/native/explicit64-oracle
Verified 36 explicit64 primops + 2 literal controls / 66117 native/model rows
[ 1 of 11] Compiling CbvAudit         ( compiler/test-fixtures/CbvAudit.hs, /home/ekmett/ai/thc-pinned-addresses-01a0cdeb/build/ghc/CbvAudit.o )
[ 2 of 11] Compiling CbvCoercionAudit ( compiler/test-fixtures/CbvCoercionAudit.hs, /home/ekmett/ai/thc-pinned-addresses-01a0cdeb/build/ghc/CbvCoercionAudit.o )
compiler/test-fixtures/CbvCoercionAudit.hs:10:17: warning: [GHC-12003] [-Wtype-equality-out-of-scope]
    • The ‘~’ operator is out of scope.
      Assuming it to stand for an equality constraint.
    • Note: ‘~’ used to be built-in syntax but now is a regular type operator
            exported from Data.Type.Equality and Prelude.
            If you are using a custom Prelude, consider re-exporting it.
    • This will become an error in a future GHC release.
   |
10 |   Witness :: (a ~ Int) => Int# -> Witness a
   |                 ^

[ 3 of 11] Compiling CbvJoinAudit     ( compiler/test-fixtures/CbvJoinAudit.hs, /home/ekmett/ai/thc-pinned-addresses-01a0cdeb/build/ghc/CbvJoinAudit.o )
[ 4 of 11] Compiling ConstructorFieldAudit ( compiler/test-fixtures/ConstructorFieldAudit.hs, /home/ekmett/ai/thc-pinned-addresses-01a0cdeb/build/ghc/ConstructorFieldAudit.o )
[ 5 of 11] Compiling DemandAudit      ( compiler/test-fixtures/DemandAudit.hs, /home/ekmett/ai/thc-pinned-addresses-01a0cdeb/build/ghc/DemandAudit.o )
[ 6 of 11] Compiling RepresentationAudit ( compiler/test-fixtures/RepresentationAudit.hs, /home/ekmett/ai/thc-pinned-addresses-01a0cdeb/build/ghc/RepresentationAudit.o )
[ 7 of 11] Compiling SourceNotes      ( compiler/test-fixtures/SourceNotes.hs, /home/ekmett/ai/thc-pinned-addresses-01a0cdeb/build/ghc/SourceNotes.o )
[ 8 of 11] Compiling SpeculationAudit ( compiler/test-fixtures/SpeculationAudit.hs, /home/ekmett/ai/thc-pinned-addresses-01a0cdeb/build/ghc/SpeculationAudit.o )
[ 9 of 11] Compiling StrictFields     ( compiler/test-fixtures/StrictFields.hs, /home/ekmett/ai/thc-pinned-addresses-01a0cdeb/build/ghc/StrictFields.o )
[10 of 11] Compiling THC.Prim         ( /home/ekmett/ai/thc-pinned-addresses-01a0cdeb/examples/THC/Prim.hs, /home/ekmett/ai/thc-pinned-addresses-01a0cdeb/build/ghc/THC/Prim.o )
[11 of 11] Compiling THC.Fixtures     ( examples/THC/Fixtures.hs, /home/ekmett/ai/thc-pinned-addresses-01a0cdeb/build/ghc/THC/Fixtures.o )
PASS: safe subtraction, safe constant division, unsafe divide-zero case, lazy bottom/PAP, enclosing recursive DFun guard
PASS: primitive/boxed/newtype/family proofs, case and strict-field WHNF, erased type join prefix, function-returning join
PASS: GHC API signature/id arity mismatch, type/coercion slots, overapplication, absence/bottom/dead ends, lazy wrappers, cast/tick/unknown heads
[1 of 1] Compiling DemandAudit      ( /home/ekmett/ai/thc-pinned-addresses-01a0cdeb/compiler/test-fixtures/DemandAudit.hs, /tmp/thc-precise-demand-nii3utxz/ghc/DemandAudit.o )
PASS DemandAudit: 33 call certificates, 6 strict argument positions
PASS CbvCoercionAudit: 73 call certificates, 11 strict argument positions
PASS: ordinary strict calls, unchanged entry/WHNF facts, polymorphic values, PAP saturation, absent/bottom exclusion, lazy barrier, retained coercion alignment
PASS DemandAudit: 55 call certificates, 10 strict argument positions
PASS: genuine GHC precise-exception branch/scrutinee demands stay lazy; pure control stays strict (metadata only)
[1 of 3] Compiling CbvAudit         ( compiler/test-fixtures/CbvAudit.hs, /home/ekmett/ai/thc-pinned-addresses-01a0cdeb/build/cbv-post-ghc/CbvAudit.o )
[2 of 3] Compiling CbvCoercionAudit ( compiler/test-fixtures/CbvCoercionAudit.hs, /home/ekmett/ai/thc-pinned-addresses-01a0cdeb/build/cbv-post-ghc/CbvCoercionAudit.o )
compiler/test-fixtures/CbvCoercionAudit.hs:10:17: warning: [GHC-12003] [-Wtype-equality-out-of-scope]
    • The ‘~’ operator is out of scope.
      Assuming it to stand for an equality constraint.
    • Note: ‘~’ used to be built-in syntax but now is a regular type operator
            exported from Data.Type.Equality and Prelude.
            If you are using a custom Prelude, consider re-exporting it.
    • This will become an error in a future GHC release.
   |
10 |   Witness :: (a ~ Int) => Int# -> Witness a
   |                 ^

[3 of 3] Compiling CbvJoinAudit     ( compiler/test-fixtures/CbvJoinAudit.hs, /home/ekmett/ai/thc-pinned-addresses-01a0cdeb/build/cbv-post-ghc/CbvJoinAudit.o )
PASS CbvAudit: {'definitions': 24, 'markedDefinitions': 1, 'markedArguments': 1, 'ghc-tidy-proposal': 1}
PASS CbvJoinAudit: {'definitions': 25, 'markedDefinitions': 1, 'markedArguments': 1, 'ghc-tidy-proposal': 1}
PASS CbvCoercionAudit: {'definitions': 90, 'markedDefinitions': 1, 'markedArguments': 1, 'ghc-tidy-proposal': 1}
PASS: real worker marks, strict ordinary function exclusion, unchanged WHNF facts, erased type join prefix, returned lambda suffix, retained coercion alignment, actual post-Tidy agreement
PASS ConstructorFieldAudit: 15 aligned constructor field proofs
PASS: strict/lazy data and function fields, polymorphic Object fields, primitive storage, newtype conservatism, coercion slots
[1 of 2] Compiling RepresentationAudit ( compiler/test-fixtures/RepresentationAudit.hs, /home/ekmett/ai/thc-pinned-addresses-01a0cdeb/build/source-ghc/RepresentationAudit.o )
[2 of 2] Compiling SourceNotes      ( compiler/test-fixtures/SourceNotes.hs, /home/ekmett/ai/thc-pinned-addresses-01a0cdeb/build/source-ghc/SourceNotes.o )
PASS source metadata: {"files": 3, "missingContent": 1, "nestedNotes": 76, "references": 167, "spans": 94, "tabs": 1, "unicode": 1}
[1 of 1] Compiling InterfaceRoots   ( compiler/package-roots/InterfaceRoots.hs, /home/ekmett/ai/thc-pinned-addresses-01a0cdeb/build/map/interface-ghc/InterfaceRoots.o )
THC interface closure: 20 actual unfoldings, 4 missing source definitions
[1 of 5] Compiling THC.MapWorkload  ( THC/MapWorkload.hs, /home/ekmett/ai/thc-pinned-addresses-01a0cdeb/build/native/THC/MapWorkload.o )
[2 of 5] Compiling THC.Prim         ( THC/Prim.hs, /home/ekmett/ai/thc-pinned-addresses-01a0cdeb/build/native/THC/Prim.o )
[3 of 5] Compiling THC.Fixtures     ( THC/Fixtures.hs, /home/ekmett/ai/thc-pinned-addresses-01a0cdeb/build/native/THC/Fixtures.o )
[4 of 5] Compiling Main             ( NativeOracle.hs, /home/ekmett/ai/thc-pinned-addresses-01a0cdeb/build/native/Main.o )
[5 of 5] Linking /home/ekmett/ai/thc-pinned-addresses-01a0cdeb/build/native/native-oracle
[1 of 1] Compiling THC.Int64Conversions ( examples/THC/Int64Conversions.hs, /home/ekmett/ai/thc-pinned-addresses-01a0cdeb/build/corpus/groups/int64-conversions/ghc/THC/Int64Conversions.o )
THC interface closure: 0 actual unfoldings, 0 missing source definitions
[1 of 2] Compiling THC.CoverageSupport ( /home/ekmett/ai/thc-pinned-addresses-01a0cdeb/examples/THC/CoverageSupport.hs, /home/ekmett/ai/thc-pinned-addresses-01a0cdeb/build/corpus/groups/lists/ghc/THC/CoverageSupport.o )
[2 of 2] Compiling THC.ListCoverage ( examples/THC/ListCoverage.hs, /home/ekmett/ai/thc-pinned-addresses-01a0cdeb/build/corpus/groups/lists/ghc/THC/ListCoverage.o )
THC interface closure: 0 actual unfoldings, 2 missing source definitions
[1 of 2] Compiling THC.CoverageSupport ( /home/ekmett/ai/thc-pinned-addresses-01a0cdeb/examples/THC/CoverageSupport.hs, /home/ekmett/ai/thc-pinned-addresses-01a0cdeb/build/corpus/groups/functions/ghc/THC/CoverageSupport.o )
[2 of 2] Compiling THC.FunctionCoverage ( examples/THC/FunctionCoverage.hs, /home/ekmett/ai/thc-pinned-addresses-01a0cdeb/build/corpus/groups/functions/ghc/THC/FunctionCoverage.o )
THC interface closure: 0 actual unfoldings, 0 missing source definitions
[1 of 1] Compiling THC.TreeCoverage ( examples/THC/TreeCoverage.hs, /home/ekmett/ai/thc-pinned-addresses-01a0cdeb/build/corpus/groups/trees/ghc/THC/TreeCoverage.o )
THC interface closure: 0 actual unfoldings, 0 missing source definitions
[1 of 1] Compiling THC.NumericCoverage ( examples/THC/NumericCoverage.hs, /home/ekmett/ai/thc-pinned-addresses-01a0cdeb/build/corpus/groups/numeric/ghc/THC/NumericCoverage.o )
THC interface closure: 0 actual unfoldings, 0 missing source definitions
[1 of 1] Compiling THC.NarrowIntCoverage ( examples/THC/NarrowIntCoverage.hs, /home/ekmett/ai/thc-pinned-addresses-01a0cdeb/build/corpus/groups/narrow-ints/ghc/THC/NarrowIntCoverage.o )
THC interface closure: 0 actual unfoldings, 0 missing source definitions
[1 of 1] Compiling THC.NarrowWordCoverage ( examples/THC/NarrowWordCoverage.hs, /home/ekmett/ai/thc-pinned-addresses-01a0cdeb/build/corpus/groups/narrow-words/ghc/THC/NarrowWordCoverage.o )
THC interface closure: 0 actual unfoldings, 0 missing source definitions
[1 of 2] Compiling THC.CoverageSupport ( /home/ekmett/ai/thc-pinned-addresses-01a0cdeb/examples/THC/CoverageSupport.hs, /home/ekmett/ai/thc-pinned-addresses-01a0cdeb/build/corpus/groups/pointers/ghc/THC/CoverageSupport.o )
[2 of 2] Compiling THC.PointerCoverage ( examples/THC/PointerCoverage.hs, /home/ekmett/ai/thc-pinned-addresses-01a0cdeb/build/corpus/groups/pointers/ghc/THC/PointerCoverage.o )
THC interface closure: 0 actual unfoldings, 0 missing source definitions
Verified 23 functional corpus structure facts: /home/ekmett/ai/thc-pinned-addresses-01a0cdeb/build/corpus/structure.json
[ 1 of 11] Compiling THC.CoverageSupport ( /home/ekmett/ai/thc-pinned-addresses-01a0cdeb/examples/THC/CoverageSupport.hs, /home/ekmett/ai/thc-pinned-addresses-01a0cdeb/build/corpus/native/THC/CoverageSupport.o )
[ 2 of 11] Compiling THC.FunctionCoverage ( /home/ekmett/ai/thc-pinned-addresses-01a0cdeb/examples/THC/FunctionCoverage.hs, /home/ekmett/ai/thc-pinned-addresses-01a0cdeb/build/corpus/native/THC/FunctionCoverage.o )
[ 3 of 11] Compiling THC.Int64Conversions ( /home/ekmett/ai/thc-pinned-addresses-01a0cdeb/examples/THC/Int64Conversions.hs, /home/ekmett/ai/thc-pinned-addresses-01a0cdeb/build/corpus/native/THC/Int64Conversions.o )
[ 4 of 11] Compiling THC.ListCoverage ( /home/ekmett/ai/thc-pinned-addresses-01a0cdeb/examples/THC/ListCoverage.hs, /home/ekmett/ai/thc-pinned-addresses-01a0cdeb/build/corpus/native/THC/ListCoverage.o )
[ 5 of 11] Compiling THC.NarrowIntCoverage ( /home/ekmett/ai/thc-pinned-addresses-01a0cdeb/examples/THC/NarrowIntCoverage.hs, /home/ekmett/ai/thc-pinned-addresses-01a0cdeb/build/corpus/native/THC/NarrowIntCoverage.o )
[ 6 of 11] Compiling THC.NarrowWordCoverage ( /home/ekmett/ai/thc-pinned-addresses-01a0cdeb/examples/THC/NarrowWordCoverage.hs, /home/ekmett/ai/thc-pinned-addresses-01a0cdeb/build/corpus/native/THC/NarrowWordCoverage.o )
[ 7 of 11] Compiling THC.NumericCoverage ( /home/ekmett/ai/thc-pinned-addresses-01a0cdeb/examples/THC/NumericCoverage.hs, /home/ekmett/ai/thc-pinned-addresses-01a0cdeb/build/corpus/native/THC/NumericCoverage.o )
[ 8 of 11] Compiling THC.PointerCoverage ( /home/ekmett/ai/thc-pinned-addresses-01a0cdeb/examples/THC/PointerCoverage.hs, /home/ekmett/ai/thc-pinned-addresses-01a0cdeb/build/corpus/native/THC/PointerCoverage.o )
[ 9 of 11] Compiling THC.TreeCoverage ( /home/ekmett/ai/thc-pinned-addresses-01a0cdeb/examples/THC/TreeCoverage.hs, /home/ekmett/ai/thc-pinned-addresses-01a0cdeb/build/corpus/native/THC/TreeCoverage.o )
[10 of 11] Compiling Main             ( /home/ekmett/ai/thc-pinned-addresses-01a0cdeb/build/corpus/NativeCorpus.hs, /home/ekmett/ai/thc-pinned-addresses-01a0cdeb/build/corpus/native/Main.o )
[11 of 11] Linking /home/ekmett/ai/thc-pinned-addresses-01a0cdeb/build/corpus/native/corpus-oracle
Prepared 28 strict Core entries / 507 native oracle rows
To honour the JVM settings for this build a single-use Daemon process will be forked. For more on this, please refer to https://docs.gradle.org/9.7.1/userguide/gradle_daemon.html#sec:disabling_the_daemon in the Gradle documentation.
Daemon will be stopped at the end of the build 
> Task :checkKotlinGradlePluginConfigurationErrors SKIPPED
> Task :processResources
> Task :processTestResources NO-SOURCE
> Task :kaptGenerateStubsKotlin

> Task :kaptKotlin
/home/ekmett/ai/thc-pinned-addresses-01a0cdeb/build/tmp/kapt3/stubs/main/thc/runtime/BloomValue.java:7: warning: This node is a candidate for node object inlining. The memory footprint is estimated to be reduced from 24 to 5 byte(s). Add @GenerateInline(true) to enable object inlining for this node or @GenerateInline(false) to disable this warning. Also consider disabling cached node generation with @GenerateCached(false) if all usages will be inlined. This warning may be suppressed using @SuppressWarnings("truffle-inlining").
public abstract class BloomValue extends com.oracle.truffle.api.nodes.Node {
                ^
/home/ekmett/ai/thc-pinned-addresses-01a0cdeb/build/tmp/kapt3/stubs/main/thc/runtime/BloomValue.java:20: warning: The @Cached(neverDefault=true|false) property is not needed to be set. Remove the property to resolve this warning. This warning may be suppressed using @SuppressWarnings("truffle-unused").
    long cachedMask, @com.oracle.truffle.api.dsl.Cached(value = "box(cachedMask)", neverDefault = true)
                                                                                                  ^
/home/ekmett/ai/thc-pinned-addresses-01a0cdeb/build/tmp/kapt3/stubs/main/thc/runtime/Dispatch.java:105: warning: For this specialization with inlined cache parameters it is recommended to use the static modifier. The method should be static to avoid accidently passing the wrong node parameter to inlined cached nodes. To resolve this add the static keyword to the specialization method.  This warning may be suppressed using @SuppressWarnings("truffle-static-method").
    @com.oracle.truffle.api.dsl.Specialization(guards = {"function.arity < argsSize"}, replaces = {"directOverapplied"})
    ^
/home/ekmett/ai/thc-pinned-addresses-01a0cdeb/src/main/java/thc/runtime/BytecodeRoot.java:1474: warning: Bind expression '$node' is redundant and can be automatically be resolved from the parameter type. Remove the expression to resolve this warning. This warning may be suppressed using @SuppressWarnings("truffle-unused").
        @Specialization public static void unpack(VirtualFrame frame, LocalAccessor first, LocalAccessor second, DoubleX2 value, @Bind("$node") Node node) {
                                                                                                                                 ^
/home/ekmett/ai/thc-pinned-addresses-01a0cdeb/src/main/java/thc/runtime/BytecodeRoot.java:315: warning: Bind expression '$node' is redundant and can be automatically be resolved from the parameter type. Remove the expression to resolve this warning. This warning may be suppressed using @SuppressWarnings("truffle-unused").
                @Bind("$node") Node node) {
                ^
/home/ekmett/ai/thc-pinned-addresses-01a0cdeb/src/main/java/thc/runtime/BytecodeRoot.java:1288: warning: Bind expression '$node' is redundant and can be automatically be resolved from the parameter type. Remove the expression to resolve this warning. This warning may be suppressed using @SuppressWarnings("truffle-unused").
                LocalAccessor third, LocalAccessor fourth, Word32X4 value, @Bind("$node") Node node) {
                                                                           ^
/home/ekmett/ai/thc-pinned-addresses-01a0cdeb/src/main/java/thc/runtime/BytecodeRoot.java:1411: warning: Bind expression '$node' is redundant and can be automatically be resolved from the parameter type. Remove the expression to resolve this warning. This warning may be suppressed using @SuppressWarnings("truffle-unused").
                LocalAccessor third, LocalAccessor fourth, Int32X4 value, @Bind("$node") Node node) {
                                                                          ^
/home/ekmett/ai/thc-pinned-addresses-01a0cdeb/src/main/java/thc/runtime/BytecodeRoot.java:1032: warning: Bind expression '$node' is redundant and can be automatically be resolved from the parameter type. Remove the expression to resolve this warning. This warning may be suppressed using @SuppressWarnings("truffle-unused").
                Object value, long index, Object state, @Bind("$node") Node node) {
                                                        ^
/home/ekmett/ai/thc-pinned-addresses-01a0cdeb/src/main/java/thc/runtime/BytecodeRoot.java:719: warning: Bind expression '$node' is redundant and can be automatically be resolved from the parameter type. Remove the expression to resolve this warning. This warning may be suppressed using @SuppressWarnings("truffle-unused").
        @Specialization public static Object raise(Object payload, @Bind("$node") Node node) {
                                                                   ^
/home/ekmett/ai/thc-pinned-addresses-01a0cdeb/src/main/java/thc/runtime/BytecodeRoot.java:607: warning: This operation supports uncached execution, so forcing cached is not necessary. Remove the forceCached attribute to resolve this warning. This warning may be suppressed using @SuppressWarnings("truffle-force-cached").
    @Operation(forceCached = true)
                             ^
/home/ekmett/ai/thc-pinned-addresses-01a0cdeb/src/main/java/thc/runtime/BytecodeRoot.java:617: warning: Bind expression '$node' is redundant and can be automatically be resolved from the parameter type. Remove the expression to resolve this warning. This warning may be suppressed using @SuppressWarnings("truffle-unused").
                @Bind("$node") Node node,
                ^
/home/ekmett/ai/thc-pinned-addresses-01a0cdeb/src/main/java/thc/runtime/BytecodeRoot.java:627: warning: Bind expression '$node' is redundant and can be automatically be resolved from the parameter type. Remove the expression to resolve this warning. This warning may be suppressed using @SuppressWarnings("truffle-unused").
                @Bind("$node") Node node) {
                ^
/home/ekmett/ai/thc-pinned-addresses-01a0cdeb/src/main/java/thc/runtime/BytecodeRoot.java:1327: warning: Bind expression '$node' is redundant and can be automatically be resolved from the parameter type. Remove the expression to resolve this warning. This warning may be suppressed using @SuppressWarnings("truffle-unused").
                LocalAccessor seventh, LocalAccessor eighth, Word16X8 value, @Bind("$node") Node node) {
                                                                             ^
/home/ekmett/ai/thc-pinned-addresses-01a0cdeb/src/main/java/thc/runtime/BytecodeRoot.java:1444: warning: Bind expression '$node' is redundant and can be automatically be resolved from the parameter type. Remove the expression to resolve this warning. This warning may be suppressed using @SuppressWarnings("truffle-unused").
                LocalAccessor third, LocalAccessor fourth, FloatX4 value, @Bind("$node") Node node) {
                                                                          ^
/home/ekmett/ai/thc-pinned-addresses-01a0cdeb/src/main/java/thc/runtime/BytecodeRoot.java:324: warning: Bind expression '$node' is redundant and can be automatically be resolved from the parameter type. Remove the expression to resolve this warning. This warning may be suppressed using @SuppressWarnings("truffle-unused").
                TailCall transfer, @Bind("$node") Node node) {
                                   ^
/home/ekmett/ai/thc-pinned-addresses-01a0cdeb/src/main/java/thc/runtime/BytecodeRoot.java:1185: warning: Bind expression '$node' is redundant and can be automatically be resolved from the parameter type. Remove the expression to resolve this warning. This warning may be suppressed using @SuppressWarnings("truffle-unused").
                Word8X16 value, @Bind("$node") Node node) {
                                ^
/home/ekmett/ai/thc-pinned-addresses-01a0cdeb/src/main/java/thc/runtime/BytecodeRoot.java:745: warning: Bind expression '$node' is redundant and can be automatically be resolved from the parameter type. Remove the expression to resolve this warning. This warning may be suppressed using @SuppressWarnings("truffle-unused").
                Object value, Object state, @Bind("$node") Node node) {
                                            ^
/home/ekmett/ai/thc-pinned-addresses-01a0cdeb/src/main/java/thc/runtime/BytecodeRoot.java:360: warning: Bind expression '$node' is redundant and can be automatically be resolved from the parameter type. Remove the expression to resolve this warning. This warning may be suppressed using @SuppressWarnings("truffle-unused").
                BytecodeTupleSlots destination, boolean tail, Metrics metrics, Closure function, @Bind("$node") Node node,
                                                                                                 ^
/home/ekmett/ai/thc-pinned-addresses-01a0cdeb/src/main/java/thc/runtime/BytecodeRoot.java:838: warning: Bind expression '$node' is redundant and can be automatically be resolved from the parameter type. Remove the expression to resolve this warning. This warning may be suppressed using @SuppressWarnings("truffle-unused").
                long size, Object state, @Bind("$node") Node node) {
                                         ^
/home/ekmett/ai/thc-pinned-addresses-01a0cdeb/src/main/java/thc/runtime/BytecodeRoot.java:848: warning: Bind expression '$node' is redundant and can be automatically be resolved from the parameter type. Remove the expression to resolve this warning. This warning may be suppressed using @SuppressWarnings("truffle-unused").
                Object value, long size, Object state, @Bind("$node") Node node) {
                                                       ^
/home/ekmett/ai/thc-pinned-addresses-01a0cdeb/src/main/java/thc/runtime/BytecodeRoot.java:336: warning: Bind expression '$node' is redundant and can be automatically be resolved from the parameter type. Remove the expression to resolve this warning. This warning may be suppressed using @SuppressWarnings("truffle-unused").
                Metrics metrics, Closure function, @Bind("$node") Node node,
                                                   ^
/home/ekmett/ai/thc-pinned-addresses-01a0cdeb/src/main/java/thc/runtime/BytecodeRoot.java:1372: warning: Bind expression '$node' is redundant and can be automatically be resolved from the parameter type. Remove the expression to resolve this warning. This warning may be suppressed using @SuppressWarnings("truffle-unused").
                LocalAccessor seventh, LocalAccessor eighth, Int16X8 value, @Bind("$node") Node node) {
                                                                            ^
/home/ekmett/ai/thc-pinned-addresses-01a0cdeb/src/main/java/thc/runtime/BytecodeRoot.java:810: warning: Bind expression '$node' is redundant and can be automatically be resolved from the parameter type. Remove the expression to resolve this warning. This warning may be suppressed using @SuppressWarnings("truffle-unused").
                Object reference, long index, @Bind("$node") Node node) {
                                              ^
/home/ekmett/ai/thc-pinned-addresses-01a0cdeb/src/main/java/thc/runtime/BytecodeRoot.java:277: warning: Bind expression '$node' is redundant and can be automatically be resolved from the parameter type. Remove the expression to resolve this warning. This warning may be suppressed using @SuppressWarnings("truffle-unused").
                long size, long alignment, Object state, @Bind("$node") Node node) {
                                                         ^
/home/ekmett/ai/thc-pinned-addresses-01a0cdeb/src/main/java/thc/runtime/BytecodeRoot.java:800: warning: Bind expression '$node' is redundant and can be automatically be resolved from the parameter type. Remove the expression to resolve this warning. This warning may be suppressed using @SuppressWarnings("truffle-unused").
                Object reference, Object state, @Bind("$node") Node node) {
                                                ^
/home/ekmett/ai/thc-pinned-addresses-01a0cdeb/src/main/java/thc/runtime/BytecodeRoot.java:266: warning: Bind expression '$node' is redundant and can be automatically be resolved from the parameter type. Remove the expression to resolve this warning. This warning may be suppressed using @SuppressWarnings("truffle-unused").
                long size, Object state, @Bind("$node") Node node) {
                                         ^
/home/ekmett/ai/thc-pinned-addresses-01a0cdeb/src/main/java/thc/runtime/BytecodeRoot.java:295: warning: Bind expression '$node' is redundant and can be automatically be resolved from the parameter type. Remove the expression to resolve this warning. This warning may be suppressed using @SuppressWarnings("truffle-unused").
                ManagedAddress address, long offset, Object state, @Bind("$node") Node node) {
                                                                   ^
/home/ekmett/ai/thc-pinned-addresses-01a0cdeb/src/main/java/thc/runtime/BytecodeRoot.java:513: warning: Bind expression '$node' is redundant and can be automatically be resolved from the parameter type. Remove the expression to resolve this warning. This warning may be suppressed using @SuppressWarnings("truffle-unused").
                @Bind("$node") Node node) {
                ^
/home/ekmett/ai/thc-pinned-addresses-01a0cdeb/src/main/java/thc/runtime/BytecodeRoot.java:825: warning: Bind expression '$node' is redundant and can be automatically be resolved from the parameter type. Remove the expression to resolve this warning. This warning may be suppressed using @SuppressWarnings("truffle-unused").
                Object reference, long offset, long count, Object state, @Bind("$node") Node node) {
                                                                         ^
/home/ekmett/ai/thc-pinned-addresses-01a0cdeb/src/main/java/thc/runtime/BytecodeRoot.java:456: warning: Bind expression '$node' is redundant and can be automatically be resolved from the parameter type. Remove the expression to resolve this warning. This warning may be suppressed using @SuppressWarnings("truffle-unused").
                Closure function, @Variadic Object[] arguments, @Bind("$node") Node node,
                                                                ^
/home/ekmett/ai/thc-pinned-addresses-01a0cdeb/src/main/java/thc/runtime/BytecodeRoot.java:937: warning: Bind expression '$node' is redundant and can be automatically be resolved from the parameter type. Remove the expression to resolve this warning. This warning may be suppressed using @SuppressWarnings("truffle-unused").
                Object value, long index, Object state, @Bind("$node") Node node) {
                                                        ^
/home/ekmett/ai/thc-pinned-addresses-01a0cdeb/src/main/java/thc/runtime/BytecodeRoot.java:493: warning: Bind expression '$node' is redundant and can be automatically be resolved from the parameter type. Remove the expression to resolve this warning. This warning may be suppressed using @SuppressWarnings("truffle-unused").
                Closure function, @Variadic Object[] arguments, @Bind("$node") Node node,
                                                                ^
/home/ekmett/ai/thc-pinned-addresses-01a0cdeb/src/main/java/thc/runtime/BytecodeRoot.java:253: warning: Bind expression '$node' is redundant and can be automatically be resolved from the parameter type. Remove the expression to resolve this warning. This warning may be suppressed using @SuppressWarnings("truffle-unused").
                LocalAccessor first, LocalAccessor second, long left, long right, @Bind("$node") Node node) {
                                                                                  ^
/home/ekmett/ai/thc-pinned-addresses-01a0cdeb/src/main/java/thc/runtime/BytecodeRoot.java:1250: warning: Bind expression '$node' is redundant and can be automatically be resolved from the parameter type. Remove the expression to resolve this warning. This warning may be suppressed using @SuppressWarnings("truffle-unused").
                Int8X16 value, @Bind("$node") Node node) {
                               ^
/home/ekmett/ai/thc-pinned-addresses-01a0cdeb/src/main/java/thc/runtime/BytecodeRoot.java:1007: warning: Bind expression '$node' is redundant and can be automatically be resolved from the parameter type. Remove the expression to resolve this warning. This warning may be suppressed using @SuppressWarnings("truffle-unused").
                Object value, long index, Object state, @Bind("$node") Node node) {
                                                        ^
/home/ekmett/ai/thc-pinned-addresses-01a0cdeb/src/main/java/thc/runtime/BytecodeRoot.java:1086: warning: Bind expression '$node' is redundant and can be automatically be resolved from the parameter type. Remove the expression to resolve this warning. This warning may be suppressed using @SuppressWarnings("truffle-unused").
                Object value, long index, Object state, @Bind("$node") Node node) {
                                                        ^
/home/ekmett/ai/thc-pinned-addresses-01a0cdeb/src/main/java/thc/runtime/BytecodeRoot.java:859: warning: Bind expression '$node' is redundant and can be automatically be resolved from the parameter type. Remove the expression to resolve this warning. This warning may be suppressed using @SuppressWarnings("truffle-unused").
                Object value, Object state, @Bind("$node") Node node) {
                                            ^
/home/ekmett/ai/thc-pinned-addresses-01a0cdeb/src/main/java/thc/runtime/BytecodeRoot.java:577: warning: Bind expression '$node' is redundant and can be automatically be resolved from the parameter type. Remove the expression to resolve this warning. This warning may be suppressed using @SuppressWarnings("truffle-unused").
                @Bind("$node") Node node,
                ^
/home/ekmett/ai/thc-pinned-addresses-01a0cdeb/src/main/java/thc/runtime/BytecodeRoot.java:201: warning: Bind expression '$node' is redundant and can be automatically be resolved from the parameter type. Remove the expression to resolve this warning. This warning may be suppressed using @SuppressWarnings("truffle-unused").
                @Bind("$node") Node node,
                ^
/home/ekmett/ai/thc-pinned-addresses-01a0cdeb/src/main/java/thc/runtime/BytecodeRoot.java:1058: warning: Bind expression '$node' is redundant and can be automatically be resolved from the parameter type. Remove the expression to resolve this warning. This warning may be suppressed using @SuppressWarnings("truffle-unused").
                Object value, long index, Object state, @Bind("$node") Node node) {
                                                        ^
/home/ekmett/ai/thc-pinned-addresses-01a0cdeb/src/main/java/thc/runtime/BytecodeRoot.java:918: warning: Bind expression '$node' is redundant and can be automatically be resolved from the parameter type. Remove the expression to resolve this warning. This warning may be suppressed using @SuppressWarnings("truffle-unused").
                Object value, long index, Object state, @Bind("$node") Node node) {
                                                        ^
/home/ekmett/ai/thc-pinned-addresses-01a0cdeb/src/main/java/thc/runtime/BytecodeRoot.java:773: warning: Bind expression '$node' is redundant and can be automatically be resolved from the parameter type. Remove the expression to resolve this warning. This warning may be suppressed using @SuppressWarnings("truffle-unused").
                long size, Object initial, Object state, @Bind("$node") Node node) {
                                                         ^
/home/ekmett/ai/thc-pinned-addresses-01a0cdeb/src/main/java/thc/runtime/BytecodeRoot.java:551: warning: Bind expression '$node' is redundant and can be automatically be resolved from the parameter type. Remove the expression to resolve this warning. This warning may be suppressed using @SuppressWarnings("truffle-unused").
                @Bind("$node") Node node,
                ^
/home/ekmett/ai/thc-pinned-addresses-01a0cdeb/src/main/java/thc/runtime/BytecodeRoot.java:782: warning: Bind expression '$node' is redundant and can be automatically be resolved from the parameter type. Remove the expression to resolve this warning. This warning may be suppressed using @SuppressWarnings("truffle-unused").
                Object value, long index, Object state, @Bind("$node") Node node) {
                                                        ^
/home/ekmett/ai/thc-pinned-addresses-01a0cdeb/src/main/java/thc/runtime/BytecodeRoot.java:754: warning: Bind expression '$node' is redundant and can be automatically be resolved from the parameter type. Remove the expression to resolve this warning. This warning may be suppressed using @SuppressWarnings("truffle-unused").
                Object value, Object state, @Bind("$node") Node node) {
                                            ^
/home/ekmett/ai/thc-pinned-addresses-01a0cdeb/src/main/java/thc/runtime/BytecodeRoot.java:1130: warning: Bind expression '$node' is redundant and can be automatically be resolved from the parameter type. Remove the expression to resolve this warning. This warning may be suppressed using @SuppressWarnings("truffle-unused").
                Int64X2 value, @Bind("$node") Node node) {
                               ^

> Task :compileKotlin
w: file:///home/ekmett/ai/thc-pinned-addresses-01a0cdeb/src/main/kotlin/thc/runtime/BytecodeProgram.kt:912:25 'when' is exhaustive so 'else' is redundant here.
w: file:///home/ekmett/ai/thc-pinned-addresses-01a0cdeb/src/main/kotlin/thc/runtime/BytecodeProgram.kt:956:25 'when' is exhaustive so 'else' is redundant here.
w: file:///home/ekmett/ai/thc-pinned-addresses-01a0cdeb/src/main/kotlin/thc/runtime/BytecodeProgram.kt:996:25 'when' is exhaustive so 'else' is redundant here.
w: file:///home/ekmett/ai/thc-pinned-addresses-01a0cdeb/src/main/kotlin/thc/runtime/BytecodeProgram.kt:1043:25 'when' is exhaustive so 'else' is redundant here.
w: file:///home/ekmett/ai/thc-pinned-addresses-01a0cdeb/src/main/kotlin/thc/runtime/CoreVectorMemory.kt:109:37 Unnecessary safe call on a non-null receiver of type 'Map<String, Any?>'.

> Task :compileJava
warning: [incubating] using incubating module(s): jdk.incubator.vector
/home/ekmett/ai/thc-pinned-addresses-01a0cdeb/build/generated/source/kapt/main/thc/runtime/BytecodeRootGen.java:33497: warning: [removal] ThreadDeath in java.lang has been deprecated and marked for removal
                if (throwable instanceof java.lang.ThreadDeath) {
                                                  ^
/home/ekmett/ai/thc-pinned-addresses-01a0cdeb/build/generated/source/kapt/main/thc/runtime/BytecodeRootGen.java:39178: warning: [removal] ThreadDeath in java.lang has been deprecated and marked for removal
                if (throwable instanceof java.lang.ThreadDeath) {
                                                  ^
3 warnings

> Task :classes
> Task :jar
> Task :kaptGenerateStubsTestKotlin
> Task :kaptTestKotlin

> Task :compileTestKotlin
w: file:///home/ekmett/ai/thc-pinned-addresses-01a0cdeb/src/test/kotlin/thc/RealCoreCallDemandTest.kt:19:71 Cast is redundant.
w: file:///home/ekmett/ai/thc-pinned-addresses-01a0cdeb/src/test/kotlin/thc/runtime/PointerEqualityTest.kt:91:13 This class is not recommended for use in Kotlin. Use 'kotlin.Long' instead.
w: file:///home/ekmett/ai/thc-pinned-addresses-01a0cdeb/src/test/kotlin/thc/runtime/PointerEqualityTest.kt:91:52 This class is not recommended for use in Kotlin. Use 'kotlin.Long' instead.
w: file:///home/ekmett/ai/thc-pinned-addresses-01a0cdeb/src/test/kotlin/thc/runtime/SimdDoubleVectorTest.kt:63:127 Unnecessary non-null assertion (!!) on a non-null receiver of type 'List<CoreRepresentation>'.
w: file:///home/ekmett/ai/thc-pinned-addresses-01a0cdeb/src/test/kotlin/thc/runtime/SimdDoubleVectorTest.kt:64:50 Unnecessary non-null assertion (!!) on a non-null receiver of type 'List<CoreRepresentation>'.
w: file:///home/ekmett/ai/thc-pinned-addresses-01a0cdeb/src/test/kotlin/thc/runtime/SimdDoubleVectorTest.kt:68:125 Unnecessary non-null assertion (!!) on a non-null receiver of type 'List<CoreRepresentation>'.
w: file:///home/ekmett/ai/thc-pinned-addresses-01a0cdeb/src/test/kotlin/thc/runtime/SimdFloatVectorTest.kt:57:123 Unnecessary non-null assertion (!!) on a non-null receiver of type 'List<CoreRepresentation>'.
w: file:///home/ekmett/ai/thc-pinned-addresses-01a0cdeb/src/test/kotlin/thc/runtime/SimdInt16VectorTest.kt:57:120 Unnecessary non-null assertion (!!) on a non-null receiver of type 'List<CoreRepresentation>'.
w: file:///home/ekmett/ai/thc-pinned-addresses-01a0cdeb/src/test/kotlin/thc/runtime/SimdInt16VectorTest.kt:62:97 Unnecessary non-null assertion (!!) on a non-null receiver of type 'List<CoreRepresentation>'.
w: file:///home/ekmett/ai/thc-pinned-addresses-01a0cdeb/src/test/kotlin/thc/runtime/SimdInt16VectorTest.kt:66:93 Unnecessary non-null assertion (!!) on a non-null receiver of type 'List<CoreRepresentation>'.
w: file:///home/ekmett/ai/thc-pinned-addresses-01a0cdeb/src/test/kotlin/thc/runtime/SimdInt8VectorTest.kt:60:119 Unnecessary non-null assertion (!!) on a non-null receiver of type 'List<CoreRepresentation>'.
w: file:///home/ekmett/ai/thc-pinned-addresses-01a0cdeb/src/test/kotlin/thc/runtime/SimdInt8VectorTest.kt:65:95 Unnecessary non-null assertion (!!) on a non-null receiver of type 'List<CoreRepresentation>'.
w: file:///home/ekmett/ai/thc-pinned-addresses-01a0cdeb/src/test/kotlin/thc/runtime/SimdInt8VectorTest.kt:69:91 Unnecessary non-null assertion (!!) on a non-null receiver of type 'List<CoreRepresentation>'.
w: file:///home/ekmett/ai/thc-pinned-addresses-01a0cdeb/src/test/kotlin/thc/runtime/SimdWord16VectorTest.kt:60:125 Unnecessary non-null assertion (!!) on a non-null receiver of type 'List<CoreRepresentation>'.
w: file:///home/ekmett/ai/thc-pinned-addresses-01a0cdeb/src/test/kotlin/thc/runtime/SimdWord16VectorTest.kt:65:105 Unnecessary non-null assertion (!!) on a non-null receiver of type 'List<CoreRepresentation>'.
w: file:///home/ekmett/ai/thc-pinned-addresses-01a0cdeb/src/test/kotlin/thc/runtime/SimdWord16VectorTest.kt:73:101 Unnecessary non-null assertion (!!) on a non-null receiver of type 'List<CoreRepresentation>'.
w: file:///home/ekmett/ai/thc-pinned-addresses-01a0cdeb/src/test/kotlin/thc/runtime/SimdWord32VectorTest.kt:58:125 Unnecessary non-null assertion (!!) on a non-null receiver of type 'List<CoreRepresentation>'.
w: file:///home/ekmett/ai/thc-pinned-addresses-01a0cdeb/src/test/kotlin/thc/runtime/SimdWord32VectorTest.kt:63:105 Unnecessary non-null assertion (!!) on a non-null receiver of type 'List<CoreRepresentation>'.
w: file:///home/ekmett/ai/thc-pinned-addresses-01a0cdeb/src/test/kotlin/thc/runtime/SimdWord32VectorTest.kt:71:101 Unnecessary non-null assertion (!!) on a non-null receiver of type 'List<CoreRepresentation>'.
w: file:///home/ekmett/ai/thc-pinned-addresses-01a0cdeb/src/test/kotlin/thc/runtime/SimdWord8VectorTest.kt:63:124 Unnecessary non-null assertion (!!) on a non-null receiver of type 'List<CoreRepresentation>'.
w: file:///home/ekmett/ai/thc-pinned-addresses-01a0cdeb/src/test/kotlin/thc/runtime/SimdWord8VectorTest.kt:68:103 Unnecessary non-null assertion (!!) on a non-null receiver of type 'List<CoreRepresentation>'.
w: file:///home/ekmett/ai/thc-pinned-addresses-01a0cdeb/src/test/kotlin/thc/runtime/SimdWord8VectorTest.kt:76:99 Unnecessary non-null assertion (!!) on a non-null receiver of type 'List<CoreRepresentation>'.
w: file:///home/ekmett/ai/thc-pinned-addresses-01a0cdeb/src/test/kotlin/thc/runtime/SumProtocolTest.kt:51:45 Cast is redundant.

> Task :compileTestJava NO-SOURCE
> Task :testClasses UP-TO-DATE
WARNING: A terminally deprecated method in sun.misc.Unsafe has been called
WARNING: sun.misc.Unsafe::objectFieldOffset has been called by com.oracle.truffle.runtime.hotspot.HotSpotTruffleRuntime (file:/home/ekmett/ai/thc-sequence-current-main-01a0cdeb/.gradle-user-home/caches/modules-2/files-2.1/org.graalvm.truffle/truffle-runtime/25.3.4.1/5f9818cd0413f63bdf1fe52ba4f2fc2786f4cbb7/truffle-runtime-25.3.4.1.jar)
WARNING: Please consider reporting this to the maintainers of class com.oracle.truffle.runtime.hotspot.HotSpotTruffleRuntime
WARNING: sun.misc.Unsafe::objectFieldOffset will be removed in a future release

> Task :test
WARNING: Using incubator modules: jdk.incubator.vector

AggregateFrontierTest > existingConstructorRejectionAlsoCoversColdAndZeroWidthArms() PASSED

AggregateFrontierTest > diagnosticModeTrapsConstructorFreeBoundariesIncludingUnusedFormals() PASSED

AggregateFrontierTest > diagnosticModeKeepsLegacyColdAggregatePathsLazyAndTrapsWhenReached() PASSED

AggregateFrontierTest > ordinaryUnknownMetadataRemainsOptionalAndDoesNotInferAggregateShape() PASSED

AggregateFrontierTest > strictLoadingRejectsOptimizedAggregatesBeforeAnyInputRuns() PASSED

AggregateLayoutTest > boxedTuplesAndUnliftedBoxedProductsRemainObjectsWithLazyPayloads() PASSED

AggregateLayoutTest > strictLoadingRejectsRecursivePolymorphicAndNewtypeAggregateBoundaries() PASSED

BloomHeaderTest > selfAndConservativeBloomHitsStillBounceBeforeWritingAnyHeader() PASSED

BloomHeaderTest > compiledDynamicAncestryPreservesEveryBitAndStillDetectsBloomHits() PASSED

BytecodeBackendTest > unsupportedCodeRejectsAtLoadOrTrapsOnlyWhenTheDiagnosticBranchIsEntered() PASSED

BytecodeBackendTest > backendSelectionAndMutableProgramStateAreIsolatedWithinASharedEngine() PASSED

BytecodeBackendTest > allExportedFixturesMatchNativeGhcBeforeAndAfterCompilation() PASSED

BytecodeBackendTest > managedLiteralAddressesPreserveUnsignedBytesNulsAndBoundsAfterCompilation() PASSED

BytecodeBackendTest > coldRaiseKeepsItsBottomPayloadLazyAndMemoizesTheGuestFailure() PASSED

BytecodeBackendTest > unusedBottomStaysLazyAndFailedThunksAreNotReentered() PASSED

BytecodeBackendTest > strictConstructorWorkersForceOnlyAtFullSaturationIncludingColdCompiledPaths() PASSED

BytecodeBackendTest > sharingPartialAndOverapplicationPreserveTheirSemantics() PASSED

BytecodeBackendTest > aSelfTailCallThroughAPapRestoresBothItsPrefixAndNewArguments() PASSED

BytecodeBackendTest > compiledBaseCasesCanGrowIntoLongSelfMutualAndCapturedLoops() PASSED

BytecodeBackendTest > wideArgumentsCapturesAndConstructorFieldsPreserveEveryOperand() PASSED

BytecodeCoreProofTest > malformedJoinsAreRejectedEvenInDiagnosticMode() PASSED

BytecodeCoreProofTest > adjustedJoinArityCanReturnTheRestOfAFlattenedLambda() PASSED

BytecodeCoreProofTest > primitiveIdentityCompilesAfterOneOrdinaryInvocation() PASSED

BytecodeCoreProofTest > capturedAddressesRemainObjectsAndCapturedLongsUsePrimitiveReads() PASSED

BytecodeCoreProofTest > mutuallyRecursiveJoinsStayInsideTheirOwningRoot() PASSED

BytecodeCoreProofTest > provenLongCaseAndLetOmitAdaptiveForcingInstructions() PASSED

BytecodeCoreProofTest > diagnosticGlobalCannotRetainTheUnsupportedConstructorWhnfProof() PASSED

BytecodeCoreProofTest > evaluatedCoreVarsStillForceOurCafAndRecursiveAliasThunks() PASSED

BytecodeCoreProofTest > diagnosticSubstitutionCannotAcquireItsOriginalLongWhnfProof() PASSED

BytecodeCoreProofTest > recursiveJoinUsesParallelMovesAndPreservesNonTailContinuation() PASSED

BytecodeCoreProofTest > nestedNonrecursiveJoinsBranchToAncestorsWithoutLoopScaffolding() PASSED

BytecodeSourceNotesTest > sourceSectionsPreserveLocalJoinBackedgesAndTheirOuterContinuation() PASSED

BytecodeSourceNotesTest > notesAttachToNativeBytecodeWithoutChangingInstructionsOrLocalWriteback() PASSED

BytecodeSourceNotesTest > bytecodeKeepsSourceLocationsWhenOriginalFileContentIsUnavailable() PASSED

CStringTest > literalPrimitivesExecuteInGuestCodeAndRejectNumericFakePointers() PASSED

CStringTest > genuineGhcCStringDecoderConsumesLiteralBytesBeforeAndAfterCompilation() PASSED

CStringTest > literalAddressBoundsRejectOverflowAndForeignMemoryAccess() PASSED

CStringTest > literalStoragePreservesUnsignedBytesEmbeddedNulsAndImplicitTerminator() PASSED

CasePrimitiveTest > nestedLiteralAndDefaultCasesFeedPrimitiveOperandsThroughLetAndEvaluation() PASSED

CasePrimitiveTest > dataAndDefaultArmsPreserveFieldsAndWholeScrutineeBindingsInPrimitiveContext() PASSED

CasePrimitiveTest > primitiveCaseForcesSharedScrutineesOnceAndKeepsUnselectedFailureLazy() PASSED

CoreLinkerTest > shadowedGlobalsDoNotBringTheirUnsupportedDependenciesIntoTheProgram() PASSED

CoreLinkerTest > nonrecursiveRhsAndCaseScrutineeRetainTheirOuterDependencies() PASSED

CoreLinkerTest > linkedModulesPreserveSourceIdentityAndRejectConflictingText() PASSED

CoreLinkerTest > recursiveGlobalClosureTerminatesAndKeepsAllTransitiveDependencies() PASSED

CoreRequestTest > validationMatchesTheMaterializingReaderForNestedDocuments() PASSED

CoreRequestTest > rejectsMalformedDocumentsBeforeEmbeddingAndCannotInjectAnotherModule() PASSED

CoreRequestTest > embedsCompleteValidatedModulesWithoutChangingTheirMeaning() PASSED

CoreRequestTest > escapesLateUnicodeInStringsWhilePreservingLegacyNumericTokens() PASSED

CoverageCorpusTest > nativeOracleBeforeCompilationOnColdPathsAndAfterRecompilation() > ast int64-conversions/int64Roundtrip: Int#/Int64# conversion across exact primitive argument and result boundaries on 64-bit targets PASSED

CoverageCorpusTest > nativeOracleBeforeCompilationOnColdPathsAndAfterRecompilation() > ast int64-conversions/int64LiteralBoundary: Canonical Int64# literals retain both signed 64-bit endpoints PASSED

CoverageCorpusTest > nativeOracleBeforeCompilationOnColdPathsAndAfterRecompilation() > ast lists/listPipeline: ordinary list map/filter construction and recursive checksum consumption PASSED

CoverageCorpusTest > nativeOracleBeforeCompilationOnColdPathsAndAfterRecompilation() > ast lists/listAppendReverse: Prelude append and reverse with original ghc-internal source bodies and independently input-sized lists PASSED

CoverageCorpusTest > nativeOracleBeforeCompilationOnColdPathsAndAfterRecompilation() > ast lists/listSpineLazy: consume list spine without evaluating bottom-valued heads PASSED

CoverageCorpusTest > nativeOracleBeforeCompilationOnColdPathsAndAfterRecompilation() > ast lists/listTailLazy: consume exact finite prefix without forcing bottom tail PASSED

CoverageCorpusTest > nativeOracleBeforeCompilationOnColdPathsAndAfterRecompilation() > ast lists/streamPrefix: bounded consumption of input-dependent infinite productive stream PASSED

CoverageCorpusTest > nativeOracleBeforeCompilationOnColdPathsAndAfterRecompilation() > ast lists/streamKnot: bounded consumption of a local input-dependent cyclic list PASSED

CoverageCorpusTest > nativeOracleBeforeCompilationOnColdPathsAndAfterRecompilation() > ast lists/sharedListConsumers: two consumers reuse one input-dependent lazy spine PASSED

CoverageCorpusTest > nativeOracleBeforeCompilationOnColdPathsAndAfterRecompilation() > ast functions/closurePipeline: a list of captured closures transported and applied through an unknown function PASSED

CoverageCorpusTest > nativeOracleBeforeCompilationOnColdPathsAndAfterRecompilation() > ast functions/capturedOverapply: overapplication of an opaque one-argument function returning a captured function PASSED

CoverageCorpusTest > nativeOracleBeforeCompilationOnColdPathsAndAfterRecompilation() > ast functions/reusedLazyPAP: reused partial application retains an unused bottom argument lazily PASSED

CoverageCorpusTest > nativeOracleBeforeCompilationOnColdPathsAndAfterRecompilation() > ast functions/sharedCapturedThunk: an escaping closure retains an input-dependent shared thunk used by two calls PASSED

CoverageCorpusTest > nativeOracleBeforeCompilationOnColdPathsAndAfterRecompilation() > ast trees/treeFold: recursive three-constructor ADT construction and exhaustive fold PASSED

CoverageCorpusTest > nativeOracleBeforeCompilationOnColdPathsAndAfterRecompilation() > ast trees/treeMapFold: higher-order map with captured input across mixed-layout recursive constructors PASSED

CoverageCorpusTest > nativeOracleBeforeCompilationOnColdPathsAndAfterRecompilation() > ast trees/treeSelective: nested pattern matching selects the sole terminating branch; unused subtree is bottom PASSED

CoverageCorpusTest > nativeOracleBeforeCompilationOnColdPathsAndAfterRecompilation() > ast trees/treeShared: two branches of a recursive ADT share one input-dependent subtree PASSED

CoverageCorpusTest > nativeOracleBeforeCompilationOnColdPathsAndAfterRecompilation() > ast numeric/wordMixer: Word# wraparound, variable rotations, shifts, masks and bit complements PASSED

CoverageCorpusTest > nativeOracleBeforeCompilationOnColdPathsAndAfterRecompilation() > ast numeric/signedRadix: Signed quotient/remainder for both divisor signs, arithmetic versus logical shifts, Int# wraparound PASSED

CoverageCorpusTest > nativeOracleBeforeCompilationOnColdPathsAndAfterRecompilation() > ast numeric/packedSamples: Signed 8/16/32-bit narrowing, mixed primitive/reference fields, escaped mixed captures, Int# wraparound PASSED

CoverageCorpusTest > nativeOracleBeforeCompilationOnColdPathsAndAfterRecompilation() > ast numeric/unicodeChecksum: Unicode Char# constructors, chr#/ord#, literal cases, ASCII/Latin/BMP/supplementary comparisons PASSED

CoverageCorpusTest > nativeOracleBeforeCompilationOnColdPathsAndAfterRecompilation() > ast narrow-ints/narrowRecordChecksum: Ordinary Data.Int Int8/16/32 conversion with truncation/sign extension and unpacked narrow representation fields PASSED

CoverageCorpusTest > nativeOracleBeforeCompilationOnColdPathsAndAfterRecompilation() > ast narrow-words/word8Arithmetic: Ordinary Word8 conversion, wrapping arithmetic and unsigned ordering PASSED

CoverageCorpusTest > nativeOracleBeforeCompilationOnColdPathsAndAfterRecompilation() > ast narrow-words/word16Arithmetic: Ordinary Word16 conversion, wrapping arithmetic and unsigned ordering PASSED

CoverageCorpusTest > nativeOracleBeforeCompilationOnColdPathsAndAfterRecompilation() > ast narrow-words/word32Arithmetic: Ordinary Word32 conversion, wrapping arithmetic and unsigned ordering PASSED

CoverageCorpusTest > nativeOracleBeforeCompilationOnColdPathsAndAfterRecompilation() > ast narrow-words/narrowWordRecordChecksum: Two consumers share records with unpacked Word8Rep/Word16Rep/Word32Rep fields and zero-extending conversions PASSED

CoverageCorpusTest > nativeOracleBeforeCompilationOnColdPathsAndAfterRecompilation() > ast pointers/pointerShortcut: Non-strict object identity shortcut with allocation-independent key equality fallback PASSED

CoverageCorpusTest > nativeOracleBeforeCompilationOnColdPathsAndAfterRecompilation() > ast pointers/pointerLazyPayload: Pointer equality and key comparison leave irrelevant bottom-valued payloads untouched PASSED

CoverageCorpusTest > nativeOracleBeforeCompilationOnColdPathsAndAfterRecompilation() > bytecode int64-conversions/int64Roundtrip: Int#/Int64# conversion across exact primitive argument and result boundaries on 64-bit targets PASSED

CoverageCorpusTest > nativeOracleBeforeCompilationOnColdPathsAndAfterRecompilation() > bytecode int64-conversions/int64LiteralBoundary: Canonical Int64# literals retain both signed 64-bit endpoints PASSED

CoverageCorpusTest > nativeOracleBeforeCompilationOnColdPathsAndAfterRecompilation() > bytecode lists/listPipeline: ordinary list map/filter construction and recursive checksum consumption PASSED

CoverageCorpusTest > nativeOracleBeforeCompilationOnColdPathsAndAfterRecompilation() > bytecode lists/listAppendReverse: Prelude append and reverse with original ghc-internal source bodies and independently input-sized lists PASSED

CoverageCorpusTest > nativeOracleBeforeCompilationOnColdPathsAndAfterRecompilation() > bytecode lists/listSpineLazy: consume list spine without evaluating bottom-valued heads PASSED

CoverageCorpusTest > nativeOracleBeforeCompilationOnColdPathsAndAfterRecompilation() > bytecode lists/listTailLazy: consume exact finite prefix without forcing bottom tail PASSED

CoverageCorpusTest > nativeOracleBeforeCompilationOnColdPathsAndAfterRecompilation() > bytecode lists/streamPrefix: bounded consumption of input-dependent infinite productive stream PASSED

CoverageCorpusTest > nativeOracleBeforeCompilationOnColdPathsAndAfterRecompilation() > bytecode lists/streamKnot: bounded consumption of a local input-dependent cyclic list PASSED

CoverageCorpusTest > nativeOracleBeforeCompilationOnColdPathsAndAfterRecompilation() > bytecode lists/sharedListConsumers: two consumers reuse one input-dependent lazy spine PASSED

CoverageCorpusTest > nativeOracleBeforeCompilationOnColdPathsAndAfterRecompilation() > bytecode functions/closurePipeline: a list of captured closures transported and applied through an unknown function PASSED

CoverageCorpusTest > nativeOracleBeforeCompilationOnColdPathsAndAfterRecompilation() > bytecode functions/capturedOverapply: overapplication of an opaque one-argument function returning a captured function PASSED

CoverageCorpusTest > nativeOracleBeforeCompilationOnColdPathsAndAfterRecompilation() > bytecode functions/reusedLazyPAP: reused partial application retains an unused bottom argument lazily PASSED

CoverageCorpusTest > nativeOracleBeforeCompilationOnColdPathsAndAfterRecompilation() > bytecode functions/sharedCapturedThunk: an escaping closure retains an input-dependent shared thunk used by two calls PASSED

CoverageCorpusTest > nativeOracleBeforeCompilationOnColdPathsAndAfterRecompilation() > bytecode trees/treeFold: recursive three-constructor ADT construction and exhaustive fold PASSED

CoverageCorpusTest > nativeOracleBeforeCompilationOnColdPathsAndAfterRecompilation() > bytecode trees/treeMapFold: higher-order map with captured input across mixed-layout recursive constructors PASSED

CoverageCorpusTest > nativeOracleBeforeCompilationOnColdPathsAndAfterRecompilation() > bytecode trees/treeSelective: nested pattern matching selects the sole terminating branch; unused subtree is bottom PASSED

CoverageCorpusTest > nativeOracleBeforeCompilationOnColdPathsAndAfterRecompilation() > bytecode trees/treeShared: two branches of a recursive ADT share one input-dependent subtree PASSED

CoverageCorpusTest > nativeOracleBeforeCompilationOnColdPathsAndAfterRecompilation() > bytecode numeric/wordMixer: Word# wraparound, variable rotations, shifts, masks and bit complements PASSED

CoverageCorpusTest > nativeOracleBeforeCompilationOnColdPathsAndAfterRecompilation() > bytecode numeric/signedRadix: Signed quotient/remainder for both divisor signs, arithmetic versus logical shifts, Int# wraparound PASSED

CoverageCorpusTest > nativeOracleBeforeCompilationOnColdPathsAndAfterRecompilation() > bytecode numeric/packedSamples: Signed 8/16/32-bit narrowing, mixed primitive/reference fields, escaped mixed captures, Int# wraparound PASSED

CoverageCorpusTest > nativeOracleBeforeCompilationOnColdPathsAndAfterRecompilation() > bytecode numeric/unicodeChecksum: Unicode Char# constructors, chr#/ord#, literal cases, ASCII/Latin/BMP/supplementary comparisons PASSED

CoverageCorpusTest > nativeOracleBeforeCompilationOnColdPathsAndAfterRecompilation() > bytecode narrow-ints/narrowRecordChecksum: Ordinary Data.Int Int8/16/32 conversion with truncation/sign extension and unpacked narrow representation fields PASSED

CoverageCorpusTest > nativeOracleBeforeCompilationOnColdPathsAndAfterRecompilation() > bytecode narrow-words/word8Arithmetic: Ordinary Word8 conversion, wrapping arithmetic and unsigned ordering PASSED

CoverageCorpusTest > nativeOracleBeforeCompilationOnColdPathsAndAfterRecompilation() > bytecode narrow-words/word16Arithmetic: Ordinary Word16 conversion, wrapping arithmetic and unsigned ordering PASSED

CoverageCorpusTest > nativeOracleBeforeCompilationOnColdPathsAndAfterRecompilation() > bytecode narrow-words/word32Arithmetic: Ordinary Word32 conversion, wrapping arithmetic and unsigned ordering PASSED

CoverageCorpusTest > nativeOracleBeforeCompilationOnColdPathsAndAfterRecompilation() > bytecode narrow-words/narrowWordRecordChecksum: Two consumers share records with unpacked Word8Rep/Word16Rep/Word32Rep fields and zero-extending conversions PASSED

CoverageCorpusTest > nativeOracleBeforeCompilationOnColdPathsAndAfterRecompilation() > bytecode pointers/pointerShortcut: Non-strict object identity shortcut with allocation-independent key equality fallback PASSED

CoverageCorpusTest > nativeOracleBeforeCompilationOnColdPathsAndAfterRecompilation() > bytecode pointers/pointerLazyPayload: Pointer equality and key comparison leave irrelevant bottom-valued payloads untouched PASSED

DiagnosticModeTest > diagnosticPrimitiveGapsRemainExplicitAndMalformedCoreStillRejects() PASSED

DiagnosticModeTest > normalExecutionStillRejectsUnavailableCodeAtLoad() PASSED

DiagnosticModeTest > diagnosticBranchesCompileAndUnavailablePathsTrapExplicitly() PASSED

FramesTest > supportedTagsAndUnwrittenNullRetainTheirValues() PASSED

FramesTest > typedLongWritesWidenBooleanSlotsWithoutChangingSuspendedFrames() PASSED

FramesTest > livePrimitiveFramesSurviveDescriptorWideningInAnotherActivation() PASSED

FramesTest > typedLongWritesRespectDescriptorWideningAcrossActivations() PASSED

FramesTest > unrelatedTruffleNumericTagsAreRejectedInsteadOfSilentlyBoxed() PASSED

GuestExceptionsTest > coldRaiseBranchStaysLazyCompilesAndReportsAGuestException() PASSED

GuestExceptionsTest > raisingAnEvaluatedConstructorPreservesItsPayloadIdentity() PASSED

GuestExceptionsTest > raiseKeepsBottomPayloadUnevaluatedAndMemoizesTheSameGuestException() PASSED

Int16LiteralTest > canonicalSigned16LiteralsAndCaseAlternativesEnforceRangeInBothLoadModes() PASSED

Int16LiteralTest > intrinsicNarrowLiteralsRefineUnconstrainedButNotMalformedProofs() PASSED

Int16LiteralTest > signedAndUnsignedLiteralKindsCannotBeRelabelledThroughLongOrUnknownProofs() PASSED

Int32LiteralTest > intrinsicNarrowLiteralsRefineUnconstrainedButNotMalformedProofs() PASSED

Int32LiteralTest > canonicalSigned32LiteralsAndCaseAlternativesEnforceRangeInBothLoadModes() PASSED

Int32LiteralTest > signedAndUnsignedLiteralKindsCannotBeRelabelledThroughLongOrUnknownProofs() PASSED

Int64ConversionTest > int64LiteralsAndAlternativesRejectNoncanonicalOrOutOfRangeValues() PASSED

Int64ConversionTest > realCorePreservesTypedLongArgumentsAndResults() PASSED

IntegerPrimopsTest > everyAddedPrimitiveRejectsWrongAritiesEvenInDiagnosticMode() PASSED

IntegerPrimopsTest > realCoreAgreesWithNativeAndUnsignedModelBeforeAndAfterCompilation() PASSED

JsonWriterTest > matchesPreviousTransportForNestedCoreShapedDocuments() PASSED

JsonWriterTest > exactEscapingAndContainerFormatting() PASSED

JsonWriterTest > traversesAnIterableOnceAndPreservesRejection() PASSED

NarrowWordPrimitiveTest > ordinaryNativeExamplesAgreeWithIndependentUnsignedArithmeticModel() PASSED

NarrowWordPrimitiveTest > wrappingArithmeticMatchesIndependentBigIntegerResultsIncludingWord32ProductOverflow() PASSED

NarrowWordPrimitiveTest > allNewPrimitivesRejectWrongAritiesAtLoad() PASSED

NarrowWordPrimitiveTest > comparisonsKeepUnsignedOrderAcrossEachWidthsSignBitAndEquality() PASSED

NarrowWordPrimitiveTest > conversionsTruncateAndZeroExtendAllThreeWidths() PASSED

NarrowWordPrimitiveTest > narrowLiteralsAndCaseAlternativesEnforceCanonicalUnsignedRangesEvenInDiagnosticMode() PASSED

RealCoreCallDemandTest > exportedCallDemandIsSeparateFromWhnfEntryContractsAndSpeculation() PASSED

RealCoreCallDemandTest > genuineOrdinaryPolymorphicLazyAndPartialCallsSurviveCompilation() PASSED

RealCoreEntryContractTest > genuineWorkerContractPreservesFullWidthResultsAndColdBranches() PASSED

RealCoreEntryContractTest > genuineFunctionReturningJoinKeepsTheReturnedArgumentOutsideItsContract() PASSED

RealCoreEntryContractTest > genuinePolymorphicJoinUsesItsErasedValuePrefix() PASSED

RealCoreEntryContractTest > genuineWorkerRetainsTheCoercionSlotBeforeItsMarkedBoxedArgument() PASSED

RealCoreJoinTest > exportedRecursiveJoinIsALocalLoopBeforeAndAfterCompilation() PASSED

RealCoreJoinTest > erasedTypeJoinAndFunctionReturningJoinPreserveTheirValueArity() PASSED

RuntimeTest > cadenzaTailLoopsAndProductiveCafUseBoundedHostStack() PASSED

RuntimeTest > hostKernelAbiRejectsNonIntegralArgumentsAndWrongArity() PASSED

RuntimeTest > constructorCasesDistinguishEqualArityAlternativesBeforeAndAfterCompilation() PASSED

RuntimeTest > selfTailCallsRefreshChangingPrimitiveCapturesAndReplayOriginalCaf() PASSED

RuntimeTest > transportRejectsAmbiguityAndRoundTripsControlCharacters() PASSED

RuntimeTest > recursiveAliasStaysLazyUntilDemanded() PASSED

RuntimeTest > sharingPapAndOverapplicationHaveObservableRuntimeCoverage() PASSED

RuntimeTest > repeatedHostEntryKeepsGuestAndInteropCompilable() PASSED

RuntimeTest > boundedDispatchCacheSurvivesMoreThanThreeTargets() PASSED

RuntimeTest > constructorLayoutsRejectCrossConstructorReadsAndShareNullaryValues() PASSED

RuntimeTest > papPrefixesSurviveRepeatedUnderapplicationAndMegamorphicOverapplication() PASSED

RuntimeTest > recursiveCapturedCellsAndEscapedThunksKeepTheirOwnLexicalValues() PASSED

RuntimeTest > unusedBottomRemainsLazyAndDemandedBottomBlackholes() PASSED

RuntimeTest > constructorLayoutsPreservePrimitiveWidthObjectIdentityAndVoidSlots() PASSED

RuntimeTest > exportedHaskellMatchesNativeGhcBeforeAndAfterGuestCompilation() PASSED

SelfTailProfileTest > firstSelfTailAfterCompiledBaseCaseRemainsStackSafeAndRecompiles() PASSED

SelfTailProfileTest > firstSelfTailAfterCompiledBaseCaseRestoresChangingCaptures() PASSED

SignedNarrowPrimopsTest > everyAddedPrimitiveRejectsWrongAritiesEvenInDiagnosticMode() PASSED

SignedNarrowPrimopsTest > directResultsAreCanonicalWithoutAnIntNToIntConversionMaskingTheResult() PASSED

SignedNarrowPrimopsTest > realCoreAgreesWithNativeAndSignedModelBeforeAndAfterCompilation() PASSED

StrictFieldsTest > unknownStrictFieldLevityStillFailsClosed() PASSED

StrictFieldsTest > strictFieldsShareTheirWhnfWhileAnOrdinaryFieldKeepsItsUnevaluatedThunk() PASSED

StrictFieldsTest > directSaturatedStrictOperandsDoNotAllocateAnImmediatelyForcedThunk() PASSED

StrictFieldsTest > partialConstructorRetainsStrictArgumentLazilyUntilItIsSaturated() PASSED

StrictFieldsTest > strictWorkerForcesIgnoredFieldsInDirectAndFirstClassApplications() PASSED

StrictFieldsTest > realGhcStrictConstructorPreservesPrimitiveValuesBeforeAndAfterCompilation() PASSED

SumLayoutMetadataTest > genuineSumLayoutsEnforceResultCapabilityBoundariesOnBothBackends() PASSED

TailCycleTest > twoRootCyclesReenterLocallyBeforeAndAfterCompilation() PASSED

TailCycleTest > aNonTailEdgeRetainsEveryPendingAddition() PASSED

TailCycleTest > aClonedRootConsumesTransfersTargetingItsOriginalBody() PASSED

TailCycleTest > anInteriorRootHandlesABCDECReturnsAndCanRetargetOutwardToB() PASSED

TailCycleTest > falsePositiveAncestryStillUsesTheTrampolineWhenNoActiveRootMatches() PASSED

TailCycleTest > overapplicationAndNonTailWorkSurviveAnInnerTailCycle() PASSED

TailCycleTest > reentryRestoresChangedCapturesAndPapPrefixesAcrossDifferentArities() PASSED

ThunkDispatchTest > closedAndCapturedThunksKeepTheirArgumentsAfterTargetCacheSaturates() PASSED

ThunkDispatchTest > capturedThunkTailBounceStillUpdatesTheOriginalThunk() PASSED

ThunkRetentionTest > cafEntryTargetsRemainCompilableAfterValuesFunctionsAndFailuresAreMemoized() PASSED

ThunkRetentionTest > aThunkReturningAnotherThunkFailsBeforeEitherCanPublishAnIndirection() PASSED

ThunkRetentionTest > unexpectedFailuresKeepTheSuspensionForAnActualRetry() PASSED

ThunkRetentionTest > nestedForcingThroughTheSameForceNodePublishesSeparateSharedAnswers() PASSED

ThunkRetentionTest > successfulUpdatesReleaseSuspensionsAndRemainShared() PASSED

ThunkRetentionTest > memoizedGuestAndRuntimeFailuresReleaseSuspensionsWithoutRepeatingEffects() PASSED

TypedApplicationTest > partialAndOverapplicationReachTheNumericResultAfterAnIntermediateCapturedFunction() PASSED

TypedApplicationTest > aPolymorphicLiftedResultCanChangeFromDataToClosureAfterCompilation() PASSED

TypedApplicationTest > closedAndCapturedLambdasForwardNumericCaseAndLetResultsToPrimitiveConsumers() PASSED

WordPrimitiveTest > bitCountsCoverEveryPositionNeighborsAndAlternatingPatterns() PASSED

WordPrimitiveTest > wrongAritiesAreRejectedAtLoadEvenInDiagnosticMode() PASSED

WordPrimitiveTest > comparisonsFollowUnsignedOrderIncludingEquality() PASSED

AddressFieldTest > genuineAddressFieldsResidual() PASSED

AddressFieldTest > bothBackendsRejectWrongCarriersAndKeepLazyNeighboursUnforced() PASSED

AddressFieldTest > genuineAddressFieldsInline() PASSED

AddressFieldTest > knownAddressStorageIsFinalAndPreciseEvenWithoutOptionalFieldTypes() PASSED

AddressFieldTest > unliftedAddressComputationRunsBeforePartialApplicationPublication() PASSED

AddressFieldTest > contradictoryFieldProofsAndAggregateAddressBoundariesStayRejected() PASSED

AddressFieldTest > constructorPartialApplicationRetainsAddressAndDefersLazyPayload() PASSED

ArraySliceTest > stateFailureCannotPublishCopyAndOperandsAreEvaluatedInOrder() PASSED

ArraySliceTest > exactSliceSignaturesAndColdPublicFrontierRemainEnforced() PASSED

ArraySliceTest > slicesCopyReferencesIntoIndependentStorageWithFullWidthBounds() PASSED

ArraySliceTest > nativeSlicesAndPublicArrayConsumersAcrossResidualCalls() PASSED

ArraySliceTest > bothBackendsPreserveLazyReferenceIdentityAndRejectInvalidStateAndSlices() PASSED

ArraySliceTest > nativeSlicesAndPublicArrayConsumersWithInlining() PASSED

AstSelfCallTest > polymorphicTailSiteRetainsSelfTransferAfterThreeNegativeTargetCacheEntries() PASSED

AstSelfCallTest > selfTransferSwapsWidePrimitiveArgumentsAndSurvivesColdCompiledRecursion() PASSED

AstSelfCallTest > clonedRootsShareBodyIdentityWhileKeepingIndependentSelfTargetCaches() PASSED

AstSelfCallTest > selfTransferRestoresDistinctEnvironmentsAndTheirRecursiveCells() PASSED

BigNatLiteralTest > originalIntegerNaturalConversionsAcrossResidualCalls() PASSED

BigNatLiteralTest > originalIntegerNaturalConversionsWithInlining() PASSED

BigNatLiteralTest > bignatLiteralAlternativesRemainForbidden() PASSED

BigNatLiteralTest > exactUnliftedLiteralProofRejectsScalarAggregateAndBoxedForgeries() PASSED

BigNatLiteralTest > canonicalPrivateBytesAndCheckedSizeMatchGhcLimbLayout() PASSED

BindingCellMetadataTest > recursiveCapturesKeepCellsWhileClosuresCreatedAfterPublicationCaptureValues() PASSED

BindingCellMetadataTest > ordinaryObjectParametersFieldsAndCapturesNeedNoRecursiveCellReads() PASSED

BindingCellMetadataTest > escapingRecursiveClosuresRetainCellsAfterCaseRefinementAndAcrossInvocations() PASSED

BitPrimopsTest > malformedArityIsRejectedAtLoadEvenWithDiagnosticExecutionEnabled() PASSED

BitPrimopsTest > realCoreMatchesNativeAndBitModelForEveryInstalledEntry() PASSED

BloomValueTest > specializingAnActualCloneDoesNotWidenTheOriginalCache() PASSED

BloomValueTest > actualTailChainsReuseTheirHeaderAndNonTailCallsResetAncestry() PASSED

BloomValueTest > saturatedBloomCollisionStillBouncesAndPreservesPendingWork() PASSED

BloomValueTest > threeWideMasksReuseBoxesAndMegamorphicFallbackPreservesEveryBit() PASSED

BoxedArrayTest > exactShapesLevityAndSaturationAreRequiredInBothLoadModes() PASSED

BoxedArrayTest > publicSTArrayAndLazyElementsWithInlining() PASSED

BoxedArrayTest > bothBackendsRejectBadStateAndBoundsBeforeWritingWithoutForcingPayloads() PASSED

BoxedArrayTest > storageSharesInitialReferencesSnapshotsAndFreezeIdentityWithCheckedDomains() PASSED

BoxedArrayTest > stateIsEvaluatedBeforeEffectsAndFailuresDoNotPublishDestinations() PASSED

BoxedArrayTest > publicSTArrayAndLazyElementsWithoutInlining() PASSED

BoxedLexicalProofTest > contradictoryBoxedOccurrencesAndCaseBindersFailBothLowerers() PASSED

BoxedLexicalProofTest > unknownLevityClassAndEvaluatednessRefineIndependently() PASSED

BoxedLexicalProofTest > genuineBoxedNewtypeCastsPreserveLevityAndLazyFieldsInCompiledCode() PASSED

BoxedValueCacheTest > bothBackendsSwitchBetweenCachedAndFullWidthConstructorsAfterCompilation() PASSED

BoxedValueCacheTest > wiredConstructorIdentitiesAndPrimitiveRepresentationsMatchActualPinnedExports() PASSED

BoxedValueCacheTest > exactGhcRangesReuseImmutableValuesWhileEveryOtherPayloadStaysFullWidth() PASSED

BoxedValueCacheTest > cachesRemainOwnedByTheirLayoutAcrossSharedArrayCarriersAndContexts() PASSED

BoxedValueCacheTest > defaultOffAndNonBuiltinConstructorsKeepOrdinaryAllocation() PASSED

ByteArrayTest > invalidSizesAndIndicesAreGuardedOnBothBackendsWithoutNativeUndefinedInputs() PASSED

ByteArrayTest > lexicalLiftedReferenceCannotBecomeByteArrayByRelabellingAnOccurrence() PASSED

ByteArrayTest > managedStorageHasExactSizeUnsignedBytesIdentityAndGuardedDomain() PASSED

ByteArrayTest > copyEvaluatesAllSixOperandsBeforeTheEffectAndStateFailureDoesNotWrite() PASSED

ByteArrayTest > effectsEvaluateTheStateOperandBeforeWritingAndFailWithoutPublishing() PASSED

ByteArrayTest > copyRangesMatchAnIndependentModelAndRejectInvalidDomainsWithoutWriting() PASSED

ByteArrayTest > copiedRangesAndAllOperandProofsAreCheckedInBothBackends() PASSED

ByteArrayTest > exactShapesArityAndSaturationAreRequiredInBothLoadModes() PASSED

ByteArrayTest > installedShortByteStringAndArrayEffectsMatchNativeAndIndependentModel() PASSED

BytecodeTypedTupleInputTest > zeroWidthStateTupleOperandsExecuteBeforeLaterArgumentsAndLoanAcquisition() PASSED

BytecodeTypedTupleInputTest > typedPairPapScalarSuffixCapturedOverapplicationAndResultLoans() PASSED

BytecodeTypedTupleInputTest > failedReferenceRestoreReleasesInputWithoutTouchingOutstandingResult() PASSED

BytecodeTypedTupleInputTest > genericDispatchKeepsTypedInputsAfterFiveTargets() PASSED

BytecodeTypedTupleInputTest > hiddenTupleCaseProofCannotBeLiftedOrPassedToScalarPrimitive() PASSED

BytecodeTypedTupleInputTest > matchingSelfAndMutualTupleTransfersRestoreLocalsAndRetainBloom() PASSED

BytecodeTypedTupleInputTest > lexicalLongProofsTypeBareAndUnknownScalarOperandsBetweenTuplesAndPapSuffixes() PASSED

BytecodeTypedTupleInputTest > nestedFloatDoubleAndLazyReferenceLeavesStayTyped() PASSED

CallDemandTest > demandedFunctionExpressionsAreForcedToClosureWhnf() PASSED

CallDemandTest > overapplicationDemandsOnlyTheSignaturePrefix() PASSED

CallDemandTest > strictVariableArgumentsForceOneSharedThunkAndKeepLazyEnclosingBindings() PASSED

CallDemandTest > callerDemandIsOptInAndDoesNotChangeAnAlreadyLoweredProgram() PASSED

CallDemandTest > localJoinDemandRetainsTheCoercionSlotWithoutAddingAnEntryContract() PASSED

CallDemandTest > undersaturatedDemandKeepsThePapPrefixLazyAndSharesItAfterSaturation() PASSED

CallDemandTest > ordinaryDemandEliminatesArgumentThunksWithoutChangingUnknownCallsOrFormalContracts() PASSED

CallDemandTest > malformedCallDemandFailsClosedAndMissingMetadataRemainsConservative() PASSED

ClassOwnedLayoutTest > fieldlessOwnersAndArrayFallbackKeepOldCompiledValuesValid() PASSED

ClassOwnedLayoutTest > offModeAndClosedContextsCannotReassignAnExistingOwner() PASSED

ClassOwnedLayoutTest > defaultUsesClassOwnershipAndExplicitFalseKeepsLayoutCarriers() PASSED

ClassOwnedLayoutTest > classReservationIsPermanentAndDescriptorPublicationCannotChangeItsOwner() PASSED

ClassOwnedLayoutTest > ownershipChecksPreservePreciseFieldsLazyFieldsAndAllocationAuthentication() PASSED

CompareByteArraysTest > unsignedRangeModelAliasesAndCompleteDomainGuards() PASSED

CompareByteArraysTest > publicShortByteStringAndRangesWithInlining() PASSED

CompareByteArraysTest > exactSaturationLevityAndPrimitiveProofsAreMandatory() PASSED

CompareByteArraysTest > typedAstEvaluationVisitsAllOperandsInOrderIncludingZeroLength() PASSED

CompareByteArraysTest > publicShortByteStringAndRangesAcrossResidualCalls() PASSED

CompareByteArraysTest > bothBackendsUsePrimitiveReturnAndRejectInvalidRangesAndCarriers() PASSED

ConstructorClassIdentityTest > matchingDistinguishesConstructorsAndRejectsForeignValuesInBothStrategies() PASSED

ConstructorClassIdentityTest > registryOwnershipSpansContextsAndUnexpectedFactoryClassesInvalidateBothOwners() PASSED

ConstructorClassIdentityTest > astAndBytecodeCaseLoweringUseTheSameMatchingSemantics() PASSED

ConstructorClassIdentityTest > compiledMatchTracksPermanentOrInvalidatableClassOwnership() PASSED

CoreKeepAliveTest > tupleCallbackDoesNotStrengthenLiftedPayloadEvaluatedness() PASSED

CoreKeepAliveTest > exactScalarTupleAndExistingSumResultsKeepTheirLogicalIdentity() PASSED

CoreKeepAliveTest > partialContinuationReturnsTheRemainingLiftedFunction() PASSED

CoreKeepAliveTest > liftedKeptBottomStaysLazyAndScalarCallbackResultIsReturnedInWhnf() PASSED

CoreKeepAliveTest > invalidStatePrecedesCallbackThunkForcingAndExceptionsReleaseAllLoans() PASSED

CoreKeepAliveTest > bothLoadersRejectWrongKnownContinuationInputsResultsAndPartialApplicationResults() PASSED

CoreKeepAliveTest > existingBinarySumResultCanBeConsumedWithoutChangingItsAbi() PASSED

CoreMd5ForeignTest > ExactIntegerAndDescriptorKeysRejectNormalizedForgeries() PASSED

CoreMd5ForeignTest > exactThreeContractsAndActualEvaluationFacts() PASSED

CoreMd5ForeignTest > MissingUnknownAndDynamicTargetsRetainOrdinaryResolution() PASSED

CoreMd5ForeignTest > EveryResultSiteRequiresOneExactStateComponent() PASSED

CoreMd5ForeignTest > DeclaredActualAndSymbolProofsCannotContradictEachOther() PASSED

CoreMd5ForeignTest > ActualArityAndEveryUnliftedFlagAreExact() PASSED

CoreMd5ForeignTest > KnownSymbolsRequireOriginalUnitStaticFunctionUnsafeCcall() PASSED

CoreMd5ForeignTest > EveryDeclaredAndActualScalarSlotRejectsWrongOrAggregateProofs() PASSED

CoreProofJoinTest > recursivePrimitiveJoinUsesParallelMovesAndReturnsToNonTailContinuation() PASSED

CoreProofJoinTest > mutualJoinsAndNestedOuterTransfersStayInTheirLexicalRegion() PASSED

CoreProofJoinTest > nonrecursiveShadowedJoinRhsTransfersToItsLexicalAncestor() PASSED

CoreProofJoinTest > exportedEvaluatedCafAndRecursiveAliasesStillForceIntroducedThunks() PASSED

CoreProofJoinTest > provenLongCapturesPreserveFullWidthValuesWithoutAnObjectArm() PASSED

CoreProofJoinTest > invalidJoinUsesRejectAtLoadRatherThanEscapingIntoClosures() PASSED

CoreProofJoinTest > representationMetadataRequiresExactCarriersAndPreservesLegacyUnknown() PASSED

CoreProofJoinTest > deeplyNestedNonrecursiveJoinsAreBranchesIncludingInClonedCompiledTargets() PASSED

CoreSourceTest > unverifiedCoordinatesNeverIndexAvailableSourceText() PASSED

CoreSourceTest > sourceNotesAttachToTypedAstAndRootsWithoutAddingExecutionNodes() PASSED

CoreSourceTest > realGhcSourceNotesReachTypedRootsAndLocalJoinNodes() PASSED

CoreSourceTest > characterOffsetsUseUtf16WithoutReencodingUnicodeSource() PASSED

CoreSourceTest > missingSourceContentRetainsLocationsAndOriginalExclusiveProvenance() PASSED

DataToTagTest > nativeFamiliesWithInlining() PASSED

DataToTagTest > demandedOuterValueLeavesFieldsLazyAndReturnsExactCompiledTags() PASSED

DataToTagTest > exactFamilyVariantAndMetadataRequiredAtLoad() PASSED

DataToTagTest > genuineInvalidFamilyAndBarePrimitiveFrontiersStayRejected() PASSED

DataToTagTest > typedDataOperandExecutesExactlyOnceBeforeTagSelection() PASSED

DataToTagTest > nativeFamiliesAcrossResidualCalls() PASSED

DiagnosticTupleTest > coldUnsupportedTupleLoadsOnlyInDiagnosticModeAndTrapsWhenDemanded() PASSED

DoubleArrayNativeTest > invalidElementOffsetsAreGuardedOnBothBackendsWithoutNativeUndefinedAccesses() PASSED

DoubleArrayNativeTest > nativePublicArraysAndBitMovementWithInlining() PASSED

DoubleArrayNativeTest > exactDoubleStateShapesAndSaturationAreRequiredInBothLoadModes() PASSED

DoubleArrayNativeTest > nativePublicArraysAndBitMovementAcrossResidualCalls() PASSED

DoubleArrayTest > rawMovementPreservesDefinedBitsInSharedByteStorage() PASSED

DoubleArrayTest > statePrecedesMemoryAccessAndOnlySuccessfulReadsPublishPrimitiveDouble() PASSED

DoubleArrayTest > boundsRejectIncompleteElementsAndIndexOverflowWithoutWrites() PASSED

EmptyArgumentRuntimeTest > emptyInputAndLazyReferenceTupleResultUseSeparateLoansAndRecoverAfterThrow() PASSED

EmptyArgumentRuntimeTest > exactEmptyInputsRemainDistinctFromStateContractsAndSupportedNestedZeroWidthTuples() PASSED

EmptyArgumentRuntimeTest > mixedTargetPrefixesAndOverapplicationUsePhysicalSlicesAfterThePicBecomesGeneric() PASSED

EmptyArgumentRuntimeTest > selfAndMutualTailCallsForwardUsedEmptyFormalsWithoutHostStackGrowth() PASSED

EmptyArgumentRuntimeTest > emptyOnlyPapPrefixesAndOverapplicationKeepLogicalArityWithoutPayloadSlots() PASSED

EmptyArgumentRuntimeTest > rawLiftedEmptyFlagCannotBeHiddenByStrictDemandAndRecursiveAliasesKeepInputProofs() PASSED

EmptyArgumentRuntimeTest > dynamicMasksRejectScalarStateAndBoxedUnitWithoutInventingEmptyProofs() PASSED

EmptyArgumentRuntimeTest > emptyComputationsRunBeforeLaterOperandsAndPapPublicationAndReleaseResultsOnThrow() PASSED

EmptyJoinInputTest > genuineEmptyJoinInputsAcrossResidualCalls() PASSED

EmptyJoinInputTest > emptyOperandRunsInLogicalOrderBeforeParallelMovesAndFailureTransfersNothing() PASSED

EmptyJoinInputTest > genuineThrowingEmptyOperandIsNotErasedAndRecoveryReleasesResults() PASSED

EmptyJoinInputTest > genuineEmptyJoinInputsWithInlining() PASSED

EmptyJoinInputTest > shapeLevityAndUnknownProofsRejectAtLoadWithoutWideningJoinFrontier() PASSED

EmptyJoinInputTest > exactEmptyInputHasNoLocalSlotOnEitherBackendAndKeepsLogicalArity() PASSED

EmptyTupleInputNativeTest > independentScalarInputsKeepCompiledEntryAndCompactPositions() PASSED

EmptyTupleInputNativeTest > genuineEmptyInputsExecuteInlinedWithInstalledHostAndGuestEntries() PASSED

EmptyTupleInputNativeTest > nativeEmptyProducerFailurePrecedesDeadFormalOrPapAndLeavesNoLoans() PASSED

EmptyTupleInputNativeTest > genuineEmptyInputsExecuteAcrossResidualCallsWithInstalledHostAndGuestEntries() PASSED

EntryContractTest > malformedEntryContractsFailAtLoad() PASSED

EntryContractTest > megamorphicCallsEnforceAndShareStrictPapPrefixes() PASSED

EntryContractTest > strictJoinPrefixDoesNotStrictifyTheReturnedFunctionSuffix() PASSED

EntryContractTest > papPrefixStaysLazyUntilSaturationAndItsThunkIsSharedAfterward() PASSED

EntryContractTest > overapplicationEnforcesOnlyTheSaturatedFirstFunctionBeforeApplyingItsResult() PASSED

EntryContractTest > knownWorkerCompilesStrictOperandsDirectlyWhileUnknownCallsEnforceTheSameContract() PASSED

EntrySelfCallTest > directSelfPapPrefixForcesEvenUnusedStrictFormalsBeforeReentry() PASSED

EntrySelfCallTest > ancestorReentryReceivesForcedArgumentsThroughUnknownCalls() PASSED

Explicit64PrimopsTest > malformedAritiesAndWord64LiteralsRejectAtLoadIncludingCaseAlternatives() PASSED

Explicit64PrimopsTest > sharedLongCarrierDoesNotPermitReplacingInt64ProofWithWord64() PASSED

Explicit64PrimopsTest > exactNativeScalarEntriesAgreeWithIndependentModelAndInstalledCode() PASSED

FloatArrayTest > boundsExcludePartialElementsAndHugeIndicesBeforeAnyWrite() PASSED

FloatArrayTest > rawFloatMovementUsesFourSharedBytesWithoutNumericalConversion() PASSED

FloatArrayTest > statePrecedesAccessAndOnlySuccessfulReadsPublishPrimitiveFloat() PASSED

FloatWordArrayNativeTest > invalidElementOffsetsAreGuardedOnBothBackendsWithoutNativeUndefinedAccesses() PASSED

FloatWordArrayNativeTest > exactFloatAndWordStateShapesAndSaturationAreRequiredInBothLoadModes() PASSED

FloatWordArrayNativeTest > nativePublicArraysAndFloatMovementWithInlining() PASSED

FloatWordArrayNativeTest > nativePublicArraysAndFloatMovementAcrossResidualCalls() PASSED

FloatingPrimitiveTest > floatingCaseValidationChecksEveryKnownAlternativeWithoutOrderDependence() PASSED

FloatingPrimitiveTest > floatingSelfTransfersRejectWrongPrimitiveCarriers() PASSED

FloatingPrimitiveTest > exactFloatingTupleProofsDoNotEnableFloatingLiteralAlternatives() PASSED

FloatingPrimitiveTest > nativeArithmeticRoundingNonFiniteComparisonsAndStorageMatchBothCompiledBackends() PASSED

FloatingPrimitiveTest > previouslyColdNaNsInfinitiesSubnormalsAndSignedZerosRemainCorrectAfterCompilation() PASSED

FloatingPrimitiveTest > fieldsAndCapturesHaveConcreteFloatingStorageAndPreserveBits() PASSED

FloatingTupleTest > equalPhysicalWidthsCannotEraseNestedTupleIdentity() PASSED

FloatingTupleTest > compiledResidualProducerPreservesNativeIeeeBits() PASSED

FloatingTupleTest > wholeNestedTupleCaseBinderCopiesFloatingSlotsOnBothBackends() PASSED

FloatingTupleTest > nativeComplexAndMixedResultsExecuteAcrossResidualCalls() PASSED

FloatingTupleTest > floatingTupleInputsKeepScalarHandoffAndHostAggregateFrontiersDistinct() PASSED

FloatingTupleTest > concreteFieldsPreserveNanPayloadsAndReleaseOnlyReferences() PASSED

FloatingTupleTest > nativeComplexAndMixedResultsExecuteInlined() PASSED

ForcedBindingTest > repeatedLocalDemandsBypassThunkHeadersButSeparateAliasesKeepSharing() PASSED

ForcedBindingTest > recursiveCellIdentitySurvivesStrictRhsForcingBeforeGroupPublication() PASSED

ForcedBindingTest > astForcingReplacesOnlyTheDemandedLocalAndRetainsSharedThunkAliases() PASSED

ForcedBindingTest > preexistingCapturesKeepTheirFinalThunkReferenceWhileTheirRestoredLocalUpdates() PASSED

ForcedBindingTest > failedForcingLeavesLocalLinksPointingAtTheMemoizedFailure() PASSED

HandoffReferenceTest > rejectedPacketsClearReferencesBeforeBodyEntryAndAllowReuse() PASSED

HandoffReferenceTest > referenceTailCyclesAndCapturedPapPrefixesKeepNaturalResults() PASSED

HandoffReferenceTest > referenceResultsPreserveIdentityNestedValuesAndLazyInputs() PASSED

HandoffReferenceTest > referenceSnapshotsSurviveReleaseFailureDeoptimizationAndReuse() PASSED

HandoffTest > nestedNonTailCallsKeepDistinctResultsAcrossCompilationAndReuse() PASSED

HandoffTest > interiorCReentryThenOutwardBReentryRemainInActiveRoots() PASSED

HandoffTest > interiorTailCyclesForwardDestinationAndReuseIncomingLoan() PASSED

HandoffTest > forcedResidualCallsSupportMultipleAncestorCyclesAndPhysicalRepAliases() PASSED

HandoffTest > lazyReferencePrefixesAndCapturedEnvironmentsRemainOwnedAcrossResidualCalls() PASSED

HandoffTest > lexicalForksKeepOuterFormalsAcrossResidualCallsAndCarrierReuse() PASSED

HandoffTest > retainedMaterializedFramesAndExceptionalCleanupSurviveReuse() PASSED

HandoffTest > internedRepVectorsGenerateMutableDenseFieldsAndSeparateLifetimes() PASSED

HostBoundaryCompilationTest > astCompilationRestoresTheRetiredBoundary() PASSED

HostBoundaryCompilationTest > bytecodeCompilationRestoresTheRetiredBoundary() PASSED

HostEntryCompilationTest > bytecodeHostCompilationFollowsTheActiveSplit() PASSED

HostEntryCompilationTest > astHostCompilationFollowsTheActiveSplit() PASSED

Int16ArrayNativeTest > exactNarrowStateShapesAndSaturationAreRequiredInBothLoadModes() PASSED

Int16ArrayNativeTest > invalidElementOffsetsAreGuardedOnBothBackendsWithoutNativeUndefinedAccesses() PASSED

Int16ArrayNativeTest > nativePublicArraysAndByteAliasesAcrossResidualCalls() PASSED

Int16ArrayNativeTest > genuineNoinlineNarrowLiteralsRefineUnknownProofsInCompiledCode() PASSED

Int16ArrayNativeTest > nativePublicArraysAndByteAliasesWithInlining() PASSED

Int16ArrayTest > byteAliasesAcrossOneAndTwoAndWideViewsShareTheSameStorage() PASSED

Int16ArrayTest > statePrecedesAccessAndFailedReadsNeverPublish() PASSED

Int16ArrayTest > fullWidthBoundsExcludePartialElementsBeforeScalingOrWriting() PASSED

Int16ArrayTest > everySixteenBitPatternHasIndependentSignedAndUnsignedResults() PASSED

Int16ArrayTest > twoByteStorageNarrowsAndWidensWithoutChangingIdentityOrAdjacentBytes() PASSED

Int32ArrayNativeTest > exactNarrowStateShapesAndSaturationAreRequiredInBothLoadModes() PASSED

Int32ArrayNativeTest > invalidElementOffsetsAreGuardedOnBothBackendsWithoutNativeUndefinedAccesses() PASSED

Int32ArrayNativeTest > nativePublicArraysAndByteAliasesAcrossResidualCalls() PASSED

Int32ArrayNativeTest > genuineNoinlineNarrowLiteralsRefineUnknownProofsInCompiledCode() PASSED

Int32ArrayNativeTest > nativePublicArraysAndByteAliasesWithInlining() PASSED

Int32ArrayTest > fourByteStorageNarrowsAndWidensWithoutChangingIdentityOrAdjacentBytes() PASSED

Int32ArrayTest > statePrecedesAccessAndFailedReadsNeverPublish() PASSED

Int32ArrayTest > fullWidthBoundsExcludePartialElementsBeforeScalingOrWriting() PASSED

Int32ArrayTest > byteAliasesAcrossThreeAndFourAndWideViewsShareTheSameStorage() PASSED

Int32VectorMemoryProofTest > immediateReadCasesRejectEscapesWrongShapesAndPatternMetadata() PASSED

Int32VectorMemoryProofTest > allOperationsRejectWrongArgumentsFlagsArityAndResultProofs() PASSED

Int32VectorMemoryProofTest > installedGuestBoundsFailuresDeoptimizeWithoutEffectsAndRecover() PASSED

Int32VectorMemoryProofTest > directAstOperandsPreserveStateOrderAndDoNotPublishFailedLoads() PASSED

Int32VectorMemoryProofTest > allSixExactContractsExecuteOnBothBackendsInBothLoadModes() PASSED

Int32VectorMemoryProofTest > stateExpressionsRunBeforeReadOrWriteAndFailurePrecedesVectorBounds() PASSED

Int32VectorStorageTest > smallArrayBoundariesAndFullWidthIndicesMatchIndependentByteModels() PASSED

Int32VectorStorageTest > byteAliasesAndOverlappingStoresObserveWritesButKeepLoadedLanes() PASSED

Int32VectorStorageTest > everyLaneBitAndSignedPatternsUseNativeOrderAtBothOffsetUnits() PASSED

Int8ArrayNativeTest > exactNarrowStateShapesAndSaturationAreRequiredInBothLoadModes() PASSED

Int8ArrayNativeTest > invalidElementOffsetsAreGuardedOnBothBackendsWithoutNativeUndefinedAccesses() PASSED

Int8ArrayNativeTest > nativePublicArraysAndByteAliasesAcrossResidualCalls() PASSED

Int8ArrayNativeTest > nativePublicArraysAndByteAliasesWithInlining() PASSED

Int8ArrayTest > everyBytePatternHasExactSignedAndUnsignedLongResultsAndSharedIdentity() PASSED

Int8ArrayTest > statePrecedesReadAndWriteAndFailedReadNeverPublishes() PASSED

Int8ArrayTest > fullWidthBoundsFailBeforeNarrowingOrWritingIncludingEmptyStorage() PASSED

IntArrayNativeTest > genuinePublicArraysAndPrimitiveAliasesMatchNativeAndIndependentModel() PASSED

IntArrayNativeTest > exactIntStateShapesSaturationAndLevityAreRequiredInBothLoadModes() PASSED

IntArrayNativeTest > invalidElementIndicesFailOnBothBackendsWithoutComparingNativeUndefinedAccesses() PASSED

IntArrayTest > elementBoundsRejectPartialWordsAndOverflowBeforeAnyWrite() PASSED

IntArrayTest > stateRunsBeforeReadOrWriteAndFailureDoesNotPublish() PASSED

IntArrayTest > fullWidthNativeEndianStorageAliasesBytesAndKeepsAllocationIdentity() PASSED

JoinWhnfProofTest > recursiveDataJoinsKeepWhnfWhileLazyReturningJoinsRemainLazy() PASSED

JoinWhnfProofTest > nonrecursiveDataJoinsKeepWhnfWhileLazyReturningJoinsRemainLazy() PASSED

LeadingCaseReturnTest > otherUsedFormalValidationAndUnprovenResultsCannotBeSkipped() PASSED

LeadingCaseReturnTest > unusedStrictFormalsAreForcedBeforeShortcutAndPapPrefixesOnlyAtSaturation() PASSED

LeadingCaseReturnTest > capturedEnvironmentOffsetAndOverapplicationRemainCorrect() PASSED

LeadingCaseReturnTest > diagnosticReplacementCannotAcquireARecipeButAnUnsupportedColdBodyCan() PASSED

LeadingCaseReturnTest > unmarkedThunkScrutineeFallsBackWhileMarkedScrutineeCanReturnAfterForcing() PASSED

LeadingCaseReturnTest > sourceNotesAndClonedRecipesPreserveAttributionWithoutAddingRootEntries() PASSED

LeadingCaseReturnTest > onlyCompiledDirectCallsShortcutAndPreservePendingWorkAndFullWidthResults() PASSED

ManagedAddressStorageTest > finalBackingReferencesSeparateMutableStorageFromLiteralCompilationConstants() PASSED

ManagedAddressStorageTest > overlapUsesBackingIdentityAndExactNonemptyRegions() PASSED

ManagedAddressStorageTest > literalRawBytesAndTrailingNulStayImmutableThroughEveryDerivedAddress() PASSED

ManagedAddressStorageTest > completeRangesRejectFullWidthOverflowBeforeEffects() PASSED

ManagedAddressStorageTest > fullWidthBoundsMatchIndependentArithmeticAndFailedWritesHaveNoEffects() PASSED

ManagedAddressStorageTest > aliasesIncludingUnsafeFrozenArraysSeeEveryWriteAndUnsignedByte() PASSED

ManagedMd5Test > publishedDigestVectorsAndLiteralInputUseOnlyVisibleContext() PASSED

ManagedMd5Test > everyMemcpyOverlapIsRejectedBeforeEvenEarlierDisjointCopies() PASSED

ManagedMd5Test > malformedLengthsRangesAndLiteralDestinationsFailBeforeAnyEffect() PASSED

ManagedMd5Test > exactNativeContextSnapshotsAndDefinedAliasesMatchPinnedC() PASSED

Md5ForeignCallTest > mainUnitAndMissingDescriptorsNeverSelectTheAdapter() PASSED

Md5ForeignCallTest > compiledClosedCallsUseVisibleStorageAndEraseOnlyTheStateResult() PASSED

MutVarTest > publicSTRefEqualityWithInlining() PASSED

MutVarTest > stateFailurePrecedesMutationAndTuplePublication() PASSED

MutVarTest > nativeSTRefWithInliningAndBoundedGraalSpeculationWarmup() PASSED

MutVarTest > publicSTRefEqualityAcrossResidualCalls() PASSED

MutVarTest > exactShapesAritySaturationAndLevityAreRequiredInBothLoadModes() PASSED

MutVarTest > managedReferencePreservesAliasesAndDoesNotEvaluateOrCacheContents() PASSED

MutVarTest > bothBackendsRejectBadStateBeforeWritingAndKeepLiftedContentsLazy() PASSED

MutVarTest > nativeSTRefAcrossResidualCalls() PASSED

MutableByteArrayTest > exactArityIntFillStateAndUnliftedReferenceProofsAreRequired() PASSED

MutableByteArrayTest > nativeFillsMovesAndPublicReplicateWithInlining() PASSED

MutableByteArrayTest > allOperandsAndStateAreEvaluatedBeforeMutation() PASSED

MutableByteArrayTest > nativeFillsMovesAndPublicReplicateAcrossResidualCalls() PASSED

MutableByteArrayTest > fullWidthDomainsFillTruncationAndOverlapPoliciesPreserveStorage() PASSED

MutableByteArrayTest > compiledTypedBackendsMutateExactBytesAndGuardStateBoundsAndOverlap() PASSED

OperandRetentionTest > joinTransferReleasesCompletedOperandsButDoesNotMoveOrClearOnOperandFailure() PASSED

OperandRetentionTest > selfTransferReleasesEveryOperandIncludingUnusedFormalsWithoutWideningSlots() PASSED

PinnedAddressTest > nativePinnedAddressesAndLazyKeepAliveWithInlining() PASSED

PinnedAddressTest > statePrecedesMemoryEffectsAndFailedReadsDoNotPublish() PASSED

PinnedAddressTest > keepAliveEvaluatesKeptReferenceAndStateThenRunsActionExactlyOnce() PASSED

PinnedAddressTest > allocationChecksFullWidthSizeAndPowerOfTwoAlignment() PASSED

PinnedAddressTest > nativePinnedAddressesAndLazyKeepAliveAcrossResidualCalls() PASSED

PointerEqualityTest > sharedAndDistinctReferencesIncludeUnevaluatedAndUpdatedThunks() PASSED

PointerEqualityTest > forcingOneLocalDoesNotFollowASeparateAliasUntilThatAliasIsDemanded() PASSED

PointerEqualityTest > malformedAritiesRemainLoadErrorsEvenInDiagnosticMode() PASSED

PointerEqualityTest > resultFeedsFullWidthArithmeticOnBothIdentityBranches() PASSED

PointerEqualityTest > onlyTheChosenFallbackBranchMayEnterABottom() PASSED

ReferenceCaptureTest > lazyAndCaseRefinedRecursiveCapturesRetainTheirPhysicalStorage() PASSED

ReferenceCaptureTest > preciseReferenceAndPrimitiveCapturesRoundTripThroughBothStorageEntrypoints() PASSED

ReferenceCaptureTest > compiledEscapedClosuresKeepDataFunctionsAndLiteralAddressesPrecise() PASSED

ReferenceFieldTest > strictDataAndClosureFieldsArePreciseWhileLazyAndPolymorphicFieldsRemainGeneric() PASSED

ReferenceFieldTest > constructorProofsMustAlignWithBothStorageAndWorkerEvaluation() PASSED

ReferenceFieldTest > typedConstructorPapKeepsItsStrictPrefixLazyUntilSaturation() PASSED

ReferenceFormalTest > concreteReferenceFormalsSurviveDirectAndAncestorParallelMoves() PASSED

ReferenceFormalTest > checkedReferenceEntryRejectsNullButDoesNotStrictifyLazyData() PASSED

ResizeByteArrayTest > compiledBackendsReturnTheExactStorageAndGuardStateAndInvalidCarriers() PASSED

ResizeByteArrayTest > exactSaturationStateReferenceAndLogicalPairProofsAreRequired() PASSED

ResizeByteArrayTest > managedResizePreservesThePrefixAndRejectsFullWidthInvalidLengths() PASSED

ResizeByteArrayTest > nativeResizePrefixAndRepeatedWritesAcrossResidualCalls() PASSED

ResizeByteArrayTest > nativeResizePrefixAndRepeatedWritesWithInlining() PASSED

ResizeByteArrayTest > stateIsEvaluatedBeforeAllocationAndFailureDoesNotPublish() PASSED

ScalarBitCastTest > everyFloatNanEncodingAndSelectedDoubleNanPayloadsRemainExact() PASSED

ScalarBitCastTest > nativeRawBitsAcrossResidualCalls() PASSED

ScalarBitCastTest > typedNodesKeepRawBitsAndNeverUseBoxedOperandExecution() PASSED

ScalarBitCastTest > directTypedCallsPreserveBitsWithExactlyOneCompiledEntryAndRejectWrongCarriers() PASSED

ScalarBitCastTest > exactKindsSignednessArityAndScalarFrontiersAreChecked() PASSED

ScalarBitCastTest > nativeRawBitsWithInlining() PASSED

ScalarLexicalProofTest > tupleAndScalarArithmeticRejectContradictoryLexicalProofs() PASSED

ScalarLexicalProofTest > genuineUnliftedNewtypeCastsKeepTheirScalarRepresentation() PASSED

ScalarLexicalProofTest > absentUnknownAndMatchingScalarProofsRemainCompatible() PASSED

ScalarPrimitiveSignatureTest > nativeNewtypeCastsAroundScalarArithmeticAndConversionKeepCompiledEntries() PASSED

ScalarPrimitiveSignatureTest > genuineScalarApplicationsRejectConsistentlyForgedArgumentsAndResults() PASSED

ScalarPrimitiveSignatureTest > missingUnknownAndCorrectLegacyMetadataRemainCompatible() PASSED

ShortByteStringSliceTest > publicSlicesWithInlining() PASSED

ShortByteStringSliceTest > completeAppendAndConcatOverflowPathsRemainStrictFrontiers() PASSED

ShortByteStringSliceTest > publicSlicesAcrossResidualCalls() PASSED

ShowIntTest > publicShowAndEveryCharacterWithInlining() PASSED

ShowIntTest > publicShowAndEveryCharacterAcrossResidualCalls() PASSED

ShowWordListTest > publicWordAndListCharactersWithInlining() PASSED

ShowWordListTest > publicWordAndListCharactersAcrossResidualCalls() PASSED

SimdDoubleVectorTest > exactShapeAndVectorBackedStorageRemainDistinctFromDoubleTuple() PASSED

SimdDoubleVectorTest > primitiveLanesPreserveMovementBitsAndBinary64Arithmetic() PASSED

SimdDoubleVectorTest > genuineCoreMatchesAvailableOracleAndEntersCompiledCodeForEveryInput() PASSED

SimdDoubleVectorTest > bothLoadersRejectForgedVectorProofsAndVectorFormalArguments() PASSED

SimdDoubleVectorTest > unknownLaneKindCannotHideFloatLiteralInVectorBroadcast() PASSED

SimdFloatVectorTest > primitiveLanesPreserveMovementBitsAndBinary32Arithmetic() PASSED

SimdFloatVectorTest > exactShapeAndVectorBackedStorageRemainDistinctFromFloatTuple() PASSED

SimdFloatVectorTest > bothLoadersRejectForgedVectorProofsAndVectorFormalArguments() PASSED

SimdFloatVectorTest > unknownLaneKindCannotHideDoubleLiteralInVectorBroadcast() PASSED

SimdFloatVectorTest > genuineCoreMatchesNativeAndEntersCompiledCodeForEveryInput() PASSED

SimdInt16VectorTest > literalRefinementAndUnliftedFlagsAreCheckedBeforeExecution() PASSED

SimdInt16VectorTest > allBitPatternsAndDistinctLanesWrapWithoutSaturationOrHighProduct() PASSED

SimdInt16VectorTest > nativeCoreHasExactCompiledEntriesWithoutInlining() PASSED

SimdInt16VectorTest > exactShapeRequiresEightShortFieldsAndEightInt16TupleLanes() PASSED

SimdInt16VectorTest > nativeCoreHasExactCompiledEntriesWithInlining() PASSED

SimdInt16VectorTest > bothLoadersRetainVectorBoundaryAndRejectForgedShapes() PASSED

SimdInt32ByteArrayTest > preparationModeRejectsCorruptionAndNativeDowngrades() PASSED

SimdInt32ByteArrayTest > nativeMemoryCoreHasExactCompiledEntriesWithInlining() PASSED

SimdInt32ByteArrayTest > nativeMemoryCoreHasExactCompiledEntriesWithoutInlining() PASSED

SimdInt32ByteArrayTest > genuineExportedVectorBoundariesRemainRejected() PASSED

SimdInt32ByteArrayTest > publicHostTupleResultsRejectAtLoadOrTrapBeforeArgumentNormalization() PASSED

SimdInt32MultiplyTest > bothLoadersRequireUnliftedOperandsAndCanonicalSignedLiterals() PASSED

SimdInt32MultiplyTest > multiplicationKeepsExactSignedFourLaneContract() PASSED

SimdInt32MultiplyTest > bothLoadersRetainSignednessAndCallingFrontier() PASSED

SimdInt32MultiplyTest > nativeCoreHasExactCompiledEntriesWithoutInlining() PASSED

SimdInt32MultiplyTest > nativeCoreHasExactCompiledEntriesWithInlining() PASSED

SimdInt32MultiplyTest > productsKeepLowBitsThenSignExtendWithoutSaturationOrHighProduct() PASSED

SimdInt32VectorTest > exactInt32VectorIdentityAndDenseDurableStorage() PASSED

SimdInt32VectorTest > vectorFormalJoinRemainsUnsupported() PASSED

SimdInt32VectorTest > realInt32CorePreservesSignedLanesAndEntersCompiledCodeForEveryRow() PASSED

SimdInt8VectorTest > literalRefinementAndUnliftedFlagsAreCheckedBeforeExecution() PASSED

SimdInt8VectorTest > allBitPatternsAndDistinctLanesWrapWithoutSaturationOrHighProduct() PASSED

SimdInt8VectorTest > nativeCoreHasExactCompiledEntriesWithoutInlining() PASSED

SimdInt8VectorTest > nativeCoreHasExactCompiledEntriesWithInlining() PASSED

SimdInt8VectorTest > canonicalInt8LiteralsAndAlternativesRejectOutOfRangeAndNoncanonicalText() PASSED

SimdInt8VectorTest > exactShapeRequiresSixteenByteFieldsAndSixteenInt8TupleLanes() PASSED

SimdInt8VectorTest > bothLoadersRetainVectorBoundaryAndRejectForgedShapes() PASSED

SimdVectorTest > exactVectorCaseStaysLocalAndExecutesCompiled() PASSED

SimdVectorTest > caseCannotHideAVectorBoundaryWhenMetadataIsMissing() PASSED

SimdVectorTest > vectorCallAndResultBoundariesStayExplicitlyUnsupported() PASSED

SimdVectorTest > realCoreVectorArithmeticRemainsInstalledAfterCompiledExecution() PASSED

SimdVectorTest > exactVectorMetadataAndDurableStorageAreDistinctFromTuples() PASSED

SimdVectorTest > vectorJoinFormalRejectsWithoutAnEarlierVectorLet() PASSED

SimdWord16VectorTest > literalRefinementAndUnliftedFlagsAreCheckedBeforeExecution() PASSED

SimdWord16VectorTest > nativeCoreHasExactCompiledEntriesWithoutInlining() PASSED

SimdWord16VectorTest > nativeCoreHasExactCompiledEntriesWithInlining() PASSED

SimdWord16VectorTest > exactShapeRequiresEightShortFieldsAndEightWord16TupleLanes() PASSED

SimdWord16VectorTest > bothLoadersRetainVectorBoundaryAndRejectForgedShapes() PASSED

SimdWord16VectorTest > allBitPatternsAndBoundaryPairsWrapWithoutSaturationOrHighProduct() PASSED

SimdWord16VectorTest > canonicalWord16LiteralsAndAlternativesRejectOutOfRangeAndNoncanonicalText() PASSED

SimdWord32ByteArrayTest > preparationModeRejectsCorruptionAndNativeDowngrades() PASSED

SimdWord32ByteArrayTest > nativeMemoryCoreHasExactCompiledEntriesWithInlining() PASSED

SimdWord32ByteArrayTest > nativeMemoryCoreHasExactCompiledEntriesWithoutInlining() PASSED

SimdWord32ByteArrayTest > genuineExportedVectorBoundariesRemainRejected() PASSED

SimdWord32ByteArrayTest > publicHostTupleResultsRejectAtLoadOrTrapBeforeArgumentNormalization() PASSED

SimdWord32VectorTest > literalRefinementAndUnliftedFlagsAreCheckedBeforeExecution() PASSED

SimdWord32VectorTest > nativeCoreHasExactCompiledEntriesWithoutInlining() PASSED

SimdWord32VectorTest > nativeCoreHasExactCompiledEntriesWithInlining() PASSED

SimdWord32VectorTest > canonicalWord32LiteralsAndAlternativesRejectOutOfRangeAndNoncanonicalText() PASSED

SimdWord32VectorTest > sampledBitPatternsAndBoundaryPairsWrapWithoutSaturationOrHighProduct() PASSED

SimdWord32VectorTest > bothLoadersRetainVectorBoundaryAndRejectForgedShapes() PASSED

SimdWord32VectorTest > exactShapeRequiresFourIntFieldsAndFourWord32TupleLanes() PASSED

SimdWord8VectorTest > literalRefinementAndUnliftedFlagsAreCheckedBeforeExecution() PASSED

SimdWord8VectorTest > allBitPatternsAndDistinctLanesWrapWithoutSaturationOrHighProduct() PASSED

SimdWord8VectorTest > canonicalWord8LiteralsAndAlternativesRejectOutOfRangeAndNoncanonicalText() PASSED

SimdWord8VectorTest > exactShapeRequiresSixteenByteFieldsAndSixteenWord8TupleLanes() PASSED

SimdWord8VectorTest > nativeCoreHasExactCompiledEntriesWithoutInlining() PASSED

SimdWord8VectorTest > nativeCoreHasExactCompiledEntriesWithInlining() PASSED

SimdWord8VectorTest > bothLoadersRetainVectorBoundaryAndRejectForgedShapes() PASSED

SourceCloneTest > actualClonedTargetsRetainRootAndChildLocationsBeforeAndAfterCompilation() PASSED

SqrtPrimitiveTest > sqrtRequiresItsExactOperandAndResultProofs() PASSED

SqrtPrimitiveTest > publicSqrtMatchesNativeWithInlining() PASSED

SqrtPrimitiveTest > coldNaNsNegativesSubnormalsAndZeroSignsDoNotInvalidateCompiledSqrt() PASSED

SqrtPrimitiveTest > publicSqrtMatchesNativeAcrossResidualCalls() PASSED

StateTupleTest > nativeStateTuplesExecuteAcrossResidualCalls() PASSED

StateTupleTest > ignoredStateFieldStillExecutesAndThrowsBeforeTupleCompletion() PASSED

StateTupleTest > logicalStateAndNestedEmptyTupleFieldsHaveNoPhysicalSlots() PASSED

StateTupleTest > zeroWidthStateCannotBeReinterpretedAsAnEmptyTuple() PASSED

StateTupleTest > nativeStateTuplesExecuteInlined() PASSED

StateTupleTest > legacyOperandWithoutProofMustStillProduceTheVoidCarrier() PASSED

StaticShapeSafetyTest > ownedStorageRejectsForgedKeysAndCrossLayoutAccessInBothStrategies() PASSED

StaticShapeSafetyTest > engineCanForceChecksDespiteThePerShapeExperiment() PASSED

SumProtocolTest > intrinsicScalarColdArmCannotSatisfyAggregateResultWithoutMetadata() PASSED

SumProtocolTest > exactLogicalAndPhysicalProofsRejectMalformedOrUnsupportedSums() PASSED

SumProtocolTest > malformedColdConstructorAndCaseProofsRejectOnBothBackends() PASSED

SumProtocolTest > inferredSumCannotCrossOrdinaryArgumentBoundaryWhenOuterProofIsOmitted() PASSED

SumProtocolTest > sumAndTuplePayloadBindingsShadowOuterJoinWithoutChangingProjectionSlots() PASSED

SumProtocolTest > inactiveReferencesAreClearedBeforeResidualCompletionAndShapeFailureReleasesLoan() PASSED

SumProtocolTest > defaultAndNonExhaustiveSumCasesConsumeAndReleaseResults() PASSED

SumProtocolTest > publicHostRejectsKnownAliasToSumResult() PASSED

SumProtocolTest > realSumProducerMaterializesFreshCarrierAcrossDeoptWithoutPoolLoan() PASSED

SumResultTest > nativeResultsResidual() PASSED

SumResultTest > originalFrontierResultsResidual() PASSED

SumResultTest > originalFrontierResultsInline() PASSED

SumResultTest > independentPairInputsResidual() PASSED

SumResultTest > extendedNativeResultsResidual() PASSED

SumResultTest > extendedNativeResultsInline() PASSED

SumResultTest > nativeResultsInline() PASSED

SumResultTest > independentPairInputsInline() PASSED

TagToEnumTest > genuineParameterizedAndDataFamilyEnumsRemainRejected() PASSED

TagToEnumTest > nativeEnumsWithInlining() PASSED

TagToEnumTest > nativeEnumsAcrossResidualCalls() PASSED

TagToEnumTest > lexicalIntProofRefinesLegacyOrUnknownOccurrencesWithoutGuessingTheFamily() PASSED

TagToEnumTest > directEnumRootsUseTypedNullaryValuesAndEveryCompiledCallEntersExactlyOnce() PASSED

TagToEnumTest > malformedOrUnsaturatedEnumProofsRejectAtLoad() PASSED

TagToEnumTest > typedTagOperandExecutesOnceBeforeSelectionAndFailure() PASSED

TupleArithmeticTest > undefinedDivisionInputsFailWithoutPublishingResultsAndValidCallsRecover() PASSED

TupleArithmeticTest > nativeFieldsAndUnboundedModelAgreeInBothBackendsAndInstalledCode() PASSED

TupleArithmeticTest > exactPrimitiveShapesAndSaturationAreRequired() PASSED

TupleCompletionTest > deoptimizationMaterializesAFreshPointerCarrierWithoutInventingALoan() PASSED

TupleCompletionTest > polymorphicTupleCallsKeepPapPrefixesAndCapturedHeadersThroughGenericDispatch() PASSED

TupleCompletionTest > freshAndResidualBranchesNormalizeBeforeTheirResultJoin() PASSED

TupleInputNativeTest > nativeZeroWidthFailurePrecedesInputPublication() PASSED

TupleInputNativeTest > nativeTypedInputsResidual() PASSED

TupleInputNativeTest > nativeTypedInputsInline() PASSED

TupleInputNativeTest > independentTypedInputLanesInlineAndResidual() PASSED

TupleJoinResultTest > genuineTupleJoinsRunWithResidualCalls() PASSED

TupleJoinResultTest > recursiveJoinShadowsAnOuterTupleButZeroArityJoinCannotCaptureIt() PASSED

TupleJoinResultTest > tupleJoinProofsAndUnusedAggregateFormalsAreCheckedAtLoad() PASSED

TupleJoinResultTest > genuineTupleJoinsRunWithInlining() PASSED

TupleJoinResultTest > astTupleJoinScratchReferencesAreClearedAfterCopying() PASSED

TupleRepresentationTest > forcingAConsumedLazyFieldCanBlackholeWithoutRetainingTheOutputLoan() PASSED

TupleRepresentationTest > scalarHandoffCannotClaimSingletonReferenceTupleResults() PASSED

TupleRepresentationTest > equalPhysicalVectorsDoNotEraseLogicalTupleBoundaries() PASSED

TupleRepresentationTest > lexicalScalarAndJoinBindingsShadowTupleNames() PASSED

TupleRepresentationTest > completedReferenceLoanIsReleasedEvenWhenTheConsumerShapeIsWrong() PASSED

TupleResultTest > resultOnlyNativeBoundariesWithInlining() PASSED

TupleResultTest > inlinedNativeResultsRemainVirtual() PASSED

TupleResultTest > nativeProducersForwardersAndOutstandingResultsRunWithoutInlining() PASSED

TupleResultTest > resultOnlyNativeBoundariesWithoutInlining() PASSED

TypedCaseTest > typedCasesKeepWidePrimitiveResultsColdArmsAndGeneralCaseFallback() PASSED

TypedCaseTest > defaultOnlyCasesForwardConcreteReferencesAndForceSharedScrutineeOnce() PASSED

TypedExecutionTest > typedEvaluationRunsItsChildOnceWhenACompiledLongPathReceivesAThunk() PASSED

TypedExecutionTest > runtimeTypesPreserveUnexpectedValuesAndDoNotCoerceDistinctPrimitiveKinds() PASSED

TypedInputOwnershipTest > actualDeoptimizationAfterPartialRestoreClearsFreshReferenceWithoutPoolLoan() PASSED

TypedInputOwnershipTest > staleCallerCleanupCannotReleaseReusedInputOrIndependentOutputLoan() PASSED

TypedInputProtocolTest > durableTypedPapPrefixSurvivesReuseAndStrictPrefixFailureBeforeLoan() PASSED

TypedInputProtocolTest > cyclicIntermediateClosureIsAppliedBeforeFinalTupleConsumptionInPicAndGenericRoutes() PASSED

TypedInputProtocolTest > threeTargetAndPrefixedThreeTargetCyclesReturnTypedResults() PASSED

TypedInputScalarSourceTest > unknownScalarBesideTupleSurvivesLongFloatDoubleLocalGeneralization() PASSED

UnsafeEqualityTest > wrongCalleeAndDemandedBottomIntentionallyDeoptWithoutPublishingResults() PASSED

UnsafeEqualityTest > nativeCasesAcrossResidualCalls() PASSED

UnsafeEqualityTest > nativeCasesWithInlining() PASSED

UnsafeEqualityTest > nonmatchingFirstClassProofsRemainStrictFrontiers() PASSED

Word32VectorMemoryProofTest > immediateReadCasesRejectEscapesWrongShapesAndPatternMetadata() PASSED

Word32VectorMemoryProofTest > allOperationsRejectWrongArgumentsFlagsArityAndResultProofs() PASSED

Word32VectorMemoryProofTest > installedGuestBoundsFailuresDeoptimizeWithoutEffectsAndRecover() PASSED

Word32VectorMemoryProofTest > directAstOperandsPreserveStateOrderAndDoNotPublishFailedLoads() PASSED

Word32VectorMemoryProofTest > allSixExactContractsExecuteOnBothBackendsInBothLoadModes() PASSED

Word32VectorMemoryProofTest > stateExpressionsRunBeforeReadOrWriteAndFailurePrecedesVectorBounds() PASSED

Word32VectorStorageTest > fourFinalIntFieldsPreserveEveryUnsignedLaneBitAtBothOffsetUnits() PASSED

Word32VectorStorageTest > byteAliasesAndOverlappingStoresKeepLoadedUnsignedSnapshots() PASSED

Word32VectorStorageTest > smallArrayBoundariesAndFullWidthIndicesMatchIndependentUnsignedByteModels() PASSED

WordArrayTest > elementBoundsRejectPartialWordsAndOverflowBeforeAnyWrite() PASSED

WordArrayTest > machineWordRawBitsAliasBytesWithoutTruncatingTheHighHalf() PASSED

WordArrayTest > stateRunsBeforeReadOrWriteAndFailureDoesNotPublish() PASSED

[Incubating] Problems report is available at: file:///home/ekmett/ai/thc-pinned-addresses-01a0cdeb/build/reports/problems/problems-report.html

BUILD SUCCESSFUL in 8m 59s
10 actionable tasks: 10 executed
Consider enabling configuration cache to speed up this build: https://docs.gradle.org/9.7.1/userguide/configuration_cache_enabling.html
