plusCase	-9223372036854775808	-2147483648	55834574739
plusCase	-9223372036854775808	-64	111669145235
plusCase	-81985529216486895	-33554433	31486285911
plusCase	-81985529216486895	8	33767987899
plusCase	-4294967297	-1048575	111597846351
plusCase	-4294967297	2047	138951
plusCase	-4294967296	-16384	111668035475
plusCase	-4294967296	262145	17825751
plusCase	-2147483649	-257	55834557127
plusCase	-2147483649	67108864	60397977355
plusCase	-2147483648	-9223372036854775808	55834574739
plusCase	-2147483648	-7	55834574263
plusCase	-2147483647	-33554432	53552873499
plusCase	-2147483647	17	55834576031
plusCase	-1073741825	-131073	60120628935
plusCase	-1073741825	1024	60129611531
plusCase	-1073741824	-1023	60129472471
plusCase	-1073741824	65535	60133998415
plusCase	-1073741823	-4	60129541899
plusCase	-1073741823	2097153	60272148575
plusCase	-536870913	128	85899354379
plusCase	-536870913	134217728	64961380107
plusCase	-536870912	32767	85901573967
plusCase	-536870912	4294967297	85899345879
plusCase	-536870911	-268435456	67645734939
plusCase	-536870911	4194305	86184558687
plusCase	-268435457	-4194305	74876714695
plusCase	-268435457	1073741824	53687090955
plusCase	-268435456	-536870911	38654705623
plusCase	-268435456	-131071	75153014743
plusCase	-268435455	-2097152	75019321371
plusCase	-268435455	-2048	75161788443
plusCase	-134217729	-8193	93414981319
plusCase	-134217729	-33	93415536199
plusCase	-134217728	-63	93415534295
plusCase	-134217728	3	93415538783
plusCase	-134217727	9	93415539327
plusCase	-134217727	129	93415547487
plusCase	-67108865	2048	102542483211
plusCase	-67108865	8192	102542901003
plusCase	-67108864	524287	102577995599
plusCase	-67108863	16777217	73618423903
plusCase	-67108863	67108865	64156074079
plusCase	-33554433	-81985529216486895	40237878159
plusCase	-33554433	1073741824	38386269963
plusCase	-33554432	-2147483647	51271172055
plusCase	-33554432	-33554431	104824045527
plusCase	-33554431	-33554432	104824045595
plusCase	-33554431	-131072	107096834075
plusCase	-16777217	-524289	109351796423
plusCase	-16777217	-513	109387413191
plusCase	-16777216	-16383	109386334167
plusCase	-16777216	-3	109387448007
plusCase	-16777215	-256	109387430939
plusCase	-16777215	129	109387457119
plusCase	-8388609	-5	110528298423
plusCase	-8388609	32768	110530526987
plusCase	-8388608	31	110528301007
plusCase	-8388608	8388607	68149051215
plusCase	-8388607	1025	110528368735
plusCase	-8388607	1073741825	41808822367
plusCase	-4194305	-268435457	92845113031
plusCase	-4194305	65536	111103180555
plusCase	-4194304	-2097151	110956117975
plusCase	-4194304	4194303	68434263887
plusCase	-4194303	-8192	111098167323
plusCase	-4194303	134217729	8556380255
plusCase	-2097153	-33	111383934535
plusCase	-2097153	81985529216486895	66582655623
plusCase	-2097152	-268435455	93130325975
plusCase	-2097152	15	111383937935
plusCase	-2097151	-4194304	111098724379
plusCase	-2097151	2049	111384076383
plusCase	-1048577	-65537	111522086599
plusCase	-1048577	524288	81497423627
plusCase	-1048576	-2047	111526404055
plusCase	-1048576	134217727	8984198991
plusCase	-1048575	-4294967297	111526543319
plusCase	-1048575	-32	111526541211
plusCase	-524289	-16777217	110456995527
plusCase	-524289	4	111597846555
plusCase	-524288	-131071	111588933591
plusCase	-524288	255	111597863759
plusCase	-524287	-512	111597811739
plusCase	-524287	8193	111598403679
plusCase	-262145	-2	111633497731
plusCase	-262145	524288	47244640011
plusCase	-262144	255	111633515343
plusCase	-262144	33554431	2246049615
plusCase	-262143	32769	111635726431
plusCase	-262143	1073741825	42914021471
plusCase	-131073	-1073741825	68701650631
plusCase	-131073	8388608	552599307
plusCase	-131072	-33554431	109369622487
plusCase	-131072	2147483647	55816748879
plusCase	-131071	-268435456	93397712923
plusCase	-131071	-524288	111615672347
plusCase	-65537	-1048577	111588933319
plusCase	-65537	-8193	111659679431
plusCase	-65536	-8191	111659679703
plusCase	-65536	-255	111660219351
plusCase	-65535	-32	111660234651
plusCase	-65535	-4	111660236555
plusCase	-32769	16	111664694091
plusCase	-32769	32	111664695179
plusCase	-32768	2047	111664832335
plusCase	-32768	4095	111664971599
plusCase	-32767	65537	47244640351
plusCase	-32767	524289	31195231
plusCase	-16385	4194304	282984203
plusCase	-16385	134217728	9124577035
plusCase	-16384	-4294967296	111666921363
plusCase	-16384	268435455	18251382607
plusCase	-16383	-16777216	110526070811
plusCase	-16383	9223372036854775807	111666921431
plusCase	-8193	-134217729	102541229767
plusCase	-8193	-65537	111663578823
plusCase	-8192	-4194303	111382822871
plusCase	-8192	-511	111668000727
plusCase	-8191	-65536	111663579163
plusCase	-8191	-1	111668035543
plusCase	-4097	-1025	111668522695
plusCase	-4097	256	111668609803
plusCase	-4096	-31	111668590423
plusCase	-4096	65535	3899215
plusCase	-4095	5	111668593007
plusCase	-4095	8388609	569868383
plusCase	-2049	256	111668888331
plusCase	-2049	2147483648	55834296075
plusCase	-2048	-268435455	93415260119
plusCase	-2048	16383	47245475663
plusCase	-2047	-1048576	111597568027
plusCase	-2047	524289	35373151
plusCase	-1025	-4097	111668731591
plusCase	-1025	33554432	2281561867
plusCase	-1024	-31	111669008215
plusCase	-1024	2147483647	55834435407
plusCase	-1023	-1073741824	68719337499
plusCase	-1023	17	111669011615
plusCase	-513	-16777217	110528229063
plusCase	-513	4096	47244848907
plusCase	-512	-524287	111633428439
plusCase	-512	1048575	71233359
plusCase	-511	-8192	111668523035
plusCase	-511	134217729	9126735967
plusCase	-257	-2147483649	55834539719
plusCase	-257	-129	111669105863
plusCase	-256	-16777215	110528264151
plusCase	-256	-3	111669114567
plusCase	-255	-65536	111664658459
plusCase	-255	33	111669117151
plusCase	-129	-257	111669114567
plusCase	-129	2048	121611
plusCase	-128	0	111669132179
plusCase	-128	131071	8895311
plusCase	-127	257	47244640351
plusCase	-127	4194305	285195359
plusCase	-65	65536	4447499
plusCase	-65	268435456	18253602059
plusCase	-64	-9223372036854775808	111669140883
plusCase	-64	16777215	1140841807
plusCase	-63	-134217728	102542335515
plusCase	-63	2147483649	55834566239
plusCase	-33	-134217729	102542339527
plusCase	-33	-2097153	111526538695
plusCase	-32	-1048575	111597842135
plusCase	-32	-65535	111664688855
plusCase	-31	-4096	111668866843
plusCase	-31	-1024	111669075739
plusCase	-17	-17	111669146119
plusCase	-16	7	81604376815
plusCase	-16	31	47244640079
plusCase	-15	257	15327
plusCase	-15	4097	276447
plusCase	-9	16384	1112779
plusCase	-9	1048576	71301835
plusCase	-8	1048575	71301903
plusCase	-8	268435455	18253609743
plusCase	-7	-2147483648	55834573787
plusCase	-7	33554433	2281700383
plusCase	-5	-8388609	111098723495
plusCase	-5	2147483648	55834574059
plusCase	-4	-1073741823	68719476151
plusCase	-4	-65535	111664692663
plusCase	-3	-16777216	110528298491
plusCase	-3	-256	111669131771
plusCase	-2	-262145	111651323455
plusCase	-2	1	68719476423
plusCase	-1	-8191	111668592463
plusCase	-1	511	34503
plusCase	0	-128	111669140883
plusCase	0	0	68719476627
plusCase	0	1	68719476695
plusCase	0	2	68719476763
plusCase	0	65537	4456407
plusCase	0	1073741823	42949672783
plusCase	0	2147483647	55834574671
plusCase	0	2147483648	55834574739
plusCase	0	2147483649	55834574807
plusCase	0	4294967294	68719476491
plusCase	0	4294967295	68719476559
plusCase	1	-2	68719476627
plusCase	1	0	68719476763
plusCase	1	1	68719476831
plusCase	1	2	47244640419
plusCase	1	16777216	1140850715
plusCase	1	1073741823	42949672919
plusCase	1	2147483647	55834574807
plusCase	1	2147483648	55834574875
plusCase	1	2147483649	55834574943
plusCase	1	4294967294	68719476627
plusCase	1	4294967295	68719476695
plusCase	2	0	21474836643
plusCase	2	1	231
plusCase	2	2	299
plusCase	2	63	4447
plusCase	2	1073741823	42949673055
plusCase	2	2147483647	55834574943
plusCase	2	2147483648	55834575011
plusCase	2	2147483649	55834575079
plusCase	2	4294967294	21474836507
plusCase	2	4294967295	21474836575
plusCase	3	-134217728	102542344491
plusCase	3	2049	139631
plusCase	4	-524289	111633498479
plusCase	4	131072	8913331
plusCase	5	-4095	111668871807
plusCase	5	8388607	570425847
plusCase	7	-16	64424509195
plusCase	7	268435457	18253611919
plusCase	8	-81985529216486895	44801282135
plusCase	8	32	3155
plusCase	9	-134217727	102542345375
plusCase	9	8191	558103
plusCase	15	-2097152	111526545291
plusCase	15	1048577	71305167
plusCase	16	-32769	111666923471
plusCase	16	268435456	18253613075
plusCase	17	-2147483647	55834577119
plusCase	17	-1023	111669082335
plusCase	31	-8388608	111098728459
plusCase	31	-16	30064774091
plusCase	32	-32769	111666925647
plusCase	32	8	4787
plusCase	33	-255	64424496479
plusCase	33	511	39127
plusCase	63	2	8595
plusCase	63	16385	1122639
plusCase	64	512	43411
plusCase	64	1048576	71311763
plusCase	65	131071	8921559
plusCase	65	67108863	4563411415
plusCase	127	16777217	1140867919
plusCase	127	2147483649	55834592079
plusCase	128	-536870913	75161944911
plusCase	128	4294967295	17231
plusCase	129	-134217727	102542361695
plusCase	129	-16777215	110528316511
plusCase	255	-524288	111633532683
plusCase	255	-262144	111651358475
plusCase	256	-4097	111668905807
plusCase	256	-2049	64424404815
plusCase	257	-127	30064797279
plusCase	257	-15	33823
plusCase	511	-1	69319
plusCase	511	33	71631
plusCase	512	64	73875
plusCase	512	8192	626579
plusCase	513	4095	348119
plusCase	513	2097151	142675927
plusCase	1023	131073	9051983
plusCase	1023	268435457	18253750095
plusCase	1024	-1073741825	68719615823
plusCase	1024	8388608	570564499
plusCase	1025	-8388607	111098863711
plusCase	1025	536870911	36507361239
plusCase	2047	-4294967297	278215
plusCase	2047	-32768	111667199755
plusCase	2048	-67108865	107106025295
plusCase	2048	-129	269647
plusCase	2049	-2097151	111526821983
plusCase	2049	3	278759
plusCase	4095	-32768	64422838027
plusCase	4095	513	591695
plusCase	4096	-513	522063
plusCase	4096	131072	9469843
plusCase	4097	-15	556063
plusCase	4097	33554431	2282258391
plusCase	8191	9	1114479
plusCase	8191	4294967296	1113867
plusCase	8192	-67108865	107106860879
plusCase	8192	512	1148819
plusCase	8193	-524287	111634612319
plusCase	8193	32767	3342295
plusCase	16383	-2048	2088715
plusCase	16383	1048577	73531215
plusCase	16384	-9	2227503
plusCase	16384	67108864	4565630867
plusCase	16385	63	2232535
plusCase	16385	4294967294	2228115
plusCase	32767	-536870912	75166383883
plusCase	32767	8193	5013327
plusCase	32768	-8388609	111103180623
plusCase	32768	2097152	147062675
plusCase	32769	-262143	64411140191
plusCase	32769	536870911	36511678423
plusCase	65535	-1073741824	68728389387
plusCase	65535	-4096	8634123
plusCase	65536	-4194305	111392849743
plusCase	65536	-65	8908367
plusCase	65537	-32767	30071455839
plusCase	65537	0	8912923
plusCase	131071	-128	17816843
plusCase	131071	65	17829967
plusCase	131072	4	17825955
plusCase	131072	4096	18104211
plusCase	131073	1023	17895383
plusCase	131073	262143	35651543
plusCase	262143	131073	44564303
plusCase	262143	8388609	606076751
plusCase	262144	33554432	2317352851
plusCase	262144	536870912	36542873491
plusCase	262145	-4294967296	35651611
plusCase	262145	4294967297	35651679
plusCase	524287	-67108864	107177049867
plusCase	524288	-1048577	64424509263
plusCase	524288	-262145	30118248271
plusCase	524289	-32767	69075039
plusCase	524289	-2047	71163999
plusCase	1048575	-512	142571275
plusCase	1048575	-8	142605547
plusCase	1048576	-9	142605615
plusCase	1048576	64	142610579
plusCase	1048577	15	142607383
plusCase	1048577	16383	143720407
plusCase	2097151	513	285247311
plusCase	2097151	2097153	427818831
plusCase	2097152	32768	287440787
plusCase	2097152	536870912	36792434579
plusCase	2097153	-1073741823	69004689503
plusCase	2097153	2097151	427818967
plusCase	4194303	-4194304	51824819979
plusCase	4194303	67108865	5133827919
plusCase	4194304	-16385	569311055
plusCase	4194304	4294967295	570425167
plusCase	4194305	-536870911	75732353119
plusCase	4194305	-127	570416735
plusCase	8388607	-8388608	52110032651
plusCase	8388607	5	1140850783
plusCase	8388608	-131073	1131937615
plusCase	8388608	1024	1140920211
plusCase	8388609	-4095	1140572255
plusCase	8388609	262143	1158676439
plusCase	16777215	-64	2281696779
plusCase	16777215	33554433	4563402575
plusCase	16777216	1	2281701335
plusCase	16777216	81985529216486895	69149569807
plusCase	16777217	-67108863	62142808159
plusCase	16777217	127	2281710039
plusCase	33554431	-262144	4545576715
plusCase	33554431	4097	4563681103
plusCase	33554432	-1025	4563332943
plusCase	33554432	262144	4581228435
plusCase	33554433	-7	4563402303
plusCase	33554433	16777215	5704253399
plusCase	67108863	65	9126809679
plusCase	67108863	536870913	45634027343
plusCase	67108864	-2147483649	64961380175
plusCase	67108864	16384	9127919507
plusCase	67108865	-67108863	56103010399
plusCase	67108865	4194303	9412018135
plusCase	134217727	-1048576	18182307595
plusCase	134217727	536870913	54760832847
plusCase	134217728	-536870913	46170898255
plusCase	134217728	-16385	18252496719
plusCase	134217729	-4194303	17968398431
plusCase	134217729	-511	18253576287
plusCase	268435455	-16384	36506107659
plusCase	268435455	-8	36507221227
plusCase	268435456	-65	36507217487
plusCase	268435456	16	36507222995
plusCase	268435457	7	36507222519
plusCase	268435457	1023	36507291607
plusCase	536870911	1025	25769873231
plusCase	536870911	32769	25772031823
plusCase	536870912	262144	25787629459
plusCase	536870912	2097152	25912410003
plusCase	536870913	67108863	30333206487
plusCase	536870913	134217727	34896609239
plusCase	1073741823	0	51539607307
plusCase	1073741823	1	51539607375
plusCase	1073741823	2	51539607443
plusCase	1073741823	1073741823	64424509127
plusCase	1073741823	2147483647	60129541831
plusCase	1073741823	2147483648	60129541899
plusCase	1073741823	2147483649	60129541967
plusCase	1073741823	4294967294	51539607171
plusCase	1073741823	4294967295	51539607239
plusCase	1073741823	4294967296	51539607307
plusCase	1073741823	9223372036854775807	51539607239
plusCase	1073741824	-268435457	63350767439
plusCase	1073741824	-33554433	49257905999
plusCase	1073741825	-8388607	50969182303
plusCase	1073741825	-262143	51521781855
plusCase	2147483647	-131072	55825661707
plusCase	2147483647	-1024	55834504971
plusCase	2147483647	0	55834574603
plusCase	2147483647	1	55834574671
plusCase	2147483647	2	55834574739
plusCase	2147483647	1073741823	68719476423
plusCase	2147483647	2147483647	68719476423
plusCase	2147483647	2147483648	68719476491
plusCase	2147483647	2147483649	68719476559
plusCase	2147483647	4294967294	55834574467
plusCase	2147483647	4294967295	55834574535
plusCase	2147483648	-2049	55834435407
plusCase	2147483648	-5	55834574399
plusCase	2147483648	0	55834574739
plusCase	2147483648	1	55834574807
plusCase	2147483648	2	55834574875
plusCase	2147483648	1073741823	68719476559
plusCase	2147483648	2147483647	68719476559
plusCase	2147483648	2147483648	68719476627
plusCase	2147483648	2147483649	68719476695
plusCase	2147483648	4294967294	55834574603
plusCase	2147483648	4294967295	55834574671
plusCase	2147483649	-63	55834570591
plusCase	2147483649	0	55834574875
plusCase	2147483649	1	55834574943
plusCase	2147483649	2	55834575011
plusCase	2147483649	127	55834583511
plusCase	2147483649	1073741823	68719476695
plusCase	2147483649	2147483647	68719476695
plusCase	2147483649	2147483648	68719476763
plusCase	2147483649	2147483649	68719476831
plusCase	2147483649	4294967294	55834574739
plusCase	2147483649	4294967295	55834574807
plusCase	4294967294	0	68719476355
plusCase	4294967294	1	68719476423
plusCase	4294967294	2	68719476491
plusCase	4294967294	16385	1113799
plusCase	4294967294	1073741823	42949672511
plusCase	4294967294	2147483647	55834574399
plusCase	4294967294	2147483648	55834574467
plusCase	4294967294	2147483649	55834574535
plusCase	4294967294	4294967294	111669149179
plusCase	4294967294	4294967295	81604378175
plusCase	4294967295	0	68719476491
plusCase	4294967295	1	68719476559
plusCase	4294967295	2	68719476627
plusCase	4294967295	128	8459
plusCase	4294967295	4194304	285212427
plusCase	4294967295	1073741823	42949672647
plusCase	4294967295	2147483647	55834574535
plusCase	4294967295	2147483648	55834574603
plusCase	4294967295	2147483649	55834574671
plusCase	4294967295	4294967294	111669149315
plusCase	4294967295	4294967295	68719476423
plusCase	4294967296	8191	556879
plusCase	4294967296	1073741823	42949672783
plusCase	4294967297	-536870912	75161927707
plusCase	4294967297	262145	17825887
plusCase	81985529216486895	-2097153	77758555719
plusCase	81985529216486895	16777216	79042012811
plusCase	9223372036854775807	-16383	111668035407
plusCase	9223372036854775807	1073741823	42949672647
minusCase	-9223372036854775808	-2147483648	55834574949
minusCase	-9223372036854775808	-64	68719479141
minusCase	-81985529216486895	-33554433	75864035541
minusCase	-81985529216486895	8	74656075665
minusCase	-4294967297	-1048575	68757225653
minusCase	-4294967297	2047	42949599485
minusCase	-4294967296	-16384	68720066661
minusCase	-4294967296	262145	42940235841
minusCase	-2147483649	-257	55834584317
minusCase	-2147483649	67108864	53418655961
minusCase	-2147483648	-9223372036854775808	55834574949
minusCase	-2147483648	-7	55834575201
minusCase	-2147483647	-33554432	57042534385
minusCase	-2147483647	17	55834574221
minusCase	-1073741825	-131073	73019162877
minusCase	-1073741825	1024	73014407385
minusCase	-1073741824	-1023	73014480961
minusCase	-1073741824	65535	73012084873
minusCase	-1073741823	-4	73014444161
minusCase	-1073741823	2097153	72938946509
minusCase	-536870913	128	57982054105
minusCase	-536870913	134217728	53150220505
minusCase	-536870912	32767	57980878985
minusCase	-536870912	4294967297	57982058561
minusCase	-536870911	-268435456	37580963825
minusCase	-536870911	4194305	57831063501
minusCase	-268435457	-4194305	74239181053
minusCase	-268435457	1073741824	65498251481
minusCase	-268435456	-536870911	71940702273
minusCase	-268435456	-131071	74092904513
minusCase	-268435455	-2097152	74163683313
minusCase	-268435455	-2048	74088259569
minusCase	-134217729	-8193	58519224573
minusCase	-134217729	-33	58518930813
minusCase	-134217728	-63	58518931777
minusCase	-134217728	3	58518929401
minusCase	-134217727	9	58518929069
minusCase	-134217727	129	58518924749
minusCase	-67108865	2048	50734227673
minusCase	-67108865	8192	50734006489
minusCase	-67108864	524287	50715426953
minusCase	-67108863	16777217	50130321357
minusCase	-67108863	67108865	48318382029
minusCase	-33554433	-81985529216486895	65568044661
minusCase	-33554433	1073741824	38252052697
minusCase	-33554432	-2147483647	59726889025
minusCase	-33554432	-33554431	17985175617
minusCase	-33554431	-33554432	17985175537
minusCase	-33554431	-131072	46846705649
minusCase	-16777217	-524289	44914704637
minusCase	-16777217	-513	44895848701
minusCase	-16777216	-16383	44896419905
minusCase	-16777216	-3	44895830225
minusCase	-16777215	-256	44895839217
minusCase	-16777215	129	44895825357
minusCase	-8388609	-5	43922751885
minusCase	-8388609	32768	43921572057
minusCase	-8388608	31	43922750473
minusCase	-8388608	8388607	43620761737
minusCase	-8388607	1025	43922714573
minusCase	-8388607	1073741825	35332816845
minusCase	-4194305	-268435457	78869692669
minusCase	-4194305	65536	43433853145
minusCase	-4194304	-2097151	13446938689
minusCase	-4194304	4194303	43285217417
minusCase	-4194303	-8192	43436507121
minusCase	-4194303	134217729	38604373965
minusCase	-2097153	-33	43192943997
minusCase	-2097153	81985529216486895	50236689213
minusCase	-2097152	-268435455	78626422849
minusCase	-2097152	15	43192942153
minusCase	-2097151	-4194304	21869101041
minusCase	-2097151	2049	43192868813
minusCase	-1048577	-65537	43073667325
minusCase	-1048577	524288	43052433625
minusCase	-1048576	-2047	43071381569
minusCase	-1048576	134217727	38239469705
minusCase	-1048575	-4294967297	43071307797
minusCase	-1048575	-32	43071308913
minusCase	-524289	-16777217	69384274173
minusCase	-524289	4	43010490441
minusCase	-524288	-131071	12950437953
minusCase	-524288	255	43010481289
minusCase	-524287	-512	43010508785
minusCase	-524287	8193	43010195405
minusCase	-262145	-2	42980081953
minusCase	-262145	524288	42961207513
minusCase	-262144	255	42980072585
minusCase	-262144	33554431	41772122249
minusCase	-262143	32769	42978901965
minusCase	-262143	1073741825	34390147021
minusCase	-131073	-1073741825	77324615933
minusCase	-131073	8388608	42662887641
minusCase	-131072	-33554431	69942640705
minusCase	-131072	2147483647	55849779337
minusCase	-131071	-268435456	78398357489
minusCase	-131071	-524288	21508915185
minusCase	-65537	-1048577	68764827901
minusCase	-65537	-8193	42957570301
minusCase	-65536	-8191	42957570113
minusCase	-65536	-255	42957284417
minusCase	-65535	-32	42957276273
minusCase	-65535	-4	42957275265
minusCase	-32769	16	42953473689
minusCase	-32769	32	42953473113
minusCase	-32768	2047	42953400457
minusCase	-32768	4095	42953326729
minusCase	-32767	65537	42951114701
minusCase	-32767	524289	42934599629
minusCase	-16385	4194304	42800578777
minusCase	-16385	134217728	38119735513
minusCase	-16384	-4294967296	42951573605
minusCase	-16384	268435455	33287897225
minusCase	-16383	-16777216	69325357041
minusCase	-16383	9223372036854775807	42951573525
minusCase	-8193	-134217729	73552265469
minusCase	-8193	-65537	21478146301
minusCase	-8192	-4194303	68871422017
minusCase	-8192	-511	42950641729
minusCase	-8191	-65536	21478146033
minusCase	-8191	-1	42950623253
minusCase	-4097	-1025	12885414141
minusCase	-4097	256	42950139097
minusCase	-4096	-31	42950149313
minusCase	-4096	65535	42947788937
minusCase	-4095	5	42950147901
minusCase	-4095	8388609	42648158157
minusCase	-2049	256	42949901529
minusCase	-2049	2147483648	55834812633
minusCase	-2048	-268435455	78383390785
minusCase	-2048	16383	42949320841
minusCase	-2047	-1048576	68757463025
minusCase	-2047	524289	42931036109
minusCase	-1025	-4097	21475102973
minusCase	-1025	33554432	41741832409
minusCase	-1024	-31	42949792961
minusCase	-1024	2147483647	55834693769
minusCase	-1023	-1073741824	77309530097
minusCase	-1023	17	42949791117
minusCase	-513	-16777217	69323516157
minusCase	-513	4096	42949585113
minusCase	-512	-524287	68738410561
minusCase	-512	1048575	42911983753
minusCase	-511	-8192	68719831025
minusCase	-511	134217729	38117894093
minusCase	-257	-2147483649	55834604797
minusCase	-257	-129	12884936445
minusCase	-256	-16777215	69323486273
minusCase	-256	-3	42949702865
minusCase	-255	-65536	68721865713
minusCase	-255	33	42949701453
minusCase	-129	-257	21474860797
minusCase	-129	2048	42949614297
minusCase	-128	0	42949687909
minusCase	-128	131071	42944969353
minusCase	-127	257	42949678541
minusCase	-127	4194305	42798692813
minusCase	-65	65536	42947321305
minusCase	-65	268435456	33286004185
minusCase	-64	-9223372036854775808	42949680485
minusCase	-64	16777215	42345700745
minusCase	-63	-134217728	73551322353
minusCase	-63	2147483649	55834582221
minusCase	-33	-134217729	73551318909
minusCase	-33	-2097153	68794978173
minusCase	-32	-1048575	68757229249
minusCase	-32	-65535	68721839809
minusCase	-31	-4096	68719627889
minusCase	-31	-1024	68719517297
minusCase	-17	-17	12884904573
minusCase	-16	7	42949674665
minusCase	-16	31	42949673801
minusCase	-15	257	42949665549
minusCase	-15	4097	42949527309
minusCase	-9	16384	42949084281
minusCase	-9	1048576	42911925369
minusCase	-8	1048575	42911925289
minusCase	-8	268435455	33285997609
minusCase	-7	-2147483648	55834575761
minusCase	-7	33554433	41741714285
minusCase	-5	-8388609	69021467341
minusCase	-5	2147483648	55834575529
minusCase	-4	-1073741823	77309411857
minusCase	-4	-65535	68721836561
minusCase	-3	-16777216	69323456961
minusCase	-3	-256	68719486401
minusCase	-2	-262145	68728914289
minusCase	-2	1	42949673257
minusCase	-1	-8191	68719771829
minusCase	-1	511	42949654781
minusCase	0	-128	68719481445
minusCase	0	0	42949673061
minusCase	0	1	42949673025
minusCase	0	2	42949672989
minusCase	0	65537	42947313729
minusCase	0	1073741823	34359738505
minusCase	0	2147483647	55834574985
minusCase	0	2147483648	55834574949
minusCase	0	2147483649	55834574913
minusCase	0	4294967294	173
minusCase	0	4294967295	42949673097
minusCase	1	-2	57
minusCase	1	0	42949672945
minusCase	1	1	42949672909
minusCase	1	2	42949672873
minusCase	1	16777216	42345693169
minusCase	1	1073741823	34359738389
minusCase	1	2147483647	55834574869
minusCase	1	2147483648	55834574833
minusCase	1	2147483649	55834574797
minusCase	1	4294967294	57
minusCase	1	4294967295	30064771093
minusCase	2	0	77309411197
minusCase	2	1	90194313049
minusCase	2	2	90194313013
minusCase	2	63	42949670561
minusCase	2	1073741823	34359738273
minusCase	2	2147483647	55834574753
minusCase	2	2147483648	55834574717
minusCase	2	2147483649	55834574681
minusCase	2	4294967294	68719476677
minusCase	2	4294967295	77309411233
minusCase	3	-134217728	73551314697
minusCase	3	2049	42949598949
minusCase	4	-524289	68738350777
minusCase	4	131072	42944954005
minusCase	5	-4095	68719623677
minusCase	5	8388607	42647682629
minusCase	7	-16	68719476601
minusCase	7	268435457	33285995797
minusCase	8	-81985529216486895	61675729505
minusCase	8	32	90194311237
minusCase	9	-134217727	73551313965
minusCase	9	8191	42949377141
minusCase	15	-2097152	68794972569
minusCase	15	1048577	42911922549
minusCase	16	-32769	68720654665
minusCase	16	268435456	33285994789
minusCase	17	-2147483647	55834572941
minusCase	17	-1023	68719511693
minusCase	31	-8388608	69021463129
minusCase	31	-16	68719473817
minusCase	32	-32769	68720652809
minusCase	32	8	98784243909
minusCase	33	-255	68719482189
minusCase	33	511	42949650837
minusCase	63	2	68719469457
minusCase	63	16385	42949075893
minusCase	64	512	90194287461
minusCase	64	1048576	42911916901
minusCase	65	131071	42944946965
minusCase	65	67108863	40533746453
minusCase	127	16777217	42345678517
minusCase	127	2147483649	55834560181
minusCase	128	-536870913	88046814857
minusCase	128	4294967295	68719462025
minusCase	129	-134217727	73551300045
minusCase	129	-16777215	69323441613
minusCase	255	-524288	68738321625
minusCase	255	-262144	68728884441
minusCase	256	-4097	68719594633
minusCase	256	-2049	68719520905
minusCase	257	-127	68719451597
minusCase	257	-15	68719447565
minusCase	511	-1	68719417597
minusCase	511	33	68719416373
minusCase	512	64	68719415141
minusCase	512	8192	42949318757
minusCase	513	4095	90194106389
minusCase	513	2097151	42874116117
minusCase	1023	131073	42944835765
minusCase	1023	268435457	33285877941
minusCase	1024	-1073741825	77309292681
minusCase	1024	8388608	42647564389
minusCase	1025	-8388607	69021347789
minusCase	1025	536870911	23622201365
minusCase	2047	-4294967297	68719239421
minusCase	2047	-32768	68720419033
minusCase	2048	-67108865	71135158409
minusCase	2048	-129	68719243913
minusCase	2049	-2097151	68794736589
minusCase	2049	3	68719239045
minusCase	4095	-32768	68720181465
minusCase	4095	513	68718983349
minusCase	4096	-513	68719020169
minusCase	4096	131072	42944479333
minusCase	4097	-15	68719002125
minusCase	4097	33554431	41741238293
minusCase	8191	9	68718526357
minusCase	8191	4294967296	68718526681
minusCase	8192	-67108865	71134445705
minusCase	8192	512	68718508133
minusCase	8193	-524287	68737400781
minusCase	8193	32767	90192183317
minusCase	16383	-2048	68717650137
minusCase	16383	1048577	42910023861
minusCase	16384	-9	68717576617
minusCase	16384	67108864	40531853413
minusCase	16385	63	68717573909
minusCase	16385	4294967294	68717576249
minusCase	32767	-536870912	88043028697
minusCase	32767	8193	98780151989
minusCase	32768	-8388609	69017665673
minusCase	32768	2097152	42870374501
minusCase	32769	-262143	68725112781
minusCase	32769	536870911	23618519061
minusCase	65535	-1073741824	77301809369
minusCase	65535	-4096	68712022233
minusCase	65536	-4194305	68862869641
minusCase	65536	-65	68711877001
minusCase	65537	-32767	68713054157
minusCase	65537	0	68711874545
minusCase	131071	-128	68704277209
minusCase	131071	65	68704270261
minusCase	131072	4	68704272341
minusCase	131072	4096	68704125029
minusCase	131073	1023	68704235541
minusCase	131073	262143	90169671701
minusCase	262143	131073	98749120693
minusCase	262143	8388609	42617274549
minusCase	262144	33554432	41711304805
minusCase	262144	536870912	23591911525
minusCase	262145	-4294967296	68689068017
minusCase	262145	4294967297	68689067981
minusCase	524287	-67108864	71074578649
minusCase	524288	-1048577	68696408201
minusCase	524288	-262145	68668096649
minusCase	524289	-32767	68659838925
minusCase	524289	-2047	68658733005
minusCase	1048575	-512	68597860569
minusCase	1048575	-8	68597842425
minusCase	1048576	-9	68597842345
minusCase	1048576	64	68597839717
minusCase	1048577	15	68597841365
minusCase	1048577	16383	68597252117
minusCase	2097151	513	68476188853
minusCase	2097151	2097153	89875546293
minusCase	2097152	32768	68475027557
minusCase	2097152	536870912	23379050597
minusCase	2097153	-1073741823	77066141645
minusCase	2097153	2097151	76990644245
minusCase	4194303	-4194304	68383932633
minusCase	4194303	67108865	40047214773
minusCase	4194304	-16385	68233527433
minusCase	4194304	4294967295	68232937609
minusCase	4194305	-536870911	87560290253
minusCase	4194305	-127	68232942029
minusCase	8388607	-8388608	68048388313
minusCase	8388607	5	67746398245
minusCase	8388608	-131073	67751116937
minusCase	8388608	1024	67746361445
minusCase	8388609	-4095	67746545613
minusCase	8388609	262143	67736961045
minusCase	16777215	-64	66773322201
minusCase	16777215	33554433	87040196789
minusCase	16777216	1	66773319745
minusCase	16777216	81985529216486895	48047262409
minusCase	16777217	-67108863	69189238733
minusCase	16777217	127	66773315093
minusCase	33554431	-262144	64836600025
minusCase	33554431	4097	64827015349
minusCase	33554432	-1025	64827199625
minusCase	33554432	262144	64817725541
minusCase	33554433	-7	64827162861
minusCase	33554433	16777215	94287953941
minusCase	67108863	65	60934846389
minusCase	67108863	536870913	63082332341
minusCase	67108864	-2147483649	48049946761
minusCase	67108864	16384	60934258789
minusCase	67108865	-67108863	63350767565
minusCase	67108865	4194303	60783853589
minusCase	134217727	-1048576	53187969241
minusCase	134217727	536870913	55297704117
minusCase	134217728	-536870913	72477573257
minusCase	134217728	-16385	53150810249
minusCase	134217729	-4194303	53301215181
minusCase	134217729	-511	53150238669
minusCase	268435455	-16384	37581553881
minusCase	268435455	-8	37580964345
minusCase	268435456	-65	37580966281
minusCase	268435456	16	37580963365
minusCase	268435457	7	37580963573
minusCase	268435457	1023	37580926997
minusCase	536870911	1025	53687054517
minusCase	536870911	32769	53685911733
minusCase	536870912	262144	53677654117
minusCase	536870912	2097152	53611593829
minusCase	536870913	67108863	51271172117
minusCase	536870913	134217727	78920024085
minusCase	1073741823	0	38654705881
minusCase	1073741823	1	38654705845
minusCase	1073741823	2	38654705809
minusCase	1073741823	1073741823	51539607805
minusCase	1073741823	2147483647	73014444285
minusCase	1073741823	2147483648	73014444249
minusCase	1073741823	2147483649	73014444213
minusCase	1073741823	4294967294	38654705953
minusCase	1073741823	4294967295	38654705917
minusCase	1073741823	4294967296	38654705881
minusCase	1073741823	9223372036854775807	38654705917
minusCase	1073741824	-268435457	48318382217
minusCase	1073741824	-33554433	39862665353
minusCase	1073741825	-8388607	38956695501
minusCase	1073741825	-262143	38664142797
minusCase	2147483647	-131072	55839293657
minusCase	2147483647	-1024	55834611929
minusCase	2147483647	0	55834575065
minusCase	2147483647	1	55834575029
minusCase	2147483647	2	55834574993
minusCase	2147483647	1073741823	77309411581
minusCase	2147483647	2147483647	42949673213
minusCase	2147483647	2147483648	42949673177
minusCase	2147483647	2147483649	42949673141
minusCase	2147483647	4294967294	55834575137
minusCase	2147483647	4294967295	55834575101
minusCase	2147483648	-2049	55834648713
minusCase	2147483648	-5	55834575129
minusCase	2147483648	0	55834574949
minusCase	2147483648	1	55834574913
minusCase	2147483648	2	55834574877
minusCase	2147483648	1073741823	77309411465
minusCase	2147483648	2147483647	42949673097
minusCase	2147483648	2147483648	42949673061
minusCase	2147483648	2147483649	42949673025
minusCase	2147483648	4294967294	55834575021
minusCase	2147483648	4294967295	55834574985
minusCase	2147483649	-63	55834577101
minusCase	2147483649	0	55834574833
minusCase	2147483649	1	55834574797
minusCase	2147483649	2	55834574761
minusCase	2147483649	127	55834570261
minusCase	2147483649	1073741823	77309411349
minusCase	2147483649	2147483647	30064771093
minusCase	2147483649	2147483648	42949672945
minusCase	2147483649	2147483649	42949672909
minusCase	2147483649	4294967294	55834574905
minusCase	2147483649	4294967295	55834574869
minusCase	4294967294	0	42949673293
minusCase	4294967294	1	42949673257
minusCase	4294967294	2	42949673221
minusCase	4294967294	16385	42949083433
minusCase	4294967294	1073741823	34359738737
minusCase	4294967294	2147483647	55834575217
minusCase	4294967294	2147483648	55834575181
minusCase	4294967294	2147483649	55834575145
minusCase	4294967294	4294967294	12884902293
minusCase	4294967294	4294967295	42949673329
minusCase	4294967295	0	42949673177
minusCase	4294967295	1	42949673141
minusCase	4294967295	2	42949673105
minusCase	4294967295	128	42949668569
minusCase	4294967295	4194304	42798678233
minusCase	4294967295	1073741823	34359738621
minusCase	4294967295	2147483647	55834575101
minusCase	4294967295	2147483648	55834575065
minusCase	4294967295	2147483649	55834575029
minusCase	4294967295	4294967294	12884902177
minusCase	4294967295	4294967295	42949673213
minusCase	4294967296	8191	42949378185
minusCase	4294967296	1073741823	34359738505
minusCase	4294967297	-536870912	88046829553
minusCase	4294967297	262145	42940235725
minusCase	81985529216486895	-2097153	37088571453
minusCase	81985529216486895	16777216	36409094169
minusCase	9223372036854775807	-16383	68720066741
minusCase	9223372036854775807	1073741823	34359738621
timesCase	-9223372036854775808	-2147483648	49392124182
timesCase	-9223372036854775808	-64	30064781142
timesCase	-81985529216486895	-33554433	60927541317
timesCase	-81985529216486895	8	77786630470
timesCase	-4294967297	-1048575	347078627
timesCase	-4294967297	2047	81603701369
timesCase	-4294967296	-16384	30067278102
timesCase	-4294967296	262145	68679368829
timesCase	-2147483649	-257	17179954553
timesCase	-2147483649	67108864	50801410350
timesCase	-2147483648	-9223372036854775808	38654705942
timesCase	-2147483648	-7	47244641605
timesCase	-2147483647	-33554432	50700747006
timesCase	-2147483647	17	64424510119
timesCase	-1073741825	-131073	53730476665
timesCase	-1073741825	1024	85899007278
timesCase	-1073741824	-1023	49392280701
timesCase	-1073741824	65535	53677064623
timesCase	-1073741823	-4	64424509594
timesCase	-1073741823	2097153	66624422167
timesCase	-536870913	128	60129500078
timesCase	-536870913	134217728	62948114734
timesCase	-536870912	32767	56903303599
timesCase	-536870912	4294967297	41875931261
timesCase	-536870911	-268435456	62008590590
timesCase	-536870911	4194305	89225429271
timesCase	-268435457	-4194305	51317310073
timesCase	-268435457	1073741824	46170898734
timesCase	-268435456	-536870911	49392124029
timesCase	-268435456	-131071	53170274429
timesCase	-268435455	-2097152	49339695358
timesCase	-268435455	-2048	49392072958
timesCase	-134217729	-8193	70064366201
timesCase	-134217729	-33	70061665241
timesCase	-134217728	-63	43754989245
timesCase	-134217728	3	73282879307
timesCase	-134217727	9	54492398047
timesCase	-134217727	129	90999623063
timesCase	-67108865	2048	66034444590
timesCase	-67108865	8192	66032410926
timesCase	-67108864	524287	56425447855
timesCase	-67108863	16777217	101753815319
timesCase	-67108863	67108865	103012106519
timesCase	-33554433	-81985529216486895	66792408371
timesCase	-33554433	1073741824	40533754158
timesCase	-33554432	-2147483647	57109643389
timesCase	-33554432	-33554431	42916118653
timesCase	-33554431	-33554432	42916118782
timesCase	-33554431	-131072	43751702782
timesCase	-16777217	-524289	46512210553
timesCase	-16777217	-513	46338840697
timesCase	-16777216	-16383	61843325053
timesCase	-16777216	-3	9361687265
timesCase	-16777215	-256	43352319998
timesCase	-16777215	129	53250887063
timesCase	-8388609	-5	7667189669
timesCase	-8388609	32768	64614990126
timesCase	-8388608	31	65582132879
timesCase	-8388608	8388607	34770780591
timesCase	-8388607	1025	110377329943
timesCase	-8388607	1073741825	51321504023
timesCase	-4194305	-268435457	72519516793
timesCase	-4194305	65536	64503480622
timesCase	-4194304	-2097151	42624614525
timesCase	-4194304	4194303	34565259695
timesCase	-4194303	-8192	43050131710
timesCase	-4194303	134217729	71428997399
timesCase	-2097153	-33	12369013721
timesCase	-2097153	81985529216486895	72949218601
timesCase	-2097152	-268435455	36452696189
timesCase	-2097152	15	106120083487
timesCase	-2097151	-4194304	42895147262
timesCase	-2097151	2049	111346239767
timesCase	-1048577	-65537	43183178361
timesCase	-1048577	524288	111520776494
timesCase	-1048576	-2047	55673407613
timesCase	-1048576	134217727	61280879023
timesCase	-1048575	-4294967297	43161485541
timesCase	-1048575	-32	5997854174
timesCase	-524289	-16777217	35723936377
timesCase	-524289	4	111308438530
timesCase	-524288	-131071	64363823229
timesCase	-524288	255	87884261551
timesCase	-524287	-512	47794081534
timesCase	-524287	8193	111588614423
timesCase	-262145	-2	99615684
timesCase	-262145	524288	111501902126
timesCase	-262144	255	99776686255
timesCase	-262144	33554431	76523504047
timesCase	-262143	32769	111629598999
timesCase	-262143	1073741825	52572979479
timesCase	-131073	-1073741825	33312473721
timesCase	-131073	8388608	108895666478
timesCase	-131072	-33554431	48063316093
timesCase	-131072	2147483647	62303502767
timesCase	-131071	-268435456	36241932542
timesCase	-131071	-524288	42939711742
timesCase	-65537	-1048577	30425088633
timesCase	-65537	-8193	48334332537
timesCase	-65536	-8191	48309543037
timesCase	-65536	-255	2976291197
timesCase	-65535	-32	374865374
timesCase	-65535	-4	48234650
timesCase	-32769	16	111576607870
timesCase	-32769	32	111483279310
timesCase	-32768	2047	99730078127
timesCase	-32768	4095	87784386991
timesCase	-32767	65537	55831167255
timesCase	-32767	524289	68727537943
timesCase	-16385	4194304	110281228590
timesCase	-16385	134217728	67243475246
timesCase	-16384	-4294967296	42950066454
timesCase	-16384	268435455	87781704111
timesCase	-16383	-16777216	42530636030
timesCase	-16383	9223372036854775807	42952982757
timesCase	-8193	-134217729	74492494457
timesCase	-8193	-65537	48341729913
timesCase	-8192	-4194303	43590140029
timesCase	-8192	-511	745403005
timesCase	-8191	-65536	48316940542
timesCase	-8191	-1	42951327973
timesCase	-4097	-1025	747753081
timesCase	-4097	256	111482517038
timesCase	-4096	-31	22705053
timesCase	-4096	65535	63878439343
timesCase	-4095	5	111665602939
timesCase	-4095	8388609	68928561431
timesCase	-2049	256	111575791150
timesCase	-2049	2147483648	36507271470
timesCase	-2048	-268435455	36775342205
timesCase	-2048	16383	105694368175
timesCase	-2047	-1048576	55808409854
timesCase	-2047	524289	45109948695
timesCase	-1025	-4097	748149369
timesCase	-1025	33554432	100562657582
timesCase	-1024	-31	5680029
timesCase	-1024	2147483647	62277233071
timesCase	-1023	-1073741824	59055825150
timesCase	-1023	17	111666076327
timesCase	-513	-16777217	35618133625
timesCase	-513	4096	111294513454
timesCase	-512	-524287	47861648509
timesCase	-512	1048575	63190439343
timesCase	-511	-8192	746393854
timesCase	-511	134217729	72074841367
timesCase	-257	-2147483649	36507274361
timesCase	-257	-129	5927417
timesCase	-256	-16777215	45516547709
timesCase	-256	-3	143585
timesCase	-255	-65536	2984712446
timesCase	-255	33	111667653175
timesCase	-129	-257	5943929
timesCase	-129	2048	111621813550
timesCase	-128	0	42949676310
timesCase	-128	131071	108662777519
timesCase	-127	257	111663303959
timesCase	-127	4194305	63455605783
timesCase	-65	65536	110900873006
timesCase	-65	268435456	70061655854
timesCase	-64	-9223372036854775808	42949674774
timesCase	-64	16777215	42530255919
timesCase	-63	-134217728	39594231550
timesCase	-63	2147483649	57982048919
timesCase	-33	-134217729	74490846137
timesCase	-33	-2097153	12639542201
timesCase	-32	-1048575	6133116221
timesCase	-32	-65535	383315261
timesCase	-31	-4096	23229438
timesCase	-31	-1024	5808126
timesCase	-17	-17	54729
timesCase	-16	7	111669129351
timesCase	-16	31	111669057327
timesCase	-15	257	111668424823
timesCase	-15	4097	111657584503
timesCase	-9	16384	111640396270
timesCase	-9	1048576	109828899310
timesCase	-8	1048575	110015547391
timesCase	-8	268435455	62008592383
timesCase	-7	-2147483648	36507222462
timesCase	-7	33554433	64726498375
timesCase	-5	-8388609	8749319585
timesCase	-5	2147483648	36507222414
timesCase	-4	-1073741823	48318381589
timesCase	-4	-65535	56688149
timesCase	-3	-16777216	11525947742
timesCase	-3	-256	176222
timesCase	-2	-262145	133432131
timesCase	-2	1	64424509257
timesCase	-1	-8191	2711523
timesCase	-1	511	81604209785
timesCase	0	-128	30064790934
timesCase	0	0	278
timesCase	0	1	21474836605
timesCase	0	2	68719476708
timesCase	0	65537	68709449853
timesCase	0	1073741823	63350768047
timesCase	0	2147483647	49392124335
timesCase	0	2147483648	49392124182
timesCase	0	2147483649	49392124029
timesCase	0	4294967294	30064771656
timesCase	0	4294967295	431
timesCase	1	-2	30064771276
timesCase	1	0	254
timesCase	1	1	21474836759
timesCase	1	2	68719477040
timesCase	1	16777216	69138907390
timesCase	1	1073741823	52613349605
timesCase	1	2147483647	6442451173
timesCase	1	2147483648	6442451198
timesCase	1	2147483649	27917287703
timesCase	1	4294967294	30064771276
timesCase	1	4294967295	229
timesCase	2	0	47244640486
timesCase	2	1	21474836913
timesCase	2	2	21474837116
timesCase	2	63	21474849499
timesCase	2	1073741823	41875931163
timesCase	2	2147483647	49392123931
timesCase	2	2147483648	49392124134
timesCase	2	2147483649	49392124337
timesCase	2	4294967294	77309411152
timesCase	2	4294967295	47244640283
timesCase	3	-134217728	39057359054
timesCase	3	2049	780875
timesCase	4	-524289	111376072327
timesCase	4	131072	73269430
timesCase	5	-4095	111666131839
timesCase	5	8388607	6182403517
timesCase	7	-16	111669132318
timesCase	7	268435457	61471720627
timesCase	8	-81985529216486895	57915249341
timesCase	8	32	40758
timesCase	9	-134217727	71806485991
timesCase	9	8191	11868821
timesCase	15	-2097152	106390618030
timesCase	15	1048577	2639268227
timesCase	16	-32769	111580837135
timesCase	16	268435456	74893492118
timesCase	17	-2147483647	6442453687
timesCase	17	-1023	111666210487
timesCase	31	-8388608	66664267310
timesCase	31	-16	111669063390
timesCase	32	-32769	111487510639
timesCase	32	8	43854
timesCase	33	-255	111667690327
timesCase	33	511	2922917
timesCase	63	2	20888
timesCase	63	16385	181233251
timesCase	64	512	5753110
timesCase	64	1048576	11784944406
timesCase	65	131071	1496436325
timesCase	65	67108863	70397185637
timesCase	127	16777217	50281336035
timesCase	127	2147483649	6442470627
timesCase	128	-536870913	17716714671
timesCase	128	4294967295	68719451311
timesCase	129	-134217727	39594249751
timesCase	129	-16777215	55415164439
timesCase	255	-524288	87951927598
timesCase	255	-262144	99810535726
timesCase	256	-4097	111483078575
timesCase	256	-2049	111576088495
timesCase	257	-127	111663353495
timesCase	257	-15	111668459911
timesCase	511	-1	68719373945
timesCase	511	33	2984579
timesCase	512	64	5810902
timesCase	512	8192	745320726
timesCase	513	4095	373292261
timesCase	513	2097151	66624318693
timesCase	1023	131073	23847528419
timesCase	1023	268435457	39997040611
timesCase	1024	-1073741825	35433273775
timesCase	1024	8388608	67435995414
timesCase	1025	-8388607	42740115735
timesCase	1025	536870911	52076271845
timesCase	2047	-4294967297	68719063673
timesCase	2047	-32768	99734569262
timesCase	2048	-67108865	40332013999
timesCase	2048	-129	111622094383
timesCase	2049	-2097151	42897559831
timesCase	2049	3	1044809
timesCase	4095	-32768	87789142318
timesCase	4095	513	373754339
timesCase	4096	-513	111295108015
timesCase	4096	131072	48298230038
timesCase	4097	-15	111658114951
timesCase	4097	33554431	69557510373
timesCase	8191	9	12924299
timesCase	8191	4294967296	47244443950
timesCase	8192	-67108865	40330772911
timesCase	8192	512	746311446
timesCase	8193	-524287	42937827607
timesCase	8193	32767	47780675813
timesCase	16383	-2048	105696745774
timesCase	16383	1048577	81259823075
timesCase	16384	-9	111642510967
timesCase	16384	67108864	58451427606
timesCase	16385	63	183338789
timesCase	16385	4294967294	98778022092
timesCase	32767	-536870912	35969564974
timesCase	32767	8193	47783845859
timesCase	32768	-8388609	31341609391
timesCase	32768	2097152	68397826326
timesCase	32769	-262143	42948165911
timesCase	32769	536870911	52069859557
timesCase	65535	-1073741824	50464293166
timesCase	65535	-4096	63887421742
timesCase	65536	-4194305	30693261743
timesCase	65536	-65	110909335535
timesCase	65537	-32767	55843848471
timesCase	65537	0	47243067646
timesCase	131071	-128	108679702190
timesCase	131071	65	1513336099
timesCase	131072	4	90177202
timesCase	131072	4096	48314609942
timesCase	131073	1023	23864304869
timesCase	131073	262143	68699554021
timesCase	262143	131073	68716462051
timesCase	262143	8388609	78868119523
timesCase	262144	33554432	63579357462
timesCase	262144	536870912	81061216534
timesCase	262145	-4294967296	47238349054
timesCase	262145	4294967297	40370455
timesCase	524287	-67108864	22200451374
timesCase	524288	-1048577	30119297455
timesCase	524288	-262145	47178842543
timesCase	524289	-32767	79921431
timesCase	524289	-2047	45177846039
timesCase	1048575	-512	63325771566
timesCase	1048575	-8	110150814598
timesCase	1048576	-9	109964166775
timesCase	1048576	64	11920202454
timesCase	1048577	15	2774532725
timesCase	1048577	16383	68508074213
timesCase	2097151	513	66894784995
timesCase	2097151	2097153	68348280803
timesCase	2097152	32768	68664131862
timesCase	2097152	536870912	81017176342
timesCase	2097153	-1073741823	59378762007
timesCase	2097153	2097151	68348281061
timesCase	4194303	-4194304	1287651630
timesCase	4194303	67108865	60037267427
timesCase	4194304	-16385	67874734511
timesCase	4194304	4294967295	67872227759
timesCase	4194305	-536870911	60238594327
timesCase	4194305	-127	63996687511
timesCase	8388607	-8388608	2575302958
timesCase	8388607	5	7264533175
timesCase	8388608	-131073	67045032367
timesCase	8388608	1024	68517993750
timesCase	8388609	-4095	1291743511
timesCase	8388609	262143	67031531749
timesCase	16777215	-64	44694524910
timesCase	16777215	33554433	60196650979
timesCase	16777216	1	2583691389
timesCase	16777216	81985529216486895	33526246719
timesCase	16777217	-67108863	43855642903
timesCase	16777217	127	52445580645
timesCase	33554431	-262144	46526103854
timesCase	33554431	4097	52410666979
timesCase	33554432	-1025	61941638575
timesCase	33554432	262144	67874062614
timesCase	33554433	-7	69055021135
timesCase	33554433	16777215	62360912101
timesCase	67108863	65	57579384099
timesCase	67108863	536870913	55968792547
timesCase	67108864	-2147483649	35836133807
timesCase	67108864	16384	67106357526
timesCase	67108865	-67108863	8657043735
timesCase	67108865	4194303	55268344037
timesCase	134217727	-1048576	44370493742
timesCase	134217727	536870913	66303557603
timesCase	134217728	-536870913	37849399727
timesCase	134217728	-16385	41610002863
timesCase	134217729	-4194303	20564672791
timesCase	134217729	-511	20669517591
timesCase	268435455	-16384	40807612718
timesCase	268435455	-8	66571996038
timesCase	268435456	-65	61740165103
timesCase	268435456	16	62277023622
timesCase	268435457	7	48855253421
timesCase	268435457	1023	61740180709
timesCase	536870911	1025	69792879587
timesCase	536870911	32769	69782372323
timesCase	536870912	262144	72974336278
timesCase	536870912	2097152	72693580054
timesCase	536870913	67108863	56438554853
timesCase	536870913	134217727	28051505381
timesCase	1073741823	0	25769804078
timesCase	1073741823	1	15032385507
timesCase	1073741823	2	81604378264
timesCase	1073741823	1073741823	67645735545
timesCase	1073741823	2147483647	64424510073
timesCase	1073741823	2147483648	32212255022
timesCase	1073741823	2147483649	8589934563
timesCase	1073741823	4294967294	68719477700
timesCase	1073741823	4294967295	57982059129
timesCase	1073741823	4294967296	25769804078
timesCase	1073741823	9223372036854775807	57982059129
timesCase	1073741824	-268435457	51808043439
timesCase	1073741824	-33554433	63115887023
timesCase	1073741825	-8388607	44887441687
timesCase	1073741825	-262143	45090603287
timesCase	2147483647	-131072	38698090798
timesCase	2147483647	-1024	38655044910
timesCase	2147483647	0	51539607854
timesCase	2147483647	1	17179869155
timesCase	2147483647	2	73014443672
timesCase	2147483647	1073741823	13958644345
timesCase	2147483647	2147483647	23622320761
timesCase	2147483647	2147483648	45097156910
timesCase	2147483647	2147483649	23622320099
timesCase	2147483647	4294967294	38654706628
timesCase	2147483647	4294967295	17179869817
timesCase	2147483648	-2049	47244954031
timesCase	2147483648	-5	47244641299
timesCase	2147483648	0	38654705942
timesCase	2147483648	1	17179869309
timesCase	2147483648	2	60129542116
timesCase	2147483648	1073741823	80530637231
timesCase	2147483648	2147483647	45097157039
timesCase	2147483648	2147483648	10737418518
timesCase	2147483648	2147483649	66571993213
timesCase	2147483648	4294967294	38654706248
timesCase	2147483648	4294967295	17179869615
timesCase	2147483649	-63	47244638935
timesCase	2147483649	0	38654705918
timesCase	2147483649	1	17179869463
timesCase	2147483649	2	60129542448
timesCase	2147483649	127	64424512869
timesCase	2147483649	1073741823	48318382309
timesCase	2147483649	2147483647	10737418469
timesCase	2147483649	2147483648	45097156862
timesCase	2147483649	2147483649	10737418519
timesCase	2147483649	4294967294	38654705868
timesCase	2147483649	4294967295	17179869413
timesCase	4294967294	0	42949673286
timesCase	4294967294	1	64424509257
timesCase	4294967294	2	111669149004
timesCase	4294967294	16385	111660810057
timesCase	4294967294	1073741823	41875931971
timesCase	4294967294	2147483647	62277026627
timesCase	4294967294	2147483648	62277026118
timesCase	4294967294	2147483649	62277025609
timesCase	4294967294	4294967294	1344
timesCase	4294967294	4294967295	42949673795
timesCase	4294967295	0	12884902190
timesCase	4294967295	1	34359738339
timesCase	4294967295	2	81604378264
timesCase	4294967295	128	81604336558
timesCase	4294967295	4194304	80216064302
timesCase	4294967295	1073741823	9663677049
timesCase	4294967295	2147483647	6442451577
timesCase	4294967295	2147483648	6442451246
timesCase	4294967295	2147483649	27917287395
timesCase	4294967295	4294967294	964
timesCase	4294967295	4294967295	12884902521
timesCase	4294967296	8191	68718223791
timesCase	4294967296	1073741823	63350768047
timesCase	4294967297	-536870912	59592671486
timesCase	4294967297	262145	68726030615
timesCase	81985529216486895	-2097153	27578565401
timesCase	81985529216486895	16777216	50145309358
timesCase	9223372036854775807	-16383	5423075
timesCase	9223372036854775807	1073741823	9663677049
packCase	-9223372036854775808	-2147483648	34359738364
packCase	-9223372036854775808	-64	68719475708
packCase	-81985529216486895	-33554433	88034899094
packCase	-81985529216486895	8	19852293414
packCase	-4294967297	-1048575	81587601410
packCase	-4294967297	2047	12884934626
packCase	-4294967296	-16384	68719214588
packCase	-4294967296	262145	4194316
packCase	-2147483649	-257	90194309090
packCase	-2147483649	67108864	22548578290
packCase	-2147483648	-9223372036854775808	68719476732
packCase	-2147483648	-7	90194313100
packCase	-2147483647	-33554432	89657442310
packCase	-2147483647	17	21474836758
packCase	-1073741825	-131073	100929634274
packCase	-1073741825	1024	32212271090
packCase	-1073741824	-1023	100931715084
packCase	-1073741824	65535	32213303276
packCase	-1073741823	-4	100931731398
packCase	-1073741823	2097153	32245809174
packCase	-536870913	128	37580965874
packCase	-536870913	134217728	39728447474
packCase	-536870912	32767	37581488108
packCase	-536870912	4294967297	37580963852
packCase	-536870911	-268435456	102005473286
packCase	-536870911	4194305	37648072726
packCase	-268435457	-4194305	108917686242
packCase	-268435457	1073741824	57445187570
packCase	-268435456	-536870911	100394860556
packCase	-268435456	-131071	108982697996
packCase	-268435455	-2097152	108951240710
packCase	-268435455	-2048	108984762374
packCase	-134217729	-8193	110326841314
packCase	-134217729	-33	110326971874
packCase	-134217728	-63	110326971404
packCase	-134217728	3	41607495724
packCase	-134217727	9	41607495830
packCase	-134217727	129	41607497750
packCase	-67108865	2048	42278617074
packCase	-67108865	8192	42278715378
packCase	-67108864	524287	42286972908
packCase	-67108863	16777217	42547019798
packCase	-67108863	67108865	43352326166
packCase	-33554433	-81985529216486895	74377797890
packCase	-33554433	1073741824	59793997810
packCase	-33554432	-2147483647	76973867020
packCase	-33554432	-33554431	110796734476
packCase	-33554431	-33554432	110796734470
packCase	-33554431	-131072	111331508230
packCase	-16777217	-524289	111492988898
packCase	-16777217	-513	111501369314
packCase	-16777216	-16383	111501115404
packCase	-16777216	-3	111501377484
packCase	-16777215	-256	111501373446
packCase	-16777215	129	42781902870
packCase	-8388609	-5	111585263522
packCase	-8388609	32768	42866311154
packCase	-8388608	31	42865787372
packCase	-8388608	8388607	43000004588
packCase	-8388607	1025	42865803286
packCase	-8388607	1073741825	60045656086
packCase	-4194305	-268435457	107332239330
packCase	-4194305	65536	42908778482
packCase	-4194304	-2097151	111593652236
packCase	-4194304	4194303	42974838764
packCase	-4194303	-8192	111627075590
packCase	-4194303	134217729	45055213590
packCase	-2097153	-33	111648177634
packCase	-2097153	81985529216486895	79884508898
packCase	-2097152	-268435455	107353210892
packCase	-2097152	15	42928701676
packCase	-2097151	-4194304	111581069318
packCase	-2097151	2049	42928734230
packCase	-1048577	-65537	111657615330
packCase	-1048577	524288	42947575794
packCase	-1048576	-2047	111658631180
packCase	-1048576	134217727	45086670828
packCase	-1048575	-4294967297	111658663926
packCase	-1048575	-32	111658663430
packCase	-524289	-16777217	111395471330
packCase	-524289	4	42944430130
packCase	-524288	-131071	111661809676
packCase	-524288	255	42944434156
packCase	-524287	-512	111663898630
packCase	-524287	8193	42944561174
packCase	-262145	-2	111666528210
packCase	-262145	524288	42955440114
packCase	-262144	255	42947055596
packCase	-262144	33554431	43483922412
packCase	-262143	32769	42947575830
packCase	-262143	1073741825	60126920726
packCase	-131073	-1073741825	94487969762
packCase	-131073	8388608	43082579954
packCase	-131072	-33554431	111130968076
packCase	-131072	2147483647	77308100588
packCase	-131071	-268435456	107372871686
packCase	-131071	-524288	111659450374
packCase	-65537	-1048577	111651717090
packCase	-65537	-8193	111668363234
packCase	-65536	-8191	111668363276
packCase	-65536	-255	111668490252
packCase	-65535	-32	111668493830
packCase	-65535	-4	111668494278
packCase	-32769	16	42949345522
packCase	-32769	32	42949345778
packCase	-32768	2047	42949378028
packCase	-32768	4095	42949410796
packCase	-32767	65537	42950393878
packCase	-32767	524289	42957733910
packCase	-16385	4194304	43016617970
packCase	-16385	134217728	45096992754
packCase	-16384	-4294967296	90194149372
packCase	-16384	268435455	47244476396
packCase	-16383	-16777216	111400550406
packCase	-16383	9223372036854775807	111668985846
packCase	-8193	-134217729	109521584098
packCase	-8193	-65537	111668019170
packCase	-8192	-4194303	111601958924
packCase	-8192	-511	111669059596
packCase	-8191	-65536	111668019206
packCase	-8191	-1	111669067766
packCase	-4097	-1025	111669092322
packCase	-4097	256	42949636082
packCase	-4096	-31	111669108236
packCase	-4096	65535	42950680556
packCase	-4095	5	42949632086
packCase	-4095	8388609	43083849750
packCase	-2049	256	42949656562
packCase	-2049	2147483648	77309390834
packCase	-2048	-268435455	107374161932
packCase	-2048	16383	42949914604
packCase	-2047	-1048576	111652352006
packCase	-2047	524289	42958041110
packCase	-1025	-4097	111669073890
packCase	-1025	33554432	43486533618
packCase	-1024	-31	111669138956
packCase	-1024	2147483647	77309401068
packCase	-1023	-1073741824	94489270278
packCase	-1023	17	42949662998
packCase	-513	-16777217	111400709090
packCase	-513	4096	42949733362
packCase	-512	-524287	111660755980
packCase	-512	1048575	42966445036
packCase	-511	-8192	111669013510
packCase	-511	134217729	45097151510
packCase	-257	-2147483649	77309408738
packCase	-257	-129	111669145058
packCase	-256	-16777215	111400711692
packCase	-256	-3	111669147084
packCase	-255	-65536	111668098566
packCase	-255	33	42949670934
packCase	-129	-257	111669144290
packCase	-129	2048	42949704434
packCase	-128	0	90194311932
packCase	-128	131071	42951768812
packCase	-127	257	42949675798
packCase	-127	4194305	43016780566
packCase	-65	65536	42950720882
packCase	-65	268435456	47244639602
packCase	-64	-9223372036854775808	90194312572
packCase	-64	16777215	43218107756
packCase	-63	-134217728	109521665414
packCase	-63	2147483649	77309410710
packCase	-33	-134217729	109521665698
packCase	-33	-2097153	111635594914
packCase	-32	-1048575	111652372172
packCase	-32	-65535	111668100812
packCase	-31	-4096	111669083846
packCase	-31	-1024	111669132998
packCase	-17	-17	111669149250
packCase	-16	7	42949672908
packCase	-16	31	42949673292
packCase	-15	257	42949676918
packCase	-15	4097	42949738358
packCase	-9	16384	42949935010
packCase	-9	1048576	42966450082
packCase	-8	1048575	42966450076
packCase	-8	268435455	47244640156
packCase	-7	-2147483648	77309411254
packCase	-7	33554433	43486543814
packCase	-5	-8388609	111534931898
packCase	-5	2147483648	77309411274
packCase	-4	-1073741823	94489280484
packCase	-4	-65535	111668101092
packCase	-3	-16777216	111400714206
packCase	-3	-256	111669145566
packCase	-2	-262145	111664955352
packCase	-2	1	42949672952
packCase	-1	-8191	81604247554
packCase	-1	511	12884910050
packCase	0	-128	68719474684
packCase	0	0	47244640252
packCase	0	1	12
packCase	0	2	28
packCase	0	65537	1048588
packCase	0	1073741823	17179869164
packCase	0	2147483647	34359738348
packCase	0	2147483648	34359738364
packCase	0	2147483649	34359738380
packCase	0	4294967294	68719476700
packCase	0	4294967295	68719476716
packCase	1	-2	68719476710
packCase	1	0	47244640262
packCase	1	1	22
packCase	1	2	38
packCase	1	16777216	268435462
packCase	1	1073741823	17179869174
packCase	1	2147483647	34359738358
packCase	1	2147483648	34359738374
packCase	1	2147483649	34359738390
packCase	1	4294967294	68719476710
packCase	1	4294967295	68719476726
packCase	2	0	47244640272
packCase	2	1	32
packCase	2	2	48
packCase	2	63	1024
packCase	2	1073741823	17179869184
packCase	2	2147483647	34359738368
packCase	2	2147483648	34359738384
packCase	2	2147483649	34359738400
packCase	2	4294967294	68719476720
packCase	2	4294967295	68719476736
packCase	3	-134217728	66571993114
packCase	3	2049	32810
packCase	4	-524289	68711088148
packCase	4	131072	2097188
packCase	5	-4095	68719411262
packCase	5	8388607	134217758
packCase	7	-16	68719476546
packCase	7	268435457	4294967378
packCase	8	-81985529216486895	31763669340
packCase	8	32	588
packCase	9	-134217727	66571993190
packCase	9	8191	131142
packCase	15	-2097152	68685922450
packCase	15	1048577	16777378
packCase	16	-32769	68718952588
packCase	16	268435456	4294967452
packCase	17	-2147483647	34359738550
packCase	17	-1023	68719460534
packCase	31	-8388608	68585259314
packCase	31	-16	68719476786
packCase	32	-32769	68718952748
packCase	32	8	444
packCase	33	-255	68719472982
packCase	33	511	8502
packCase	63	2	658
packCase	63	16385	262786
packCase	64	512	8828
packCase	64	1048576	16777852
packCase	65	131071	2097782
packCase	65	67108863	1073742454
packCase	127	16777217	268436738
packCase	127	2147483649	34359739650
packCase	128	-536870913	60129543404
packCase	128	4294967295	68719477996
packCase	129	-134217727	66571994390
packCase	129	-16777215	68451042582
packCase	255	-524288	68711090674
packCase	255	-262144	68715284978
packCase	256	-4097	68719413740
packCase	256	-2049	68719446508
packCase	257	-127	68719477270
packCase	257	-15	68719479062
packCase	511	-1	68719481826
packCase	511	33	5634
packCase	512	64	6140
packCase	512	8192	136188
packCase	513	4095	70646
packCase	513	2097151	33559542
packCase	1023	131073	2107394
packCase	1023	268435457	4294977538
packCase	1024	-1073741825	51539617772
packCase	1024	8388608	134227964
packCase	1025	-8388607	68585269270
packCase	1025	536870911	8589944822
packCase	2047	-4294967297	68719497186
packCase	2047	-32768	68718972914
packCase	2048	-67108865	67645755372
packCase	2048	-129	68719495148
packCase	2049	-2097151	68685942806
packCase	2049	3	20534
packCase	4095	-32768	68718993394
packCase	4095	513	49154
packCase	4096	-513	68719509484
packCase	4096	131072	2138108
packCase	4097	-15	68719517462
packCase	4097	33554431	536911862
packCase	8191	9	82050
packCase	8191	4294967296	47244722162
packCase	8192	-67108865	67645816812
packCase	8192	512	90108
packCase	8193	-524287	68711170070
packCase	8193	32767	606198
packCase	16383	-2048	68719607794
packCase	16383	1048577	16941058
packCase	16384	-9	68719640428
packCase	16384	67108864	1073905660
packCase	16385	63	164854
packCase	16385	4294967294	68719640550
packCase	32767	-536870912	60129869810
packCase	32767	8193	458754
packCase	32768	-8388609	68585586668
packCase	32768	2097152	33882108
packCase	32769	-262143	68715610134
packCase	32769	536870911	8590262262
packCase	65535	-1073741824	51540262898
packCase	65535	-4096	68720066546
packCase	65536	-4194305	68653023212
packCase	65536	-65	68720131052
packCase	65537	-32767	68719607830
packCase	65537	0	47245295622
packCase	131071	-128	68720785394
packCase	131071	65	1311746
packCase	131072	4	1310780
packCase	131072	4096	1376252
packCase	131073	1023	1327094
packCase	131073	262143	5505014
packCase	262143	131073	4718594
packCase	262143	8388609	136839170
packCase	262144	33554432	539492348
packCase	262144	536870912	8592556028
packCase	262145	-4294967296	47247261702
packCase	262145	4294967297	2621462
packCase	524287	-67108864	67650977778
packCase	524288	-1048577	68707942380
packCase	524288	-262145	68720525292
packCase	524289	-32767	68724195350
packCase	524289	-2047	68724686870
packCase	1048575	-512	68729954290
packCase	1048575	-8	68729962354
packCase	1048576	-9	68729962348
packCase	1048576	64	10486780
packCase	1048577	15	10486006
packCase	1048577	16383	10747894
packCase	2097151	513	20979714
packCase	2097151	2097153	54525954
packCase	2097152	32768	21495804
packCase	2097152	536870912	8610906108
packCase	2097153	-1073741823	51560579094
packCase	2097153	2097151	54525942
packCase	4194303	-4194304	68694310898
packCase	4194303	67108865	1115684866
packCase	4194304	-16385	68761157612
packCase	4194304	4294967295	68761419756
packCase	4194305	-536870911	60171485206
packCase	4194305	-127	68761417750
packCase	8388607	-8388608	68669145074
packCase	8388607	5	83886146
packCase	8388608	-131073	68801265644
packCase	8388608	1024	83902460
packCase	8388609	-4095	68803297302
packCase	8388609	262143	88080374
packCase	16777215	-64	68887247858
packCase	16777215	33554433	704643074
packCase	16777216	1	167772172
packCase	16777216	81985529216486895	37123579628
packCase	16777217	-67108863	67813507094
packCase	16777217	127	167774198
packCase	33554431	-262144	69050826738
packCase	33554431	4097	335609858
packCase	33554432	-1025	69055004652
packCase	33554432	262144	339738620
packCase	33554433	-7	69055020950
packCase	33554433	16777215	603979766
packCase	67108863	65	671089666
packCase	67108863	536870913	9261023234
packCase	67108864	-2147483649	35030826988
packCase	67108864	16384	671350780
packCase	67108865	-67108863	68316823574
packCase	67108865	4194303	738197494
packCase	134217727	-1048576	70044876786
packCase	134217727	536870913	9932111874
packCase	134217728	-536870913	61471719404
packCase	134217728	-16385	70061391852
packCase	134217729	-4194303	69994545174
packCase	134217729	-511	70061645846
packCase	268435455	-16384	71403569138
packCase	268435455	-8	71403831154
packCase	268435456	-65	71403830252
packCase	268435456	16	2684354812
packCase	268435457	7	2684354678
packCase	268435457	1023	2684370934
packCase	536870911	1025	5368725506
packCase	536870911	32769	5369233410
packCase	536870912	262144	5372903420
packCase	536870912	2097152	5402263548
packCase	536870913	67108863	6442450934
packCase	536870913	134217727	7516192758
packCase	1073741823	0	57982058482
packCase	1073741823	1	10737418242
packCase	1073741823	2	10737418258
packCase	1073741823	1073741823	27917287394
packCase	1073741823	2147483647	45097156578
packCase	1073741823	2147483648	45097156594
packCase	1073741823	2147483649	45097156610
packCase	1073741823	4294967294	79456894930
packCase	1073741823	4294967295	79456894946
packCase	1073741823	4294967296	57982058482
packCase	1073741823	9223372036854775807	79456894946
packCase	1073741824	-268435457	75161927660
packCase	1073741824	-33554433	78920024044
packCase	1073741825	-8388607	79322677270
packCase	1073741825	-262143	79452700694
packCase	2147483647	-131072	90192216050
packCase	2147483647	-1024	90194296818
packCase	2147483647	0	68719476722
packCase	2147483647	1	21474836482
packCase	2147483647	2	21474836498
packCase	2147483647	1073741823	38654705634
packCase	2147483647	2147483647	55834574818
packCase	2147483647	2147483648	55834574834
packCase	2147483647	2147483649	55834574850
packCase	2147483647	4294967294	90194313170
packCase	2147483647	4294967295	90194313186
packCase	2147483648	-2049	90194280428
packCase	2147483648	-5	90194313132
packCase	2147483648	0	68719476732
packCase	2147483648	1	21474836492
packCase	2147483648	2	21474836508
packCase	2147483648	1073741823	38654705644
packCase	2147483648	2147483647	55834574828
packCase	2147483648	2147483648	55834574844
packCase	2147483648	2147483649	55834574860
packCase	2147483648	4294967294	90194313180
packCase	2147483648	4294967295	90194313196
packCase	2147483649	-63	90194312214
packCase	2147483649	0	68719476742
packCase	2147483649	1	21474836502
packCase	2147483649	2	21474836518
packCase	2147483649	127	21474838518
packCase	2147483649	1073741823	38654705654
packCase	2147483649	2147483647	55834574838
packCase	2147483649	2147483648	55834574854
packCase	2147483649	2147483649	55834574870
packCase	2147483649	4294967294	90194313190
packCase	2147483649	4294967295	90194313206
packCase	4294967294	0	90194313192
packCase	4294967294	1	42949672952
packCase	4294967294	2	42949672968
packCase	4294967294	16385	42949935096
packCase	4294967294	1073741823	60129542104
packCase	4294967294	2147483647	77309411288
packCase	4294967294	2147483648	77309411304
packCase	4294967294	2147483649	77309411320
packCase	4294967294	4294967294	111669149640
packCase	4294967294	4294967295	111669149656
packCase	4294967295	0	60129542130
packCase	4294967295	1	12884901890
packCase	4294967295	2	12884901906
packCase	4294967295	128	12884903922
packCase	4294967295	4194304	12952010738
packCase	4294967295	1073741823	30064771042
packCase	4294967295	2147483647	47244640226
packCase	4294967295	2147483648	47244640242
packCase	4294967295	2147483649	47244640258
packCase	4294967295	4294967294	81604378578
packCase	4294967295	4294967295	81604378594
packCase	4294967296	8191	131052
packCase	4294967296	1073741823	17179869164
packCase	4294967297	-536870912	60129542150
packCase	4294967297	262145	4194326
packCase	81985529216486895	-2097153	91783301954
packCase	81985529216486895	16777216	23365815122
packCase	9223372036854775807	-16383	81604116482
packCase	9223372036854775807	1073741823	30064771042
broadcastCase	-9223372036854775808	-2147483648	55834575602
broadcastCase	-9223372036854775808	-64	2418
broadcastCase	-81985529216486895	-33554433	52488378566
broadcastCase	-81985529216486895	8	51615963100
broadcastCase	-4294967297	-1048575	27263678
broadcastCase	-4294967297	2047	111669097202
broadcastCase	-4294967296	-16384	426738
broadcastCase	-4294967296	262145	111662334680
broadcastCase	-2147483649	-257	55834582258
broadcastCase	-2147483649	67108864	54089745112
broadcastCase	-2147483648	-9223372036854775808	55834575602
broadcastCase	-2147483648	-7	55834575784
broadcastCase	-2147483647	-33554432	56706990860
broadcastCase	-2147483647	17	55834575186
broadcastCase	-1073741825	-131073	83755270898
broadcastCase	-1073741825	1024	83751836376
broadcastCase	-1073741824	-1023	83751889624
broadcastCase	-1073741824	65535	83750159116
broadcastCase	-1073741823	-4	83751863156
broadcastCase	-1073741823	2097153	83697337074
broadcastCase	-536870913	128	97710503384
broadcastCase	-536870913	134217728	94220845784
broadcastCase	-536870912	32767	97709654796
broadcastCase	-536870912	4294967297	97710506712
broadcastCase	-536870911	-268435456	104689828620
broadcastCase	-536870911	4194305	97601454834
broadcastCase	-268435457	-4194305	104798880498
broadcastCase	-268435457	1073741824	76772541144
broadcastCase	-268435456	-536870911	6979322584
broadcastCase	-268435456	-131071	104693236440
broadcastCase	-268435455	-2097152	104744354572
broadcastCase	-268435455	-2048	104689881868
broadcastCase	-134217729	-8193	108179702514
broadcastCase	-134217729	-33	108179490354
broadcastCase	-134217728	-63	108179491160
broadcastCase	-134217728	3	108179489444
broadcastCase	-134217727	9	108179489314
broadcastCase	-134217727	129	108179486194
broadcastCase	-67108865	2048	109924266712
broadcastCase	-67108865	8192	109924106968
broadcastCase	-67108864	524287	109910688524
broadcastCase	-67108863	16777217	109488112370
broadcastCase	-67108863	67108865	108179489522
broadcastCase	-33554433	-81985529216486895	59180772638
broadcastCase	-33554433	1073741824	82879447768
broadcastCase	-33554432	-2147483647	54962160344
broadcastCase	-33554432	-33554431	728
broadcastCase	-33554431	-33554432	780
broadcastCase	-33554431	-131072	110800143116
broadcastCase	-16777217	-524289	111246574322
broadcastCase	-16777217	-513	111232956146
broadcastCase	-16777216	-16383	111233368792
broadcastCase	-16777216	-3	111232942912
broadcastCase	-16777215	-256	111232949516
broadcastCase	-16777215	129	111232939506
broadcastCase	-8388609	-5	111451046746
broadcastCase	-8388609	32768	111450194648
broadcastCase	-8388608	31	111451045836
broadcastCase	-8388608	8388607	111232942860
broadcastCase	-8388607	1025	111451020018
broadcastCase	-8388607	1073741825	83533759218
broadcastCase	-4194305	-268435457	6870270706
broadcastCase	-4194305	65536	111558394584
broadcastCase	-4194304	-2097151	111614624472
broadcastCase	-4194304	4194303	111451046668
broadcastCase	-4194303	-8192	111560311564
broadcastCase	-4194303	134217729	108070437618
broadcastCase	-2097153	-33	111614625330
broadcastCase	-2097153	81985529216486895	51561437330
broadcastCase	-2097152	-268435455	6924796632
broadcastCase	-2097152	15	111614624108
broadcastCase	-2097151	-4194304	54526732
broadcastCase	-2097151	2049	111614571250
broadcastCase	-1048577	-65537	111643591410
broadcastCase	-1048577	524288	111628255960
broadcastCase	-1048576	-2047	111641940696
broadcastCase	-1048576	134217727	108152226572
broadcastCase	-1048575	-4294967297	111641887526
broadcastCase	-1048575	-32	111641888332
broadcastCase	-524289	-16777217	422576882
broadcastCase	-524289	4	111655518832
broadcastCase	-524288	-131071	111658926808
broadcastCase	-524288	255	111655512332
broadcastCase	-524287	-512	111655532300
broadcastCase	-524287	8193	111655305970
broadcastCase	-262145	-2	111662334732
broadcastCase	-262145	524288	111648703192
broadcastCase	-262144	255	111662328076
broadcastCase	-262144	33554431	110789919500
broadcastCase	-262143	32769	111661482738
broadcastCase	-262143	1073741825	83745047282
broadcastCase	-131073	-1073741825	27913880306
broadcastCase	-131073	8388608	111447638744
broadcastCase	-131072	-33554431	869008088
broadcastCase	-131072	2147483647	55831167756
broadcastCase	-131071	-268435456	6975914764
broadcastCase	-131071	-524288	10224396
broadcastCase	-65537	-1048577	25559794
broadcastCase	-65537	-8193	111667659506
broadcastCase	-65536	-8191	111667659480
broadcastCase	-65536	-255	111667453144
broadcastCase	-65535	-32	111667447372
broadcastCase	-65535	-4	111667446644
broadcastCase	-32769	16	111668298040
broadcastCase	-32769	32	111668297624
broadcastCase	-32768	2047	111668245260
broadcastCase	-32768	4095	111668192012
broadcastCase	-32767	65537	111666594546
broadcastCase	-32767	524289	111654666994
broadcastCase	-16385	4194304	111559672536
broadcastCase	-16385	134217728	108179063512
broadcastCase	-16384	-4294967296	111668724466
broadcastCase	-16384	268435455	104689402636
broadcastCase	-16383	-16777216	435782412
broadcastCase	-16383	9223372036854775807	111668724518
broadcastCase	-8193	-134217729	3489448690
broadcastCase	-8193	-65537	1491698
broadcastCase	-8192	-4194303	108839640
broadcastCase	-8192	-511	111668950744
broadcastCase	-8191	-65536	1491724
broadcastCase	-8191	-1	111668937510
broadcastCase	-4097	-1025	111669070578
broadcastCase	-4097	256	111669037272
broadcastCase	-4096	-31	111669044760
broadcastCase	-4096	65535	111667340044
broadcastCase	-4095	5	111669043850
broadcastCase	-4095	8388609	111450940146
broadcastCase	-2049	256	111669090520
broadcastCase	-2049	2147483648	55834522328
broadcastCase	-2048	-268435455	6979269336
broadcastCase	-2048	16383	111668671244
broadcastCase	-2047	-1048576	27210508
broadcastCase	-2047	524289	111655465714
broadcastCase	-1025	-4097	80626
broadcastCase	-1025	33554432	110796708568
broadcastCase	-1024	-31	111669124632
broadcastCase	-1024	2147483647	55834549004
broadcastCase	-1023	-1073741824	27917261580
broadcastCase	-1023	17	111669123410
broadcastCase	-513	-16777217	436195058
broadcastCase	-513	4096	111669030616
broadcastCase	-512	-524287	13618904
broadcastCase	-512	1048575	111641874188
broadcastCase	-511	-8192	200460
broadcastCase	-511	134217729	108179476210
broadcastCase	-257	-2147483649	55834568946
broadcastCase	-257	-129	111669147122
broadcastCase	-256	-16777215	436201688
broadcastCase	-256	-3	111669143872
broadcastCase	-255	-65536	1698060
broadcastCase	-255	33	111669142962
broadcastCase	-129	-257	4082
broadcastCase	-129	2048	111669093848
broadcastCase	-128	0	111669147122
broadcastCase	-128	131071	111665739276
broadcastCase	-127	257	111669140466
broadcastCase	-127	4194305	111560095218
broadcastCase	-65	65536	111667444824
broadcastCase	-65	268435456	104689826904
broadcastCase	-64	-9223372036854775808	111669148786
broadcastCase	-64	16777215	111232941196
broadcastCase	-63	-134217728	3489660044
broadcastCase	-63	2147483649	55834573938
broadcastCase	-33	-134217729	3489660850
broadcastCase	-33	-2097153	54525874
broadcastCase	-32	-1048575	27262872
broadcastCase	-32	-65535	1703832
broadcastCase	-31	-4096	106444
broadcastCase	-31	-1024	26572
broadcastCase	-17	-17	754
broadcastCase	-16	7	156
broadcastCase	-16	31	111669149228
broadcastCase	-15	257	111669143378
broadcastCase	-15	4097	111669043538
broadcastCase	-9	16384	111668724232
broadcastCase	-9	1048576	111641887240
broadcastCase	-8	1048575	111641887292
broadcastCase	-8	268435455	104689828412
broadcastCase	-7	-2147483648	55834575420
broadcastCase	-7	33554433	110796735010
broadcastCase	-5	-8388609	218104458
broadcastCase	-5	2147483648	55834575472
broadcastCase	-4	-1073741823	27917288048
broadcastCase	-4	-65535	1704560
broadcastCase	-3	-16777216	436208292
broadcastCase	-3	-256	7332
broadcastCase	-2	-262145	6816472
broadcastCase	-2	1	676
broadcastCase	-1	-8191	213694
broadcastCase	-1	511	111669137138
broadcastCase	0	-128	4082
broadcastCase	0	0	754
broadcastCase	0	1	728
broadcastCase	0	2	702
broadcastCase	0	65537	111667446488
broadcastCase	0	1073741823	83751863052
broadcastCase	0	2147483647	55834575628
broadcastCase	0	2147483648	55834575602
broadcastCase	0	2147483649	55834575576
broadcastCase	0	4294967294	806
broadcastCase	0	4294967295	780
broadcastCase	1	-2	832
broadcastCase	1	0	780
broadcastCase	1	1	754
broadcastCase	1	2	728
broadcastCase	1	16777216	111232942860
broadcastCase	1	1073741823	83751863078
broadcastCase	1	2147483647	55834575654
broadcastCase	1	2147483648	55834575628
broadcastCase	1	2147483649	55834575602
broadcastCase	1	4294967294	832
broadcastCase	1	4294967295	806
broadcastCase	2	0	806
broadcastCase	2	1	780
broadcastCase	2	2	754
broadcastCase	2	63	111669148864
broadcastCase	2	1073741823	83751863104
broadcastCase	2	2147483647	55834575680
broadcastCase	2	2147483648	55834575654
broadcastCase	2	2147483649	55834575628
broadcastCase	2	4294967294	858
broadcastCase	2	4294967295	832
broadcastCase	3	-134217728	3489661760
broadcastCase	3	2049	111669097254
broadcastCase	4	-524289	13632372
broadcastCase	4	131072	111665742682
broadcastCase	5	-4095	107354
broadcastCase	5	8388607	111451046798
broadcastCase	7	-16	1352
broadcastCase	7	268435457	104689828750
broadcastCase	8	-81985529216486895	60053188104
broadcastCase	8	32	130
broadcastCase	9	-134217727	3489661890
broadcastCase	9	8191	111668937718
broadcastCase	15	-2097152	54527096
broadcastCase	15	1048577	111641887838
broadcastCase	16	-32769	853164
broadcastCase	16	268435456	104689829010
broadcastCase	17	-2147483647	55834576018
broadcastCase	17	-1023	27794
broadcastCase	31	-8388608	218105368
broadcastCase	31	-16	1976
broadcastCase	32	-32769	853580
broadcastCase	32	8	1378
broadcastCase	33	-255	8242
broadcastCase	33	511	111669138022
broadcastCase	63	2	2340
broadcastCase	63	16385	111668726078
broadcastCase	64	512	111669138802
broadcastCase	64	1048576	111641889138
broadcastCase	65	131071	111665744294
broadcastCase	65	67108863	109924321702
broadcastCase	127	16777217	111232946110
broadcastCase	127	2147483649	55834578878
broadcastCase	128	-536870913	13958647820
broadcastCase	128	4294967295	4108
broadcastCase	129	-134217727	3489665010
broadcastCase	129	-16777215	436211698
broadcastCase	255	-524288	13638872
broadcastCase	255	-262144	6823128
broadcastCase	256	-4097	113932
broadcastCase	256	-2049	60684
broadcastCase	257	-127	10738
broadcastCase	257	-15	7826
broadcastCase	511	-1	14066
broadcastCase	511	33	13182
broadcastCase	512	64	12402
broadcastCase	512	8192	111668950770
broadcastCase	513	4095	111669057318
broadcastCase	513	2097151	111614637862
broadcastCase	1023	131073	111665769150
broadcastCase	1023	268435457	104689855166
broadcastCase	1024	-1073741825	27917314828
broadcastCase	1024	8388608	111451073266
broadcastCase	1025	-8388607	218131186
broadcastCase	1025	536870911	97710533414
broadcastCase	2047	-4294967297	54002
broadcastCase	2047	-32768	905944
broadcastCase	2048	-67108865	1744884492
broadcastCase	2048	-129	57356
broadcastCase	2049	-2097151	54579954
broadcastCase	2049	3	53950
broadcastCase	4095	-32768	959192
broadcastCase	4095	513	93886
broadcastCase	4096	-513	120588
broadcastCase	4096	131072	111665849074
broadcastCase	4097	-15	107666
broadcastCase	4097	33554431	110796841766
broadcastCase	8191	9	213486
broadcastCase	8191	4294967296	213720
broadcastCase	8192	-67108865	1745044236
broadcastCase	8192	512	200434
broadcastCase	8193	-524287	13845234
broadcastCase	8193	32767	111668511526
broadcastCase	16383	-2048	479960
broadcastCase	16383	1048577	111642313406
broadcastCase	16384	-9	426972
broadcastCase	16384	67108864	109924745970
broadcastCase	16385	63	425126
broadcastCase	16385	4294967294	426816
broadcastCase	32767	-536870912	13959496408
broadcastCase	32767	8193	639678
broadcastCase	32768	-8388609	218956556
broadcastCase	32768	2097152	111615476466
broadcastCase	32769	-262143	7668466
broadcastCase	32769	536870911	97711358758
broadcastCase	65535	-1073741824	27918992088
broadcastCase	65535	-4096	1811160
broadcastCase	65536	-4194305	110756620
broadcastCase	65536	-65	1706380
broadcastCase	65537	-32767	2556658
broadcastCase	65537	0	1704716
broadcastCase	131071	-128	3411928
broadcastCase	131071	65	3406910
broadcastCase	131072	4	3408522
broadcastCase	131072	4096	3302130
broadcastCase	131073	1023	3382054
broadcastCase	131073	262143	111665742630
broadcastCase	262143	131073	3408574
broadcastCase	262143	8388609	111457862334
broadcastCase	262144	33554432	110803550962
broadcastCase	262144	536870912	97717322482
broadcastCase	262145	-4294967296	6816524
broadcastCase	262145	4294967297	6816498
broadcastCase	524287	-67108864	1758462680
broadcastCase	524288	-1048577	40895244
broadcastCase	524288	-262145	20448012
broadcastCase	524289	-32767	14484210
broadcastCase	524289	-2047	13685490
broadcastCase	1048575	-512	27277016
broadcastCase	1048575	-8	27263912
broadcastCase	1048576	-9	27263964
broadcastCase	1048576	64	27262066
broadcastCase	1048577	15	27263366
broadcastCase	1048577	16383	26837798
broadcastCase	2097151	513	54513342
broadcastCase	2097151	2097153	702
broadcastCase	2097152	32768	53674738
broadcastCase	2097152	536870912	97765032690
broadcastCase	2097153	-1073741823	27971814130
broadcastCase	2097153	2097151	806
broadcastCase	4194303	-4194304	218104536
broadcastCase	4194303	67108865	110033371838
broadcastCase	4194304	-16385	109478668
broadcastCase	4194304	4294967295	109052684
broadcastCase	4194305	-536870911	14067696370
broadcastCase	4194305	-127	109055986
broadcastCase	8388607	-8388608	436208344
broadcastCase	8388607	5	218104406
broadcastCase	8388608	-131073	221512460
broadcastCase	8388608	1024	218077938
broadcastCase	8388609	-4095	218211058
broadcastCase	8388609	262143	211288870
broadcastCase	16777215	-64	436210008
broadcastCase	16777215	33554433	111232942782
broadcastCase	16777216	1	436208344
broadcastCase	16777216	81985529216486895	52052170924
broadcastCase	16777217	-67108863	2181038834
broadcastCase	16777217	127	436205094
broadcastCase	33554431	-262144	879231704
broadcastCase	33554431	4097	872309438
broadcastCase	33554432	-1025	872442636
broadcastCase	33554432	262144	865600242
broadcastCase	33554433	-7	872416194
broadcastCase	33554433	16777215	436208422
broadcastCase	67108863	65	1744829502
broadcastCase	67108863	536870913	99455337150
broadcastCase	67108864	-2147483649	57579406092
broadcastCase	67108864	16384	1744405234
broadcastCase	67108865	-67108863	3489661682
broadcastCase	67108865	4194303	1635779366
broadcastCase	134217727	-1048576	3516924632
broadcastCase	134217727	536870913	101200167614
broadcastCase	134217728	-536870913	17448305420
broadcastCase	134217728	-16385	3490087692
broadcastCase	134217729	-4194303	3598713586
broadcastCase	134217729	-511	3489674994
broadcastCase	268435455	-16384	6979748568
broadcastCase	268435455	-8	6979322792
broadcastCase	268435456	-65	6979324300
broadcastCase	268435456	16	6979322194
broadcastCase	268435457	7	6979322454
broadcastCase	268435457	1023	6979296038
broadcastCase	536870911	1025	13958617790
broadcastCase	536870911	32769	13957792446
broadcastCase	536870912	262144	13951828722
broadcastCase	536870912	2097152	13904118514
broadcastCase	536870913	67108863	12213814054
broadcastCase	536870913	134217727	10468983590
broadcastCase	1073741823	0	27917288152
broadcastCase	1073741823	1	27917288126
broadcastCase	1073741823	2	27917288100
broadcastCase	1073741823	1073741823	754
broadcastCase	1073741823	2147483647	83751863026
broadcastCase	1073741823	2147483648	83751863000
broadcastCase	1073741823	2147483649	83751862974
broadcastCase	1073741823	4294967294	27917288204
broadcastCase	1073741823	4294967295	27917288178
broadcastCase	1073741823	4294967296	27917288152
broadcastCase	1073741823	9223372036854775807	27917288178
broadcastCase	1073741824	-268435457	34896610060
broadcastCase	1073741824	-33554433	28789703436
broadcastCase	1073741825	-8388607	28135391986
broadcastCase	1073741825	-262143	27924103922
broadcastCase	2147483647	-131072	55837983448
broadcastCase	2147483647	-1024	55834602200
broadcastCase	2147483647	0	55834575576
broadcastCase	2147483647	1	55834575550
broadcastCase	2147483647	2	55834575524
broadcastCase	2147483647	1073741823	27917288178
broadcastCase	2147483647	2147483647	754
broadcastCase	2147483647	2147483648	728
broadcastCase	2147483647	2147483649	702
broadcastCase	2147483647	4294967294	55834575628
broadcastCase	2147483647	4294967295	55834575602
broadcastCase	2147483648	-2049	55834628876
broadcastCase	2147483648	-5	55834575732
broadcastCase	2147483648	0	55834575602
broadcastCase	2147483648	1	55834575576
broadcastCase	2147483648	2	55834575550
broadcastCase	2147483648	1073741823	27917288204
broadcastCase	2147483648	2147483647	780
broadcastCase	2147483648	2147483648	754
broadcastCase	2147483648	2147483649	728
broadcastCase	2147483648	4294967294	55834575654
broadcastCase	2147483648	4294967295	55834575628
broadcastCase	2147483649	-63	55834577266
broadcastCase	2147483649	0	55834575628
broadcastCase	2147483649	1	55834575602
broadcastCase	2147483649	2	55834575576
broadcastCase	2147483649	127	55834572326
broadcastCase	2147483649	1073741823	27917288230
broadcastCase	2147483649	2147483647	806
broadcastCase	2147483649	2147483648	780
broadcastCase	2147483649	2147483649	754
broadcastCase	2147483649	4294967294	55834575680
broadcastCase	2147483649	4294967295	55834575654
broadcastCase	4294967294	0	702
broadcastCase	4294967294	1	676
broadcastCase	4294967294	2	650
broadcastCase	4294967294	16385	111668724388
broadcastCase	4294967294	1073741823	83751863000
broadcastCase	4294967294	2147483647	55834575576
broadcastCase	4294967294	2147483648	55834575550
broadcastCase	4294967294	2147483649	55834575524
broadcastCase	4294967294	4294967294	754
broadcastCase	4294967294	4294967295	728
broadcastCase	4294967295	0	728
broadcastCase	4294967295	1	702
broadcastCase	4294967295	2	676
broadcastCase	4294967295	128	111669147096
broadcastCase	4294967295	4194304	111560098520
broadcastCase	4294967295	1073741823	83751863026
broadcastCase	4294967295	2147483647	55834575602
broadcastCase	4294967295	2147483648	55834575576
broadcastCase	4294967295	2147483649	55834575550
broadcastCase	4294967295	4294967294	780
broadcastCase	4294967295	4294967295	754
broadcastCase	4294967296	8191	111668937484
broadcastCase	4294967296	1073741823	83751863052
broadcastCase	4294967297	-536870912	13958644492
broadcastCase	4294967297	262145	111662334706
broadcastCase	81985529216486895	-2097153	60107713874
broadcastCase	81985529216486895	16777216	59616980280
broadcastCase	9223372036854775807	-16383	426686
broadcastCase	9223372036854775807	1073741823	83751863026
laneCase	0	0	0	4294967294	0
laneCase	0	0	0	4294967295	1
laneCase	0	0	0	0	2
laneCase	0	0	0	1073741821	1073741823
laneCase	0	0	0	2147483645	2147483647
laneCase	0	0	0	2147483646	2147483648
laneCase	0	0	0	2147483647	2147483649
laneCase	0	0	0	4294967292	4294967294
laneCase	0	0	0	4294967293	4294967295
laneCase	0	0	1	4294967294	1
laneCase	0	0	1	4294967295	2
laneCase	0	0	1	0	3
laneCase	0	0	1	1073741821	1073741824
laneCase	0	0	1	2147483645	2147483648
laneCase	0	0	1	2147483646	2147483649
laneCase	0	0	1	2147483647	2147483650
laneCase	0	0	1	4294967292	4294967295
laneCase	0	0	1	4294967293	0
laneCase	0	0	2	4294967294	2
laneCase	0	0	2	4294967295	3
laneCase	0	0	2	0	4
laneCase	0	0	2	1073741821	1073741825
laneCase	0	0	2	2147483645	2147483649
laneCase	0	0	2	2147483646	2147483650
laneCase	0	0	2	2147483647	2147483651
laneCase	0	0	2	4294967292	0
laneCase	0	0	2	4294967293	1
laneCase	0	0	1073741823	4294967294	1073741823
laneCase	0	0	1073741823	4294967295	1073741824
laneCase	0	0	1073741823	0	1073741825
laneCase	0	0	1073741823	1073741821	2147483646
laneCase	0	0	1073741823	2147483645	3221225470
laneCase	0	0	1073741823	2147483646	3221225471
laneCase	0	0	1073741823	2147483647	3221225472
laneCase	0	0	1073741823	4294967292	1073741821
laneCase	0	0	1073741823	4294967293	1073741822
laneCase	0	0	2147483647	4294967294	2147483647
laneCase	0	0	2147483647	4294967295	2147483648
laneCase	0	0	2147483647	0	2147483649
laneCase	0	0	2147483647	1073741821	3221225470
laneCase	0	0	2147483647	2147483645	4294967294
laneCase	0	0	2147483647	2147483646	4294967295
laneCase	0	0	2147483647	2147483647	0
laneCase	0	0	2147483647	4294967292	2147483645
laneCase	0	0	2147483647	4294967293	2147483646
laneCase	0	0	2147483648	4294967294	2147483648
laneCase	0	0	2147483648	4294967295	2147483649
laneCase	0	0	2147483648	0	2147483650
laneCase	0	0	2147483648	1073741821	3221225471
laneCase	0	0	2147483648	2147483645	4294967295
laneCase	0	0	2147483648	2147483646	0
laneCase	0	0	2147483648	2147483647	1
laneCase	0	0	2147483648	4294967292	2147483646
laneCase	0	0	2147483648	4294967293	2147483647
laneCase	0	0	2147483649	4294967294	2147483649
laneCase	0	0	2147483649	4294967295	2147483650
laneCase	0	0	2147483649	0	2147483651
laneCase	0	0	2147483649	1073741821	3221225472
laneCase	0	0	2147483649	2147483645	0
laneCase	0	0	2147483649	2147483646	1
laneCase	0	0	2147483649	2147483647	2
laneCase	0	0	2147483649	4294967292	2147483647
laneCase	0	0	2147483649	4294967293	2147483648
laneCase	0	0	4294967294	4294967294	4294967294
laneCase	0	0	4294967294	4294967295	4294967295
laneCase	0	0	4294967294	0	0
laneCase	0	0	4294967294	1073741821	1073741821
laneCase	0	0	4294967294	2147483645	2147483645
laneCase	0	0	4294967294	2147483646	2147483646
laneCase	0	0	4294967294	2147483647	2147483647
laneCase	0	0	4294967294	4294967292	4294967292
laneCase	0	0	4294967294	4294967293	4294967293
laneCase	0	0	4294967295	4294967294	4294967295
laneCase	0	0	4294967295	4294967295	0
laneCase	0	0	4294967295	0	1
laneCase	0	0	4294967295	1073741821	1073741822
laneCase	0	0	4294967295	2147483645	2147483646
laneCase	0	0	4294967295	2147483646	2147483647
laneCase	0	0	4294967295	2147483647	2147483648
laneCase	0	0	4294967295	4294967292	4294967293
laneCase	0	0	4294967295	4294967293	4294967294
laneCase	0	1	3	0	0
laneCase	0	1	4	0	1
laneCase	0	1	5	0	2
laneCase	0	1	1073741826	0	1073741823
laneCase	0	1	2147483650	0	2147483647
laneCase	0	1	2147483651	0	2147483648
laneCase	0	1	2147483652	0	2147483649
laneCase	0	1	1	0	4294967294
laneCase	0	1	2	0	4294967295
laneCase	0	1	3	1	1
laneCase	0	1	4	1	2
laneCase	0	1	5	1	3
laneCase	0	1	1073741826	1	1073741824
laneCase	0	1	2147483650	1	2147483648
laneCase	0	1	2147483651	1	2147483649
laneCase	0	1	2147483652	1	2147483650
laneCase	0	1	1	1	4294967295
laneCase	0	1	2	1	0
laneCase	0	1	3	2	2
laneCase	0	1	4	2	3
laneCase	0	1	5	2	4
laneCase	0	1	1073741826	2	1073741825
laneCase	0	1	2147483650	2	2147483649
laneCase	0	1	2147483651	2	2147483650
laneCase	0	1	2147483652	2	2147483651
laneCase	0	1	1	2	0
laneCase	0	1	2	2	1
laneCase	0	1	3	1073741823	1073741823
laneCase	0	1	4	1073741823	1073741824
laneCase	0	1	5	1073741823	1073741825
laneCase	0	1	1073741826	1073741823	2147483646
laneCase	0	1	2147483650	1073741823	3221225470
laneCase	0	1	2147483651	1073741823	3221225471
laneCase	0	1	2147483652	1073741823	3221225472
laneCase	0	1	1	1073741823	1073741821
laneCase	0	1	2	1073741823	1073741822
laneCase	0	1	3	2147483647	2147483647
laneCase	0	1	4	2147483647	2147483648
laneCase	0	1	5	2147483647	2147483649
laneCase	0	1	1073741826	2147483647	3221225470
laneCase	0	1	2147483650	2147483647	4294967294
laneCase	0	1	2147483651	2147483647	4294967295
laneCase	0	1	2147483652	2147483647	0
laneCase	0	1	1	2147483647	2147483645
laneCase	0	1	2	2147483647	2147483646
laneCase	0	1	3	2147483648	2147483648
laneCase	0	1	4	2147483648	2147483649
laneCase	0	1	5	2147483648	2147483650
laneCase	0	1	1073741826	2147483648	3221225471
laneCase	0	1	2147483650	2147483648	4294967295
laneCase	0	1	2147483651	2147483648	0
laneCase	0	1	2147483652	2147483648	1
laneCase	0	1	1	2147483648	2147483646
laneCase	0	1	2	2147483648	2147483647
laneCase	0	1	3	2147483649	2147483649
laneCase	0	1	4	2147483649	2147483650
laneCase	0	1	5	2147483649	2147483651
laneCase	0	1	1073741826	2147483649	3221225472
laneCase	0	1	2147483650	2147483649	0
laneCase	0	1	2147483651	2147483649	1
laneCase	0	1	2147483652	2147483649	2
laneCase	0	1	1	2147483649	2147483647
laneCase	0	1	2	2147483649	2147483648
laneCase	0	1	3	4294967294	4294967294
laneCase	0	1	4	4294967294	4294967295
laneCase	0	1	5	4294967294	0
laneCase	0	1	1073741826	4294967294	1073741821
laneCase	0	1	2147483650	4294967294	2147483645
laneCase	0	1	2147483651	4294967294	2147483646
laneCase	0	1	2147483652	4294967294	2147483647
laneCase	0	1	1	4294967294	4294967292
laneCase	0	1	2	4294967294	4294967293
laneCase	0	1	3	4294967295	4294967295
laneCase	0	1	4	4294967295	0
laneCase	0	1	5	4294967295	1
laneCase	0	1	1073741826	4294967295	1073741822
laneCase	0	1	2147483650	4294967295	2147483646
laneCase	0	1	2147483651	4294967295	2147483647
laneCase	0	1	2147483652	4294967295	2147483648
laneCase	0	1	1	4294967295	4294967293
laneCase	0	1	2	4294967295	4294967294
laneCase	0	2	4294967295	3067833781	0
laneCase	0	2	4294967295	1840700268	1
laneCase	0	2	4294967295	613566755	2
laneCase	0	2	4294967295	3221225470	1073741823
laneCase	0	2	4294967295	2147483646	2147483647
laneCase	0	2	4294967295	920350133	2147483648
laneCase	0	2	4294967295	3988183916	2147483649
laneCase	0	2	4294967295	1227133511	4294967294
laneCase	0	2	4294967295	4294967294	4294967295
laneCase	0	2	0	3067833781	1
laneCase	0	2	0	1840700268	2
laneCase	0	2	0	613566755	3
laneCase	0	2	0	3221225470	1073741824
laneCase	0	2	0	2147483646	2147483648
laneCase	0	2	0	920350133	2147483649
laneCase	0	2	0	3988183916	2147483650
laneCase	0	2	0	1227133511	4294967295
laneCase	0	2	0	4294967294	0
laneCase	0	2	1	3067833781	2
laneCase	0	2	1	1840700268	3
laneCase	0	2	1	613566755	4
laneCase	0	2	1	3221225470	1073741825
laneCase	0	2	1	2147483646	2147483649
laneCase	0	2	1	920350133	2147483650
laneCase	0	2	1	3988183916	2147483651
laneCase	0	2	1	1227133511	0
laneCase	0	2	1	4294967294	1
laneCase	0	2	1073741822	3067833781	1073741823
laneCase	0	2	1073741822	1840700268	1073741824
laneCase	0	2	1073741822	613566755	1073741825
laneCase	0	2	1073741822	3221225470	2147483646
laneCase	0	2	1073741822	2147483646	3221225470
laneCase	0	2	1073741822	920350133	3221225471
laneCase	0	2	1073741822	3988183916	3221225472
laneCase	0	2	1073741822	1227133511	1073741821
laneCase	0	2	1073741822	4294967294	1073741822
laneCase	0	2	2147483646	3067833781	2147483647
laneCase	0	2	2147483646	1840700268	2147483648
laneCase	0	2	2147483646	613566755	2147483649
laneCase	0	2	2147483646	3221225470	3221225470
laneCase	0	2	2147483646	2147483646	4294967294
laneCase	0	2	2147483646	920350133	4294967295
laneCase	0	2	2147483646	3988183916	0
laneCase	0	2	2147483646	1227133511	2147483645
laneCase	0	2	2147483646	4294967294	2147483646
laneCase	0	2	2147483647	3067833781	2147483648
laneCase	0	2	2147483647	1840700268	2147483649
laneCase	0	2	2147483647	613566755	2147483650
laneCase	0	2	2147483647	3221225470	3221225471
laneCase	0	2	2147483647	2147483646	4294967295
laneCase	0	2	2147483647	920350133	0
laneCase	0	2	2147483647	3988183916	1
laneCase	0	2	2147483647	1227133511	2147483646
laneCase	0	2	2147483647	4294967294	2147483647
laneCase	0	2	2147483648	3067833781	2147483649
laneCase	0	2	2147483648	1840700268	2147483650
laneCase	0	2	2147483648	613566755	2147483651
laneCase	0	2	2147483648	3221225470	3221225472
laneCase	0	2	2147483648	2147483646	0
laneCase	0	2	2147483648	920350133	1
laneCase	0	2	2147483648	3988183916	2
laneCase	0	2	2147483648	1227133511	2147483647
laneCase	0	2	2147483648	4294967294	2147483648
laneCase	0	2	4294967293	3067833781	4294967294
laneCase	0	2	4294967293	1840700268	4294967295
laneCase	0	2	4294967293	613566755	0
laneCase	0	2	4294967293	3221225470	1073741821
laneCase	0	2	4294967293	2147483646	2147483645
laneCase	0	2	4294967293	920350133	2147483646
laneCase	0	2	4294967293	3988183916	2147483647
laneCase	0	2	4294967293	1227133511	4294967292
laneCase	0	2	4294967293	4294967294	4294967293
laneCase	0	2	4294967294	3067833781	4294967295
laneCase	0	2	4294967294	1840700268	0
laneCase	0	2	4294967294	613566755	1
laneCase	0	2	4294967294	3221225470	1073741822
laneCase	0	2	4294967294	2147483646	2147483646
laneCase	0	2	4294967294	920350133	2147483647
laneCase	0	2	4294967294	3988183916	2147483648
laneCase	0	2	4294967294	1227133511	4294967293
laneCase	0	2	4294967294	4294967294	4294967294
laneCase	0	3	1561806291	1	0
laneCase	0	3	390451574	1	1
laneCase	0	3	3514064153	1	2
laneCase	0	3	1659419184	1	1073741823
laneCase	0	3	585677360	1	2147483647
laneCase	0	3	3709289939	1	2147483648
laneCase	0	3	2537935222	1	2147483649
laneCase	0	3	3904515725	1	4294967294
laneCase	0	3	2733161008	1	4294967295
laneCase	0	3	1561806291	2	1
laneCase	0	3	390451574	2	2
laneCase	0	3	3514064153	2	3
laneCase	0	3	1659419184	2	1073741824
laneCase	0	3	585677360	2	2147483648
laneCase	0	3	3709289939	2	2147483649
laneCase	0	3	2537935222	2	2147483650
laneCase	0	3	3904515725	2	4294967295
laneCase	0	3	2733161008	2	0
laneCase	0	3	1561806291	3	2
laneCase	0	3	390451574	3	3
laneCase	0	3	3514064153	3	4
laneCase	0	3	1659419184	3	1073741825
laneCase	0	3	585677360	3	2147483649
laneCase	0	3	3709289939	3	2147483650
laneCase	0	3	2537935222	3	2147483651
laneCase	0	3	3904515725	3	0
laneCase	0	3	2733161008	3	1
laneCase	0	3	1561806291	1073741824	1073741823
laneCase	0	3	390451574	1073741824	1073741824
laneCase	0	3	3514064153	1073741824	1073741825
laneCase	0	3	1659419184	1073741824	2147483646
laneCase	0	3	585677360	1073741824	3221225470
laneCase	0	3	3709289939	1073741824	3221225471
laneCase	0	3	2537935222	1073741824	3221225472
laneCase	0	3	3904515725	1073741824	1073741821
laneCase	0	3	2733161008	1073741824	1073741822
laneCase	0	3	1561806291	2147483648	2147483647
laneCase	0	3	390451574	2147483648	2147483648
laneCase	0	3	3514064153	2147483648	2147483649
laneCase	0	3	1659419184	2147483648	3221225470
laneCase	0	3	585677360	2147483648	4294967294
laneCase	0	3	3709289939	2147483648	4294967295
laneCase	0	3	2537935222	2147483648	0
laneCase	0	3	3904515725	2147483648	2147483645
laneCase	0	3	2733161008	2147483648	2147483646
laneCase	0	3	1561806291	2147483649	2147483648
laneCase	0	3	390451574	2147483649	2147483649
laneCase	0	3	3514064153	2147483649	2147483650
laneCase	0	3	1659419184	2147483649	3221225471
laneCase	0	3	585677360	2147483649	4294967295
laneCase	0	3	3709289939	2147483649	0
laneCase	0	3	2537935222	2147483649	1
laneCase	0	3	3904515725	2147483649	2147483646
laneCase	0	3	2733161008	2147483649	2147483647
laneCase	0	3	1561806291	2147483650	2147483649
laneCase	0	3	390451574	2147483650	2147483650
laneCase	0	3	3514064153	2147483650	2147483651
laneCase	0	3	1659419184	2147483650	3221225472
laneCase	0	3	585677360	2147483650	0
laneCase	0	3	3709289939	2147483650	1
laneCase	0	3	2537935222	2147483650	2
laneCase	0	3	3904515725	2147483650	2147483647
laneCase	0	3	2733161008	2147483650	2147483648
laneCase	0	3	1561806291	4294967295	4294967294
laneCase	0	3	390451574	4294967295	4294967295
laneCase	0	3	3514064153	4294967295	0
laneCase	0	3	1659419184	4294967295	1073741821
laneCase	0	3	585677360	4294967295	2147483645
laneCase	0	3	3709289939	4294967295	2147483646
laneCase	0	3	2537935222	4294967295	2147483647
laneCase	0	3	3904515725	4294967295	4294967292
laneCase	0	3	2733161008	4294967295	4294967293
laneCase	0	3	1561806291	0	4294967295
laneCase	0	3	390451574	0	0
laneCase	0	3	3514064153	0	1
laneCase	0	3	1659419184	0	1073741822
laneCase	0	3	585677360	0	2147483646
laneCase	0	3	3709289939	0	2147483647
laneCase	0	3	2537935222	0	2147483648
laneCase	0	3	3904515725	0	4294967293
laneCase	0	3	2733161008	0	4294967294
laneCase	1	0	0	4294967294	0
laneCase	1	0	0	4294967295	4294967295
laneCase	1	0	0	0	4294967294
laneCase	1	0	0	1073741821	3221225473
laneCase	1	0	0	2147483645	2147483649
laneCase	1	0	0	2147483646	2147483648
laneCase	1	0	0	2147483647	2147483647
laneCase	1	0	0	4294967292	2
laneCase	1	0	0	4294967293	1
laneCase	1	0	1	4294967294	1
laneCase	1	0	1	4294967295	0
laneCase	1	0	1	0	4294967295
laneCase	1	0	1	1073741821	3221225474
laneCase	1	0	1	2147483645	2147483650
laneCase	1	0	1	2147483646	2147483649
laneCase	1	0	1	2147483647	2147483648
laneCase	1	0	1	4294967292	3
laneCase	1	0	1	4294967293	2
laneCase	1	0	2	4294967294	2
laneCase	1	0	2	4294967295	1
laneCase	1	0	2	0	0
laneCase	1	0	2	1073741821	3221225475
laneCase	1	0	2	2147483645	2147483651
laneCase	1	0	2	2147483646	2147483650
laneCase	1	0	2	2147483647	2147483649
laneCase	1	0	2	4294967292	4
laneCase	1	0	2	4294967293	3
laneCase	1	0	1073741823	4294967294	1073741823
laneCase	1	0	1073741823	4294967295	1073741822
laneCase	1	0	1073741823	0	1073741821
laneCase	1	0	1073741823	1073741821	0
laneCase	1	0	1073741823	2147483645	3221225472
laneCase	1	0	1073741823	2147483646	3221225471
laneCase	1	0	1073741823	2147483647	3221225470
laneCase	1	0	1073741823	4294967292	1073741825
laneCase	1	0	1073741823	4294967293	1073741824
laneCase	1	0	2147483647	4294967294	2147483647
laneCase	1	0	2147483647	4294967295	2147483646
laneCase	1	0	2147483647	0	2147483645
laneCase	1	0	2147483647	1073741821	1073741824
laneCase	1	0	2147483647	2147483645	0
laneCase	1	0	2147483647	2147483646	4294967295
laneCase	1	0	2147483647	2147483647	4294967294
laneCase	1	0	2147483647	4294967292	2147483649
laneCase	1	0	2147483647	4294967293	2147483648
laneCase	1	0	2147483648	4294967294	2147483648
laneCase	1	0	2147483648	4294967295	2147483647
laneCase	1	0	2147483648	0	2147483646
laneCase	1	0	2147483648	1073741821	1073741825
laneCase	1	0	2147483648	2147483645	1
laneCase	1	0	2147483648	2147483646	0
laneCase	1	0	2147483648	2147483647	4294967295
laneCase	1	0	2147483648	4294967292	2147483650
laneCase	1	0	2147483648	4294967293	2147483649
laneCase	1	0	2147483649	4294967294	2147483649
laneCase	1	0	2147483649	4294967295	2147483648
laneCase	1	0	2147483649	0	2147483647
laneCase	1	0	2147483649	1073741821	1073741826
laneCase	1	0	2147483649	2147483645	2
laneCase	1	0	2147483649	2147483646	1
laneCase	1	0	2147483649	2147483647	0
laneCase	1	0	2147483649	4294967292	2147483651
laneCase	1	0	2147483649	4294967293	2147483650
laneCase	1	0	4294967294	4294967294	4294967294
laneCase	1	0	4294967294	4294967295	4294967293
laneCase	1	0	4294967294	0	4294967292
laneCase	1	0	4294967294	1073741821	3221225471
laneCase	1	0	4294967294	2147483645	2147483647
laneCase	1	0	4294967294	2147483646	2147483646
laneCase	1	0	4294967294	2147483647	2147483645
laneCase	1	0	4294967294	4294967292	0
laneCase	1	0	4294967294	4294967293	4294967295
laneCase	1	0	4294967295	4294967294	4294967295
laneCase	1	0	4294967295	4294967295	4294967294
laneCase	1	0	4294967295	0	4294967293
laneCase	1	0	4294967295	1073741821	3221225472
laneCase	1	0	4294967295	2147483645	2147483648
laneCase	1	0	4294967295	2147483646	2147483647
laneCase	1	0	4294967295	2147483647	2147483646
laneCase	1	0	4294967295	4294967292	1
laneCase	1	0	4294967295	4294967293	0
laneCase	1	1	3	0	0
laneCase	1	1	4	0	4294967295
laneCase	1	1	5	0	4294967294
laneCase	1	1	1073741826	0	3221225473
laneCase	1	1	2147483650	0	2147483649
laneCase	1	1	2147483651	0	2147483648
laneCase	1	1	2147483652	0	2147483647
laneCase	1	1	1	0	2
laneCase	1	1	2	0	1
laneCase	1	1	3	1	1
laneCase	1	1	4	1	0
laneCase	1	1	5	1	4294967295
laneCase	1	1	1073741826	1	3221225474
laneCase	1	1	2147483650	1	2147483650
laneCase	1	1	2147483651	1	2147483649
laneCase	1	1	2147483652	1	2147483648
laneCase	1	1	1	1	3
laneCase	1	1	2	1	2
laneCase	1	1	3	2	2
laneCase	1	1	4	2	1
laneCase	1	1	5	2	0
laneCase	1	1	1073741826	2	3221225475
laneCase	1	1	2147483650	2	2147483651
laneCase	1	1	2147483651	2	2147483650
laneCase	1	1	2147483652	2	2147483649
laneCase	1	1	1	2	4
laneCase	1	1	2	2	3
laneCase	1	1	3	1073741823	1073741823
laneCase	1	1	4	1073741823	1073741822
laneCase	1	1	5	1073741823	1073741821
laneCase	1	1	1073741826	1073741823	0
laneCase	1	1	2147483650	1073741823	3221225472
laneCase	1	1	2147483651	1073741823	3221225471
laneCase	1	1	2147483652	1073741823	3221225470
laneCase	1	1	1	1073741823	1073741825
laneCase	1	1	2	1073741823	1073741824
laneCase	1	1	3	2147483647	2147483647
laneCase	1	1	4	2147483647	2147483646
laneCase	1	1	5	2147483647	2147483645
laneCase	1	1	1073741826	2147483647	1073741824
laneCase	1	1	2147483650	2147483647	0
laneCase	1	1	2147483651	2147483647	4294967295
laneCase	1	1	2147483652	2147483647	4294967294
laneCase	1	1	1	2147483647	2147483649
laneCase	1	1	2	2147483647	2147483648
laneCase	1	1	3	2147483648	2147483648
laneCase	1	1	4	2147483648	2147483647
laneCase	1	1	5	2147483648	2147483646
laneCase	1	1	1073741826	2147483648	1073741825
laneCase	1	1	2147483650	2147483648	1
laneCase	1	1	2147483651	2147483648	0
laneCase	1	1	2147483652	2147483648	4294967295
laneCase	1	1	1	2147483648	2147483650
laneCase	1	1	2	2147483648	2147483649
laneCase	1	1	3	2147483649	2147483649
laneCase	1	1	4	2147483649	2147483648
laneCase	1	1	5	2147483649	2147483647
laneCase	1	1	1073741826	2147483649	1073741826
laneCase	1	1	2147483650	2147483649	2
laneCase	1	1	2147483651	2147483649	1
laneCase	1	1	2147483652	2147483649	0
laneCase	1	1	1	2147483649	2147483651
laneCase	1	1	2	2147483649	2147483650
laneCase	1	1	3	4294967294	4294967294
laneCase	1	1	4	4294967294	4294967293
laneCase	1	1	5	4294967294	4294967292
laneCase	1	1	1073741826	4294967294	3221225471
laneCase	1	1	2147483650	4294967294	2147483647
laneCase	1	1	2147483651	4294967294	2147483646
laneCase	1	1	2147483652	4294967294	2147483645
laneCase	1	1	1	4294967294	0
laneCase	1	1	2	4294967294	4294967295
laneCase	1	1	3	4294967295	4294967295
laneCase	1	1	4	4294967295	4294967294
laneCase	1	1	5	4294967295	4294967293
laneCase	1	1	1073741826	4294967295	3221225472
laneCase	1	1	2147483650	4294967295	2147483648
laneCase	1	1	2147483651	4294967295	2147483647
laneCase	1	1	2147483652	4294967295	2147483646
laneCase	1	1	1	4294967295	1
laneCase	1	1	2	4294967295	0
laneCase	1	2	4294967295	3067833781	0
laneCase	1	2	4294967295	1840700268	4294967295
laneCase	1	2	4294967295	613566755	4294967294
laneCase	1	2	4294967295	3221225470	3221225473
laneCase	1	2	4294967295	2147483646	2147483649
laneCase	1	2	4294967295	920350133	2147483648
laneCase	1	2	4294967295	3988183916	2147483647
laneCase	1	2	4294967295	1227133511	2
laneCase	1	2	4294967295	4294967294	1
laneCase	1	2	0	3067833781	1
laneCase	1	2	0	1840700268	0
laneCase	1	2	0	613566755	4294967295
laneCase	1	2	0	3221225470	3221225474
laneCase	1	2	0	2147483646	2147483650
laneCase	1	2	0	920350133	2147483649
laneCase	1	2	0	3988183916	2147483648
laneCase	1	2	0	1227133511	3
laneCase	1	2	0	4294967294	2
laneCase	1	2	1	3067833781	2
laneCase	1	2	1	1840700268	1
laneCase	1	2	1	613566755	0
laneCase	1	2	1	3221225470	3221225475
laneCase	1	2	1	2147483646	2147483651
laneCase	1	2	1	920350133	2147483650
laneCase	1	2	1	3988183916	2147483649
laneCase	1	2	1	1227133511	4
laneCase	1	2	1	4294967294	3
laneCase	1	2	1073741822	3067833781	1073741823
laneCase	1	2	1073741822	1840700268	1073741822
laneCase	1	2	1073741822	613566755	1073741821
laneCase	1	2	1073741822	3221225470	0
laneCase	1	2	1073741822	2147483646	3221225472
laneCase	1	2	1073741822	920350133	3221225471
laneCase	1	2	1073741822	3988183916	3221225470
laneCase	1	2	1073741822	1227133511	1073741825
laneCase	1	2	1073741822	4294967294	1073741824
laneCase	1	2	2147483646	3067833781	2147483647
laneCase	1	2	2147483646	1840700268	2147483646
laneCase	1	2	2147483646	613566755	2147483645
laneCase	1	2	2147483646	3221225470	1073741824
laneCase	1	2	2147483646	2147483646	0
laneCase	1	2	2147483646	920350133	4294967295
laneCase	1	2	2147483646	3988183916	4294967294
laneCase	1	2	2147483646	1227133511	2147483649
laneCase	1	2	2147483646	4294967294	2147483648
laneCase	1	2	2147483647	3067833781	2147483648
laneCase	1	2	2147483647	1840700268	2147483647
laneCase	1	2	2147483647	613566755	2147483646
laneCase	1	2	2147483647	3221225470	1073741825
laneCase	1	2	2147483647	2147483646	1
laneCase	1	2	2147483647	920350133	0
laneCase	1	2	2147483647	3988183916	4294967295
laneCase	1	2	2147483647	1227133511	2147483650
laneCase	1	2	2147483647	4294967294	2147483649
laneCase	1	2	2147483648	3067833781	2147483649
laneCase	1	2	2147483648	1840700268	2147483648
laneCase	1	2	2147483648	613566755	2147483647
laneCase	1	2	2147483648	3221225470	1073741826
laneCase	1	2	2147483648	2147483646	2
laneCase	1	2	2147483648	920350133	1
laneCase	1	2	2147483648	3988183916	0
laneCase	1	2	2147483648	1227133511	2147483651
laneCase	1	2	2147483648	4294967294	2147483650
laneCase	1	2	4294967293	3067833781	4294967294
laneCase	1	2	4294967293	1840700268	4294967293
laneCase	1	2	4294967293	613566755	4294967292
laneCase	1	2	4294967293	3221225470	3221225471
laneCase	1	2	4294967293	2147483646	2147483647
laneCase	1	2	4294967293	920350133	2147483646
laneCase	1	2	4294967293	3988183916	2147483645
laneCase	1	2	4294967293	1227133511	0
laneCase	1	2	4294967293	4294967294	4294967295
laneCase	1	2	4294967294	3067833781	4294967295
laneCase	1	2	4294967294	1840700268	4294967294
laneCase	1	2	4294967294	613566755	4294967293
laneCase	1	2	4294967294	3221225470	3221225472
laneCase	1	2	4294967294	2147483646	2147483648
laneCase	1	2	4294967294	920350133	2147483647
laneCase	1	2	4294967294	3988183916	2147483646
laneCase	1	2	4294967294	1227133511	1
laneCase	1	2	4294967294	4294967294	0
laneCase	1	3	1561806291	1	0
laneCase	1	3	390451574	1	4294967295
laneCase	1	3	3514064153	1	4294967294
laneCase	1	3	1659419184	1	3221225473
laneCase	1	3	585677360	1	2147483649
laneCase	1	3	3709289939	1	2147483648
laneCase	1	3	2537935222	1	2147483647
laneCase	1	3	3904515725	1	2
laneCase	1	3	2733161008	1	1
laneCase	1	3	1561806291	2	1
laneCase	1	3	390451574	2	0
laneCase	1	3	3514064153	2	4294967295
laneCase	1	3	1659419184	2	3221225474
laneCase	1	3	585677360	2	2147483650
laneCase	1	3	3709289939	2	2147483649
laneCase	1	3	2537935222	2	2147483648
laneCase	1	3	3904515725	2	3
laneCase	1	3	2733161008	2	2
laneCase	1	3	1561806291	3	2
laneCase	1	3	390451574	3	1
laneCase	1	3	3514064153	3	0
laneCase	1	3	1659419184	3	3221225475
laneCase	1	3	585677360	3	2147483651
laneCase	1	3	3709289939	3	2147483650
laneCase	1	3	2537935222	3	2147483649
laneCase	1	3	3904515725	3	4
laneCase	1	3	2733161008	3	3
laneCase	1	3	1561806291	1073741824	1073741823
laneCase	1	3	390451574	1073741824	1073741822
laneCase	1	3	3514064153	1073741824	1073741821
laneCase	1	3	1659419184	1073741824	0
laneCase	1	3	585677360	1073741824	3221225472
laneCase	1	3	3709289939	1073741824	3221225471
laneCase	1	3	2537935222	1073741824	3221225470
laneCase	1	3	3904515725	1073741824	1073741825
laneCase	1	3	2733161008	1073741824	1073741824
laneCase	1	3	1561806291	2147483648	2147483647
laneCase	1	3	390451574	2147483648	2147483646
laneCase	1	3	3514064153	2147483648	2147483645
laneCase	1	3	1659419184	2147483648	1073741824
laneCase	1	3	585677360	2147483648	0
laneCase	1	3	3709289939	2147483648	4294967295
laneCase	1	3	2537935222	2147483648	4294967294
laneCase	1	3	3904515725	2147483648	2147483649
laneCase	1	3	2733161008	2147483648	2147483648
laneCase	1	3	1561806291	2147483649	2147483648
laneCase	1	3	390451574	2147483649	2147483647
laneCase	1	3	3514064153	2147483649	2147483646
laneCase	1	3	1659419184	2147483649	1073741825
laneCase	1	3	585677360	2147483649	1
laneCase	1	3	3709289939	2147483649	0
laneCase	1	3	2537935222	2147483649	4294967295
laneCase	1	3	3904515725	2147483649	2147483650
laneCase	1	3	2733161008	2147483649	2147483649
laneCase	1	3	1561806291	2147483650	2147483649
laneCase	1	3	390451574	2147483650	2147483648
laneCase	1	3	3514064153	2147483650	2147483647
laneCase	1	3	1659419184	2147483650	1073741826
laneCase	1	3	585677360	2147483650	2
laneCase	1	3	3709289939	2147483650	1
laneCase	1	3	2537935222	2147483650	0
laneCase	1	3	3904515725	2147483650	2147483651
laneCase	1	3	2733161008	2147483650	2147483650
laneCase	1	3	1561806291	4294967295	4294967294
laneCase	1	3	390451574	4294967295	4294967293
laneCase	1	3	3514064153	4294967295	4294967292
laneCase	1	3	1659419184	4294967295	3221225471
laneCase	1	3	585677360	4294967295	2147483647
laneCase	1	3	3709289939	4294967295	2147483646
laneCase	1	3	2537935222	4294967295	2147483645
laneCase	1	3	3904515725	4294967295	0
laneCase	1	3	2733161008	4294967295	4294967295
laneCase	1	3	1561806291	0	4294967295
laneCase	1	3	390451574	0	4294967294
laneCase	1	3	3514064153	0	4294967293
laneCase	1	3	1659419184	0	3221225472
laneCase	1	3	585677360	0	2147483648
laneCase	1	3	3709289939	0	2147483647
laneCase	1	3	2537935222	0	2147483646
laneCase	1	3	3904515725	0	1
laneCase	1	3	2733161008	0	0
laneCase	2	0	0	4294967294	0
laneCase	2	0	0	4294967295	0
laneCase	2	0	0	0	0
laneCase	2	0	0	1073741821	0
laneCase	2	0	0	2147483645	0
laneCase	2	0	0	2147483646	0
laneCase	2	0	0	2147483647	0
laneCase	2	0	0	4294967292	0
laneCase	2	0	0	4294967293	0
laneCase	2	0	1	4294967294	0
laneCase	2	0	1	4294967295	1
laneCase	2	0	1	0	2
laneCase	2	0	1	1073741821	1073741823
laneCase	2	0	1	2147483645	2147483647
laneCase	2	0	1	2147483646	2147483648
laneCase	2	0	1	2147483647	2147483649
laneCase	2	0	1	4294967292	4294967294
laneCase	2	0	1	4294967293	4294967295
laneCase	2	0	2	4294967294	0
laneCase	2	0	2	4294967295	2
laneCase	2	0	2	0	4
laneCase	2	0	2	1073741821	2147483646
laneCase	2	0	2	2147483645	4294967294
laneCase	2	0	2	2147483646	0
laneCase	2	0	2	2147483647	2
laneCase	2	0	2	4294967292	4294967292
laneCase	2	0	2	4294967293	4294967294
laneCase	2	0	1073741823	4294967294	0
laneCase	2	0	1073741823	4294967295	1073741823
laneCase	2	0	1073741823	0	2147483646
laneCase	2	0	1073741823	1073741821	2147483649
laneCase	2	0	1073741823	2147483645	1073741825
laneCase	2	0	1073741823	2147483646	2147483648
laneCase	2	0	1073741823	2147483647	3221225471
laneCase	2	0	1073741823	4294967292	2147483650
laneCase	2	0	1073741823	4294967293	3221225473
laneCase	2	0	2147483647	4294967294	0
laneCase	2	0	2147483647	4294967295	2147483647
laneCase	2	0	2147483647	0	4294967294
laneCase	2	0	2147483647	1073741821	1073741825
laneCase	2	0	2147483647	2147483645	1
laneCase	2	0	2147483647	2147483646	2147483648
laneCase	2	0	2147483647	2147483647	4294967295
laneCase	2	0	2147483647	4294967292	2
laneCase	2	0	2147483647	4294967293	2147483649
laneCase	2	0	2147483648	4294967294	0
laneCase	2	0	2147483648	4294967295	2147483648
laneCase	2	0	2147483648	0	0
laneCase	2	0	2147483648	1073741821	2147483648
laneCase	2	0	2147483648	2147483645	2147483648
laneCase	2	0	2147483648	2147483646	0
laneCase	2	0	2147483648	2147483647	2147483648
laneCase	2	0	2147483648	4294967292	0
laneCase	2	0	2147483648	4294967293	2147483648
laneCase	2	0	2147483649	4294967294	0
laneCase	2	0	2147483649	4294967295	2147483649
laneCase	2	0	2147483649	0	2
laneCase	2	0	2147483649	1073741821	3221225471
laneCase	2	0	2147483649	2147483645	4294967295
laneCase	2	0	2147483649	2147483646	2147483648
laneCase	2	0	2147483649	2147483647	1
laneCase	2	0	2147483649	4294967292	4294967294
laneCase	2	0	2147483649	4294967293	2147483647
laneCase	2	0	4294967294	4294967294	0
laneCase	2	0	4294967294	4294967295	4294967294
laneCase	2	0	4294967294	0	4294967292
laneCase	2	0	4294967294	1073741821	2147483650
laneCase	2	0	4294967294	2147483645	2
laneCase	2	0	4294967294	2147483646	0
laneCase	2	0	4294967294	2147483647	4294967294
laneCase	2	0	4294967294	4294967292	4
laneCase	2	0	4294967294	4294967293	2
laneCase	2	0	4294967295	4294967294	0
laneCase	2	0	4294967295	4294967295	4294967295
laneCase	2	0	4294967295	0	4294967294
laneCase	2	0	4294967295	1073741821	3221225473
laneCase	2	0	4294967295	2147483645	2147483649
laneCase	2	0	4294967295	2147483646	2147483648
laneCase	2	0	4294967295	2147483647	2147483647
laneCase	2	0	4294967295	4294967292	2
laneCase	2	0	4294967295	4294967293	1
laneCase	2	1	3	0	0
laneCase	2	1	4	0	0
laneCase	2	1	5	0	0
laneCase	2	1	1073741826	0	0
laneCase	2	1	2147483650	0	0
laneCase	2	1	2147483651	0	0
laneCase	2	1	2147483652	0	0
laneCase	2	1	1	0	0
laneCase	2	1	2	0	0
laneCase	2	1	3	1	0
laneCase	2	1	4	1	1
laneCase	2	1	5	1	2
laneCase	2	1	1073741826	1	1073741823
laneCase	2	1	2147483650	1	2147483647
laneCase	2	1	2147483651	1	2147483648
laneCase	2	1	2147483652	1	2147483649
laneCase	2	1	1	1	4294967294
laneCase	2	1	2	1	4294967295
laneCase	2	1	3	2	0
laneCase	2	1	4	2	2
laneCase	2	1	5	2	4
laneCase	2	1	1073741826	2	2147483646
laneCase	2	1	2147483650	2	4294967294
laneCase	2	1	2147483651	2	0
laneCase	2	1	2147483652	2	2
laneCase	2	1	1	2	4294967292
laneCase	2	1	2	2	4294967294
laneCase	2	1	3	1073741823	0
laneCase	2	1	4	1073741823	1073741823
laneCase	2	1	5	1073741823	2147483646
laneCase	2	1	1073741826	1073741823	2147483649
laneCase	2	1	2147483650	1073741823	1073741825
laneCase	2	1	2147483651	1073741823	2147483648
laneCase	2	1	2147483652	1073741823	3221225471
laneCase	2	1	1	1073741823	2147483650
laneCase	2	1	2	1073741823	3221225473
laneCase	2	1	3	2147483647	0
laneCase	2	1	4	2147483647	2147483647
laneCase	2	1	5	2147483647	4294967294
laneCase	2	1	1073741826	2147483647	1073741825
laneCase	2	1	2147483650	2147483647	1
laneCase	2	1	2147483651	2147483647	2147483648
laneCase	2	1	2147483652	2147483647	4294967295
laneCase	2	1	1	2147483647	2
laneCase	2	1	2	2147483647	2147483649
laneCase	2	1	3	2147483648	0
laneCase	2	1	4	2147483648	2147483648
laneCase	2	1	5	2147483648	0
laneCase	2	1	1073741826	2147483648	2147483648
laneCase	2	1	2147483650	2147483648	2147483648
laneCase	2	1	2147483651	2147483648	0
laneCase	2	1	2147483652	2147483648	2147483648
laneCase	2	1	1	2147483648	0
laneCase	2	1	2	2147483648	2147483648
laneCase	2	1	3	2147483649	0
laneCase	2	1	4	2147483649	2147483649
laneCase	2	1	5	2147483649	2
laneCase	2	1	1073741826	2147483649	3221225471
laneCase	2	1	2147483650	2147483649	4294967295
laneCase	2	1	2147483651	2147483649	2147483648
laneCase	2	1	2147483652	2147483649	1
laneCase	2	1	1	2147483649	4294967294
laneCase	2	1	2	2147483649	2147483647
laneCase	2	1	3	4294967294	0
laneCase	2	1	4	4294967294	4294967294
laneCase	2	1	5	4294967294	4294967292
laneCase	2	1	1073741826	4294967294	2147483650
laneCase	2	1	2147483650	4294967294	2
laneCase	2	1	2147483651	4294967294	0
laneCase	2	1	2147483652	4294967294	4294967294
laneCase	2	1	1	4294967294	4
laneCase	2	1	2	4294967294	2
laneCase	2	1	3	4294967295	0
laneCase	2	1	4	4294967295	4294967295
laneCase	2	1	5	4294967295	4294967294
laneCase	2	1	1073741826	4294967295	3221225473
laneCase	2	1	2147483650	4294967295	2147483649
laneCase	2	1	2147483651	4294967295	2147483648
laneCase	2	1	2147483652	4294967295	2147483647
laneCase	2	1	1	4294967295	2
laneCase	2	1	2	4294967295	1
laneCase	2	2	4294967295	3067833781	0
laneCase	2	2	4294967295	1840700268	0
laneCase	2	2	4294967295	613566755	0
laneCase	2	2	4294967295	3221225470	0
laneCase	2	2	4294967295	2147483646	0
laneCase	2	2	4294967295	920350133	0
laneCase	2	2	4294967295	3988183916	0
laneCase	2	2	4294967295	1227133511	0
laneCase	2	2	4294967295	4294967294	0
laneCase	2	2	0	3067833781	0
laneCase	2	2	0	1840700268	1
laneCase	2	2	0	613566755	2
laneCase	2	2	0	3221225470	1073741823
laneCase	2	2	0	2147483646	2147483647
laneCase	2	2	0	920350133	2147483648
laneCase	2	2	0	3988183916	2147483649
laneCase	2	2	0	1227133511	4294967294
laneCase	2	2	0	4294967294	4294967295
laneCase	2	2	1	3067833781	0
laneCase	2	2	1	1840700268	2
laneCase	2	2	1	613566755	4
laneCase	2	2	1	3221225470	2147483646
laneCase	2	2	1	2147483646	4294967294
laneCase	2	2	1	920350133	0
laneCase	2	2	1	3988183916	2
laneCase	2	2	1	1227133511	4294967292
laneCase	2	2	1	4294967294	4294967294
laneCase	2	2	1073741822	3067833781	0
laneCase	2	2	1073741822	1840700268	1073741823
laneCase	2	2	1073741822	613566755	2147483646
laneCase	2	2	1073741822	3221225470	2147483649
laneCase	2	2	1073741822	2147483646	1073741825
laneCase	2	2	1073741822	920350133	2147483648
laneCase	2	2	1073741822	3988183916	3221225471
laneCase	2	2	1073741822	1227133511	2147483650
laneCase	2	2	1073741822	4294967294	3221225473
laneCase	2	2	2147483646	3067833781	0
laneCase	2	2	2147483646	1840700268	2147483647
laneCase	2	2	2147483646	613566755	4294967294
laneCase	2	2	2147483646	3221225470	1073741825
laneCase	2	2	2147483646	2147483646	1
laneCase	2	2	2147483646	920350133	2147483648
laneCase	2	2	2147483646	3988183916	4294967295
laneCase	2	2	2147483646	1227133511	2
laneCase	2	2	2147483646	4294967294	2147483649
laneCase	2	2	2147483647	3067833781	0
laneCase	2	2	2147483647	1840700268	2147483648
laneCase	2	2	2147483647	613566755	0
laneCase	2	2	2147483647	3221225470	2147483648
laneCase	2	2	2147483647	2147483646	2147483648
laneCase	2	2	2147483647	920350133	0
laneCase	2	2	2147483647	3988183916	2147483648
laneCase	2	2	2147483647	1227133511	0
laneCase	2	2	2147483647	4294967294	2147483648
laneCase	2	2	2147483648	3067833781	0
laneCase	2	2	2147483648	1840700268	2147483649
laneCase	2	2	2147483648	613566755	2
laneCase	2	2	2147483648	3221225470	3221225471
laneCase	2	2	2147483648	2147483646	4294967295
laneCase	2	2	2147483648	920350133	2147483648
laneCase	2	2	2147483648	3988183916	1
laneCase	2	2	2147483648	1227133511	4294967294
laneCase	2	2	2147483648	4294967294	2147483647
laneCase	2	2	4294967293	3067833781	0
laneCase	2	2	4294967293	1840700268	4294967294
laneCase	2	2	4294967293	613566755	4294967292
laneCase	2	2	4294967293	3221225470	2147483650
laneCase	2	2	4294967293	2147483646	2
laneCase	2	2	4294967293	920350133	0
laneCase	2	2	4294967293	3988183916	4294967294
laneCase	2	2	4294967293	1227133511	4
laneCase	2	2	4294967293	4294967294	2
laneCase	2	2	4294967294	3067833781	0
laneCase	2	2	4294967294	1840700268	4294967295
laneCase	2	2	4294967294	613566755	4294967294
laneCase	2	2	4294967294	3221225470	3221225473
laneCase	2	2	4294967294	2147483646	2147483649
laneCase	2	2	4294967294	920350133	2147483648
laneCase	2	2	4294967294	3988183916	2147483647
laneCase	2	2	4294967294	1227133511	2
laneCase	2	2	4294967294	4294967294	1
laneCase	2	3	1561806291	1	0
laneCase	2	3	390451574	1	0
laneCase	2	3	3514064153	1	0
laneCase	2	3	1659419184	1	0
laneCase	2	3	585677360	1	0
laneCase	2	3	3709289939	1	0
laneCase	2	3	2537935222	1	0
laneCase	2	3	3904515725	1	0
laneCase	2	3	2733161008	1	0
laneCase	2	3	1561806291	2	0
laneCase	2	3	390451574	2	1
laneCase	2	3	3514064153	2	2
laneCase	2	3	1659419184	2	1073741823
laneCase	2	3	585677360	2	2147483647
laneCase	2	3	3709289939	2	2147483648
laneCase	2	3	2537935222	2	2147483649
laneCase	2	3	3904515725	2	4294967294
laneCase	2	3	2733161008	2	4294967295
laneCase	2	3	1561806291	3	0
laneCase	2	3	390451574	3	2
laneCase	2	3	3514064153	3	4
laneCase	2	3	1659419184	3	2147483646
laneCase	2	3	585677360	3	4294967294
laneCase	2	3	3709289939	3	0
laneCase	2	3	2537935222	3	2
laneCase	2	3	3904515725	3	4294967292
laneCase	2	3	2733161008	3	4294967294
laneCase	2	3	1561806291	1073741824	0
laneCase	2	3	390451574	1073741824	1073741823
laneCase	2	3	3514064153	1073741824	2147483646
laneCase	2	3	1659419184	1073741824	2147483649
laneCase	2	3	585677360	1073741824	1073741825
laneCase	2	3	3709289939	1073741824	2147483648
laneCase	2	3	2537935222	1073741824	3221225471
laneCase	2	3	3904515725	1073741824	2147483650
laneCase	2	3	2733161008	1073741824	3221225473
laneCase	2	3	1561806291	2147483648	0
laneCase	2	3	390451574	2147483648	2147483647
laneCase	2	3	3514064153	2147483648	4294967294
laneCase	2	3	1659419184	2147483648	1073741825
laneCase	2	3	585677360	2147483648	1
laneCase	2	3	3709289939	2147483648	2147483648
laneCase	2	3	2537935222	2147483648	4294967295
laneCase	2	3	3904515725	2147483648	2
laneCase	2	3	2733161008	2147483648	2147483649
laneCase	2	3	1561806291	2147483649	0
laneCase	2	3	390451574	2147483649	2147483648
laneCase	2	3	3514064153	2147483649	0
laneCase	2	3	1659419184	2147483649	2147483648
laneCase	2	3	585677360	2147483649	2147483648
laneCase	2	3	3709289939	2147483649	0
laneCase	2	3	2537935222	2147483649	2147483648
laneCase	2	3	3904515725	2147483649	0
laneCase	2	3	2733161008	2147483649	2147483648
laneCase	2	3	1561806291	2147483650	0
laneCase	2	3	390451574	2147483650	2147483649
laneCase	2	3	3514064153	2147483650	2
laneCase	2	3	1659419184	2147483650	3221225471
laneCase	2	3	585677360	2147483650	4294967295
laneCase	2	3	3709289939	2147483650	2147483648
laneCase	2	3	2537935222	2147483650	1
laneCase	2	3	3904515725	2147483650	4294967294
laneCase	2	3	2733161008	2147483650	2147483647
laneCase	2	3	1561806291	4294967295	0
laneCase	2	3	390451574	4294967295	4294967294
laneCase	2	3	3514064153	4294967295	4294967292
laneCase	2	3	1659419184	4294967295	2147483650
laneCase	2	3	585677360	4294967295	2
laneCase	2	3	3709289939	4294967295	0
laneCase	2	3	2537935222	4294967295	4294967294
laneCase	2	3	3904515725	4294967295	4
laneCase	2	3	2733161008	4294967295	2
laneCase	2	3	1561806291	0	0
laneCase	2	3	390451574	0	4294967295
laneCase	2	3	3514064153	0	4294967294
laneCase	2	3	1659419184	0	3221225473
laneCase	2	3	585677360	0	2147483649
laneCase	2	3	3709289939	0	2147483648
laneCase	2	3	2537935222	0	2147483647
laneCase	2	3	3904515725	0	2
laneCase	2	3	2733161008	0	1
laneCase	3	0	0	4294967294	0
laneCase	3	0	0	4294967295	0
laneCase	3	0	0	0	0
laneCase	3	0	0	1073741821	0
laneCase	3	0	0	2147483645	0
laneCase	3	0	0	2147483646	0
laneCase	3	0	0	2147483647	0
laneCase	3	0	0	4294967292	0
laneCase	3	0	0	4294967293	0
laneCase	3	0	1	4294967294	1
laneCase	3	0	1	4294967295	1
laneCase	3	0	1	0	1
laneCase	3	0	1	1073741821	1
laneCase	3	0	1	2147483645	1
laneCase	3	0	1	2147483646	1
laneCase	3	0	1	2147483647	1
laneCase	3	0	1	4294967292	1
laneCase	3	0	1	4294967293	1
laneCase	3	0	2	4294967294	2
laneCase	3	0	2	4294967295	2
laneCase	3	0	2	0	2
laneCase	3	0	2	1073741821	2
laneCase	3	0	2	2147483645	2
laneCase	3	0	2	2147483646	2
laneCase	3	0	2	2147483647	2
laneCase	3	0	2	4294967292	2
laneCase	3	0	2	4294967293	2
laneCase	3	0	1073741823	4294967294	1073741823
laneCase	3	0	1073741823	4294967295	1073741823
laneCase	3	0	1073741823	0	1073741823
laneCase	3	0	1073741823	1073741821	1073741823
laneCase	3	0	1073741823	2147483645	1073741823
laneCase	3	0	1073741823	2147483646	1073741823
laneCase	3	0	1073741823	2147483647	1073741823
laneCase	3	0	1073741823	4294967292	1073741823
laneCase	3	0	1073741823	4294967293	1073741823
laneCase	3	0	2147483647	4294967294	2147483647
laneCase	3	0	2147483647	4294967295	2147483647
laneCase	3	0	2147483647	0	2147483647
laneCase	3	0	2147483647	1073741821	2147483647
laneCase	3	0	2147483647	2147483645	2147483647
laneCase	3	0	2147483647	2147483646	2147483647
laneCase	3	0	2147483647	2147483647	2147483647
laneCase	3	0	2147483647	4294967292	2147483647
laneCase	3	0	2147483647	4294967293	2147483647
laneCase	3	0	2147483648	4294967294	2147483648
laneCase	3	0	2147483648	4294967295	2147483648
laneCase	3	0	2147483648	0	2147483648
laneCase	3	0	2147483648	1073741821	2147483648
laneCase	3	0	2147483648	2147483645	2147483648
laneCase	3	0	2147483648	2147483646	2147483648
laneCase	3	0	2147483648	2147483647	2147483648
laneCase	3	0	2147483648	4294967292	2147483648
laneCase	3	0	2147483648	4294967293	2147483648
laneCase	3	0	2147483649	4294967294	2147483649
laneCase	3	0	2147483649	4294967295	2147483649
laneCase	3	0	2147483649	0	2147483649
laneCase	3	0	2147483649	1073741821	2147483649
laneCase	3	0	2147483649	2147483645	2147483649
laneCase	3	0	2147483649	2147483646	2147483649
laneCase	3	0	2147483649	2147483647	2147483649
laneCase	3	0	2147483649	4294967292	2147483649
laneCase	3	0	2147483649	4294967293	2147483649
laneCase	3	0	4294967294	4294967294	4294967294
laneCase	3	0	4294967294	4294967295	4294967294
laneCase	3	0	4294967294	0	4294967294
laneCase	3	0	4294967294	1073741821	4294967294
laneCase	3	0	4294967294	2147483645	4294967294
laneCase	3	0	4294967294	2147483646	4294967294
laneCase	3	0	4294967294	2147483647	4294967294
laneCase	3	0	4294967294	4294967292	4294967294
laneCase	3	0	4294967294	4294967293	4294967294
laneCase	3	0	4294967295	4294967294	4294967295
laneCase	3	0	4294967295	4294967295	4294967295
laneCase	3	0	4294967295	0	4294967295
laneCase	3	0	4294967295	1073741821	4294967295
laneCase	3	0	4294967295	2147483645	4294967295
laneCase	3	0	4294967295	2147483646	4294967295
laneCase	3	0	4294967295	2147483647	4294967295
laneCase	3	0	4294967295	4294967292	4294967295
laneCase	3	0	4294967295	4294967293	4294967295
laneCase	3	1	3	0	0
laneCase	3	1	4	0	0
laneCase	3	1	5	0	0
laneCase	3	1	1073741826	0	0
laneCase	3	1	2147483650	0	0
laneCase	3	1	2147483651	0	0
laneCase	3	1	2147483652	0	0
laneCase	3	1	1	0	0
laneCase	3	1	2	0	0
laneCase	3	1	3	1	1
laneCase	3	1	4	1	1
laneCase	3	1	5	1	1
laneCase	3	1	1073741826	1	1
laneCase	3	1	2147483650	1	1
laneCase	3	1	2147483651	1	1
laneCase	3	1	2147483652	1	1
laneCase	3	1	1	1	1
laneCase	3	1	2	1	1
laneCase	3	1	3	2	2
laneCase	3	1	4	2	2
laneCase	3	1	5	2	2
laneCase	3	1	1073741826	2	2
laneCase	3	1	2147483650	2	2
laneCase	3	1	2147483651	2	2
laneCase	3	1	2147483652	2	2
laneCase	3	1	1	2	2
laneCase	3	1	2	2	2
laneCase	3	1	3	1073741823	1073741823
laneCase	3	1	4	1073741823	1073741823
laneCase	3	1	5	1073741823	1073741823
laneCase	3	1	1073741826	1073741823	1073741823
laneCase	3	1	2147483650	1073741823	1073741823
laneCase	3	1	2147483651	1073741823	1073741823
laneCase	3	1	2147483652	1073741823	1073741823
laneCase	3	1	1	1073741823	1073741823
laneCase	3	1	2	1073741823	1073741823
laneCase	3	1	3	2147483647	2147483647
laneCase	3	1	4	2147483647	2147483647
laneCase	3	1	5	2147483647	2147483647
laneCase	3	1	1073741826	2147483647	2147483647
laneCase	3	1	2147483650	2147483647	2147483647
laneCase	3	1	2147483651	2147483647	2147483647
laneCase	3	1	2147483652	2147483647	2147483647
laneCase	3	1	1	2147483647	2147483647
laneCase	3	1	2	2147483647	2147483647
laneCase	3	1	3	2147483648	2147483648
laneCase	3	1	4	2147483648	2147483648
laneCase	3	1	5	2147483648	2147483648
laneCase	3	1	1073741826	2147483648	2147483648
laneCase	3	1	2147483650	2147483648	2147483648
laneCase	3	1	2147483651	2147483648	2147483648
laneCase	3	1	2147483652	2147483648	2147483648
laneCase	3	1	1	2147483648	2147483648
laneCase	3	1	2	2147483648	2147483648
laneCase	3	1	3	2147483649	2147483649
laneCase	3	1	4	2147483649	2147483649
laneCase	3	1	5	2147483649	2147483649
laneCase	3	1	1073741826	2147483649	2147483649
laneCase	3	1	2147483650	2147483649	2147483649
laneCase	3	1	2147483651	2147483649	2147483649
laneCase	3	1	2147483652	2147483649	2147483649
laneCase	3	1	1	2147483649	2147483649
laneCase	3	1	2	2147483649	2147483649
laneCase	3	1	3	4294967294	4294967294
laneCase	3	1	4	4294967294	4294967294
laneCase	3	1	5	4294967294	4294967294
laneCase	3	1	1073741826	4294967294	4294967294
laneCase	3	1	2147483650	4294967294	4294967294
laneCase	3	1	2147483651	4294967294	4294967294
laneCase	3	1	2147483652	4294967294	4294967294
laneCase	3	1	1	4294967294	4294967294
laneCase	3	1	2	4294967294	4294967294
laneCase	3	1	3	4294967295	4294967295
laneCase	3	1	4	4294967295	4294967295
laneCase	3	1	5	4294967295	4294967295
laneCase	3	1	1073741826	4294967295	4294967295
laneCase	3	1	2147483650	4294967295	4294967295
laneCase	3	1	2147483651	4294967295	4294967295
laneCase	3	1	2147483652	4294967295	4294967295
laneCase	3	1	1	4294967295	4294967295
laneCase	3	1	2	4294967295	4294967295
laneCase	3	2	4294967295	3067833781	0
laneCase	3	2	4294967295	1840700268	0
laneCase	3	2	4294967295	613566755	0
laneCase	3	2	4294967295	3221225470	0
laneCase	3	2	4294967295	2147483646	0
laneCase	3	2	4294967295	920350133	0
laneCase	3	2	4294967295	3988183916	0
laneCase	3	2	4294967295	1227133511	0
laneCase	3	2	4294967295	4294967294	0
laneCase	3	2	0	3067833781	1
laneCase	3	2	0	1840700268	1
laneCase	3	2	0	613566755	1
laneCase	3	2	0	3221225470	1
laneCase	3	2	0	2147483646	1
laneCase	3	2	0	920350133	1
laneCase	3	2	0	3988183916	1
laneCase	3	2	0	1227133511	1
laneCase	3	2	0	4294967294	1
laneCase	3	2	1	3067833781	2
laneCase	3	2	1	1840700268	2
laneCase	3	2	1	613566755	2
laneCase	3	2	1	3221225470	2
laneCase	3	2	1	2147483646	2
laneCase	3	2	1	920350133	2
laneCase	3	2	1	3988183916	2
laneCase	3	2	1	1227133511	2
laneCase	3	2	1	4294967294	2
laneCase	3	2	1073741822	3067833781	1073741823
laneCase	3	2	1073741822	1840700268	1073741823
laneCase	3	2	1073741822	613566755	1073741823
laneCase	3	2	1073741822	3221225470	1073741823
laneCase	3	2	1073741822	2147483646	1073741823
laneCase	3	2	1073741822	920350133	1073741823
laneCase	3	2	1073741822	3988183916	1073741823
laneCase	3	2	1073741822	1227133511	1073741823
laneCase	3	2	1073741822	4294967294	1073741823
laneCase	3	2	2147483646	3067833781	2147483647
laneCase	3	2	2147483646	1840700268	2147483647
laneCase	3	2	2147483646	613566755	2147483647
laneCase	3	2	2147483646	3221225470	2147483647
laneCase	3	2	2147483646	2147483646	2147483647
laneCase	3	2	2147483646	920350133	2147483647
laneCase	3	2	2147483646	3988183916	2147483647
laneCase	3	2	2147483646	1227133511	2147483647
laneCase	3	2	2147483646	4294967294	2147483647
laneCase	3	2	2147483647	3067833781	2147483648
laneCase	3	2	2147483647	1840700268	2147483648
laneCase	3	2	2147483647	613566755	2147483648
laneCase	3	2	2147483647	3221225470	2147483648
laneCase	3	2	2147483647	2147483646	2147483648
laneCase	3	2	2147483647	920350133	2147483648
laneCase	3	2	2147483647	3988183916	2147483648
laneCase	3	2	2147483647	1227133511	2147483648
laneCase	3	2	2147483647	4294967294	2147483648
laneCase	3	2	2147483648	3067833781	2147483649
laneCase	3	2	2147483648	1840700268	2147483649
laneCase	3	2	2147483648	613566755	2147483649
laneCase	3	2	2147483648	3221225470	2147483649
laneCase	3	2	2147483648	2147483646	2147483649
laneCase	3	2	2147483648	920350133	2147483649
laneCase	3	2	2147483648	3988183916	2147483649
laneCase	3	2	2147483648	1227133511	2147483649
laneCase	3	2	2147483648	4294967294	2147483649
laneCase	3	2	4294967293	3067833781	4294967294
laneCase	3	2	4294967293	1840700268	4294967294
laneCase	3	2	4294967293	613566755	4294967294
laneCase	3	2	4294967293	3221225470	4294967294
laneCase	3	2	4294967293	2147483646	4294967294
laneCase	3	2	4294967293	920350133	4294967294
laneCase	3	2	4294967293	3988183916	4294967294
laneCase	3	2	4294967293	1227133511	4294967294
laneCase	3	2	4294967293	4294967294	4294967294
laneCase	3	2	4294967294	3067833781	4294967295
laneCase	3	2	4294967294	1840700268	4294967295
laneCase	3	2	4294967294	613566755	4294967295
laneCase	3	2	4294967294	3221225470	4294967295
laneCase	3	2	4294967294	2147483646	4294967295
laneCase	3	2	4294967294	920350133	4294967295
laneCase	3	2	4294967294	3988183916	4294967295
laneCase	3	2	4294967294	1227133511	4294967295
laneCase	3	2	4294967294	4294967294	4294967295
laneCase	3	3	1561806291	1	0
laneCase	3	3	390451574	1	0
laneCase	3	3	3514064153	1	0
laneCase	3	3	1659419184	1	0
laneCase	3	3	585677360	1	0
laneCase	3	3	3709289939	1	0
laneCase	3	3	2537935222	1	0
laneCase	3	3	3904515725	1	0
laneCase	3	3	2733161008	1	0
laneCase	3	3	1561806291	2	1
laneCase	3	3	390451574	2	1
laneCase	3	3	3514064153	2	1
laneCase	3	3	1659419184	2	1
laneCase	3	3	585677360	2	1
laneCase	3	3	3709289939	2	1
laneCase	3	3	2537935222	2	1
laneCase	3	3	3904515725	2	1
laneCase	3	3	2733161008	2	1
laneCase	3	3	1561806291	3	2
laneCase	3	3	390451574	3	2
laneCase	3	3	3514064153	3	2
laneCase	3	3	1659419184	3	2
laneCase	3	3	585677360	3	2
laneCase	3	3	3709289939	3	2
laneCase	3	3	2537935222	3	2
laneCase	3	3	3904515725	3	2
laneCase	3	3	2733161008	3	2
laneCase	3	3	1561806291	1073741824	1073741823
laneCase	3	3	390451574	1073741824	1073741823
laneCase	3	3	3514064153	1073741824	1073741823
laneCase	3	3	1659419184	1073741824	1073741823
laneCase	3	3	585677360	1073741824	1073741823
laneCase	3	3	3709289939	1073741824	1073741823
laneCase	3	3	2537935222	1073741824	1073741823
laneCase	3	3	3904515725	1073741824	1073741823
laneCase	3	3	2733161008	1073741824	1073741823
laneCase	3	3	1561806291	2147483648	2147483647
laneCase	3	3	390451574	2147483648	2147483647
laneCase	3	3	3514064153	2147483648	2147483647
laneCase	3	3	1659419184	2147483648	2147483647
laneCase	3	3	585677360	2147483648	2147483647
laneCase	3	3	3709289939	2147483648	2147483647
laneCase	3	3	2537935222	2147483648	2147483647
laneCase	3	3	3904515725	2147483648	2147483647
laneCase	3	3	2733161008	2147483648	2147483647
laneCase	3	3	1561806291	2147483649	2147483648
laneCase	3	3	390451574	2147483649	2147483648
laneCase	3	3	3514064153	2147483649	2147483648
laneCase	3	3	1659419184	2147483649	2147483648
laneCase	3	3	585677360	2147483649	2147483648
laneCase	3	3	3709289939	2147483649	2147483648
laneCase	3	3	2537935222	2147483649	2147483648
laneCase	3	3	3904515725	2147483649	2147483648
laneCase	3	3	2733161008	2147483649	2147483648
laneCase	3	3	1561806291	2147483650	2147483649
laneCase	3	3	390451574	2147483650	2147483649
laneCase	3	3	3514064153	2147483650	2147483649
laneCase	3	3	1659419184	2147483650	2147483649
laneCase	3	3	585677360	2147483650	2147483649
laneCase	3	3	3709289939	2147483650	2147483649
laneCase	3	3	2537935222	2147483650	2147483649
laneCase	3	3	3904515725	2147483650	2147483649
laneCase	3	3	2733161008	2147483650	2147483649
laneCase	3	3	1561806291	4294967295	4294967294
laneCase	3	3	390451574	4294967295	4294967294
laneCase	3	3	3514064153	4294967295	4294967294
laneCase	3	3	1659419184	4294967295	4294967294
laneCase	3	3	585677360	4294967295	4294967294
laneCase	3	3	3709289939	4294967295	4294967294
laneCase	3	3	2537935222	4294967295	4294967294
laneCase	3	3	3904515725	4294967295	4294967294
laneCase	3	3	2733161008	4294967295	4294967294
laneCase	3	3	1561806291	0	4294967295
laneCase	3	3	390451574	0	4294967295
laneCase	3	3	3514064153	0	4294967295
laneCase	3	3	1659419184	0	4294967295
laneCase	3	3	585677360	0	4294967295
laneCase	3	3	3709289939	0	4294967295
laneCase	3	3	2537935222	0	4294967295
laneCase	3	3	3904515725	0	4294967295
laneCase	3	3	2733161008	0	4294967295
laneCase	4	0	-29	0	0
laneCase	4	0	-28	1	0
laneCase	4	0	-27	2	0
laneCase	4	0	1073741794	1073741823	0
laneCase	4	0	2147483618	2147483647	0
laneCase	4	0	2147483619	2147483648	0
laneCase	4	0	2147483620	2147483649	0
laneCase	4	0	4294967265	4294967294	0
laneCase	4	0	4294967266	4294967295	0
laneCase	4	0	-28	0	1
laneCase	4	0	-27	1	1
laneCase	4	0	-26	2	1
laneCase	4	0	1073741795	1073741823	1
laneCase	4	0	2147483619	2147483647	1
laneCase	4	0	2147483620	2147483648	1
laneCase	4	0	2147483621	2147483649	1
laneCase	4	0	4294967266	4294967294	1
laneCase	4	0	4294967267	4294967295	1
laneCase	4	0	-27	0	2
laneCase	4	0	-26	1	2
laneCase	4	0	-25	2	2
laneCase	4	0	1073741796	1073741823	2
laneCase	4	0	2147483620	2147483647	2
laneCase	4	0	2147483621	2147483648	2
laneCase	4	0	2147483622	2147483649	2
laneCase	4	0	4294967267	4294967294	2
laneCase	4	0	4294967268	4294967295	2
laneCase	4	0	1073741794	0	1073741823
laneCase	4	0	1073741795	1	1073741823
laneCase	4	0	1073741796	2	1073741823
laneCase	4	0	2147483617	1073741823	1073741823
laneCase	4	0	3221225441	2147483647	1073741823
laneCase	4	0	3221225442	2147483648	1073741823
laneCase	4	0	3221225443	2147483649	1073741823
laneCase	4	0	5368709088	4294967294	1073741823
laneCase	4	0	5368709089	4294967295	1073741823
laneCase	4	0	2147483618	0	2147483647
laneCase	4	0	2147483619	1	2147483647
laneCase	4	0	2147483620	2	2147483647
laneCase	4	0	3221225441	1073741823	2147483647
laneCase	4	0	4294967265	2147483647	2147483647
laneCase	4	0	4294967266	2147483648	2147483647
laneCase	4	0	4294967267	2147483649	2147483647
laneCase	4	0	6442450912	4294967294	2147483647
laneCase	4	0	6442450913	4294967295	2147483647
laneCase	4	0	2147483619	0	2147483648
laneCase	4	0	2147483620	1	2147483648
laneCase	4	0	2147483621	2	2147483648
laneCase	4	0	3221225442	1073741823	2147483648
laneCase	4	0	4294967266	2147483647	2147483648
laneCase	4	0	4294967267	2147483648	2147483648
laneCase	4	0	4294967268	2147483649	2147483648
laneCase	4	0	6442450913	4294967294	2147483648
laneCase	4	0	6442450914	4294967295	2147483648
laneCase	4	0	2147483620	0	2147483649
laneCase	4	0	2147483621	1	2147483649
laneCase	4	0	2147483622	2	2147483649
laneCase	4	0	3221225443	1073741823	2147483649
laneCase	4	0	4294967267	2147483647	2147483649
laneCase	4	0	4294967268	2147483648	2147483649
laneCase	4	0	4294967269	2147483649	2147483649
laneCase	4	0	6442450914	4294967294	2147483649
laneCase	4	0	6442450915	4294967295	2147483649
laneCase	4	0	4294967265	0	4294967294
laneCase	4	0	4294967266	1	4294967294
laneCase	4	0	4294967267	2	4294967294
laneCase	4	0	5368709088	1073741823	4294967294
laneCase	4	0	6442450912	2147483647	4294967294
laneCase	4	0	6442450913	2147483648	4294967294
laneCase	4	0	6442450914	2147483649	4294967294
laneCase	4	0	8589934559	4294967294	4294967294
laneCase	4	0	8589934560	4294967295	4294967294
laneCase	4	0	4294967266	0	4294967295
laneCase	4	0	4294967267	1	4294967295
laneCase	4	0	4294967268	2	4294967295
laneCase	4	0	5368709089	1073741823	4294967295
laneCase	4	0	6442450913	2147483647	4294967295
laneCase	4	0	6442450914	2147483648	4294967295
laneCase	4	0	6442450915	2147483649	4294967295
laneCase	4	0	8589934560	4294967294	4294967295
laneCase	4	0	8589934561	4294967295	4294967295
laneCase	4	1	-29	0	0
laneCase	4	1	-28	1	0
laneCase	4	1	-27	2	0
laneCase	4	1	1073741794	1073741823	0
laneCase	4	1	2147483618	2147483647	0
laneCase	4	1	2147483619	2147483648	0
laneCase	4	1	2147483620	2147483649	0
laneCase	4	1	4294967265	4294967294	0
laneCase	4	1	4294967266	4294967295	0
laneCase	4	1	-28	0	1
laneCase	4	1	-27	1	1
laneCase	4	1	-26	2	1
laneCase	4	1	1073741795	1073741823	1
laneCase	4	1	2147483619	2147483647	1
laneCase	4	1	2147483620	2147483648	1
laneCase	4	1	2147483621	2147483649	1
laneCase	4	1	4294967266	4294967294	1
laneCase	4	1	4294967267	4294967295	1
laneCase	4	1	-27	0	2
laneCase	4	1	-26	1	2
laneCase	4	1	-25	2	2
laneCase	4	1	1073741796	1073741823	2
laneCase	4	1	2147483620	2147483647	2
laneCase	4	1	2147483621	2147483648	2
laneCase	4	1	2147483622	2147483649	2
laneCase	4	1	4294967267	4294967294	2
laneCase	4	1	4294967268	4294967295	2
laneCase	4	1	1073741794	0	1073741823
laneCase	4	1	1073741795	1	1073741823
laneCase	4	1	1073741796	2	1073741823
laneCase	4	1	2147483617	1073741823	1073741823
laneCase	4	1	3221225441	2147483647	1073741823
laneCase	4	1	3221225442	2147483648	1073741823
laneCase	4	1	3221225443	2147483649	1073741823
laneCase	4	1	5368709088	4294967294	1073741823
laneCase	4	1	5368709089	4294967295	1073741823
laneCase	4	1	2147483618	0	2147483647
laneCase	4	1	2147483619	1	2147483647
laneCase	4	1	2147483620	2	2147483647
laneCase	4	1	3221225441	1073741823	2147483647
laneCase	4	1	4294967265	2147483647	2147483647
laneCase	4	1	4294967266	2147483648	2147483647
laneCase	4	1	4294967267	2147483649	2147483647
laneCase	4	1	6442450912	4294967294	2147483647
laneCase	4	1	6442450913	4294967295	2147483647
laneCase	4	1	2147483619	0	2147483648
laneCase	4	1	2147483620	1	2147483648
laneCase	4	1	2147483621	2	2147483648
laneCase	4	1	3221225442	1073741823	2147483648
laneCase	4	1	4294967266	2147483647	2147483648
laneCase	4	1	4294967267	2147483648	2147483648
laneCase	4	1	4294967268	2147483649	2147483648
laneCase	4	1	6442450913	4294967294	2147483648
laneCase	4	1	6442450914	4294967295	2147483648
laneCase	4	1	2147483620	0	2147483649
laneCase	4	1	2147483621	1	2147483649
laneCase	4	1	2147483622	2	2147483649
laneCase	4	1	3221225443	1073741823	2147483649
laneCase	4	1	4294967267	2147483647	2147483649
laneCase	4	1	4294967268	2147483648	2147483649
laneCase	4	1	4294967269	2147483649	2147483649
laneCase	4	1	6442450914	4294967294	2147483649
laneCase	4	1	6442450915	4294967295	2147483649
laneCase	4	1	4294967265	0	4294967294
laneCase	4	1	4294967266	1	4294967294
laneCase	4	1	4294967267	2	4294967294
laneCase	4	1	5368709088	1073741823	4294967294
laneCase	4	1	6442450912	2147483647	4294967294
laneCase	4	1	6442450913	2147483648	4294967294
laneCase	4	1	6442450914	2147483649	4294967294
laneCase	4	1	8589934559	4294967294	4294967294
laneCase	4	1	8589934560	4294967295	4294967294
laneCase	4	1	4294967266	0	4294967295
laneCase	4	1	4294967267	1	4294967295
laneCase	4	1	4294967268	2	4294967295
laneCase	4	1	5368709089	1073741823	4294967295
laneCase	4	1	6442450913	2147483647	4294967295
laneCase	4	1	6442450914	2147483648	4294967295
laneCase	4	1	6442450915	2147483649	4294967295
laneCase	4	1	8589934560	4294967294	4294967295
laneCase	4	1	8589934561	4294967295	4294967295
laneCase	4	2	-29	0	0
laneCase	4	2	-28	1	0
laneCase	4	2	-27	2	0
laneCase	4	2	1073741794	1073741823	0
laneCase	4	2	2147483618	2147483647	0
laneCase	4	2	2147483619	2147483648	0
laneCase	4	2	2147483620	2147483649	0
laneCase	4	2	4294967265	4294967294	0
laneCase	4	2	4294967266	4294967295	0
laneCase	4	2	-28	0	1
laneCase	4	2	-27	1	1
laneCase	4	2	-26	2	1
laneCase	4	2	1073741795	1073741823	1
laneCase	4	2	2147483619	2147483647	1
laneCase	4	2	2147483620	2147483648	1
laneCase	4	2	2147483621	2147483649	1
laneCase	4	2	4294967266	4294967294	1
laneCase	4	2	4294967267	4294967295	1
laneCase	4	2	-27	0	2
laneCase	4	2	-26	1	2
laneCase	4	2	-25	2	2
laneCase	4	2	1073741796	1073741823	2
laneCase	4	2	2147483620	2147483647	2
laneCase	4	2	2147483621	2147483648	2
laneCase	4	2	2147483622	2147483649	2
laneCase	4	2	4294967267	4294967294	2
laneCase	4	2	4294967268	4294967295	2
laneCase	4	2	1073741794	0	1073741823
laneCase	4	2	1073741795	1	1073741823
laneCase	4	2	1073741796	2	1073741823
laneCase	4	2	2147483617	1073741823	1073741823
laneCase	4	2	3221225441	2147483647	1073741823
laneCase	4	2	3221225442	2147483648	1073741823
laneCase	4	2	3221225443	2147483649	1073741823
laneCase	4	2	5368709088	4294967294	1073741823
laneCase	4	2	5368709089	4294967295	1073741823
laneCase	4	2	2147483618	0	2147483647
laneCase	4	2	2147483619	1	2147483647
laneCase	4	2	2147483620	2	2147483647
laneCase	4	2	3221225441	1073741823	2147483647
laneCase	4	2	4294967265	2147483647	2147483647
laneCase	4	2	4294967266	2147483648	2147483647
laneCase	4	2	4294967267	2147483649	2147483647
laneCase	4	2	6442450912	4294967294	2147483647
laneCase	4	2	6442450913	4294967295	2147483647
laneCase	4	2	2147483619	0	2147483648
laneCase	4	2	2147483620	1	2147483648
laneCase	4	2	2147483621	2	2147483648
laneCase	4	2	3221225442	1073741823	2147483648
laneCase	4	2	4294967266	2147483647	2147483648
laneCase	4	2	4294967267	2147483648	2147483648
laneCase	4	2	4294967268	2147483649	2147483648
laneCase	4	2	6442450913	4294967294	2147483648
laneCase	4	2	6442450914	4294967295	2147483648
laneCase	4	2	2147483620	0	2147483649
laneCase	4	2	2147483621	1	2147483649
laneCase	4	2	2147483622	2	2147483649
laneCase	4	2	3221225443	1073741823	2147483649
laneCase	4	2	4294967267	2147483647	2147483649
laneCase	4	2	4294967268	2147483648	2147483649
laneCase	4	2	4294967269	2147483649	2147483649
laneCase	4	2	6442450914	4294967294	2147483649
laneCase	4	2	6442450915	4294967295	2147483649
laneCase	4	2	4294967265	0	4294967294
laneCase	4	2	4294967266	1	4294967294
laneCase	4	2	4294967267	2	4294967294
laneCase	4	2	5368709088	1073741823	4294967294
laneCase	4	2	6442450912	2147483647	4294967294
laneCase	4	2	6442450913	2147483648	4294967294
laneCase	4	2	6442450914	2147483649	4294967294
laneCase	4	2	8589934559	4294967294	4294967294
laneCase	4	2	8589934560	4294967295	4294967294
laneCase	4	2	4294967266	0	4294967295
laneCase	4	2	4294967267	1	4294967295
laneCase	4	2	4294967268	2	4294967295
laneCase	4	2	5368709089	1073741823	4294967295
laneCase	4	2	6442450913	2147483647	4294967295
laneCase	4	2	6442450914	2147483648	4294967295
laneCase	4	2	6442450915	2147483649	4294967295
laneCase	4	2	8589934560	4294967294	4294967295
laneCase	4	2	8589934561	4294967295	4294967295
laneCase	4	3	-29	0	0
laneCase	4	3	-28	1	0
laneCase	4	3	-27	2	0
laneCase	4	3	1073741794	1073741823	0
laneCase	4	3	2147483618	2147483647	0
laneCase	4	3	2147483619	2147483648	0
laneCase	4	3	2147483620	2147483649	0
laneCase	4	3	4294967265	4294967294	0
laneCase	4	3	4294967266	4294967295	0
laneCase	4	3	-28	0	1
laneCase	4	3	-27	1	1
laneCase	4	3	-26	2	1
laneCase	4	3	1073741795	1073741823	1
laneCase	4	3	2147483619	2147483647	1
laneCase	4	3	2147483620	2147483648	1
laneCase	4	3	2147483621	2147483649	1
laneCase	4	3	4294967266	4294967294	1
laneCase	4	3	4294967267	4294967295	1
laneCase	4	3	-27	0	2
laneCase	4	3	-26	1	2
laneCase	4	3	-25	2	2
laneCase	4	3	1073741796	1073741823	2
laneCase	4	3	2147483620	2147483647	2
laneCase	4	3	2147483621	2147483648	2
laneCase	4	3	2147483622	2147483649	2
laneCase	4	3	4294967267	4294967294	2
laneCase	4	3	4294967268	4294967295	2
laneCase	4	3	1073741794	0	1073741823
laneCase	4	3	1073741795	1	1073741823
laneCase	4	3	1073741796	2	1073741823
laneCase	4	3	2147483617	1073741823	1073741823
laneCase	4	3	3221225441	2147483647	1073741823
laneCase	4	3	3221225442	2147483648	1073741823
laneCase	4	3	3221225443	2147483649	1073741823
laneCase	4	3	5368709088	4294967294	1073741823
laneCase	4	3	5368709089	4294967295	1073741823
laneCase	4	3	2147483618	0	2147483647
laneCase	4	3	2147483619	1	2147483647
laneCase	4	3	2147483620	2	2147483647
laneCase	4	3	3221225441	1073741823	2147483647
laneCase	4	3	4294967265	2147483647	2147483647
laneCase	4	3	4294967266	2147483648	2147483647
laneCase	4	3	4294967267	2147483649	2147483647
laneCase	4	3	6442450912	4294967294	2147483647
laneCase	4	3	6442450913	4294967295	2147483647
laneCase	4	3	2147483619	0	2147483648
laneCase	4	3	2147483620	1	2147483648
laneCase	4	3	2147483621	2	2147483648
laneCase	4	3	3221225442	1073741823	2147483648
laneCase	4	3	4294967266	2147483647	2147483648
laneCase	4	3	4294967267	2147483648	2147483648
laneCase	4	3	4294967268	2147483649	2147483648
laneCase	4	3	6442450913	4294967294	2147483648
laneCase	4	3	6442450914	4294967295	2147483648
laneCase	4	3	2147483620	0	2147483649
laneCase	4	3	2147483621	1	2147483649
laneCase	4	3	2147483622	2	2147483649
laneCase	4	3	3221225443	1073741823	2147483649
laneCase	4	3	4294967267	2147483647	2147483649
laneCase	4	3	4294967268	2147483648	2147483649
laneCase	4	3	4294967269	2147483649	2147483649
laneCase	4	3	6442450914	4294967294	2147483649
laneCase	4	3	6442450915	4294967295	2147483649
laneCase	4	3	4294967265	0	4294967294
laneCase	4	3	4294967266	1	4294967294
laneCase	4	3	4294967267	2	4294967294
laneCase	4	3	5368709088	1073741823	4294967294
laneCase	4	3	6442450912	2147483647	4294967294
laneCase	4	3	6442450913	2147483648	4294967294
laneCase	4	3	6442450914	2147483649	4294967294
laneCase	4	3	8589934559	4294967294	4294967294
laneCase	4	3	8589934560	4294967295	4294967294
laneCase	4	3	4294967266	0	4294967295
laneCase	4	3	4294967267	1	4294967295
laneCase	4	3	4294967268	2	4294967295
laneCase	4	3	5368709089	1073741823	4294967295
laneCase	4	3	6442450913	2147483647	4294967295
laneCase	4	3	6442450914	2147483648	4294967295
laneCase	4	3	6442450915	2147483649	4294967295
laneCase	4	3	8589934560	4294967294	4294967295
laneCase	4	3	8589934561	4294967295	4294967295
scalarHelperCase	-9223372036854775808	-2147483648	55834574787
scalarHelperCase	-9223372036854775808	-64	111669145283
scalarHelperCase	-81985529216486895	-33554433	31486285959
scalarHelperCase	-81985529216486895	8	33767987947
scalarHelperCase	-4294967297	-1048575	111597846399
scalarHelperCase	-4294967297	2047	138999
scalarHelperCase	-4294967296	-16384	111668035523
scalarHelperCase	-4294967296	262145	17825799
scalarHelperCase	-2147483649	-257	55834557175
scalarHelperCase	-2147483649	67108864	60397977403
scalarHelperCase	-2147483648	-9223372036854775808	55834574787
scalarHelperCase	-2147483648	-7	55834574311
scalarHelperCase	-2147483647	-33554432	53552873547
scalarHelperCase	-2147483647	17	55834576079
scalarHelperCase	-1073741825	-131073	60120628983
scalarHelperCase	-1073741825	1024	60129611579
scalarHelperCase	-1073741824	-1023	60129472519
scalarHelperCase	-1073741824	65535	60133998463
scalarHelperCase	-1073741823	-4	60129541947
scalarHelperCase	-1073741823	2097153	60272148623
scalarHelperCase	-536870913	128	85899354427
scalarHelperCase	-536870913	134217728	64961380155
scalarHelperCase	-536870912	32767	85901574015
scalarHelperCase	-536870912	4294967297	85899345927
scalarHelperCase	-536870911	-268435456	67645734987
scalarHelperCase	-536870911	4194305	86184558735
scalarHelperCase	-268435457	-4194305	74876714743
scalarHelperCase	-268435457	1073741824	53687091003
scalarHelperCase	-268435456	-536870911	38654705671
scalarHelperCase	-268435456	-131071	75153014791
scalarHelperCase	-268435455	-2097152	75019321419
scalarHelperCase	-268435455	-2048	75161788491
scalarHelperCase	-134217729	-8193	93414981367
scalarHelperCase	-134217729	-33	93415536247
scalarHelperCase	-134217728	-63	93415534343
scalarHelperCase	-134217728	3	93415538831
scalarHelperCase	-134217727	9	93415539375
scalarHelperCase	-134217727	129	93415547535
scalarHelperCase	-67108865	2048	102542483259
scalarHelperCase	-67108865	8192	102542901051
scalarHelperCase	-67108864	524287	102577995647
scalarHelperCase	-67108863	16777217	73618423951
scalarHelperCase	-67108863	67108865	64156074127
scalarHelperCase	-33554433	-81985529216486895	40237878207
scalarHelperCase	-33554433	1073741824	38386270011
scalarHelperCase	-33554432	-2147483647	51271172103
scalarHelperCase	-33554432	-33554431	104824045575
scalarHelperCase	-33554431	-33554432	104824045643
scalarHelperCase	-33554431	-131072	107096834123
scalarHelperCase	-16777217	-524289	109351796471
scalarHelperCase	-16777217	-513	109387413239
scalarHelperCase	-16777216	-16383	109386334215
scalarHelperCase	-16777216	-3	109387448055
scalarHelperCase	-16777215	-256	109387430987
scalarHelperCase	-16777215	129	109387457167
scalarHelperCase	-8388609	-5	110528298471
scalarHelperCase	-8388609	32768	110530527035
scalarHelperCase	-8388608	31	110528301055
scalarHelperCase	-8388608	8388607	68149051263
scalarHelperCase	-8388607	1025	110528368783
scalarHelperCase	-8388607	1073741825	41808822415
scalarHelperCase	-4194305	-268435457	92845113079
scalarHelperCase	-4194305	65536	111103180603
scalarHelperCase	-4194304	-2097151	110956118023
scalarHelperCase	-4194304	4194303	68434263935
scalarHelperCase	-4194303	-8192	111098167371
scalarHelperCase	-4194303	134217729	8556380303
scalarHelperCase	-2097153	-33	111383934583
scalarHelperCase	-2097153	81985529216486895	66582655671
scalarHelperCase	-2097152	-268435455	93130326023
scalarHelperCase	-2097152	15	111383937983
scalarHelperCase	-2097151	-4194304	111098724427
scalarHelperCase	-2097151	2049	111384076431
scalarHelperCase	-1048577	-65537	111522086647
scalarHelperCase	-1048577	524288	81497423675
scalarHelperCase	-1048576	-2047	111526404103
scalarHelperCase	-1048576	134217727	8984199039
scalarHelperCase	-1048575	-4294967297	111526543367
scalarHelperCase	-1048575	-32	111526541259
scalarHelperCase	-524289	-16777217	110456995575
scalarHelperCase	-524289	4	111597846603
scalarHelperCase	-524288	-131071	111588933639
scalarHelperCase	-524288	255	111597863807
scalarHelperCase	-524287	-512	111597811787
scalarHelperCase	-524287	8193	111598403727
scalarHelperCase	-262145	-2	111633497779
scalarHelperCase	-262145	524288	47244640059
scalarHelperCase	-262144	255	111633515391
scalarHelperCase	-262144	33554431	2246049663
scalarHelperCase	-262143	32769	111635726479
scalarHelperCase	-262143	1073741825	42914021519
scalarHelperCase	-131073	-1073741825	68701650679
scalarHelperCase	-131073	8388608	552599355
scalarHelperCase	-131072	-33554431	109369622535
scalarHelperCase	-131072	2147483647	55816748927
scalarHelperCase	-131071	-268435456	93397712971
scalarHelperCase	-131071	-524288	111615672395
scalarHelperCase	-65537	-1048577	111588933367
scalarHelperCase	-65537	-8193	111659679479
scalarHelperCase	-65536	-8191	111659679751
scalarHelperCase	-65536	-255	111660219399
scalarHelperCase	-65535	-32	111660234699
scalarHelperCase	-65535	-4	111660236603
scalarHelperCase	-32769	16	111664694139
scalarHelperCase	-32769	32	111664695227
scalarHelperCase	-32768	2047	111664832383
scalarHelperCase	-32768	4095	111664971647
scalarHelperCase	-32767	65537	47244640399
scalarHelperCase	-32767	524289	31195279
scalarHelperCase	-16385	4194304	282984251
scalarHelperCase	-16385	134217728	9124577083
scalarHelperCase	-16384	-4294967296	111666921411
scalarHelperCase	-16384	268435455	18251382655
scalarHelperCase	-16383	-16777216	110526070859
scalarHelperCase	-16383	9223372036854775807	111666921479
scalarHelperCase	-8193	-134217729	102541229815
scalarHelperCase	-8193	-65537	111663578871
scalarHelperCase	-8192	-4194303	111382822919
scalarHelperCase	-8192	-511	111668000775
scalarHelperCase	-8191	-65536	111663579211
scalarHelperCase	-8191	-1	111668035591
scalarHelperCase	-4097	-1025	111668522743
scalarHelperCase	-4097	256	111668609851
scalarHelperCase	-4096	-31	111668590471
scalarHelperCase	-4096	65535	3899263
scalarHelperCase	-4095	5	111668593055
scalarHelperCase	-4095	8388609	569868431
scalarHelperCase	-2049	256	111668888379
scalarHelperCase	-2049	2147483648	55834296123
scalarHelperCase	-2048	-268435455	93415260167
scalarHelperCase	-2048	16383	47245475711
scalarHelperCase	-2047	-1048576	111597568075
scalarHelperCase	-2047	524289	35373199
scalarHelperCase	-1025	-4097	111668731639
scalarHelperCase	-1025	33554432	2281561915
scalarHelperCase	-1024	-31	111669008263
scalarHelperCase	-1024	2147483647	55834435455
scalarHelperCase	-1023	-1073741824	68719337547
scalarHelperCase	-1023	17	111669011663
scalarHelperCase	-513	-16777217	110528229111
scalarHelperCase	-513	4096	47244848955
scalarHelperCase	-512	-524287	111633428487
scalarHelperCase	-512	1048575	71233407
scalarHelperCase	-511	-8192	111668523083
scalarHelperCase	-511	134217729	9126736015
scalarHelperCase	-257	-2147483649	55834539767
scalarHelperCase	-257	-129	111669105911
scalarHelperCase	-256	-16777215	110528264199
scalarHelperCase	-256	-3	111669114615
scalarHelperCase	-255	-65536	111664658507
scalarHelperCase	-255	33	111669117199
scalarHelperCase	-129	-257	111669114615
scalarHelperCase	-129	2048	121659
scalarHelperCase	-128	0	111669132227
scalarHelperCase	-128	131071	8895359
scalarHelperCase	-127	257	47244640399
scalarHelperCase	-127	4194305	285195407
scalarHelperCase	-65	65536	4447547
scalarHelperCase	-65	268435456	18253602107
scalarHelperCase	-64	-9223372036854775808	111669140931
scalarHelperCase	-64	16777215	1140841855
scalarHelperCase	-63	-134217728	102542335563
scalarHelperCase	-63	2147483649	55834566287
scalarHelperCase	-33	-134217729	102542339575
scalarHelperCase	-33	-2097153	111526538743
scalarHelperCase	-32	-1048575	111597842183
scalarHelperCase	-32	-65535	111664688903
scalarHelperCase	-31	-4096	111668866891
scalarHelperCase	-31	-1024	111669075787
scalarHelperCase	-17	-17	111669146167
scalarHelperCase	-16	7	81604376863
scalarHelperCase	-16	31	47244640127
scalarHelperCase	-15	257	15375
scalarHelperCase	-15	4097	276495
scalarHelperCase	-9	16384	1112827
scalarHelperCase	-9	1048576	71301883
scalarHelperCase	-8	1048575	71301951
scalarHelperCase	-8	268435455	18253609791
scalarHelperCase	-7	-2147483648	55834573835
scalarHelperCase	-7	33554433	2281700431
scalarHelperCase	-5	-8388609	111098723543
scalarHelperCase	-5	2147483648	55834574107
scalarHelperCase	-4	-1073741823	68719476199
scalarHelperCase	-4	-65535	111664692711
scalarHelperCase	-3	-16777216	110528298539
scalarHelperCase	-3	-256	111669131819
scalarHelperCase	-2	-262145	111651323503
scalarHelperCase	-2	1	68719476471
scalarHelperCase	-1	-8191	111668592511
scalarHelperCase	-1	511	34551
scalarHelperCase	0	-128	111669140931
scalarHelperCase	0	0	68719476675
scalarHelperCase	0	1	68719476743
scalarHelperCase	0	2	68719476811
scalarHelperCase	0	65537	4456455
scalarHelperCase	0	1073741823	42949672831
scalarHelperCase	0	2147483647	55834574719
scalarHelperCase	0	2147483648	55834574787
scalarHelperCase	0	2147483649	55834574855
scalarHelperCase	0	4294967294	68719476539
scalarHelperCase	0	4294967295	68719476607
scalarHelperCase	1	-2	68719476675
scalarHelperCase	1	0	68719476811
scalarHelperCase	1	1	68719476879
scalarHelperCase	1	2	47244640467
scalarHelperCase	1	16777216	1140850763
scalarHelperCase	1	1073741823	42949672967
scalarHelperCase	1	2147483647	55834574855
scalarHelperCase	1	2147483648	55834574923
scalarHelperCase	1	2147483649	55834574991
scalarHelperCase	1	4294967294	68719476675
scalarHelperCase	1	4294967295	68719476743
scalarHelperCase	2	0	21474836691
scalarHelperCase	2	1	279
scalarHelperCase	2	2	347
scalarHelperCase	2	63	4495
scalarHelperCase	2	1073741823	42949673103
scalarHelperCase	2	2147483647	55834574991
scalarHelperCase	2	2147483648	55834575059
scalarHelperCase	2	2147483649	55834575127
scalarHelperCase	2	4294967294	21474836555
scalarHelperCase	2	4294967295	21474836623
scalarHelperCase	3	-134217728	102542344539
scalarHelperCase	3	2049	139679
scalarHelperCase	4	-524289	111633498527
scalarHelperCase	4	131072	8913379
scalarHelperCase	5	-4095	111668871855
scalarHelperCase	5	8388607	570425895
scalarHelperCase	7	-16	64424509243
scalarHelperCase	7	268435457	18253611967
scalarHelperCase	8	-81985529216486895	44801282183
scalarHelperCase	8	32	3203
scalarHelperCase	9	-134217727	102542345423
scalarHelperCase	9	8191	558151
scalarHelperCase	15	-2097152	111526545339
scalarHelperCase	15	1048577	71305215
scalarHelperCase	16	-32769	111666923519
scalarHelperCase	16	268435456	18253613123
scalarHelperCase	17	-2147483647	55834577167
scalarHelperCase	17	-1023	111669082383
scalarHelperCase	31	-8388608	111098728507
scalarHelperCase	31	-16	30064774139
scalarHelperCase	32	-32769	111666925695
scalarHelperCase	32	8	4835
scalarHelperCase	33	-255	64424496527
scalarHelperCase	33	511	39175
scalarHelperCase	63	2	8643
scalarHelperCase	63	16385	1122687
scalarHelperCase	64	512	43459
scalarHelperCase	64	1048576	71311811
scalarHelperCase	65	131071	8921607
scalarHelperCase	65	67108863	4563411463
scalarHelperCase	127	16777217	1140867967
scalarHelperCase	127	2147483649	55834592127
scalarHelperCase	128	-536870913	75161944959
scalarHelperCase	128	4294967295	17279
scalarHelperCase	129	-134217727	102542361743
scalarHelperCase	129	-16777215	110528316559
scalarHelperCase	255	-524288	111633532731
scalarHelperCase	255	-262144	111651358523
scalarHelperCase	256	-4097	111668905855
scalarHelperCase	256	-2049	64424404863
scalarHelperCase	257	-127	30064797327
scalarHelperCase	257	-15	33871
scalarHelperCase	511	-1	69367
scalarHelperCase	511	33	71679
scalarHelperCase	512	64	73923
scalarHelperCase	512	8192	626627
scalarHelperCase	513	4095	348167
scalarHelperCase	513	2097151	142675975
scalarHelperCase	1023	131073	9052031
scalarHelperCase	1023	268435457	18253750143
scalarHelperCase	1024	-1073741825	68719615871
scalarHelperCase	1024	8388608	570564547
scalarHelperCase	1025	-8388607	111098863759
scalarHelperCase	1025	536870911	36507361287
scalarHelperCase	2047	-4294967297	278263
scalarHelperCase	2047	-32768	111667199803
scalarHelperCase	2048	-67108865	107106025343
scalarHelperCase	2048	-129	269695
scalarHelperCase	2049	-2097151	111526822031
scalarHelperCase	2049	3	278807
scalarHelperCase	4095	-32768	64422838075
scalarHelperCase	4095	513	591743
scalarHelperCase	4096	-513	522111
scalarHelperCase	4096	131072	9469891
scalarHelperCase	4097	-15	556111
scalarHelperCase	4097	33554431	2282258439
scalarHelperCase	8191	9	1114527
scalarHelperCase	8191	4294967296	1113915
scalarHelperCase	8192	-67108865	107106860927
scalarHelperCase	8192	512	1148867
scalarHelperCase	8193	-524287	111634612367
scalarHelperCase	8193	32767	3342343
scalarHelperCase	16383	-2048	2088763
scalarHelperCase	16383	1048577	73531263
scalarHelperCase	16384	-9	2227551
scalarHelperCase	16384	67108864	4565630915
scalarHelperCase	16385	63	2232583
scalarHelperCase	16385	4294967294	2228163
scalarHelperCase	32767	-536870912	75166383931
scalarHelperCase	32767	8193	5013375
scalarHelperCase	32768	-8388609	111103180671
scalarHelperCase	32768	2097152	147062723
scalarHelperCase	32769	-262143	64411140239
scalarHelperCase	32769	536870911	36511678471
scalarHelperCase	65535	-1073741824	68728389435
scalarHelperCase	65535	-4096	8634171
scalarHelperCase	65536	-4194305	111392849791
scalarHelperCase	65536	-65	8908415
scalarHelperCase	65537	-32767	30071455887
scalarHelperCase	65537	0	8912971
scalarHelperCase	131071	-128	17816891
scalarHelperCase	131071	65	17830015
scalarHelperCase	131072	4	17826003
scalarHelperCase	131072	4096	18104259
scalarHelperCase	131073	1023	17895431
scalarHelperCase	131073	262143	35651591
scalarHelperCase	262143	131073	44564351
scalarHelperCase	262143	8388609	606076799
scalarHelperCase	262144	33554432	2317352899
scalarHelperCase	262144	536870912	36542873539
scalarHelperCase	262145	-4294967296	35651659
scalarHelperCase	262145	4294967297	35651727
scalarHelperCase	524287	-67108864	107177049915
scalarHelperCase	524288	-1048577	64424509311
scalarHelperCase	524288	-262145	30118248319
scalarHelperCase	524289	-32767	69075087
scalarHelperCase	524289	-2047	71164047
scalarHelperCase	1048575	-512	142571323
scalarHelperCase	1048575	-8	142605595
scalarHelperCase	1048576	-9	142605663
scalarHelperCase	1048576	64	142610627
scalarHelperCase	1048577	15	142607431
scalarHelperCase	1048577	16383	143720455
scalarHelperCase	2097151	513	285247359
scalarHelperCase	2097151	2097153	427818879
scalarHelperCase	2097152	32768	287440835
scalarHelperCase	2097152	536870912	36792434627
scalarHelperCase	2097153	-1073741823	69004689551
scalarHelperCase	2097153	2097151	427819015
scalarHelperCase	4194303	-4194304	51824820027
scalarHelperCase	4194303	67108865	5133827967
scalarHelperCase	4194304	-16385	569311103
scalarHelperCase	4194304	4294967295	570425215
scalarHelperCase	4194305	-536870911	75732353167
scalarHelperCase	4194305	-127	570416783
scalarHelperCase	8388607	-8388608	52110032699
scalarHelperCase	8388607	5	1140850831
scalarHelperCase	8388608	-131073	1131937663
scalarHelperCase	8388608	1024	1140920259
scalarHelperCase	8388609	-4095	1140572303
scalarHelperCase	8388609	262143	1158676487
scalarHelperCase	16777215	-64	2281696827
scalarHelperCase	16777215	33554433	4563402623
scalarHelperCase	16777216	1	2281701383
scalarHelperCase	16777216	81985529216486895	69149569855
scalarHelperCase	16777217	-67108863	62142808207
scalarHelperCase	16777217	127	2281710087
scalarHelperCase	33554431	-262144	4545576763
scalarHelperCase	33554431	4097	4563681151
scalarHelperCase	33554432	-1025	4563332991
scalarHelperCase	33554432	262144	4581228483
scalarHelperCase	33554433	-7	4563402351
scalarHelperCase	33554433	16777215	5704253447
scalarHelperCase	67108863	65	9126809727
scalarHelperCase	67108863	536870913	45634027391
scalarHelperCase	67108864	-2147483649	64961380223
scalarHelperCase	67108864	16384	9127919555
scalarHelperCase	67108865	-67108863	56103010447
scalarHelperCase	67108865	4194303	9412018183
scalarHelperCase	134217727	-1048576	18182307643
scalarHelperCase	134217727	536870913	54760832895
scalarHelperCase	134217728	-536870913	46170898303
scalarHelperCase	134217728	-16385	18252496767
scalarHelperCase	134217729	-4194303	17968398479
scalarHelperCase	134217729	-511	18253576335
scalarHelperCase	268435455	-16384	36506107707
scalarHelperCase	268435455	-8	36507221275
scalarHelperCase	268435456	-65	36507217535
scalarHelperCase	268435456	16	36507223043
scalarHelperCase	268435457	7	36507222567
scalarHelperCase	268435457	1023	36507291655
scalarHelperCase	536870911	1025	25769873279
scalarHelperCase	536870911	32769	25772031871
scalarHelperCase	536870912	262144	25787629507
scalarHelperCase	536870912	2097152	25912410051
scalarHelperCase	536870913	67108863	30333206535
scalarHelperCase	536870913	134217727	34896609287
scalarHelperCase	1073741823	0	51539607355
scalarHelperCase	1073741823	1	51539607423
scalarHelperCase	1073741823	2	51539607491
scalarHelperCase	1073741823	1073741823	64424509175
scalarHelperCase	1073741823	2147483647	60129541879
scalarHelperCase	1073741823	2147483648	60129541947
scalarHelperCase	1073741823	2147483649	60129542015
scalarHelperCase	1073741823	4294967294	51539607219
scalarHelperCase	1073741823	4294967295	51539607287
scalarHelperCase	1073741823	4294967296	51539607355
scalarHelperCase	1073741823	9223372036854775807	51539607287
scalarHelperCase	1073741824	-268435457	63350767487
scalarHelperCase	1073741824	-33554433	49257906047
scalarHelperCase	1073741825	-8388607	50969182351
scalarHelperCase	1073741825	-262143	51521781903
scalarHelperCase	2147483647	-131072	55825661755
scalarHelperCase	2147483647	-1024	55834505019
scalarHelperCase	2147483647	0	55834574651
scalarHelperCase	2147483647	1	55834574719
scalarHelperCase	2147483647	2	55834574787
scalarHelperCase	2147483647	1073741823	68719476471
scalarHelperCase	2147483647	2147483647	68719476471
scalarHelperCase	2147483647	2147483648	68719476539
scalarHelperCase	2147483647	2147483649	68719476607
scalarHelperCase	2147483647	4294967294	55834574515
scalarHelperCase	2147483647	4294967295	55834574583
scalarHelperCase	2147483648	-2049	55834435455
scalarHelperCase	2147483648	-5	55834574447
scalarHelperCase	2147483648	0	55834574787
scalarHelperCase	2147483648	1	55834574855
scalarHelperCase	2147483648	2	55834574923
scalarHelperCase	2147483648	1073741823	68719476607
scalarHelperCase	2147483648	2147483647	68719476607
scalarHelperCase	2147483648	2147483648	68719476675
scalarHelperCase	2147483648	2147483649	68719476743
scalarHelperCase	2147483648	4294967294	55834574651
scalarHelperCase	2147483648	4294967295	55834574719
scalarHelperCase	2147483649	-63	55834570639
scalarHelperCase	2147483649	0	55834574923
scalarHelperCase	2147483649	1	55834574991
scalarHelperCase	2147483649	2	55834575059
scalarHelperCase	2147483649	127	55834583559
scalarHelperCase	2147483649	1073741823	68719476743
scalarHelperCase	2147483649	2147483647	68719476743
scalarHelperCase	2147483649	2147483648	68719476811
scalarHelperCase	2147483649	2147483649	68719476879
scalarHelperCase	2147483649	4294967294	55834574787
scalarHelperCase	2147483649	4294967295	55834574855
scalarHelperCase	4294967294	0	68719476403
scalarHelperCase	4294967294	1	68719476471
scalarHelperCase	4294967294	2	68719476539
scalarHelperCase	4294967294	16385	1113847
scalarHelperCase	4294967294	1073741823	42949672559
scalarHelperCase	4294967294	2147483647	55834574447
scalarHelperCase	4294967294	2147483648	55834574515
scalarHelperCase	4294967294	2147483649	55834574583
scalarHelperCase	4294967294	4294967294	111669149227
scalarHelperCase	4294967294	4294967295	81604378223
scalarHelperCase	4294967295	0	68719476539
scalarHelperCase	4294967295	1	68719476607
scalarHelperCase	4294967295	2	68719476675
scalarHelperCase	4294967295	128	8507
scalarHelperCase	4294967295	4194304	285212475
scalarHelperCase	4294967295	1073741823	42949672695
scalarHelperCase	4294967295	2147483647	55834574583
scalarHelperCase	4294967295	2147483648	55834574651
scalarHelperCase	4294967295	2147483649	55834574719
scalarHelperCase	4294967295	4294967294	111669149363
scalarHelperCase	4294967295	4294967295	68719476471
scalarHelperCase	4294967296	8191	556927
scalarHelperCase	4294967296	1073741823	42949672831
scalarHelperCase	4294967297	-536870912	75161927755
scalarHelperCase	4294967297	262145	17825935
scalarHelperCase	81985529216486895	-2097153	77758555767
scalarHelperCase	81985529216486895	16777216	79042012859
scalarHelperCase	9223372036854775807	-16383	111668035455
scalarHelperCase	9223372036854775807	1073741823	42949672695
tupleHelperCase	-9223372036854775808	-2147483648	49392124182
tupleHelperCase	-9223372036854775808	-64	30064781142
tupleHelperCase	-81985529216486895	-33554433	60927541317
tupleHelperCase	-81985529216486895	8	77786630470
tupleHelperCase	-4294967297	-1048575	347078627
tupleHelperCase	-4294967297	2047	81603701369
tupleHelperCase	-4294967296	-16384	30067278102
tupleHelperCase	-4294967296	262145	68679368829
tupleHelperCase	-2147483649	-257	17179954553
tupleHelperCase	-2147483649	67108864	50801410350
tupleHelperCase	-2147483648	-9223372036854775808	38654705942
tupleHelperCase	-2147483648	-7	47244641605
tupleHelperCase	-2147483647	-33554432	50700747006
tupleHelperCase	-2147483647	17	64424510119
tupleHelperCase	-1073741825	-131073	53730476665
tupleHelperCase	-1073741825	1024	85899007278
tupleHelperCase	-1073741824	-1023	49392280701
tupleHelperCase	-1073741824	65535	53677064623
tupleHelperCase	-1073741823	-4	64424509594
tupleHelperCase	-1073741823	2097153	66624422167
tupleHelperCase	-536870913	128	60129500078
tupleHelperCase	-536870913	134217728	62948114734
tupleHelperCase	-536870912	32767	56903303599
tupleHelperCase	-536870912	4294967297	41875931261
tupleHelperCase	-536870911	-268435456	62008590590
tupleHelperCase	-536870911	4194305	89225429271
tupleHelperCase	-268435457	-4194305	51317310073
tupleHelperCase	-268435457	1073741824	46170898734
tupleHelperCase	-268435456	-536870911	49392124029
tupleHelperCase	-268435456	-131071	53170274429
tupleHelperCase	-268435455	-2097152	49339695358
tupleHelperCase	-268435455	-2048	49392072958
tupleHelperCase	-134217729	-8193	70064366201
tupleHelperCase	-134217729	-33	70061665241
tupleHelperCase	-134217728	-63	43754989245
tupleHelperCase	-134217728	3	73282879307
tupleHelperCase	-134217727	9	54492398047
tupleHelperCase	-134217727	129	90999623063
tupleHelperCase	-67108865	2048	66034444590
tupleHelperCase	-67108865	8192	66032410926
tupleHelperCase	-67108864	524287	56425447855
tupleHelperCase	-67108863	16777217	101753815319
tupleHelperCase	-67108863	67108865	103012106519
tupleHelperCase	-33554433	-81985529216486895	66792408371
tupleHelperCase	-33554433	1073741824	40533754158
tupleHelperCase	-33554432	-2147483647	57109643389
tupleHelperCase	-33554432	-33554431	42916118653
tupleHelperCase	-33554431	-33554432	42916118782
tupleHelperCase	-33554431	-131072	43751702782
tupleHelperCase	-16777217	-524289	46512210553
tupleHelperCase	-16777217	-513	46338840697
tupleHelperCase	-16777216	-16383	61843325053
tupleHelperCase	-16777216	-3	9361687265
tupleHelperCase	-16777215	-256	43352319998
tupleHelperCase	-16777215	129	53250887063
tupleHelperCase	-8388609	-5	7667189669
tupleHelperCase	-8388609	32768	64614990126
tupleHelperCase	-8388608	31	65582132879
tupleHelperCase	-8388608	8388607	34770780591
tupleHelperCase	-8388607	1025	110377329943
tupleHelperCase	-8388607	1073741825	51321504023
tupleHelperCase	-4194305	-268435457	72519516793
tupleHelperCase	-4194305	65536	64503480622
tupleHelperCase	-4194304	-2097151	42624614525
tupleHelperCase	-4194304	4194303	34565259695
tupleHelperCase	-4194303	-8192	43050131710
tupleHelperCase	-4194303	134217729	71428997399
tupleHelperCase	-2097153	-33	12369013721
tupleHelperCase	-2097153	81985529216486895	72949218601
tupleHelperCase	-2097152	-268435455	36452696189
tupleHelperCase	-2097152	15	106120083487
tupleHelperCase	-2097151	-4194304	42895147262
tupleHelperCase	-2097151	2049	111346239767
tupleHelperCase	-1048577	-65537	43183178361
tupleHelperCase	-1048577	524288	111520776494
tupleHelperCase	-1048576	-2047	55673407613
tupleHelperCase	-1048576	134217727	61280879023
tupleHelperCase	-1048575	-4294967297	43161485541
tupleHelperCase	-1048575	-32	5997854174
tupleHelperCase	-524289	-16777217	35723936377
tupleHelperCase	-524289	4	111308438530
tupleHelperCase	-524288	-131071	64363823229
tupleHelperCase	-524288	255	87884261551
tupleHelperCase	-524287	-512	47794081534
tupleHelperCase	-524287	8193	111588614423
tupleHelperCase	-262145	-2	99615684
tupleHelperCase	-262145	524288	111501902126
tupleHelperCase	-262144	255	99776686255
tupleHelperCase	-262144	33554431	76523504047
tupleHelperCase	-262143	32769	111629598999
tupleHelperCase	-262143	1073741825	52572979479
tupleHelperCase	-131073	-1073741825	33312473721
tupleHelperCase	-131073	8388608	108895666478
tupleHelperCase	-131072	-33554431	48063316093
tupleHelperCase	-131072	2147483647	62303502767
tupleHelperCase	-131071	-268435456	36241932542
tupleHelperCase	-131071	-524288	42939711742
tupleHelperCase	-65537	-1048577	30425088633
tupleHelperCase	-65537	-8193	48334332537
tupleHelperCase	-65536	-8191	48309543037
tupleHelperCase	-65536	-255	2976291197
tupleHelperCase	-65535	-32	374865374
tupleHelperCase	-65535	-4	48234650
tupleHelperCase	-32769	16	111576607870
tupleHelperCase	-32769	32	111483279310
tupleHelperCase	-32768	2047	99730078127
tupleHelperCase	-32768	4095	87784386991
tupleHelperCase	-32767	65537	55831167255
tupleHelperCase	-32767	524289	68727537943
tupleHelperCase	-16385	4194304	110281228590
tupleHelperCase	-16385	134217728	67243475246
tupleHelperCase	-16384	-4294967296	42950066454
tupleHelperCase	-16384	268435455	87781704111
tupleHelperCase	-16383	-16777216	42530636030
tupleHelperCase	-16383	9223372036854775807	42952982757
tupleHelperCase	-8193	-134217729	74492494457
tupleHelperCase	-8193	-65537	48341729913
tupleHelperCase	-8192	-4194303	43590140029
tupleHelperCase	-8192	-511	745403005
tupleHelperCase	-8191	-65536	48316940542
tupleHelperCase	-8191	-1	42951327973
tupleHelperCase	-4097	-1025	747753081
tupleHelperCase	-4097	256	111482517038
tupleHelperCase	-4096	-31	22705053
tupleHelperCase	-4096	65535	63878439343
tupleHelperCase	-4095	5	111665602939
tupleHelperCase	-4095	8388609	68928561431
tupleHelperCase	-2049	256	111575791150
tupleHelperCase	-2049	2147483648	36507271470
tupleHelperCase	-2048	-268435455	36775342205
tupleHelperCase	-2048	16383	105694368175
tupleHelperCase	-2047	-1048576	55808409854
tupleHelperCase	-2047	524289	45109948695
tupleHelperCase	-1025	-4097	748149369
tupleHelperCase	-1025	33554432	100562657582
tupleHelperCase	-1024	-31	5680029
tupleHelperCase	-1024	2147483647	62277233071
tupleHelperCase	-1023	-1073741824	59055825150
tupleHelperCase	-1023	17	111666076327
tupleHelperCase	-513	-16777217	35618133625
tupleHelperCase	-513	4096	111294513454
tupleHelperCase	-512	-524287	47861648509
tupleHelperCase	-512	1048575	63190439343
tupleHelperCase	-511	-8192	746393854
tupleHelperCase	-511	134217729	72074841367
tupleHelperCase	-257	-2147483649	36507274361
tupleHelperCase	-257	-129	5927417
tupleHelperCase	-256	-16777215	45516547709
tupleHelperCase	-256	-3	143585
tupleHelperCase	-255	-65536	2984712446
tupleHelperCase	-255	33	111667653175
tupleHelperCase	-129	-257	5943929
tupleHelperCase	-129	2048	111621813550
tupleHelperCase	-128	0	42949676310
tupleHelperCase	-128	131071	108662777519
tupleHelperCase	-127	257	111663303959
tupleHelperCase	-127	4194305	63455605783
tupleHelperCase	-65	65536	110900873006
tupleHelperCase	-65	268435456	70061655854
tupleHelperCase	-64	-9223372036854775808	42949674774
tupleHelperCase	-64	16777215	42530255919
tupleHelperCase	-63	-134217728	39594231550
tupleHelperCase	-63	2147483649	57982048919
tupleHelperCase	-33	-134217729	74490846137
tupleHelperCase	-33	-2097153	12639542201
tupleHelperCase	-32	-1048575	6133116221
tupleHelperCase	-32	-65535	383315261
tupleHelperCase	-31	-4096	23229438
tupleHelperCase	-31	-1024	5808126
tupleHelperCase	-17	-17	54729
tupleHelperCase	-16	7	111669129351
tupleHelperCase	-16	31	111669057327
tupleHelperCase	-15	257	111668424823
tupleHelperCase	-15	4097	111657584503
tupleHelperCase	-9	16384	111640396270
tupleHelperCase	-9	1048576	109828899310
tupleHelperCase	-8	1048575	110015547391
tupleHelperCase	-8	268435455	62008592383
tupleHelperCase	-7	-2147483648	36507222462
tupleHelperCase	-7	33554433	64726498375
tupleHelperCase	-5	-8388609	8749319585
tupleHelperCase	-5	2147483648	36507222414
tupleHelperCase	-4	-1073741823	48318381589
tupleHelperCase	-4	-65535	56688149
tupleHelperCase	-3	-16777216	11525947742
tupleHelperCase	-3	-256	176222
tupleHelperCase	-2	-262145	133432131
tupleHelperCase	-2	1	64424509257
tupleHelperCase	-1	-8191	2711523
tupleHelperCase	-1	511	81604209785
tupleHelperCase	0	-128	30064790934
tupleHelperCase	0	0	278
tupleHelperCase	0	1	21474836605
tupleHelperCase	0	2	68719476708
tupleHelperCase	0	65537	68709449853
tupleHelperCase	0	1073741823	63350768047
tupleHelperCase	0	2147483647	49392124335
tupleHelperCase	0	2147483648	49392124182
tupleHelperCase	0	2147483649	49392124029
tupleHelperCase	0	4294967294	30064771656
tupleHelperCase	0	4294967295	431
tupleHelperCase	1	-2	30064771276
tupleHelperCase	1	0	254
tupleHelperCase	1	1	21474836759
tupleHelperCase	1	2	68719477040
tupleHelperCase	1	16777216	69138907390
tupleHelperCase	1	1073741823	52613349605
tupleHelperCase	1	2147483647	6442451173
tupleHelperCase	1	2147483648	6442451198
tupleHelperCase	1	2147483649	27917287703
tupleHelperCase	1	4294967294	30064771276
tupleHelperCase	1	4294967295	229
tupleHelperCase	2	0	47244640486
tupleHelperCase	2	1	21474836913
tupleHelperCase	2	2	21474837116
tupleHelperCase	2	63	21474849499
tupleHelperCase	2	1073741823	41875931163
tupleHelperCase	2	2147483647	49392123931
tupleHelperCase	2	2147483648	49392124134
tupleHelperCase	2	2147483649	49392124337
tupleHelperCase	2	4294967294	77309411152
tupleHelperCase	2	4294967295	47244640283
tupleHelperCase	3	-134217728	39057359054
tupleHelperCase	3	2049	780875
tupleHelperCase	4	-524289	111376072327
tupleHelperCase	4	131072	73269430
tupleHelperCase	5	-4095	111666131839
tupleHelperCase	5	8388607	6182403517
tupleHelperCase	7	-16	111669132318
tupleHelperCase	7	268435457	61471720627
tupleHelperCase	8	-81985529216486895	57915249341
tupleHelperCase	8	32	40758
tupleHelperCase	9	-134217727	71806485991
tupleHelperCase	9	8191	11868821
tupleHelperCase	15	-2097152	106390618030
tupleHelperCase	15	1048577	2639268227
tupleHelperCase	16	-32769	111580837135
tupleHelperCase	16	268435456	74893492118
tupleHelperCase	17	-2147483647	6442453687
tupleHelperCase	17	-1023	111666210487
tupleHelperCase	31	-8388608	66664267310
tupleHelperCase	31	-16	111669063390
tupleHelperCase	32	-32769	111487510639
tupleHelperCase	32	8	43854
tupleHelperCase	33	-255	111667690327
tupleHelperCase	33	511	2922917
tupleHelperCase	63	2	20888
tupleHelperCase	63	16385	181233251
tupleHelperCase	64	512	5753110
tupleHelperCase	64	1048576	11784944406
tupleHelperCase	65	131071	1496436325
tupleHelperCase	65	67108863	70397185637
tupleHelperCase	127	16777217	50281336035
tupleHelperCase	127	2147483649	6442470627
tupleHelperCase	128	-536870913	17716714671
tupleHelperCase	128	4294967295	68719451311
tupleHelperCase	129	-134217727	39594249751
tupleHelperCase	129	-16777215	55415164439
tupleHelperCase	255	-524288	87951927598
tupleHelperCase	255	-262144	99810535726
tupleHelperCase	256	-4097	111483078575
tupleHelperCase	256	-2049	111576088495
tupleHelperCase	257	-127	111663353495
tupleHelperCase	257	-15	111668459911
tupleHelperCase	511	-1	68719373945
tupleHelperCase	511	33	2984579
tupleHelperCase	512	64	5810902
tupleHelperCase	512	8192	745320726
tupleHelperCase	513	4095	373292261
tupleHelperCase	513	2097151	66624318693
tupleHelperCase	1023	131073	23847528419
tupleHelperCase	1023	268435457	39997040611
tupleHelperCase	1024	-1073741825	35433273775
tupleHelperCase	1024	8388608	67435995414
tupleHelperCase	1025	-8388607	42740115735
tupleHelperCase	1025	536870911	52076271845
tupleHelperCase	2047	-4294967297	68719063673
tupleHelperCase	2047	-32768	99734569262
tupleHelperCase	2048	-67108865	40332013999
tupleHelperCase	2048	-129	111622094383
tupleHelperCase	2049	-2097151	42897559831
tupleHelperCase	2049	3	1044809
tupleHelperCase	4095	-32768	87789142318
tupleHelperCase	4095	513	373754339
tupleHelperCase	4096	-513	111295108015
tupleHelperCase	4096	131072	48298230038
tupleHelperCase	4097	-15	111658114951
tupleHelperCase	4097	33554431	69557510373
tupleHelperCase	8191	9	12924299
tupleHelperCase	8191	4294967296	47244443950
tupleHelperCase	8192	-67108865	40330772911
tupleHelperCase	8192	512	746311446
tupleHelperCase	8193	-524287	42937827607
tupleHelperCase	8193	32767	47780675813
tupleHelperCase	16383	-2048	105696745774
tupleHelperCase	16383	1048577	81259823075
tupleHelperCase	16384	-9	111642510967
tupleHelperCase	16384	67108864	58451427606
tupleHelperCase	16385	63	183338789
tupleHelperCase	16385	4294967294	98778022092
tupleHelperCase	32767	-536870912	35969564974
tupleHelperCase	32767	8193	47783845859
tupleHelperCase	32768	-8388609	31341609391
tupleHelperCase	32768	2097152	68397826326
tupleHelperCase	32769	-262143	42948165911
tupleHelperCase	32769	536870911	52069859557
tupleHelperCase	65535	-1073741824	50464293166
tupleHelperCase	65535	-4096	63887421742
tupleHelperCase	65536	-4194305	30693261743
tupleHelperCase	65536	-65	110909335535
tupleHelperCase	65537	-32767	55843848471
tupleHelperCase	65537	0	47243067646
tupleHelperCase	131071	-128	108679702190
tupleHelperCase	131071	65	1513336099
tupleHelperCase	131072	4	90177202
tupleHelperCase	131072	4096	48314609942
tupleHelperCase	131073	1023	23864304869
tupleHelperCase	131073	262143	68699554021
tupleHelperCase	262143	131073	68716462051
tupleHelperCase	262143	8388609	78868119523
tupleHelperCase	262144	33554432	63579357462
tupleHelperCase	262144	536870912	81061216534
tupleHelperCase	262145	-4294967296	47238349054
tupleHelperCase	262145	4294967297	40370455
tupleHelperCase	524287	-67108864	22200451374
tupleHelperCase	524288	-1048577	30119297455
tupleHelperCase	524288	-262145	47178842543
tupleHelperCase	524289	-32767	79921431
tupleHelperCase	524289	-2047	45177846039
tupleHelperCase	1048575	-512	63325771566
tupleHelperCase	1048575	-8	110150814598
tupleHelperCase	1048576	-9	109964166775
tupleHelperCase	1048576	64	11920202454
tupleHelperCase	1048577	15	2774532725
tupleHelperCase	1048577	16383	68508074213
tupleHelperCase	2097151	513	66894784995
tupleHelperCase	2097151	2097153	68348280803
tupleHelperCase	2097152	32768	68664131862
tupleHelperCase	2097152	536870912	81017176342
tupleHelperCase	2097153	-1073741823	59378762007
tupleHelperCase	2097153	2097151	68348281061
tupleHelperCase	4194303	-4194304	1287651630
tupleHelperCase	4194303	67108865	60037267427
tupleHelperCase	4194304	-16385	67874734511
tupleHelperCase	4194304	4294967295	67872227759
tupleHelperCase	4194305	-536870911	60238594327
tupleHelperCase	4194305	-127	63996687511
tupleHelperCase	8388607	-8388608	2575302958
tupleHelperCase	8388607	5	7264533175
tupleHelperCase	8388608	-131073	67045032367
tupleHelperCase	8388608	1024	68517993750
tupleHelperCase	8388609	-4095	1291743511
tupleHelperCase	8388609	262143	67031531749
tupleHelperCase	16777215	-64	44694524910
tupleHelperCase	16777215	33554433	60196650979
tupleHelperCase	16777216	1	2583691389
tupleHelperCase	16777216	81985529216486895	33526246719
tupleHelperCase	16777217	-67108863	43855642903
tupleHelperCase	16777217	127	52445580645
tupleHelperCase	33554431	-262144	46526103854
tupleHelperCase	33554431	4097	52410666979
tupleHelperCase	33554432	-1025	61941638575
tupleHelperCase	33554432	262144	67874062614
tupleHelperCase	33554433	-7	69055021135
tupleHelperCase	33554433	16777215	62360912101
tupleHelperCase	67108863	65	57579384099
tupleHelperCase	67108863	536870913	55968792547
tupleHelperCase	67108864	-2147483649	35836133807
tupleHelperCase	67108864	16384	67106357526
tupleHelperCase	67108865	-67108863	8657043735
tupleHelperCase	67108865	4194303	55268344037
tupleHelperCase	134217727	-1048576	44370493742
tupleHelperCase	134217727	536870913	66303557603
tupleHelperCase	134217728	-536870913	37849399727
tupleHelperCase	134217728	-16385	41610002863
tupleHelperCase	134217729	-4194303	20564672791
tupleHelperCase	134217729	-511	20669517591
tupleHelperCase	268435455	-16384	40807612718
tupleHelperCase	268435455	-8	66571996038
tupleHelperCase	268435456	-65	61740165103
tupleHelperCase	268435456	16	62277023622
tupleHelperCase	268435457	7	48855253421
tupleHelperCase	268435457	1023	61740180709
tupleHelperCase	536870911	1025	69792879587
tupleHelperCase	536870911	32769	69782372323
tupleHelperCase	536870912	262144	72974336278
tupleHelperCase	536870912	2097152	72693580054
tupleHelperCase	536870913	67108863	56438554853
tupleHelperCase	536870913	134217727	28051505381
tupleHelperCase	1073741823	0	25769804078
tupleHelperCase	1073741823	1	15032385507
tupleHelperCase	1073741823	2	81604378264
tupleHelperCase	1073741823	1073741823	67645735545
tupleHelperCase	1073741823	2147483647	64424510073
tupleHelperCase	1073741823	2147483648	32212255022
tupleHelperCase	1073741823	2147483649	8589934563
tupleHelperCase	1073741823	4294967294	68719477700
tupleHelperCase	1073741823	4294967295	57982059129
tupleHelperCase	1073741823	4294967296	25769804078
tupleHelperCase	1073741823	9223372036854775807	57982059129
tupleHelperCase	1073741824	-268435457	51808043439
tupleHelperCase	1073741824	-33554433	63115887023
tupleHelperCase	1073741825	-8388607	44887441687
tupleHelperCase	1073741825	-262143	45090603287
tupleHelperCase	2147483647	-131072	38698090798
tupleHelperCase	2147483647	-1024	38655044910
tupleHelperCase	2147483647	0	51539607854
tupleHelperCase	2147483647	1	17179869155
tupleHelperCase	2147483647	2	73014443672
tupleHelperCase	2147483647	1073741823	13958644345
tupleHelperCase	2147483647	2147483647	23622320761
tupleHelperCase	2147483647	2147483648	45097156910
tupleHelperCase	2147483647	2147483649	23622320099
tupleHelperCase	2147483647	4294967294	38654706628
tupleHelperCase	2147483647	4294967295	17179869817
tupleHelperCase	2147483648	-2049	47244954031
tupleHelperCase	2147483648	-5	47244641299
tupleHelperCase	2147483648	0	38654705942
tupleHelperCase	2147483648	1	17179869309
tupleHelperCase	2147483648	2	60129542116
tupleHelperCase	2147483648	1073741823	80530637231
tupleHelperCase	2147483648	2147483647	45097157039
tupleHelperCase	2147483648	2147483648	10737418518
tupleHelperCase	2147483648	2147483649	66571993213
tupleHelperCase	2147483648	4294967294	38654706248
tupleHelperCase	2147483648	4294967295	17179869615
tupleHelperCase	2147483649	-63	47244638935
tupleHelperCase	2147483649	0	38654705918
tupleHelperCase	2147483649	1	17179869463
tupleHelperCase	2147483649	2	60129542448
tupleHelperCase	2147483649	127	64424512869
tupleHelperCase	2147483649	1073741823	48318382309
tupleHelperCase	2147483649	2147483647	10737418469
tupleHelperCase	2147483649	2147483648	45097156862
tupleHelperCase	2147483649	2147483649	10737418519
tupleHelperCase	2147483649	4294967294	38654705868
tupleHelperCase	2147483649	4294967295	17179869413
tupleHelperCase	4294967294	0	42949673286
tupleHelperCase	4294967294	1	64424509257
tupleHelperCase	4294967294	2	111669149004
tupleHelperCase	4294967294	16385	111660810057
tupleHelperCase	4294967294	1073741823	41875931971
tupleHelperCase	4294967294	2147483647	62277026627
tupleHelperCase	4294967294	2147483648	62277026118
tupleHelperCase	4294967294	2147483649	62277025609
tupleHelperCase	4294967294	4294967294	1344
tupleHelperCase	4294967294	4294967295	42949673795
tupleHelperCase	4294967295	0	12884902190
tupleHelperCase	4294967295	1	34359738339
tupleHelperCase	4294967295	2	81604378264
tupleHelperCase	4294967295	128	81604336558
tupleHelperCase	4294967295	4194304	80216064302
tupleHelperCase	4294967295	1073741823	9663677049
tupleHelperCase	4294967295	2147483647	6442451577
tupleHelperCase	4294967295	2147483648	6442451246
tupleHelperCase	4294967295	2147483649	27917287395
tupleHelperCase	4294967295	4294967294	964
tupleHelperCase	4294967295	4294967295	12884902521
tupleHelperCase	4294967296	8191	68718223791
tupleHelperCase	4294967296	1073741823	63350768047
tupleHelperCase	4294967297	-536870912	59592671486
tupleHelperCase	4294967297	262145	68726030615
tupleHelperCase	81985529216486895	-2097153	27578565401
tupleHelperCase	81985529216486895	16777216	50145309358
tupleHelperCase	9223372036854775807	-16383	5423075
tupleHelperCase	9223372036854775807	1073741823	9663677049
