plusCase	-18014398509481987	-18014398509481987	864691128455135424
plusCase	-18014398509481987	-9007199254740995	180143985094820032
plusCase	-18014398509481987	-9007199254740993	180143985094819728
plusCase	-18014398509481987	-9007199254740992	180143985094819728
plusCase	-18014398509481987	-9007199254740991	180143985094819784
plusCase	-18014398509481987	-3	504403158265495554
plusCase	-18014398509481987	-1	504403158265495674
plusCase	-18014398509481987	0	-504403158265495674
plusCase	-18014398509481987	1	-504403158265495598
plusCase	-18014398509481987	3	-504403158265495798
plusCase	-18014398509481987	9007199254740991	-180143985094819952
plusCase	-18014398509481987	9007199254740992	-180143985094819952
plusCase	-18014398509481987	9007199254740993	-180143985094819952
plusCase	-18014398509481987	9007199254740995	-180143985094820064
plusCase	-18014398509481987	18014398509481987	-864691128455135456
plusCase	-9007199254740995	-18014398509481987	612489549322387648
plusCase	-9007199254740995	-9007199254740995	432345564227567808
plusCase	-9007199254740995	-9007199254740993	504403158265495440
plusCase	-9007199254740995	-9007199254740992	504403158265495440
plusCase	-9007199254740995	-9007199254740991	504403158265495496
plusCase	-9007199254740995	-3	252201579132747778
plusCase	-9007199254740995	-1	252201579132747898
plusCase	-9007199254740995	0	-252201579132747898
plusCase	-9007199254740995	1	-252201579132747822
plusCase	-9007199254740995	3	-252201579132748022
plusCase	-9007199254740995	9007199254740991	-432345564227567728
plusCase	-9007199254740995	9007199254740992	-432345564227567728
plusCase	-9007199254740995	9007199254740993	-432345564227567728
plusCase	-9007199254740995	9007199254740995	-432345564227567840
plusCase	-9007199254740995	18014398509481987	-612489549322387680
plusCase	-9007199254740993	-18014398509481987	612489549322387280
plusCase	-9007199254740993	-9007199254740995	504403158265495376
plusCase	-9007199254740993	-9007199254740993	432345564227567616
plusCase	-9007199254740993	-9007199254740992	432345564227567616
plusCase	-9007199254740993	-9007199254740991	432345564227567704
plusCase	-9007199254740993	-3	252201579132747666
plusCase	-9007199254740993	-1	252201579132747754
plusCase	-9007199254740993	0	-252201579132747754
plusCase	-9007199254740993	1	-252201579132747710
plusCase	-9007199254740993	3	-252201579132747622
plusCase	-9007199254740993	9007199254740991	-504403158265495552
plusCase	-9007199254740993	9007199254740992	-504403158265495552
plusCase	-9007199254740993	9007199254740993	-504403158265495552
plusCase	-9007199254740993	9007199254740995	-504403158265495376
plusCase	-9007199254740993	18014398509481987	-612489549322387280
plusCase	-9007199254740992	-18014398509481987	612489549322387280
plusCase	-9007199254740992	-9007199254740995	504403158265495376
plusCase	-9007199254740992	-9007199254740993	432345564227567616
plusCase	-9007199254740992	-9007199254740992	432345564227567616
plusCase	-9007199254740992	-9007199254740991	432345564227567704
plusCase	-9007199254740992	-3	252201579132747666
plusCase	-9007199254740992	-1	252201579132747754
plusCase	-9007199254740992	0	-252201579132747754
plusCase	-9007199254740992	1	-252201579132747710
plusCase	-9007199254740992	3	-252201579132747622
plusCase	-9007199254740992	9007199254740991	-504403158265495552
plusCase	-9007199254740992	9007199254740992	-504403158265495552
plusCase	-9007199254740992	9007199254740993	-504403158265495552
plusCase	-9007199254740992	9007199254740995	-504403158265495376
plusCase	-9007199254740992	18014398509481987	-612489549322387280
plusCase	-9007199254740991	-18014398509481987	612489549322387304
plusCase	-9007199254740991	-9007199254740995	504403158265495400
plusCase	-9007199254740991	-9007199254740993	432345564227567672
plusCase	-9007199254740991	-9007199254740992	432345564227567672
plusCase	-9007199254740991	-9007199254740991	432345564227567712
plusCase	-9007199254740991	-3	252201579132747690
plusCase	-9007199254740991	-1	252201579132747730
plusCase	-9007199254740991	0	-252201579132747730
plusCase	-9007199254740991	1	-252201579132747654
plusCase	-9007199254740991	3	-252201579132747614
plusCase	-9007199254740991	9007199254740991	-504403158265495496
plusCase	-9007199254740991	9007199254740992	-504403158265495496
plusCase	-9007199254740991	9007199254740993	-504403158265495496
plusCase	-9007199254740991	9007199254740995	-504403158265495416
plusCase	-9007199254740991	18014398509481987	-612489549322387320
plusCase	-3	-18014398509481987	792633534417207530
plusCase	-3	-9007199254740995	396316767208603882
plusCase	-3	-9007199254740993	396316767208603578
plusCase	-3	-9007199254740992	396316767208603578
plusCase	-3	-9007199254740991	396316767208603618
plusCase	-3	-3	40
plusCase	-3	-1	80
plusCase	-3	0	-84
plusCase	-3	1	-8
plusCase	-3	3	-224
plusCase	-3	9007199254740991	-396316767208603718
plusCase	-3	9007199254740992	-396316767208603718
plusCase	-3	9007199254740993	-396316767208603718
plusCase	-3	9007199254740995	-396316767208603894
plusCase	-3	18014398509481987	-792633534417207542
plusCase	-1	-18014398509481987	792633534417207458
plusCase	-1	-9007199254740995	396316767208603810
plusCase	-1	-9007199254740993	396316767208603634
plusCase	-1	-9007199254740992	396316767208603634
plusCase	-1	-9007199254740991	396316767208603562
plusCase	-1	-3	96
plusCase	-1	-1	24
plusCase	-1	0	-28
plusCase	-1	1	-80
plusCase	-1	3	-152
plusCase	-1	9007199254740991	-396316767208603662
plusCase	-1	9007199254740992	-396316767208603662
plusCase	-1	9007199254740993	-396316767208603662
plusCase	-1	9007199254740995	-396316767208603838
plusCase	-1	18014398509481987	-792633534417207486
plusCase	0	-18014398509481987	-792633534417207458
plusCase	0	-9007199254740995	-396316767208603810
plusCase	0	-9007199254740993	-396316767208603634
plusCase	0	-9007199254740992	-396316767208603634
plusCase	0	-9007199254740991	-396316767208603562
plusCase	0	-3	-100
plusCase	0	-1	-28
plusCase	0	0	24
plusCase	0	1	76
plusCase	0	3	148
plusCase	0	9007199254740991	396316767208603662
plusCase	0	9007199254740992	396316767208603662
plusCase	0	9007199254740993	396316767208603662
plusCase	0	9007199254740995	396316767208603838
plusCase	0	18014398509481987	792633534417207486
plusCase	1	-18014398509481987	-792633534417207430
plusCase	1	-9007199254740995	-396316767208603782
plusCase	1	-9007199254740993	-396316767208603606
plusCase	1	-9007199254740992	-396316767208603606
plusCase	1	-9007199254740991	-396316767208603534
plusCase	1	-3	-72
plusCase	1	-1	-64
plusCase	1	0	60
plusCase	1	1	104
plusCase	1	3	176
plusCase	1	9007199254740991	396316767208603690
plusCase	1	9007199254740992	396316767208603690
plusCase	1	9007199254740993	396316767208603690
plusCase	1	9007199254740995	396316767208603802
plusCase	1	18014398509481987	792633534417207450
plusCase	3	-18014398509481987	-792633534417207502
plusCase	3	-9007199254740995	-396316767208603854
plusCase	3	-9007199254740993	-396316767208603550
plusCase	3	-9007199254740992	-396316767208603550
plusCase	3	-9007199254740991	-396316767208603590
plusCase	3	-3	-16
plusCase	3	-1	-120
plusCase	3	0	116
plusCase	3	1	32
plusCase	3	3	248
plusCase	3	9007199254740991	396316767208603746
plusCase	3	9007199254740992	396316767208603746
plusCase	3	9007199254740993	396316767208603746
plusCase	3	9007199254740995	396316767208603858
plusCase	3	18014398509481987	792633534417207506
plusCase	9007199254740991	-18014398509481987	-612489549322387632
plusCase	9007199254740991	-9007199254740995	-432345564227567792
plusCase	9007199254740991	-9007199254740993	-504403158265495552
plusCase	9007199254740991	-9007199254740992	-504403158265495552
plusCase	9007199254740991	-9007199254740991	-504403158265495464
plusCase	9007199254740991	-3	-252201579132747886
plusCase	9007199254740991	-1	-252201579132747798
plusCase	9007199254740991	0	252201579132747798
plusCase	9007199254740991	1	252201579132747842
plusCase	9007199254740991	3	252201579132747930
plusCase	9007199254740991	9007199254740991	432345564227567616
plusCase	9007199254740991	9007199254740992	432345564227567616
plusCase	9007199254740991	9007199254740993	432345564227567616
plusCase	9007199254740991	9007199254740995	432345564227567792
plusCase	9007199254740991	18014398509481987	612489549322387632
plusCase	9007199254740992	-18014398509481987	-612489549322387632
plusCase	9007199254740992	-9007199254740995	-432345564227567792
plusCase	9007199254740992	-9007199254740993	-504403158265495552
plusCase	9007199254740992	-9007199254740992	-504403158265495552
plusCase	9007199254740992	-9007199254740991	-504403158265495464
plusCase	9007199254740992	-3	-252201579132747886
plusCase	9007199254740992	-1	-252201579132747798
plusCase	9007199254740992	0	252201579132747798
plusCase	9007199254740992	1	252201579132747842
plusCase	9007199254740992	3	252201579132747930
plusCase	9007199254740992	9007199254740991	432345564227567616
plusCase	9007199254740992	9007199254740992	432345564227567616
plusCase	9007199254740992	9007199254740993	432345564227567616
plusCase	9007199254740992	9007199254740995	432345564227567792
plusCase	9007199254740992	18014398509481987	612489549322387632
plusCase	9007199254740993	-18014398509481987	-612489549322387632
plusCase	9007199254740993	-9007199254740995	-432345564227567792
plusCase	9007199254740993	-9007199254740993	-504403158265495552
plusCase	9007199254740993	-9007199254740992	-504403158265495552
plusCase	9007199254740993	-9007199254740991	-504403158265495464
plusCase	9007199254740993	-3	-252201579132747886
plusCase	9007199254740993	-1	-252201579132747798
plusCase	9007199254740993	0	252201579132747798
plusCase	9007199254740993	1	252201579132747842
plusCase	9007199254740993	3	252201579132747930
plusCase	9007199254740993	9007199254740991	432345564227567616
plusCase	9007199254740993	9007199254740992	432345564227567616
plusCase	9007199254740993	9007199254740993	432345564227567616
plusCase	9007199254740993	9007199254740995	432345564227567792
plusCase	9007199254740993	18014398509481987	612489549322387632
plusCase	9007199254740995	-18014398509481987	-612489549322387680
plusCase	9007199254740995	-9007199254740995	-432345564227567840
plusCase	9007199254740995	-9007199254740993	-504403158265495440
plusCase	9007199254740995	-9007199254740992	-504403158265495440
plusCase	9007199254740995	-9007199254740991	-504403158265495512
plusCase	9007199254740995	-3	-252201579132747806
plusCase	9007199254740995	-1	-252201579132747878
plusCase	9007199254740995	0	252201579132747878
plusCase	9007199254740995	1	252201579132747826
plusCase	9007199254740995	3	252201579132748010
plusCase	9007199254740995	9007199254740991	432345564227567728
plusCase	9007199254740995	9007199254740992	432345564227567728
plusCase	9007199254740995	9007199254740993	432345564227567728
plusCase	9007199254740995	9007199254740995	432345564227567808
plusCase	9007199254740995	18014398509481987	612489549322387648
plusCase	18014398509481987	-18014398509481987	-864691128455135456
plusCase	18014398509481987	-9007199254740995	-180143985094820064
plusCase	18014398509481987	-9007199254740993	-180143985094819728
plusCase	18014398509481987	-9007199254740992	-180143985094819728
plusCase	18014398509481987	-9007199254740991	-180143985094819800
plusCase	18014398509481987	-3	-504403158265495582
plusCase	18014398509481987	-1	-504403158265495654
plusCase	18014398509481987	0	504403158265495654
plusCase	18014398509481987	1	504403158265495602
plusCase	18014398509481987	3	504403158265495786
plusCase	18014398509481987	9007199254740991	180143985094819952
plusCase	18014398509481987	9007199254740992	180143985094819952
plusCase	18014398509481987	9007199254740993	180143985094819952
plusCase	18014398509481987	9007199254740995	180143985094820032
plusCase	18014398509481987	18014398509481987	864691128455135424
minusCase	-18014398509481987	-18014398509481987	864691128455135424
minusCase	-18014398509481987	-9007199254740995	180143985094820032
minusCase	-18014398509481987	-9007199254740993	180143985094819728
minusCase	-18014398509481987	-9007199254740992	180143985094819728
minusCase	-18014398509481987	-9007199254740991	180143985094819772
minusCase	-18014398509481987	-3	504403158265495777
minusCase	-18014398509481987	-1	504403158265495641
minusCase	-18014398509481987	0	504403158265495653
minusCase	-18014398509481987	1	-504403158265495631
minusCase	-18014398509481987	3	-504403158265495575
minusCase	-18014398509481987	9007199254740991	-180143985094819772
minusCase	-18014398509481987	9007199254740992	-180143985094819952
minusCase	-18014398509481987	9007199254740993	-180143985094819952
minusCase	-18014398509481987	9007199254740995	-180143985094820064
minusCase	-18014398509481987	18014398509481987	-864691128455135456
minusCase	-9007199254740995	-18014398509481987	612489549322387648
minusCase	-9007199254740995	-9007199254740995	432345564227567808
minusCase	-9007199254740995	-9007199254740993	504403158265495440
minusCase	-9007199254740995	-9007199254740992	504403158265495440
minusCase	-9007199254740995	-9007199254740991	504403158265495484
minusCase	-9007199254740995	-3	252201579132748001
minusCase	-9007199254740995	-1	252201579132747865
minusCase	-9007199254740995	0	252201579132747877
minusCase	-9007199254740995	1	-252201579132747855
minusCase	-9007199254740995	3	-252201579132747799
minusCase	-9007199254740995	9007199254740991	-504403158265495484
minusCase	-9007199254740995	9007199254740992	-432345564227567728
minusCase	-9007199254740995	9007199254740993	-432345564227567728
minusCase	-9007199254740995	9007199254740995	-432345564227567840
minusCase	-9007199254740995	18014398509481987	-612489549322387680
minusCase	-9007199254740993	-18014398509481987	612489549322387280
minusCase	-9007199254740993	-9007199254740995	504403158265495376
minusCase	-9007199254740993	-9007199254740993	432345564227567616
minusCase	-9007199254740993	-9007199254740992	432345564227567616
minusCase	-9007199254740993	-9007199254740991	432345564227567660
minusCase	-9007199254740993	-3	252201579132747633
minusCase	-9007199254740993	-1	252201579132747721
minusCase	-9007199254740993	0	252201579132747765
minusCase	-9007199254740993	1	-252201579132747743
minusCase	-9007199254740993	3	-252201579132747655
minusCase	-9007199254740993	9007199254740991	-432345564227567660
minusCase	-9007199254740993	9007199254740992	-504403158265495552
minusCase	-9007199254740993	9007199254740993	-504403158265495552
minusCase	-9007199254740993	9007199254740995	-504403158265495376
minusCase	-9007199254740993	18014398509481987	-612489549322387280
minusCase	-9007199254740992	-18014398509481987	612489549322387280
minusCase	-9007199254740992	-9007199254740995	504403158265495376
minusCase	-9007199254740992	-9007199254740993	432345564227567616
minusCase	-9007199254740992	-9007199254740992	432345564227567616
minusCase	-9007199254740992	-9007199254740991	432345564227567660
minusCase	-9007199254740992	-3	252201579132747633
minusCase	-9007199254740992	-1	252201579132747721
minusCase	-9007199254740992	0	252201579132747765
minusCase	-9007199254740992	1	-252201579132747743
minusCase	-9007199254740992	3	-252201579132747655
minusCase	-9007199254740992	9007199254740991	-432345564227567660
minusCase	-9007199254740992	9007199254740992	-504403158265495552
minusCase	-9007199254740992	9007199254740993	-504403158265495552
minusCase	-9007199254740992	9007199254740995	-504403158265495376
minusCase	-9007199254740992	18014398509481987	-612489549322387280
minusCase	-9007199254740991	-18014398509481987	612489549322387276
minusCase	-9007199254740991	-9007199254740995	504403158265495372
minusCase	-9007199254740991	-9007199254740993	432345564227567644
minusCase	-9007199254740991	-9007199254740992	432345564227567644
minusCase	-9007199254740991	-9007199254740991	432345564227567664
minusCase	-9007199254740991	-3	252201579132747629
minusCase	-9007199254740991	-1	252201579132747733
minusCase	-9007199254740991	0	252201579132747753
minusCase	-9007199254740991	1	-252201579132747715
minusCase	-9007199254740991	3	-252201579132747675
minusCase	-9007199254740991	9007199254740991	-432345564227567672
minusCase	-9007199254740991	9007199254740992	-504403158265495524
minusCase	-9007199254740991	9007199254740993	-504403158265495524
minusCase	-9007199254740991	9007199254740995	-504403158265495380
minusCase	-9007199254740991	18014398509481987	-612489549322387284
minusCase	-3	-18014398509481987	792633534417207541
minusCase	-3	-9007199254740995	396316767208603893
minusCase	-3	-9007199254740993	396316767208603557
minusCase	-3	-9007199254740992	396316767208603557
minusCase	-3	-9007199254740991	396316767208603529
minusCase	-3	-3	212
minusCase	-3	-1	108
minusCase	-3	0	80
minusCase	-3	1	-124
minusCase	-3	3	-36
minusCase	-3	9007199254740991	-396316767208603535
minusCase	-3	9007199254740992	-396316767208603739
minusCase	-3	9007199254740993	-396316767208603739
minusCase	-3	9007199254740995	-396316767208603883
minusCase	-3	18014398509481987	-792633534417207531
minusCase	-1	-18014398509481987	792633534417207437
minusCase	-1	-9007199254740995	396316767208603789
minusCase	-1	-9007199254740993	396316767208603613
minusCase	-1	-9007199254740992	396316767208603613
minusCase	-1	-9007199254740991	396316767208603633
minusCase	-1	-3	172
minusCase	-1	-1	20
minusCase	-1	0	40
minusCase	-1	1	-4
minusCase	-1	3	-92
minusCase	-1	9007199254740991	-396316767208603639
minusCase	-1	9007199254740992	-396316767208603683
minusCase	-1	9007199254740993	-396316767208603683
minusCase	-1	9007199254740995	-396316767208603795
minusCase	-1	18014398509481987	-792633534417207443
minusCase	0	-18014398509481987	792633534417207465
minusCase	0	-9007199254740995	396316767208603817
minusCase	0	-9007199254740993	396316767208603641
minusCase	0	-9007199254740992	396316767208603641
minusCase	0	-9007199254740991	396316767208603605
minusCase	0	-3	136
minusCase	0	-1	48
minusCase	0	0	12
minusCase	0	1	-40
minusCase	0	3	-128
minusCase	0	9007199254740991	-396316767208603603
minusCase	0	9007199254740992	-396316767208603655
minusCase	0	9007199254740993	-396316767208603655
minusCase	0	9007199254740995	-396316767208603831
minusCase	0	18014398509481987	-792633534417207479
minusCase	1	-18014398509481987	-792633534417207483
minusCase	1	-9007199254740995	-396316767208603835
minusCase	1	-9007199254740993	-396316767208603627
minusCase	1	-9007199254740992	-396316767208603627
minusCase	1	-9007199254740991	-396316767208603591
minusCase	1	-3	-156
minusCase	1	-1	-36
minusCase	1	0	-32
minusCase	1	1	52
minusCase	1	3	108
minusCase	1	9007199254740991	396316767208603585
minusCase	1	9007199254740992	396316767208603669
minusCase	1	9007199254740993	396316767208603669
minusCase	1	9007199254740995	396316767208603813
minusCase	1	18014398509481987	792633534417207461
minusCase	3	-18014398509481987	-792633534417207523
minusCase	3	-9007199254740995	-396316767208603875
minusCase	3	-9007199254740993	-396316767208603571
minusCase	3	-9007199254740992	-396316767208603571
minusCase	3	-9007199254740991	-396316767208603551
minusCase	3	-3	-196
minusCase	3	-1	-124
minusCase	3	0	-72
minusCase	3	1	108
minusCase	3	3	52
minusCase	3	9007199254740991	396316767208603545
minusCase	3	9007199254740992	396316767208603725
minusCase	3	9007199254740993	396316767208603725
minusCase	3	9007199254740995	396316767208603901
minusCase	3	18014398509481987	792633534417207549
minusCase	9007199254740991	-18014398509481987	-612489549322387276
minusCase	9007199254740991	-9007199254740995	-504403158265495372
minusCase	9007199254740991	-9007199254740993	-432345564227567644
minusCase	9007199254740991	-9007199254740992	-432345564227567644
minusCase	9007199254740991	-9007199254740991	-432345564227567672
minusCase	9007199254740991	-3	-252201579132747627
minusCase	9007199254740991	-1	-252201579132747731
minusCase	9007199254740991	0	-252201579132747759
minusCase	9007199254740991	1	252201579132747717
minusCase	9007199254740991	3	252201579132747677
minusCase	9007199254740991	9007199254740991	432345564227567664
minusCase	9007199254740991	9007199254740992	504403158265495524
minusCase	9007199254740991	9007199254740993	504403158265495524
minusCase	9007199254740991	9007199254740995	504403158265495380
minusCase	9007199254740991	18014398509481987	612489549322387284
minusCase	9007199254740992	-18014398509481987	-612489549322387632
minusCase	9007199254740992	-9007199254740995	-432345564227567792
minusCase	9007199254740992	-9007199254740993	-504403158265495552
minusCase	9007199254740992	-9007199254740992	-504403158265495552
minusCase	9007199254740992	-9007199254740991	-504403158265495508
minusCase	9007199254740992	-3	-252201579132747919
minusCase	9007199254740992	-1	-252201579132747831
minusCase	9007199254740992	0	-252201579132747787
minusCase	9007199254740992	1	252201579132747809
minusCase	9007199254740992	3	252201579132747897
minusCase	9007199254740992	9007199254740991	504403158265495508
minusCase	9007199254740992	9007199254740992	432345564227567616
minusCase	9007199254740992	9007199254740993	432345564227567616
minusCase	9007199254740992	9007199254740995	432345564227567792
minusCase	9007199254740992	18014398509481987	612489549322387632
minusCase	9007199254740993	-18014398509481987	-612489549322387632
minusCase	9007199254740993	-9007199254740995	-432345564227567792
minusCase	9007199254740993	-9007199254740993	-504403158265495552
minusCase	9007199254740993	-9007199254740992	-504403158265495552
minusCase	9007199254740993	-9007199254740991	-504403158265495508
minusCase	9007199254740993	-3	-252201579132747919
minusCase	9007199254740993	-1	-252201579132747831
minusCase	9007199254740993	0	-252201579132747787
minusCase	9007199254740993	1	252201579132747809
minusCase	9007199254740993	3	252201579132747897
minusCase	9007199254740993	9007199254740991	504403158265495508
minusCase	9007199254740993	9007199254740992	432345564227567616
minusCase	9007199254740993	9007199254740993	432345564227567616
minusCase	9007199254740993	9007199254740995	432345564227567792
minusCase	9007199254740993	18014398509481987	612489549322387632
minusCase	9007199254740995	-18014398509481987	-612489549322387680
minusCase	9007199254740995	-9007199254740995	-432345564227567840
minusCase	9007199254740995	-9007199254740993	-504403158265495440
minusCase	9007199254740995	-9007199254740992	-504403158265495440
minusCase	9007199254740995	-9007199254740991	-504403158265495460
minusCase	9007199254740995	-3	-252201579132748031
minusCase	9007199254740995	-1	-252201579132747847
minusCase	9007199254740995	0	-252201579132747899
minusCase	9007199254740995	1	252201579132747857
minusCase	9007199254740995	3	252201579132747785
minusCase	9007199254740995	9007199254740991	504403158265495460
minusCase	9007199254740995	9007199254740992	432345564227567728
minusCase	9007199254740995	9007199254740993	432345564227567728
minusCase	9007199254740995	9007199254740995	432345564227567808
minusCase	9007199254740995	18014398509481987	612489549322387648
minusCase	18014398509481987	-18014398509481987	-864691128455135456
minusCase	18014398509481987	-9007199254740995	-180143985094820064
minusCase	18014398509481987	-9007199254740993	-180143985094819728
minusCase	18014398509481987	-9007199254740992	-180143985094819728
minusCase	18014398509481987	-9007199254740991	-180143985094819748
minusCase	18014398509481987	-3	-504403158265495807
minusCase	18014398509481987	-1	-504403158265495623
minusCase	18014398509481987	0	-504403158265495675
minusCase	18014398509481987	1	504403158265495633
minusCase	18014398509481987	3	504403158265495561
minusCase	18014398509481987	9007199254740991	180143985094819748
minusCase	18014398509481987	9007199254740992	180143985094819952
minusCase	18014398509481987	9007199254740993	180143985094819952
minusCase	18014398509481987	9007199254740995	180143985094820032
minusCase	18014398509481987	18014398509481987	864691128455135424
timesCase	-18014398509481987	-18014398509481987	-1549238271815450968
timesCase	-18014398509481987	-9007199254740995	-612489549322387800
timesCase	-18014398509481987	-9007199254740993	-612489549322387512
timesCase	-18014398509481987	-9007199254740992	-612489549322387512
timesCase	-18014398509481987	-9007199254740991	-684547143360315296
timesCase	-18014398509481987	-3	-252201579132748096
timesCase	-18014398509481987	-1	-252201579132747888
timesCase	-18014398509481987	0	-252201579132747832
timesCase	-18014398509481987	1	252201579132747872
timesCase	-18014398509481987	3	252201579132748080
timesCase	-18014398509481987	9007199254740991	684547143360315280
timesCase	-18014398509481987	9007199254740992	684547143360315336
timesCase	-18014398509481987	9007199254740993	684547143360315336
timesCase	-18014398509481987	9007199254740995	612489549322387816
timesCase	-18014398509481987	18014398509481987	1549238271815450984
timesCase	-9007199254740995	-18014398509481987	-1711367858400788824
timesCase	-9007199254740995	-9007199254740995	-774619135907725656
timesCase	-9007199254740995	-9007199254740993	-774619135907725368
timesCase	-9007199254740995	-9007199254740992	-774619135907725368
timesCase	-9007199254740995	-9007199254740991	-810647932926689184
timesCase	-9007199254740995	-3	-126100789566374208
timesCase	-9007199254740995	-1	-126100789566374000
timesCase	-9007199254740995	0	-126100789566373944
timesCase	-9007199254740995	1	126100789566373984
timesCase	-9007199254740995	3	126100789566374192
timesCase	-9007199254740995	9007199254740991	810647932926689168
timesCase	-9007199254740995	9007199254740992	810647932926689224
timesCase	-9007199254740995	9007199254740993	810647932926689224
timesCase	-9007199254740995	9007199254740995	774619135907725672
timesCase	-9007199254740995	18014398509481987	1711367858400788840
timesCase	-9007199254740993	-18014398509481987	-1711367858400788128
timesCase	-9007199254740993	-9007199254740995	-774619135907724960
timesCase	-9007199254740993	-9007199254740993	-774619135907725312
timesCase	-9007199254740993	-9007199254740992	-774619135907725312
timesCase	-9007199254740993	-9007199254740991	-810647932926689368
timesCase	-9007199254740993	-3	-126100789566373624
timesCase	-9007199254740993	-1	-126100789566373800
timesCase	-9007199254740993	0	-126100789566373888
timesCase	-9007199254740993	1	126100789566373800
timesCase	-9007199254740993	3	126100789566373624
timesCase	-9007199254740993	9007199254740991	810647932926689368
timesCase	-9007199254740993	9007199254740992	810647932926689280
timesCase	-9007199254740993	9007199254740993	810647932926689280
timesCase	-9007199254740993	9007199254740995	774619135907724960
timesCase	-9007199254740993	18014398509481987	1711367858400788128
timesCase	-9007199254740992	-18014398509481987	-1711367858400788128
timesCase	-9007199254740992	-9007199254740995	-774619135907724960
timesCase	-9007199254740992	-9007199254740993	-774619135907725312
timesCase	-9007199254740992	-9007199254740992	-774619135907725312
timesCase	-9007199254740992	-9007199254740991	-810647932926689368
timesCase	-9007199254740992	-3	-126100789566373624
timesCase	-9007199254740992	-1	-126100789566373800
timesCase	-9007199254740992	0	-126100789566373888
timesCase	-9007199254740992	1	126100789566373800
timesCase	-9007199254740992	3	126100789566373624
timesCase	-9007199254740992	9007199254740991	810647932926689368
timesCase	-9007199254740992	9007199254740992	810647932926689280
timesCase	-9007199254740992	9007199254740993	810647932926689280
timesCase	-9007199254740992	9007199254740995	774619135907724960
timesCase	-9007199254740992	18014398509481987	1711367858400788128
timesCase	-9007199254740991	-18014398509481987	-1711367858400788114
timesCase	-9007199254740991	-9007199254740995	-774619135907724946
timesCase	-9007199254740991	-9007199254740993	-774619135907725298
timesCase	-9007199254740991	-9007199254740992	-774619135907725298
timesCase	-9007199254740991	-9007199254740991	-810647932926689370
timesCase	-9007199254740991	-3	-126100789566373626
timesCase	-9007199254740991	-1	-126100789566373802
timesCase	-9007199254740991	0	-126100789566373874
timesCase	-9007199254740991	1	126100789566373798
timesCase	-9007199254740991	3	126100789566373622
timesCase	-9007199254740991	9007199254740991	810647932926689366
timesCase	-9007199254740991	9007199254740992	810647932926689294
timesCase	-9007199254740991	9007199254740993	810647932926689294
timesCase	-9007199254740991	9007199254740995	774619135907724974
timesCase	-9007199254740991	18014398509481987	1711367858400788142
timesCase	-3	-18014398509481987	-1585267068834414922
timesCase	-3	-9007199254740995	-792633534417207626
timesCase	-3	-9007199254740993	-792633534417207338
timesCase	-3	-9007199254740992	-792633534417207338
timesCase	-3	-9007199254740991	-792633534417207170
timesCase	-3	-3	-290
timesCase	-3	-1	-114
timesCase	-3	0	-42
timesCase	-3	1	126
timesCase	-3	3	302
timesCase	-3	9007199254740991	792633534417207182
timesCase	-3	9007199254740992	792633534417207254
timesCase	-3	9007199254740993	792633534417207254
timesCase	-3	9007199254740995	792633534417207670
timesCase	-3	18014398509481987	1585267068834414966
timesCase	-1	-18014398509481987	-1585267068834414958
timesCase	-1	-9007199254740995	-792633534417207662
timesCase	-1	-9007199254740993	-792633534417207310
timesCase	-1	-9007199254740992	-792633534417207310
timesCase	-1	-9007199254740991	-792633534417207206
timesCase	-1	-3	-262
timesCase	-1	-1	-86
timesCase	-1	0	-14
timesCase	-1	1	90
timesCase	-1	3	266
timesCase	-1	9007199254740991	792633534417207210
timesCase	-1	9007199254740992	792633534417207282
timesCase	-1	9007199254740993	792633534417207282
timesCase	-1	9007199254740995	792633534417207634
timesCase	-1	18014398509481987	1585267068834414930
timesCase	0	-18014398509481987	1585267068834414944
timesCase	0	-9007199254740995	792633534417207648
timesCase	0	-9007199254740993	792633534417207296
timesCase	0	-9007199254740992	792633534417207296
timesCase	0	-9007199254740991	792633534417207208
timesCase	0	-3	264
timesCase	0	-1	88
timesCase	0	0	0
timesCase	0	1	-88
timesCase	0	3	-264
timesCase	0	9007199254740991	-792633534417207208
timesCase	0	9007199254740992	-792633534417207296
timesCase	0	9007199254740993	-792633534417207296
timesCase	0	9007199254740995	-792633534417207648
timesCase	0	18014398509481987	-1585267068834414944
timesCase	1	-18014398509481987	1585267068834414958
timesCase	1	-9007199254740995	792633534417207662
timesCase	1	-9007199254740993	792633534417207310
timesCase	1	-9007199254740992	792633534417207310
timesCase	1	-9007199254740991	792633534417207206
timesCase	1	-3	262
timesCase	1	-1	86
timesCase	1	0	14
timesCase	1	1	-90
timesCase	1	3	-266
timesCase	1	9007199254740991	-792633534417207210
timesCase	1	9007199254740992	-792633534417207282
timesCase	1	9007199254740993	-792633534417207282
timesCase	1	9007199254740995	-792633534417207634
timesCase	1	18014398509481987	-1585267068834414930
timesCase	3	-18014398509481987	1585267068834414922
timesCase	3	-9007199254740995	792633534417207626
timesCase	3	-9007199254740993	792633534417207338
timesCase	3	-9007199254740992	792633534417207338
timesCase	3	-9007199254740991	792633534417207170
timesCase	3	-3	290
timesCase	3	-1	114
timesCase	3	0	42
timesCase	3	1	-126
timesCase	3	3	-302
timesCase	3	9007199254740991	-792633534417207182
timesCase	3	9007199254740992	-792633534417207254
timesCase	3	9007199254740993	-792633534417207254
timesCase	3	9007199254740995	-792633534417207670
timesCase	3	18014398509481987	-1585267068834414966
timesCase	9007199254740991	-18014398509481987	1711367858400788114
timesCase	9007199254740991	-9007199254740995	774619135907724946
timesCase	9007199254740991	-9007199254740993	774619135907725298
timesCase	9007199254740991	-9007199254740992	774619135907725298
timesCase	9007199254740991	-9007199254740991	810647932926689370
timesCase	9007199254740991	-3	126100789566373626
timesCase	9007199254740991	-1	126100789566373802
timesCase	9007199254740991	0	126100789566373874
timesCase	9007199254740991	1	-126100789566373798
timesCase	9007199254740991	3	-126100789566373622
timesCase	9007199254740991	9007199254740991	-810647932926689366
timesCase	9007199254740991	9007199254740992	-810647932926689294
timesCase	9007199254740991	9007199254740993	-810647932926689294
timesCase	9007199254740991	9007199254740995	-774619135907724974
timesCase	9007199254740991	18014398509481987	-1711367858400788142
timesCase	9007199254740992	-18014398509481987	1711367858400788832
timesCase	9007199254740992	-9007199254740995	774619135907725664
timesCase	9007199254740992	-9007199254740993	774619135907725312
timesCase	9007199254740992	-9007199254740992	774619135907725312
timesCase	9007199254740992	-9007199254740991	810647932926689192
timesCase	9007199254740992	-3	126100789566374152
timesCase	9007199254740992	-1	126100789566373976
timesCase	9007199254740992	0	126100789566373888
timesCase	9007199254740992	1	-126100789566373976
timesCase	9007199254740992	3	-126100789566374152
timesCase	9007199254740992	9007199254740991	-810647932926689192
timesCase	9007199254740992	9007199254740992	-810647932926689280
timesCase	9007199254740992	9007199254740993	-810647932926689280
timesCase	9007199254740992	9007199254740995	-774619135907725664
timesCase	9007199254740992	18014398509481987	-1711367858400788832
timesCase	9007199254740993	-18014398509481987	1711367858400788832
timesCase	9007199254740993	-9007199254740995	774619135907725664
timesCase	9007199254740993	-9007199254740993	774619135907725312
timesCase	9007199254740993	-9007199254740992	774619135907725312
timesCase	9007199254740993	-9007199254740991	810647932926689192
timesCase	9007199254740993	-3	126100789566374152
timesCase	9007199254740993	-1	126100789566373976
timesCase	9007199254740993	0	126100789566373888
timesCase	9007199254740993	1	-126100789566373976
timesCase	9007199254740993	3	-126100789566374152
timesCase	9007199254740993	9007199254740991	-810647932926689192
timesCase	9007199254740993	9007199254740992	-810647932926689280
timesCase	9007199254740993	9007199254740993	-810647932926689280
timesCase	9007199254740993	9007199254740995	-774619135907725664
timesCase	9007199254740993	18014398509481987	-1711367858400788832
timesCase	9007199254740995	-18014398509481987	1711367858400788824
timesCase	9007199254740995	-9007199254740995	774619135907725656
timesCase	9007199254740995	-9007199254740993	774619135907725368
timesCase	9007199254740995	-9007199254740992	774619135907725368
timesCase	9007199254740995	-9007199254740991	810647932926689168
timesCase	9007199254740995	-3	126100789566374192
timesCase	9007199254740995	-1	126100789566373984
timesCase	9007199254740995	0	126100789566373944
timesCase	9007199254740995	1	-126100789566374000
timesCase	9007199254740995	3	-126100789566374208
timesCase	9007199254740995	9007199254740991	-810647932926689184
timesCase	9007199254740995	9007199254740992	-810647932926689224
timesCase	9007199254740995	9007199254740993	-810647932926689224
timesCase	9007199254740995	9007199254740995	-774619135907725672
timesCase	9007199254740995	18014398509481987	-1711367858400788840
timesCase	18014398509481987	-18014398509481987	1549238271815450968
timesCase	18014398509481987	-9007199254740995	612489549322387800
timesCase	18014398509481987	-9007199254740993	612489549322387512
timesCase	18014398509481987	-9007199254740992	612489549322387512
timesCase	18014398509481987	-9007199254740991	684547143360315280
timesCase	18014398509481987	-3	252201579132748080
timesCase	18014398509481987	-1	252201579132747872
timesCase	18014398509481987	0	252201579132747832
timesCase	18014398509481987	1	-252201579132747888
timesCase	18014398509481987	3	-252201579132748096
timesCase	18014398509481987	9007199254740991	-684547143360315296
timesCase	18014398509481987	9007199254740992	-684547143360315336
timesCase	18014398509481987	9007199254740993	-684547143360315336
timesCase	18014398509481987	9007199254740995	-612489549322387816
timesCase	18014398509481987	18014398509481987	-1549238271815450984
edgePlus0	0	7	0	0
edgePlus0	0	7	1	0
edgePlus0	0	7	2	1
edgePlus0	0	7	3	9223372036854775809
edgePlus0	0	7	4	4503599627370495
edgePlus0	0	7	5	9227875636482146303
edgePlus0	0	7	6	4503599627370496
edgePlus0	0	7	7	9227875636482146304
edgePlus0	0	7	8	9218868437227405311
edgePlus0	0	7	9	18442240474082181119
edgePlus0	0	7	10	9218868437227405312
edgePlus0	0	7	11	18442240474082181120
edgePlus0	0	7	12	nan
edgePlus0	0	7	13	4602678819172646912
edgePlus0	0	7	14	13826050856027422720
edgePlus0	0	7	15	4607182418800017408
edgePlus0	0	7	16	13830554455654793216
edgePlus0	0	7	17	4845873199050653696
edgePlus0	0	7	18	4845873199050653697
edgePlus0	0	7	19	3
edgePlus0	0	7	20	9223372036854775811
edgePlus0	1	8	0	0
edgePlus0	1	8	1	9223372036854775808
edgePlus0	1	8	2	1
edgePlus0	1	8	3	9223372036854775809
edgePlus0	1	8	4	4503599627370495
edgePlus0	1	8	5	9227875636482146303
edgePlus0	1	8	6	4503599627370496
edgePlus0	1	8	7	9227875636482146304
edgePlus0	1	8	8	9218868437227405311
edgePlus0	1	8	9	18442240474082181119
edgePlus0	1	8	10	9218868437227405312
edgePlus0	1	8	11	18442240474082181120
edgePlus0	1	8	12	nan
edgePlus0	1	8	13	4602678819172646912
edgePlus0	1	8	14	13826050856027422720
edgePlus0	1	8	15	4607182418800017408
edgePlus0	1	8	16	13830554455654793216
edgePlus0	1	8	17	4845873199050653696
edgePlus0	1	8	18	4845873199050653697
edgePlus0	1	8	19	3
edgePlus0	1	8	20	9223372036854775811
edgePlus0	2	9	0	1
edgePlus0	2	9	1	1
edgePlus0	2	9	2	2
edgePlus0	2	9	3	0
edgePlus0	2	9	4	4503599627370496
edgePlus0	2	9	5	9227875636482146302
edgePlus0	2	9	6	4503599627370497
edgePlus0	2	9	7	9227875636482146303
edgePlus0	2	9	8	9218868437227405311
edgePlus0	2	9	9	18442240474082181119
edgePlus0	2	9	10	9218868437227405312
edgePlus0	2	9	11	18442240474082181120
edgePlus0	2	9	12	nan
edgePlus0	2	9	13	4602678819172646912
edgePlus0	2	9	14	13826050856027422720
edgePlus0	2	9	15	4607182418800017408
edgePlus0	2	9	16	13830554455654793216
edgePlus0	2	9	17	4845873199050653696
edgePlus0	2	9	18	4845873199050653697
edgePlus0	2	9	19	4
edgePlus0	2	9	20	9223372036854775810
edgePlus0	3	10	0	9223372036854775809
edgePlus0	3	10	1	9223372036854775809
edgePlus0	3	10	2	0
edgePlus0	3	10	3	9223372036854775810
edgePlus0	3	10	4	4503599627370494
edgePlus0	3	10	5	9227875636482146304
edgePlus0	3	10	6	4503599627370495
edgePlus0	3	10	7	9227875636482146305
edgePlus0	3	10	8	9218868437227405311
edgePlus0	3	10	9	18442240474082181119
edgePlus0	3	10	10	9218868437227405312
edgePlus0	3	10	11	18442240474082181120
edgePlus0	3	10	12	nan
edgePlus0	3	10	13	4602678819172646912
edgePlus0	3	10	14	13826050856027422720
edgePlus0	3	10	15	4607182418800017408
edgePlus0	3	10	16	13830554455654793216
edgePlus0	3	10	17	4845873199050653696
edgePlus0	3	10	18	4845873199050653697
edgePlus0	3	10	19	2
edgePlus0	3	10	20	9223372036854775812
edgePlus0	4	11	0	4503599627370495
edgePlus0	4	11	1	4503599627370495
edgePlus0	4	11	2	4503599627370496
edgePlus0	4	11	3	4503599627370494
edgePlus0	4	11	4	9007199254740990
edgePlus0	4	11	5	0
edgePlus0	4	11	6	9007199254740991
edgePlus0	4	11	7	9223372036854775809
edgePlus0	4	11	8	9218868437227405311
edgePlus0	4	11	9	18442240474082181119
edgePlus0	4	11	10	9218868437227405312
edgePlus0	4	11	11	18442240474082181120
edgePlus0	4	11	12	nan
edgePlus0	4	11	13	4602678819172646912
edgePlus0	4	11	14	13826050856027422720
edgePlus0	4	11	15	4607182418800017408
edgePlus0	4	11	16	13830554455654793216
edgePlus0	4	11	17	4845873199050653696
edgePlus0	4	11	18	4845873199050653697
edgePlus0	4	11	19	4503599627370498
edgePlus0	4	11	20	4503599627370492
edgePlus0	5	12	0	9227875636482146303
edgePlus0	5	12	1	9227875636482146303
edgePlus0	5	12	2	9227875636482146302
edgePlus0	5	12	3	9227875636482146304
edgePlus0	5	12	4	0
edgePlus0	5	12	5	9232379236109516798
edgePlus0	5	12	6	1
edgePlus0	5	12	7	9232379236109516799
edgePlus0	5	12	8	9218868437227405311
edgePlus0	5	12	9	18442240474082181119
edgePlus0	5	12	10	9218868437227405312
edgePlus0	5	12	11	18442240474082181120
edgePlus0	5	12	12	nan
edgePlus0	5	12	13	4602678819172646912
edgePlus0	5	12	14	13826050856027422720
edgePlus0	5	12	15	4607182418800017408
edgePlus0	5	12	16	13830554455654793216
edgePlus0	5	12	17	4845873199050653696
edgePlus0	5	12	18	4845873199050653697
edgePlus0	5	12	19	9227875636482146300
edgePlus0	5	12	20	9227875636482146306
edgePlus0	6	13	0	4503599627370496
edgePlus0	6	13	1	4503599627370496
edgePlus0	6	13	2	4503599627370497
edgePlus0	6	13	3	4503599627370495
edgePlus0	6	13	4	9007199254740991
edgePlus0	6	13	5	1
edgePlus0	6	13	6	9007199254740992
edgePlus0	6	13	7	0
edgePlus0	6	13	8	9218868437227405311
edgePlus0	6	13	9	18442240474082181119
edgePlus0	6	13	10	9218868437227405312
edgePlus0	6	13	11	18442240474082181120
edgePlus0	6	13	12	nan
edgePlus0	6	13	13	4602678819172646912
edgePlus0	6	13	14	13826050856027422720
edgePlus0	6	13	15	4607182418800017408
edgePlus0	6	13	16	13830554455654793216
edgePlus0	6	13	17	4845873199050653696
edgePlus0	6	13	18	4845873199050653697
edgePlus0	6	13	19	4503599627370499
edgePlus0	6	13	20	4503599627370493
edgePlus0	7	14	0	9227875636482146304
edgePlus0	7	14	1	9227875636482146304
edgePlus0	7	14	2	9227875636482146303
edgePlus0	7	14	3	9227875636482146305
edgePlus0	7	14	4	9223372036854775809
edgePlus0	7	14	5	9232379236109516799
edgePlus0	7	14	6	0
edgePlus0	7	14	7	9232379236109516800
edgePlus0	7	14	8	9218868437227405311
edgePlus0	7	14	9	18442240474082181119
edgePlus0	7	14	10	9218868437227405312
edgePlus0	7	14	11	18442240474082181120
edgePlus0	7	14	12	nan
edgePlus0	7	14	13	4602678819172646912
edgePlus0	7	14	14	13826050856027422720
edgePlus0	7	14	15	4607182418800017408
edgePlus0	7	14	16	13830554455654793216
edgePlus0	7	14	17	4845873199050653696
edgePlus0	7	14	18	4845873199050653697
edgePlus0	7	14	19	9227875636482146301
edgePlus0	7	14	20	9227875636482146307
edgePlus0	8	15	0	9218868437227405311
edgePlus0	8	15	1	9218868437227405311
edgePlus0	8	15	2	9218868437227405311
edgePlus0	8	15	3	9218868437227405311
edgePlus0	8	15	4	9218868437227405311
edgePlus0	8	15	5	9218868437227405311
edgePlus0	8	15	6	9218868437227405311
edgePlus0	8	15	7	9218868437227405311
edgePlus0	8	15	8	9218868437227405312
edgePlus0	8	15	9	0
edgePlus0	8	15	10	9218868437227405312
edgePlus0	8	15	11	18442240474082181120
edgePlus0	8	15	12	nan
edgePlus0	8	15	13	9218868437227405311
edgePlus0	8	15	14	9218868437227405311
edgePlus0	8	15	15	9218868437227405311
edgePlus0	8	15	16	9218868437227405311
edgePlus0	8	15	17	9218868437227405311
edgePlus0	8	15	18	9218868437227405311
edgePlus0	8	15	19	9218868437227405311
edgePlus0	8	15	20	9218868437227405311
edgePlus0	9	16	0	18442240474082181119
edgePlus0	9	16	1	18442240474082181119
edgePlus0	9	16	2	18442240474082181119
edgePlus0	9	16	3	18442240474082181119
edgePlus0	9	16	4	18442240474082181119
edgePlus0	9	16	5	18442240474082181119
edgePlus0	9	16	6	18442240474082181119
edgePlus0	9	16	7	18442240474082181119
edgePlus0	9	16	8	0
edgePlus0	9	16	9	18442240474082181120
edgePlus0	9	16	10	9218868437227405312
edgePlus0	9	16	11	18442240474082181120
edgePlus0	9	16	12	nan
edgePlus0	9	16	13	18442240474082181119
edgePlus0	9	16	14	18442240474082181119
edgePlus0	9	16	15	18442240474082181119
edgePlus0	9	16	16	18442240474082181119
edgePlus0	9	16	17	18442240474082181119
edgePlus0	9	16	18	18442240474082181119
edgePlus0	9	16	19	18442240474082181119
edgePlus0	9	16	20	18442240474082181119
edgePlus0	10	17	0	9218868437227405312
edgePlus0	10	17	1	9218868437227405312
edgePlus0	10	17	2	9218868437227405312
edgePlus0	10	17	3	9218868437227405312
edgePlus0	10	17	4	9218868437227405312
edgePlus0	10	17	5	9218868437227405312
edgePlus0	10	17	6	9218868437227405312
edgePlus0	10	17	7	9218868437227405312
edgePlus0	10	17	8	9218868437227405312
edgePlus0	10	17	9	9218868437227405312
edgePlus0	10	17	10	9218868437227405312
edgePlus0	10	17	11	nan
edgePlus0	10	17	12	nan
edgePlus0	10	17	13	9218868437227405312
edgePlus0	10	17	14	9218868437227405312
edgePlus0	10	17	15	9218868437227405312
edgePlus0	10	17	16	9218868437227405312
edgePlus0	10	17	17	9218868437227405312
edgePlus0	10	17	18	9218868437227405312
edgePlus0	10	17	19	9218868437227405312
edgePlus0	10	17	20	9218868437227405312
edgePlus0	11	18	0	18442240474082181120
edgePlus0	11	18	1	18442240474082181120
edgePlus0	11	18	2	18442240474082181120
edgePlus0	11	18	3	18442240474082181120
edgePlus0	11	18	4	18442240474082181120
edgePlus0	11	18	5	18442240474082181120
edgePlus0	11	18	6	18442240474082181120
edgePlus0	11	18	7	18442240474082181120
edgePlus0	11	18	8	18442240474082181120
edgePlus0	11	18	9	18442240474082181120
edgePlus0	11	18	10	nan
edgePlus0	11	18	11	18442240474082181120
edgePlus0	11	18	12	nan
edgePlus0	11	18	13	18442240474082181120
edgePlus0	11	18	14	18442240474082181120
edgePlus0	11	18	15	18442240474082181120
edgePlus0	11	18	16	18442240474082181120
edgePlus0	11	18	17	18442240474082181120
edgePlus0	11	18	18	18442240474082181120
edgePlus0	11	18	19	18442240474082181120
edgePlus0	11	18	20	18442240474082181120
edgePlus0	12	19	0	nan
edgePlus0	12	19	1	nan
edgePlus0	12	19	2	nan
edgePlus0	12	19	3	nan
edgePlus0	12	19	4	nan
edgePlus0	12	19	5	nan
edgePlus0	12	19	6	nan
edgePlus0	12	19	7	nan
edgePlus0	12	19	8	nan
edgePlus0	12	19	9	nan
edgePlus0	12	19	10	nan
edgePlus0	12	19	11	nan
edgePlus0	12	19	12	nan
edgePlus0	12	19	13	nan
edgePlus0	12	19	14	nan
edgePlus0	12	19	15	nan
edgePlus0	12	19	16	nan
edgePlus0	12	19	17	nan
edgePlus0	12	19	18	nan
edgePlus0	12	19	19	nan
edgePlus0	12	19	20	nan
edgePlus0	13	20	0	4602678819172646912
edgePlus0	13	20	1	4602678819172646912
edgePlus0	13	20	2	4602678819172646912
edgePlus0	13	20	3	4602678819172646912
edgePlus0	13	20	4	4602678819172646912
edgePlus0	13	20	5	4602678819172646912
edgePlus0	13	20	6	4602678819172646912
edgePlus0	13	20	7	4602678819172646912
edgePlus0	13	20	8	9218868437227405311
edgePlus0	13	20	9	18442240474082181119
edgePlus0	13	20	10	9218868437227405312
edgePlus0	13	20	11	18442240474082181120
edgePlus0	13	20	12	nan
edgePlus0	13	20	13	4607182418800017408
edgePlus0	13	20	14	0
edgePlus0	13	20	15	4609434218613702656
edgePlus0	13	20	16	13826050856027422720
edgePlus0	13	20	17	4845873199050653696
edgePlus0	13	20	18	4845873199050653697
edgePlus0	13	20	19	4602678819172646912
edgePlus0	13	20	20	4602678819172646912
edgePlus0	14	0	0	13826050856027422720
edgePlus0	14	0	1	13826050856027422720
edgePlus0	14	0	2	13826050856027422720
edgePlus0	14	0	3	13826050856027422720
edgePlus0	14	0	4	13826050856027422720
edgePlus0	14	0	5	13826050856027422720
edgePlus0	14	0	6	13826050856027422720
edgePlus0	14	0	7	13826050856027422720
edgePlus0	14	0	8	9218868437227405311
edgePlus0	14	0	9	18442240474082181119
edgePlus0	14	0	10	9218868437227405312
edgePlus0	14	0	11	18442240474082181120
edgePlus0	14	0	12	nan
edgePlus0	14	0	13	0
edgePlus0	14	0	14	13830554455654793216
edgePlus0	14	0	15	4602678819172646912
edgePlus0	14	0	16	13832806255468478464
edgePlus0	14	0	17	4845873199050653696
edgePlus0	14	0	18	4845873199050653697
edgePlus0	14	0	19	13826050856027422720
edgePlus0	14	0	20	13826050856027422720
edgePlus0	15	1	0	4607182418800017408
edgePlus0	15	1	1	4607182418800017408
edgePlus0	15	1	2	4607182418800017408
edgePlus0	15	1	3	4607182418800017408
edgePlus0	15	1	4	4607182418800017408
edgePlus0	15	1	5	4607182418800017408
edgePlus0	15	1	6	4607182418800017408
edgePlus0	15	1	7	4607182418800017408
edgePlus0	15	1	8	9218868437227405311
edgePlus0	15	1	9	18442240474082181119
edgePlus0	15	1	10	9218868437227405312
edgePlus0	15	1	11	18442240474082181120
edgePlus0	15	1	12	nan
edgePlus0	15	1	13	4609434218613702656
edgePlus0	15	1	14	4602678819172646912
edgePlus0	15	1	15	4611686018427387904
edgePlus0	15	1	16	0
edgePlus0	15	1	17	4845873199050653696
edgePlus0	15	1	18	4845873199050653698
edgePlus0	15	1	19	4607182418800017408
edgePlus0	15	1	20	4607182418800017408
edgePlus0	16	2	0	13830554455654793216
edgePlus0	16	2	1	13830554455654793216
edgePlus0	16	2	2	13830554455654793216
edgePlus0	16	2	3	13830554455654793216
edgePlus0	16	2	4	13830554455654793216
edgePlus0	16	2	5	13830554455654793216
edgePlus0	16	2	6	13830554455654793216
edgePlus0	16	2	7	13830554455654793216
edgePlus0	16	2	8	9218868437227405311
edgePlus0	16	2	9	18442240474082181119
edgePlus0	16	2	10	9218868437227405312
edgePlus0	16	2	11	18442240474082181120
edgePlus0	16	2	12	nan
edgePlus0	16	2	13	13826050856027422720
edgePlus0	16	2	14	13832806255468478464
edgePlus0	16	2	15	0
edgePlus0	16	2	16	13835058055282163712
edgePlus0	16	2	17	4845873199050653695
edgePlus0	16	2	18	4845873199050653696
edgePlus0	16	2	19	13830554455654793216
edgePlus0	16	2	20	13830554455654793216
edgePlus0	17	3	0	4845873199050653696
edgePlus0	17	3	1	4845873199050653696
edgePlus0	17	3	2	4845873199050653696
edgePlus0	17	3	3	4845873199050653696
edgePlus0	17	3	4	4845873199050653696
edgePlus0	17	3	5	4845873199050653696
edgePlus0	17	3	6	4845873199050653696
edgePlus0	17	3	7	4845873199050653696
edgePlus0	17	3	8	9218868437227405311
edgePlus0	17	3	9	18442240474082181119
edgePlus0	17	3	10	9218868437227405312
edgePlus0	17	3	11	18442240474082181120
edgePlus0	17	3	12	nan
edgePlus0	17	3	13	4845873199050653696
edgePlus0	17	3	14	4845873199050653696
edgePlus0	17	3	15	4845873199050653696
edgePlus0	17	3	16	4845873199050653695
edgePlus0	17	3	17	4850376798678024192
edgePlus0	17	3	18	4850376798678024192
edgePlus0	17	3	19	4845873199050653696
edgePlus0	17	3	20	4845873199050653696
edgePlus0	18	4	0	4845873199050653697
edgePlus0	18	4	1	4845873199050653697
edgePlus0	18	4	2	4845873199050653697
edgePlus0	18	4	3	4845873199050653697
edgePlus0	18	4	4	4845873199050653697
edgePlus0	18	4	5	4845873199050653697
edgePlus0	18	4	6	4845873199050653697
edgePlus0	18	4	7	4845873199050653697
edgePlus0	18	4	8	9218868437227405311
edgePlus0	18	4	9	18442240474082181119
edgePlus0	18	4	10	9218868437227405312
edgePlus0	18	4	11	18442240474082181120
edgePlus0	18	4	12	nan
edgePlus0	18	4	13	4845873199050653697
edgePlus0	18	4	14	4845873199050653697
edgePlus0	18	4	15	4845873199050653698
edgePlus0	18	4	16	4845873199050653696
edgePlus0	18	4	17	4850376798678024192
edgePlus0	18	4	18	4850376798678024193
edgePlus0	18	4	19	4845873199050653697
edgePlus0	18	4	20	4845873199050653697
edgePlus0	19	5	0	3
edgePlus0	19	5	1	3
edgePlus0	19	5	2	4
edgePlus0	19	5	3	2
edgePlus0	19	5	4	4503599627370498
edgePlus0	19	5	5	9227875636482146300
edgePlus0	19	5	6	4503599627370499
edgePlus0	19	5	7	9227875636482146301
edgePlus0	19	5	8	9218868437227405311
edgePlus0	19	5	9	18442240474082181119
edgePlus0	19	5	10	9218868437227405312
edgePlus0	19	5	11	18442240474082181120
edgePlus0	19	5	12	nan
edgePlus0	19	5	13	4602678819172646912
edgePlus0	19	5	14	13826050856027422720
edgePlus0	19	5	15	4607182418800017408
edgePlus0	19	5	16	13830554455654793216
edgePlus0	19	5	17	4845873199050653696
edgePlus0	19	5	18	4845873199050653697
edgePlus0	19	5	19	6
edgePlus0	19	5	20	0
edgePlus0	20	6	0	9223372036854775811
edgePlus0	20	6	1	9223372036854775811
edgePlus0	20	6	2	9223372036854775810
edgePlus0	20	6	3	9223372036854775812
edgePlus0	20	6	4	4503599627370492
edgePlus0	20	6	5	9227875636482146306
edgePlus0	20	6	6	4503599627370493
edgePlus0	20	6	7	9227875636482146307
edgePlus0	20	6	8	9218868437227405311
edgePlus0	20	6	9	18442240474082181119
edgePlus0	20	6	10	9218868437227405312
edgePlus0	20	6	11	18442240474082181120
edgePlus0	20	6	12	nan
edgePlus0	20	6	13	4602678819172646912
edgePlus0	20	6	14	13826050856027422720
edgePlus0	20	6	15	4607182418800017408
edgePlus0	20	6	16	13830554455654793216
edgePlus0	20	6	17	4845873199050653696
edgePlus0	20	6	18	4845873199050653697
edgePlus0	20	6	19	0
edgePlus0	20	6	20	9223372036854775814
edgePlus1	0	7	0	9227875636482146304
edgePlus1	0	7	1	9227875636482146304
edgePlus1	0	7	2	9227875636482146303
edgePlus1	0	7	3	9227875636482146305
edgePlus1	0	7	4	9223372036854775809
edgePlus1	0	7	5	9232379236109516799
edgePlus1	0	7	6	0
edgePlus1	0	7	7	9232379236109516800
edgePlus1	0	7	8	9218868437227405311
edgePlus1	0	7	9	18442240474082181119
edgePlus1	0	7	10	9218868437227405312
edgePlus1	0	7	11	18442240474082181120
edgePlus1	0	7	12	nan
edgePlus1	0	7	13	4602678819172646912
edgePlus1	0	7	14	13826050856027422720
edgePlus1	0	7	15	4607182418800017408
edgePlus1	0	7	16	13830554455654793216
edgePlus1	0	7	17	4845873199050653696
edgePlus1	0	7	18	4845873199050653697
edgePlus1	0	7	19	9227875636482146301
edgePlus1	0	7	20	9227875636482146307
edgePlus1	1	8	0	9218868437227405311
edgePlus1	1	8	1	9218868437227405311
edgePlus1	1	8	2	9218868437227405311
edgePlus1	1	8	3	9218868437227405311
edgePlus1	1	8	4	9218868437227405311
edgePlus1	1	8	5	9218868437227405311
edgePlus1	1	8	6	9218868437227405311
edgePlus1	1	8	7	9218868437227405311
edgePlus1	1	8	8	9218868437227405312
edgePlus1	1	8	9	0
edgePlus1	1	8	10	9218868437227405312
edgePlus1	1	8	11	18442240474082181120
edgePlus1	1	8	12	nan
edgePlus1	1	8	13	9218868437227405311
edgePlus1	1	8	14	9218868437227405311
edgePlus1	1	8	15	9218868437227405311
edgePlus1	1	8	16	9218868437227405311
edgePlus1	1	8	17	9218868437227405311
edgePlus1	1	8	18	9218868437227405311
edgePlus1	1	8	19	9218868437227405311
edgePlus1	1	8	20	9218868437227405311
edgePlus1	2	9	0	18442240474082181119
edgePlus1	2	9	1	18442240474082181119
edgePlus1	2	9	2	18442240474082181119
edgePlus1	2	9	3	18442240474082181119
edgePlus1	2	9	4	18442240474082181119
edgePlus1	2	9	5	18442240474082181119
edgePlus1	2	9	6	18442240474082181119
edgePlus1	2	9	7	18442240474082181119
edgePlus1	2	9	8	0
edgePlus1	2	9	9	18442240474082181120
edgePlus1	2	9	10	9218868437227405312
edgePlus1	2	9	11	18442240474082181120
edgePlus1	2	9	12	nan
edgePlus1	2	9	13	18442240474082181119
edgePlus1	2	9	14	18442240474082181119
edgePlus1	2	9	15	18442240474082181119
edgePlus1	2	9	16	18442240474082181119
edgePlus1	2	9	17	18442240474082181119
edgePlus1	2	9	18	18442240474082181119
edgePlus1	2	9	19	18442240474082181119
edgePlus1	2	9	20	18442240474082181119
edgePlus1	3	10	0	9218868437227405312
edgePlus1	3	10	1	9218868437227405312
edgePlus1	3	10	2	9218868437227405312
edgePlus1	3	10	3	9218868437227405312
edgePlus1	3	10	4	9218868437227405312
edgePlus1	3	10	5	9218868437227405312
edgePlus1	3	10	6	9218868437227405312
edgePlus1	3	10	7	9218868437227405312
edgePlus1	3	10	8	9218868437227405312
edgePlus1	3	10	9	9218868437227405312
edgePlus1	3	10	10	9218868437227405312
edgePlus1	3	10	11	nan
edgePlus1	3	10	12	nan
edgePlus1	3	10	13	9218868437227405312
edgePlus1	3	10	14	9218868437227405312
edgePlus1	3	10	15	9218868437227405312
edgePlus1	3	10	16	9218868437227405312
edgePlus1	3	10	17	9218868437227405312
edgePlus1	3	10	18	9218868437227405312
edgePlus1	3	10	19	9218868437227405312
edgePlus1	3	10	20	9218868437227405312
edgePlus1	4	11	0	18442240474082181120
edgePlus1	4	11	1	18442240474082181120
edgePlus1	4	11	2	18442240474082181120
edgePlus1	4	11	3	18442240474082181120
edgePlus1	4	11	4	18442240474082181120
edgePlus1	4	11	5	18442240474082181120
edgePlus1	4	11	6	18442240474082181120
edgePlus1	4	11	7	18442240474082181120
edgePlus1	4	11	8	18442240474082181120
edgePlus1	4	11	9	18442240474082181120
edgePlus1	4	11	10	nan
edgePlus1	4	11	11	18442240474082181120
edgePlus1	4	11	12	nan
edgePlus1	4	11	13	18442240474082181120
edgePlus1	4	11	14	18442240474082181120
edgePlus1	4	11	15	18442240474082181120
edgePlus1	4	11	16	18442240474082181120
edgePlus1	4	11	17	18442240474082181120
edgePlus1	4	11	18	18442240474082181120
edgePlus1	4	11	19	18442240474082181120
edgePlus1	4	11	20	18442240474082181120
edgePlus1	5	12	0	nan
edgePlus1	5	12	1	nan
edgePlus1	5	12	2	nan
edgePlus1	5	12	3	nan
edgePlus1	5	12	4	nan
edgePlus1	5	12	5	nan
edgePlus1	5	12	6	nan
edgePlus1	5	12	7	nan
edgePlus1	5	12	8	nan
edgePlus1	5	12	9	nan
edgePlus1	5	12	10	nan
edgePlus1	5	12	11	nan
edgePlus1	5	12	12	nan
edgePlus1	5	12	13	nan
edgePlus1	5	12	14	nan
edgePlus1	5	12	15	nan
edgePlus1	5	12	16	nan
edgePlus1	5	12	17	nan
edgePlus1	5	12	18	nan
edgePlus1	5	12	19	nan
edgePlus1	5	12	20	nan
edgePlus1	6	13	0	4602678819172646912
edgePlus1	6	13	1	4602678819172646912
edgePlus1	6	13	2	4602678819172646912
edgePlus1	6	13	3	4602678819172646912
edgePlus1	6	13	4	4602678819172646912
edgePlus1	6	13	5	4602678819172646912
edgePlus1	6	13	6	4602678819172646912
edgePlus1	6	13	7	4602678819172646912
edgePlus1	6	13	8	9218868437227405311
edgePlus1	6	13	9	18442240474082181119
edgePlus1	6	13	10	9218868437227405312
edgePlus1	6	13	11	18442240474082181120
edgePlus1	6	13	12	nan
edgePlus1	6	13	13	4607182418800017408
edgePlus1	6	13	14	0
edgePlus1	6	13	15	4609434218613702656
edgePlus1	6	13	16	13826050856027422720
edgePlus1	6	13	17	4845873199050653696
edgePlus1	6	13	18	4845873199050653697
edgePlus1	6	13	19	4602678819172646912
edgePlus1	6	13	20	4602678819172646912
edgePlus1	7	14	0	13826050856027422720
edgePlus1	7	14	1	13826050856027422720
edgePlus1	7	14	2	13826050856027422720
edgePlus1	7	14	3	13826050856027422720
edgePlus1	7	14	4	13826050856027422720
edgePlus1	7	14	5	13826050856027422720
edgePlus1	7	14	6	13826050856027422720
edgePlus1	7	14	7	13826050856027422720
edgePlus1	7	14	8	9218868437227405311
edgePlus1	7	14	9	18442240474082181119
edgePlus1	7	14	10	9218868437227405312
edgePlus1	7	14	11	18442240474082181120
edgePlus1	7	14	12	nan
edgePlus1	7	14	13	0
edgePlus1	7	14	14	13830554455654793216
edgePlus1	7	14	15	4602678819172646912
edgePlus1	7	14	16	13832806255468478464
edgePlus1	7	14	17	4845873199050653696
edgePlus1	7	14	18	4845873199050653697
edgePlus1	7	14	19	13826050856027422720
edgePlus1	7	14	20	13826050856027422720
edgePlus1	8	15	0	4607182418800017408
edgePlus1	8	15	1	4607182418800017408
edgePlus1	8	15	2	4607182418800017408
edgePlus1	8	15	3	4607182418800017408
edgePlus1	8	15	4	4607182418800017408
edgePlus1	8	15	5	4607182418800017408
edgePlus1	8	15	6	4607182418800017408
edgePlus1	8	15	7	4607182418800017408
edgePlus1	8	15	8	9218868437227405311
edgePlus1	8	15	9	18442240474082181119
edgePlus1	8	15	10	9218868437227405312
edgePlus1	8	15	11	18442240474082181120
edgePlus1	8	15	12	nan
edgePlus1	8	15	13	4609434218613702656
edgePlus1	8	15	14	4602678819172646912
edgePlus1	8	15	15	4611686018427387904
edgePlus1	8	15	16	0
edgePlus1	8	15	17	4845873199050653696
edgePlus1	8	15	18	4845873199050653698
edgePlus1	8	15	19	4607182418800017408
edgePlus1	8	15	20	4607182418800017408
edgePlus1	9	16	0	13830554455654793216
edgePlus1	9	16	1	13830554455654793216
edgePlus1	9	16	2	13830554455654793216
edgePlus1	9	16	3	13830554455654793216
edgePlus1	9	16	4	13830554455654793216
edgePlus1	9	16	5	13830554455654793216
edgePlus1	9	16	6	13830554455654793216
edgePlus1	9	16	7	13830554455654793216
edgePlus1	9	16	8	9218868437227405311
edgePlus1	9	16	9	18442240474082181119
edgePlus1	9	16	10	9218868437227405312
edgePlus1	9	16	11	18442240474082181120
edgePlus1	9	16	12	nan
edgePlus1	9	16	13	13826050856027422720
edgePlus1	9	16	14	13832806255468478464
edgePlus1	9	16	15	0
edgePlus1	9	16	16	13835058055282163712
edgePlus1	9	16	17	4845873199050653695
edgePlus1	9	16	18	4845873199050653696
edgePlus1	9	16	19	13830554455654793216
edgePlus1	9	16	20	13830554455654793216
edgePlus1	10	17	0	4845873199050653696
edgePlus1	10	17	1	4845873199050653696
edgePlus1	10	17	2	4845873199050653696
edgePlus1	10	17	3	4845873199050653696
edgePlus1	10	17	4	4845873199050653696
edgePlus1	10	17	5	4845873199050653696
edgePlus1	10	17	6	4845873199050653696
edgePlus1	10	17	7	4845873199050653696
edgePlus1	10	17	8	9218868437227405311
edgePlus1	10	17	9	18442240474082181119
edgePlus1	10	17	10	9218868437227405312
edgePlus1	10	17	11	18442240474082181120
edgePlus1	10	17	12	nan
edgePlus1	10	17	13	4845873199050653696
edgePlus1	10	17	14	4845873199050653696
edgePlus1	10	17	15	4845873199050653696
edgePlus1	10	17	16	4845873199050653695
edgePlus1	10	17	17	4850376798678024192
edgePlus1	10	17	18	4850376798678024192
edgePlus1	10	17	19	4845873199050653696
edgePlus1	10	17	20	4845873199050653696
edgePlus1	11	18	0	4845873199050653697
edgePlus1	11	18	1	4845873199050653697
edgePlus1	11	18	2	4845873199050653697
edgePlus1	11	18	3	4845873199050653697
edgePlus1	11	18	4	4845873199050653697
edgePlus1	11	18	5	4845873199050653697
edgePlus1	11	18	6	4845873199050653697
edgePlus1	11	18	7	4845873199050653697
edgePlus1	11	18	8	9218868437227405311
edgePlus1	11	18	9	18442240474082181119
edgePlus1	11	18	10	9218868437227405312
edgePlus1	11	18	11	18442240474082181120
edgePlus1	11	18	12	nan
edgePlus1	11	18	13	4845873199050653697
edgePlus1	11	18	14	4845873199050653697
edgePlus1	11	18	15	4845873199050653698
edgePlus1	11	18	16	4845873199050653696
edgePlus1	11	18	17	4850376798678024192
edgePlus1	11	18	18	4850376798678024193
edgePlus1	11	18	19	4845873199050653697
edgePlus1	11	18	20	4845873199050653697
edgePlus1	12	19	0	3
edgePlus1	12	19	1	3
edgePlus1	12	19	2	4
edgePlus1	12	19	3	2
edgePlus1	12	19	4	4503599627370498
edgePlus1	12	19	5	9227875636482146300
edgePlus1	12	19	6	4503599627370499
edgePlus1	12	19	7	9227875636482146301
edgePlus1	12	19	8	9218868437227405311
edgePlus1	12	19	9	18442240474082181119
edgePlus1	12	19	10	9218868437227405312
edgePlus1	12	19	11	18442240474082181120
edgePlus1	12	19	12	nan
edgePlus1	12	19	13	4602678819172646912
edgePlus1	12	19	14	13826050856027422720
edgePlus1	12	19	15	4607182418800017408
edgePlus1	12	19	16	13830554455654793216
edgePlus1	12	19	17	4845873199050653696
edgePlus1	12	19	18	4845873199050653697
edgePlus1	12	19	19	6
edgePlus1	12	19	20	0
edgePlus1	13	20	0	9223372036854775811
edgePlus1	13	20	1	9223372036854775811
edgePlus1	13	20	2	9223372036854775810
edgePlus1	13	20	3	9223372036854775812
edgePlus1	13	20	4	4503599627370492
edgePlus1	13	20	5	9227875636482146306
edgePlus1	13	20	6	4503599627370493
edgePlus1	13	20	7	9227875636482146307
edgePlus1	13	20	8	9218868437227405311
edgePlus1	13	20	9	18442240474082181119
edgePlus1	13	20	10	9218868437227405312
edgePlus1	13	20	11	18442240474082181120
edgePlus1	13	20	12	nan
edgePlus1	13	20	13	4602678819172646912
edgePlus1	13	20	14	13826050856027422720
edgePlus1	13	20	15	4607182418800017408
edgePlus1	13	20	16	13830554455654793216
edgePlus1	13	20	17	4845873199050653696
edgePlus1	13	20	18	4845873199050653697
edgePlus1	13	20	19	0
edgePlus1	13	20	20	9223372036854775814
edgePlus1	14	0	0	0
edgePlus1	14	0	1	0
edgePlus1	14	0	2	1
edgePlus1	14	0	3	9223372036854775809
edgePlus1	14	0	4	4503599627370495
edgePlus1	14	0	5	9227875636482146303
edgePlus1	14	0	6	4503599627370496
edgePlus1	14	0	7	9227875636482146304
edgePlus1	14	0	8	9218868437227405311
edgePlus1	14	0	9	18442240474082181119
edgePlus1	14	0	10	9218868437227405312
edgePlus1	14	0	11	18442240474082181120
edgePlus1	14	0	12	nan
edgePlus1	14	0	13	4602678819172646912
edgePlus1	14	0	14	13826050856027422720
edgePlus1	14	0	15	4607182418800017408
edgePlus1	14	0	16	13830554455654793216
edgePlus1	14	0	17	4845873199050653696
edgePlus1	14	0	18	4845873199050653697
edgePlus1	14	0	19	3
edgePlus1	14	0	20	9223372036854775811
edgePlus1	15	1	0	0
edgePlus1	15	1	1	9223372036854775808
edgePlus1	15	1	2	1
edgePlus1	15	1	3	9223372036854775809
edgePlus1	15	1	4	4503599627370495
edgePlus1	15	1	5	9227875636482146303
edgePlus1	15	1	6	4503599627370496
edgePlus1	15	1	7	9227875636482146304
edgePlus1	15	1	8	9218868437227405311
edgePlus1	15	1	9	18442240474082181119
edgePlus1	15	1	10	9218868437227405312
edgePlus1	15	1	11	18442240474082181120
edgePlus1	15	1	12	nan
edgePlus1	15	1	13	4602678819172646912
edgePlus1	15	1	14	13826050856027422720
edgePlus1	15	1	15	4607182418800017408
edgePlus1	15	1	16	13830554455654793216
edgePlus1	15	1	17	4845873199050653696
edgePlus1	15	1	18	4845873199050653697
edgePlus1	15	1	19	3
edgePlus1	15	1	20	9223372036854775811
edgePlus1	16	2	0	1
edgePlus1	16	2	1	1
edgePlus1	16	2	2	2
edgePlus1	16	2	3	0
edgePlus1	16	2	4	4503599627370496
edgePlus1	16	2	5	9227875636482146302
edgePlus1	16	2	6	4503599627370497
edgePlus1	16	2	7	9227875636482146303
edgePlus1	16	2	8	9218868437227405311
edgePlus1	16	2	9	18442240474082181119
edgePlus1	16	2	10	9218868437227405312
edgePlus1	16	2	11	18442240474082181120
edgePlus1	16	2	12	nan
edgePlus1	16	2	13	4602678819172646912
edgePlus1	16	2	14	13826050856027422720
edgePlus1	16	2	15	4607182418800017408
edgePlus1	16	2	16	13830554455654793216
edgePlus1	16	2	17	4845873199050653696
edgePlus1	16	2	18	4845873199050653697
edgePlus1	16	2	19	4
edgePlus1	16	2	20	9223372036854775810
edgePlus1	17	3	0	9223372036854775809
edgePlus1	17	3	1	9223372036854775809
edgePlus1	17	3	2	0
edgePlus1	17	3	3	9223372036854775810
edgePlus1	17	3	4	4503599627370494
edgePlus1	17	3	5	9227875636482146304
edgePlus1	17	3	6	4503599627370495
edgePlus1	17	3	7	9227875636482146305
edgePlus1	17	3	8	9218868437227405311
edgePlus1	17	3	9	18442240474082181119
edgePlus1	17	3	10	9218868437227405312
edgePlus1	17	3	11	18442240474082181120
edgePlus1	17	3	12	nan
edgePlus1	17	3	13	4602678819172646912
edgePlus1	17	3	14	13826050856027422720
edgePlus1	17	3	15	4607182418800017408
edgePlus1	17	3	16	13830554455654793216
edgePlus1	17	3	17	4845873199050653696
edgePlus1	17	3	18	4845873199050653697
edgePlus1	17	3	19	2
edgePlus1	17	3	20	9223372036854775812
edgePlus1	18	4	0	4503599627370495
edgePlus1	18	4	1	4503599627370495
edgePlus1	18	4	2	4503599627370496
edgePlus1	18	4	3	4503599627370494
edgePlus1	18	4	4	9007199254740990
edgePlus1	18	4	5	0
edgePlus1	18	4	6	9007199254740991
edgePlus1	18	4	7	9223372036854775809
edgePlus1	18	4	8	9218868437227405311
edgePlus1	18	4	9	18442240474082181119
edgePlus1	18	4	10	9218868437227405312
edgePlus1	18	4	11	18442240474082181120
edgePlus1	18	4	12	nan
edgePlus1	18	4	13	4602678819172646912
edgePlus1	18	4	14	13826050856027422720
edgePlus1	18	4	15	4607182418800017408
edgePlus1	18	4	16	13830554455654793216
edgePlus1	18	4	17	4845873199050653696
edgePlus1	18	4	18	4845873199050653697
edgePlus1	18	4	19	4503599627370498
edgePlus1	18	4	20	4503599627370492
edgePlus1	19	5	0	9227875636482146303
edgePlus1	19	5	1	9227875636482146303
edgePlus1	19	5	2	9227875636482146302
edgePlus1	19	5	3	9227875636482146304
edgePlus1	19	5	4	0
edgePlus1	19	5	5	9232379236109516798
edgePlus1	19	5	6	1
edgePlus1	19	5	7	9232379236109516799
edgePlus1	19	5	8	9218868437227405311
edgePlus1	19	5	9	18442240474082181119
edgePlus1	19	5	10	9218868437227405312
edgePlus1	19	5	11	18442240474082181120
edgePlus1	19	5	12	nan
edgePlus1	19	5	13	4602678819172646912
edgePlus1	19	5	14	13826050856027422720
edgePlus1	19	5	15	4607182418800017408
edgePlus1	19	5	16	13830554455654793216
edgePlus1	19	5	17	4845873199050653696
edgePlus1	19	5	18	4845873199050653697
edgePlus1	19	5	19	9227875636482146300
edgePlus1	19	5	20	9227875636482146306
edgePlus1	20	6	0	4503599627370496
edgePlus1	20	6	1	4503599627370496
edgePlus1	20	6	2	4503599627370497
edgePlus1	20	6	3	4503599627370495
edgePlus1	20	6	4	9007199254740991
edgePlus1	20	6	5	1
edgePlus1	20	6	6	9007199254740992
edgePlus1	20	6	7	0
edgePlus1	20	6	8	9218868437227405311
edgePlus1	20	6	9	18442240474082181119
edgePlus1	20	6	10	9218868437227405312
edgePlus1	20	6	11	18442240474082181120
edgePlus1	20	6	12	nan
edgePlus1	20	6	13	4602678819172646912
edgePlus1	20	6	14	13826050856027422720
edgePlus1	20	6	15	4607182418800017408
edgePlus1	20	6	16	13830554455654793216
edgePlus1	20	6	17	4845873199050653696
edgePlus1	20	6	18	4845873199050653697
edgePlus1	20	6	19	4503599627370499
edgePlus1	20	6	20	4503599627370493
edgeMinus0	0	7	0	0
edgeMinus0	0	7	1	0
edgeMinus0	0	7	2	9223372036854775809
edgeMinus0	0	7	3	1
edgeMinus0	0	7	4	9227875636482146303
edgeMinus0	0	7	5	4503599627370495
edgeMinus0	0	7	6	9227875636482146304
edgeMinus0	0	7	7	4503599627370496
edgeMinus0	0	7	8	18442240474082181119
edgeMinus0	0	7	9	9218868437227405311
edgeMinus0	0	7	10	18442240474082181120
edgeMinus0	0	7	11	9218868437227405312
edgeMinus0	0	7	12	nan
edgeMinus0	0	7	13	13826050856027422720
edgeMinus0	0	7	14	4602678819172646912
edgeMinus0	0	7	15	13830554455654793216
edgeMinus0	0	7	16	4607182418800017408
edgeMinus0	0	7	17	14069245235905429504
edgeMinus0	0	7	18	14069245235905429505
edgeMinus0	0	7	19	9223372036854775811
edgeMinus0	0	7	20	3
edgeMinus0	1	8	0	9223372036854775808
edgeMinus0	1	8	1	0
edgeMinus0	1	8	2	9223372036854775809
edgeMinus0	1	8	3	1
edgeMinus0	1	8	4	9227875636482146303
edgeMinus0	1	8	5	4503599627370495
edgeMinus0	1	8	6	9227875636482146304
edgeMinus0	1	8	7	4503599627370496
edgeMinus0	1	8	8	18442240474082181119
edgeMinus0	1	8	9	9218868437227405311
edgeMinus0	1	8	10	18442240474082181120
edgeMinus0	1	8	11	9218868437227405312
edgeMinus0	1	8	12	nan
edgeMinus0	1	8	13	13826050856027422720
edgeMinus0	1	8	14	4602678819172646912
edgeMinus0	1	8	15	13830554455654793216
edgeMinus0	1	8	16	4607182418800017408
edgeMinus0	1	8	17	14069245235905429504
edgeMinus0	1	8	18	14069245235905429505
edgeMinus0	1	8	19	9223372036854775811
edgeMinus0	1	8	20	3
edgeMinus0	2	9	0	1
edgeMinus0	2	9	1	1
edgeMinus0	2	9	2	0
edgeMinus0	2	9	3	2
edgeMinus0	2	9	4	9227875636482146302
edgeMinus0	2	9	5	4503599627370496
edgeMinus0	2	9	6	9227875636482146303
edgeMinus0	2	9	7	4503599627370497
edgeMinus0	2	9	8	18442240474082181119
edgeMinus0	2	9	9	9218868437227405311
edgeMinus0	2	9	10	18442240474082181120
edgeMinus0	2	9	11	9218868437227405312
edgeMinus0	2	9	12	nan
edgeMinus0	2	9	13	13826050856027422720
edgeMinus0	2	9	14	4602678819172646912
edgeMinus0	2	9	15	13830554455654793216
edgeMinus0	2	9	16	4607182418800017408
edgeMinus0	2	9	17	14069245235905429504
edgeMinus0	2	9	18	14069245235905429505
edgeMinus0	2	9	19	9223372036854775810
edgeMinus0	2	9	20	4
edgeMinus0	3	10	0	9223372036854775809
edgeMinus0	3	10	1	9223372036854775809
edgeMinus0	3	10	2	9223372036854775810
edgeMinus0	3	10	3	0
edgeMinus0	3	10	4	9227875636482146304
edgeMinus0	3	10	5	4503599627370494
edgeMinus0	3	10	6	9227875636482146305
edgeMinus0	3	10	7	4503599627370495
edgeMinus0	3	10	8	18442240474082181119
edgeMinus0	3	10	9	9218868437227405311
edgeMinus0	3	10	10	18442240474082181120
edgeMinus0	3	10	11	9218868437227405312
edgeMinus0	3	10	12	nan
edgeMinus0	3	10	13	13826050856027422720
edgeMinus0	3	10	14	4602678819172646912
edgeMinus0	3	10	15	13830554455654793216
edgeMinus0	3	10	16	4607182418800017408
edgeMinus0	3	10	17	14069245235905429504
edgeMinus0	3	10	18	14069245235905429505
edgeMinus0	3	10	19	9223372036854775812
edgeMinus0	3	10	20	2
edgeMinus0	4	11	0	4503599627370495
edgeMinus0	4	11	1	4503599627370495
edgeMinus0	4	11	2	4503599627370494
edgeMinus0	4	11	3	4503599627370496
edgeMinus0	4	11	4	0
edgeMinus0	4	11	5	9007199254740990
edgeMinus0	4	11	6	9223372036854775809
edgeMinus0	4	11	7	9007199254740991
edgeMinus0	4	11	8	18442240474082181119
edgeMinus0	4	11	9	9218868437227405311
edgeMinus0	4	11	10	18442240474082181120
edgeMinus0	4	11	11	9218868437227405312
edgeMinus0	4	11	12	nan
edgeMinus0	4	11	13	13826050856027422720
edgeMinus0	4	11	14	4602678819172646912
edgeMinus0	4	11	15	13830554455654793216
edgeMinus0	4	11	16	4607182418800017408
edgeMinus0	4	11	17	14069245235905429504
edgeMinus0	4	11	18	14069245235905429505
edgeMinus0	4	11	19	4503599627370492
edgeMinus0	4	11	20	4503599627370498
edgeMinus0	5	12	0	9227875636482146303
edgeMinus0	5	12	1	9227875636482146303
edgeMinus0	5	12	2	9227875636482146304
edgeMinus0	5	12	3	9227875636482146302
edgeMinus0	5	12	4	9232379236109516798
edgeMinus0	5	12	5	0
edgeMinus0	5	12	6	9232379236109516799
edgeMinus0	5	12	7	1
edgeMinus0	5	12	8	18442240474082181119
edgeMinus0	5	12	9	9218868437227405311
edgeMinus0	5	12	10	18442240474082181120
edgeMinus0	5	12	11	9218868437227405312
edgeMinus0	5	12	12	nan
edgeMinus0	5	12	13	13826050856027422720
edgeMinus0	5	12	14	4602678819172646912
edgeMinus0	5	12	15	13830554455654793216
edgeMinus0	5	12	16	4607182418800017408
edgeMinus0	5	12	17	14069245235905429504
edgeMinus0	5	12	18	14069245235905429505
edgeMinus0	5	12	19	9227875636482146306
edgeMinus0	5	12	20	9227875636482146300
edgeMinus0	6	13	0	4503599627370496
edgeMinus0	6	13	1	4503599627370496
edgeMinus0	6	13	2	4503599627370495
edgeMinus0	6	13	3	4503599627370497
edgeMinus0	6	13	4	1
edgeMinus0	6	13	5	9007199254740991
edgeMinus0	6	13	6	0
edgeMinus0	6	13	7	9007199254740992
edgeMinus0	6	13	8	18442240474082181119
edgeMinus0	6	13	9	9218868437227405311
edgeMinus0	6	13	10	18442240474082181120
edgeMinus0	6	13	11	9218868437227405312
edgeMinus0	6	13	12	nan
edgeMinus0	6	13	13	13826050856027422720
edgeMinus0	6	13	14	4602678819172646912
edgeMinus0	6	13	15	13830554455654793216
edgeMinus0	6	13	16	4607182418800017408
edgeMinus0	6	13	17	14069245235905429504
edgeMinus0	6	13	18	14069245235905429505
edgeMinus0	6	13	19	4503599627370493
edgeMinus0	6	13	20	4503599627370499
edgeMinus0	7	14	0	9227875636482146304
edgeMinus0	7	14	1	9227875636482146304
edgeMinus0	7	14	2	9227875636482146305
edgeMinus0	7	14	3	9227875636482146303
edgeMinus0	7	14	4	9232379236109516799
edgeMinus0	7	14	5	9223372036854775809
edgeMinus0	7	14	6	9232379236109516800
edgeMinus0	7	14	7	0
edgeMinus0	7	14	8	18442240474082181119
edgeMinus0	7	14	9	9218868437227405311
edgeMinus0	7	14	10	18442240474082181120
edgeMinus0	7	14	11	9218868437227405312
edgeMinus0	7	14	12	nan
edgeMinus0	7	14	13	13826050856027422720
edgeMinus0	7	14	14	4602678819172646912
edgeMinus0	7	14	15	13830554455654793216
edgeMinus0	7	14	16	4607182418800017408
edgeMinus0	7	14	17	14069245235905429504
edgeMinus0	7	14	18	14069245235905429505
edgeMinus0	7	14	19	9227875636482146307
edgeMinus0	7	14	20	9227875636482146301
edgeMinus0	8	15	0	9218868437227405311
edgeMinus0	8	15	1	9218868437227405311
edgeMinus0	8	15	2	9218868437227405311
edgeMinus0	8	15	3	9218868437227405311
edgeMinus0	8	15	4	9218868437227405311
edgeMinus0	8	15	5	9218868437227405311
edgeMinus0	8	15	6	9218868437227405311
edgeMinus0	8	15	7	9218868437227405311
edgeMinus0	8	15	8	0
edgeMinus0	8	15	9	9218868437227405312
edgeMinus0	8	15	10	18442240474082181120
edgeMinus0	8	15	11	9218868437227405312
edgeMinus0	8	15	12	nan
edgeMinus0	8	15	13	9218868437227405311
edgeMinus0	8	15	14	9218868437227405311
edgeMinus0	8	15	15	9218868437227405311
edgeMinus0	8	15	16	9218868437227405311
edgeMinus0	8	15	17	9218868437227405311
edgeMinus0	8	15	18	9218868437227405311
edgeMinus0	8	15	19	9218868437227405311
edgeMinus0	8	15	20	9218868437227405311
edgeMinus0	9	16	0	18442240474082181119
edgeMinus0	9	16	1	18442240474082181119
edgeMinus0	9	16	2	18442240474082181119
edgeMinus0	9	16	3	18442240474082181119
edgeMinus0	9	16	4	18442240474082181119
edgeMinus0	9	16	5	18442240474082181119
edgeMinus0	9	16	6	18442240474082181119
edgeMinus0	9	16	7	18442240474082181119
edgeMinus0	9	16	8	18442240474082181120
edgeMinus0	9	16	9	0
edgeMinus0	9	16	10	18442240474082181120
edgeMinus0	9	16	11	9218868437227405312
edgeMinus0	9	16	12	nan
edgeMinus0	9	16	13	18442240474082181119
edgeMinus0	9	16	14	18442240474082181119
edgeMinus0	9	16	15	18442240474082181119
edgeMinus0	9	16	16	18442240474082181119
edgeMinus0	9	16	17	18442240474082181119
edgeMinus0	9	16	18	18442240474082181119
edgeMinus0	9	16	19	18442240474082181119
edgeMinus0	9	16	20	18442240474082181119
edgeMinus0	10	17	0	9218868437227405312
edgeMinus0	10	17	1	9218868437227405312
edgeMinus0	10	17	2	9218868437227405312
edgeMinus0	10	17	3	9218868437227405312
edgeMinus0	10	17	4	9218868437227405312
edgeMinus0	10	17	5	9218868437227405312
edgeMinus0	10	17	6	9218868437227405312
edgeMinus0	10	17	7	9218868437227405312
edgeMinus0	10	17	8	9218868437227405312
edgeMinus0	10	17	9	9218868437227405312
edgeMinus0	10	17	10	nan
edgeMinus0	10	17	11	9218868437227405312
edgeMinus0	10	17	12	nan
edgeMinus0	10	17	13	9218868437227405312
edgeMinus0	10	17	14	9218868437227405312
edgeMinus0	10	17	15	9218868437227405312
edgeMinus0	10	17	16	9218868437227405312
edgeMinus0	10	17	17	9218868437227405312
edgeMinus0	10	17	18	9218868437227405312
edgeMinus0	10	17	19	9218868437227405312
edgeMinus0	10	17	20	9218868437227405312
edgeMinus0	11	18	0	18442240474082181120
edgeMinus0	11	18	1	18442240474082181120
edgeMinus0	11	18	2	18442240474082181120
edgeMinus0	11	18	3	18442240474082181120
edgeMinus0	11	18	4	18442240474082181120
edgeMinus0	11	18	5	18442240474082181120
edgeMinus0	11	18	6	18442240474082181120
edgeMinus0	11	18	7	18442240474082181120
edgeMinus0	11	18	8	18442240474082181120
edgeMinus0	11	18	9	18442240474082181120
edgeMinus0	11	18	10	18442240474082181120
edgeMinus0	11	18	11	nan
edgeMinus0	11	18	12	nan
edgeMinus0	11	18	13	18442240474082181120
edgeMinus0	11	18	14	18442240474082181120
edgeMinus0	11	18	15	18442240474082181120
edgeMinus0	11	18	16	18442240474082181120
edgeMinus0	11	18	17	18442240474082181120
edgeMinus0	11	18	18	18442240474082181120
edgeMinus0	11	18	19	18442240474082181120
edgeMinus0	11	18	20	18442240474082181120
edgeMinus0	12	19	0	nan
edgeMinus0	12	19	1	nan
edgeMinus0	12	19	2	nan
edgeMinus0	12	19	3	nan
edgeMinus0	12	19	4	nan
edgeMinus0	12	19	5	nan
edgeMinus0	12	19	6	nan
edgeMinus0	12	19	7	nan
edgeMinus0	12	19	8	nan
edgeMinus0	12	19	9	nan
edgeMinus0	12	19	10	nan
edgeMinus0	12	19	11	nan
edgeMinus0	12	19	12	nan
edgeMinus0	12	19	13	nan
edgeMinus0	12	19	14	nan
edgeMinus0	12	19	15	nan
edgeMinus0	12	19	16	nan
edgeMinus0	12	19	17	nan
edgeMinus0	12	19	18	nan
edgeMinus0	12	19	19	nan
edgeMinus0	12	19	20	nan
edgeMinus0	13	20	0	4602678819172646912
edgeMinus0	13	20	1	4602678819172646912
edgeMinus0	13	20	2	4602678819172646912
edgeMinus0	13	20	3	4602678819172646912
edgeMinus0	13	20	4	4602678819172646912
edgeMinus0	13	20	5	4602678819172646912
edgeMinus0	13	20	6	4602678819172646912
edgeMinus0	13	20	7	4602678819172646912
edgeMinus0	13	20	8	18442240474082181119
edgeMinus0	13	20	9	9218868437227405311
edgeMinus0	13	20	10	18442240474082181120
edgeMinus0	13	20	11	9218868437227405312
edgeMinus0	13	20	12	nan
edgeMinus0	13	20	13	0
edgeMinus0	13	20	14	4607182418800017408
edgeMinus0	13	20	15	13826050856027422720
edgeMinus0	13	20	16	4609434218613702656
edgeMinus0	13	20	17	14069245235905429504
edgeMinus0	13	20	18	14069245235905429505
edgeMinus0	13	20	19	4602678819172646912
edgeMinus0	13	20	20	4602678819172646912
edgeMinus0	14	0	0	13826050856027422720
edgeMinus0	14	0	1	13826050856027422720
edgeMinus0	14	0	2	13826050856027422720
edgeMinus0	14	0	3	13826050856027422720
edgeMinus0	14	0	4	13826050856027422720
edgeMinus0	14	0	5	13826050856027422720
edgeMinus0	14	0	6	13826050856027422720
edgeMinus0	14	0	7	13826050856027422720
edgeMinus0	14	0	8	18442240474082181119
edgeMinus0	14	0	9	9218868437227405311
edgeMinus0	14	0	10	18442240474082181120
edgeMinus0	14	0	11	9218868437227405312
edgeMinus0	14	0	12	nan
edgeMinus0	14	0	13	13830554455654793216
edgeMinus0	14	0	14	0
edgeMinus0	14	0	15	13832806255468478464
edgeMinus0	14	0	16	4602678819172646912
edgeMinus0	14	0	17	14069245235905429504
edgeMinus0	14	0	18	14069245235905429505
edgeMinus0	14	0	19	13826050856027422720
edgeMinus0	14	0	20	13826050856027422720
edgeMinus0	15	1	0	4607182418800017408
edgeMinus0	15	1	1	4607182418800017408
edgeMinus0	15	1	2	4607182418800017408
edgeMinus0	15	1	3	4607182418800017408
edgeMinus0	15	1	4	4607182418800017408
edgeMinus0	15	1	5	4607182418800017408
edgeMinus0	15	1	6	4607182418800017408
edgeMinus0	15	1	7	4607182418800017408
edgeMinus0	15	1	8	18442240474082181119
edgeMinus0	15	1	9	9218868437227405311
edgeMinus0	15	1	10	18442240474082181120
edgeMinus0	15	1	11	9218868437227405312
edgeMinus0	15	1	12	nan
edgeMinus0	15	1	13	4602678819172646912
edgeMinus0	15	1	14	4609434218613702656
edgeMinus0	15	1	15	0
edgeMinus0	15	1	16	4611686018427387904
edgeMinus0	15	1	17	14069245235905429503
edgeMinus0	15	1	18	14069245235905429504
edgeMinus0	15	1	19	4607182418800017408
edgeMinus0	15	1	20	4607182418800017408
edgeMinus0	16	2	0	13830554455654793216
edgeMinus0	16	2	1	13830554455654793216
edgeMinus0	16	2	2	13830554455654793216
edgeMinus0	16	2	3	13830554455654793216
edgeMinus0	16	2	4	13830554455654793216
edgeMinus0	16	2	5	13830554455654793216
edgeMinus0	16	2	6	13830554455654793216
edgeMinus0	16	2	7	13830554455654793216
edgeMinus0	16	2	8	18442240474082181119
edgeMinus0	16	2	9	9218868437227405311
edgeMinus0	16	2	10	18442240474082181120
edgeMinus0	16	2	11	9218868437227405312
edgeMinus0	16	2	12	nan
edgeMinus0	16	2	13	13832806255468478464
edgeMinus0	16	2	14	13826050856027422720
edgeMinus0	16	2	15	13835058055282163712
edgeMinus0	16	2	16	0
edgeMinus0	16	2	17	14069245235905429504
edgeMinus0	16	2	18	14069245235905429506
edgeMinus0	16	2	19	13830554455654793216
edgeMinus0	16	2	20	13830554455654793216
edgeMinus0	17	3	0	4845873199050653696
edgeMinus0	17	3	1	4845873199050653696
edgeMinus0	17	3	2	4845873199050653696
edgeMinus0	17	3	3	4845873199050653696
edgeMinus0	17	3	4	4845873199050653696
edgeMinus0	17	3	5	4845873199050653696
edgeMinus0	17	3	6	4845873199050653696
edgeMinus0	17	3	7	4845873199050653696
edgeMinus0	17	3	8	18442240474082181119
edgeMinus0	17	3	9	9218868437227405311
edgeMinus0	17	3	10	18442240474082181120
edgeMinus0	17	3	11	9218868437227405312
edgeMinus0	17	3	12	nan
edgeMinus0	17	3	13	4845873199050653696
edgeMinus0	17	3	14	4845873199050653696
edgeMinus0	17	3	15	4845873199050653695
edgeMinus0	17	3	16	4845873199050653696
edgeMinus0	17	3	17	0
edgeMinus0	17	3	18	13835058055282163712
edgeMinus0	17	3	19	4845873199050653696
edgeMinus0	17	3	20	4845873199050653696
edgeMinus0	18	4	0	4845873199050653697
edgeMinus0	18	4	1	4845873199050653697
edgeMinus0	18	4	2	4845873199050653697
edgeMinus0	18	4	3	4845873199050653697
edgeMinus0	18	4	4	4845873199050653697
edgeMinus0	18	4	5	4845873199050653697
edgeMinus0	18	4	6	4845873199050653697
edgeMinus0	18	4	7	4845873199050653697
edgeMinus0	18	4	8	18442240474082181119
edgeMinus0	18	4	9	9218868437227405311
edgeMinus0	18	4	10	18442240474082181120
edgeMinus0	18	4	11	9218868437227405312
edgeMinus0	18	4	12	nan
edgeMinus0	18	4	13	4845873199050653697
edgeMinus0	18	4	14	4845873199050653697
edgeMinus0	18	4	15	4845873199050653696
edgeMinus0	18	4	16	4845873199050653698
edgeMinus0	18	4	17	4611686018427387904
edgeMinus0	18	4	18	0
edgeMinus0	18	4	19	4845873199050653697
edgeMinus0	18	4	20	4845873199050653697
edgeMinus0	19	5	0	3
edgeMinus0	19	5	1	3
edgeMinus0	19	5	2	2
edgeMinus0	19	5	3	4
edgeMinus0	19	5	4	9227875636482146300
edgeMinus0	19	5	5	4503599627370498
edgeMinus0	19	5	6	9227875636482146301
edgeMinus0	19	5	7	4503599627370499
edgeMinus0	19	5	8	18442240474082181119
edgeMinus0	19	5	9	9218868437227405311
edgeMinus0	19	5	10	18442240474082181120
edgeMinus0	19	5	11	9218868437227405312
edgeMinus0	19	5	12	nan
edgeMinus0	19	5	13	13826050856027422720
edgeMinus0	19	5	14	4602678819172646912
edgeMinus0	19	5	15	13830554455654793216
edgeMinus0	19	5	16	4607182418800017408
edgeMinus0	19	5	17	14069245235905429504
edgeMinus0	19	5	18	14069245235905429505
edgeMinus0	19	5	19	0
edgeMinus0	19	5	20	6
edgeMinus0	20	6	0	9223372036854775811
edgeMinus0	20	6	1	9223372036854775811
edgeMinus0	20	6	2	9223372036854775812
edgeMinus0	20	6	3	9223372036854775810
edgeMinus0	20	6	4	9227875636482146306
edgeMinus0	20	6	5	4503599627370492
edgeMinus0	20	6	6	9227875636482146307
edgeMinus0	20	6	7	4503599627370493
edgeMinus0	20	6	8	18442240474082181119
edgeMinus0	20	6	9	9218868437227405311
edgeMinus0	20	6	10	18442240474082181120
edgeMinus0	20	6	11	9218868437227405312
edgeMinus0	20	6	12	nan
edgeMinus0	20	6	13	13826050856027422720
edgeMinus0	20	6	14	4602678819172646912
edgeMinus0	20	6	15	13830554455654793216
edgeMinus0	20	6	16	4607182418800017408
edgeMinus0	20	6	17	14069245235905429504
edgeMinus0	20	6	18	14069245235905429505
edgeMinus0	20	6	19	9223372036854775814
edgeMinus0	20	6	20	0
edgeMinus1	0	7	0	9227875636482146304
edgeMinus1	0	7	1	9227875636482146304
edgeMinus1	0	7	2	9227875636482146305
edgeMinus1	0	7	3	9227875636482146303
edgeMinus1	0	7	4	9232379236109516799
edgeMinus1	0	7	5	9223372036854775809
edgeMinus1	0	7	6	9232379236109516800
edgeMinus1	0	7	7	0
edgeMinus1	0	7	8	18442240474082181119
edgeMinus1	0	7	9	9218868437227405311
edgeMinus1	0	7	10	18442240474082181120
edgeMinus1	0	7	11	9218868437227405312
edgeMinus1	0	7	12	nan
edgeMinus1	0	7	13	13826050856027422720
edgeMinus1	0	7	14	4602678819172646912
edgeMinus1	0	7	15	13830554455654793216
edgeMinus1	0	7	16	4607182418800017408
edgeMinus1	0	7	17	14069245235905429504
edgeMinus1	0	7	18	14069245235905429505
edgeMinus1	0	7	19	9227875636482146307
edgeMinus1	0	7	20	9227875636482146301
edgeMinus1	1	8	0	9218868437227405311
edgeMinus1	1	8	1	9218868437227405311
edgeMinus1	1	8	2	9218868437227405311
edgeMinus1	1	8	3	9218868437227405311
edgeMinus1	1	8	4	9218868437227405311
edgeMinus1	1	8	5	9218868437227405311
edgeMinus1	1	8	6	9218868437227405311
edgeMinus1	1	8	7	9218868437227405311
edgeMinus1	1	8	8	0
edgeMinus1	1	8	9	9218868437227405312
edgeMinus1	1	8	10	18442240474082181120
edgeMinus1	1	8	11	9218868437227405312
edgeMinus1	1	8	12	nan
edgeMinus1	1	8	13	9218868437227405311
edgeMinus1	1	8	14	9218868437227405311
edgeMinus1	1	8	15	9218868437227405311
edgeMinus1	1	8	16	9218868437227405311
edgeMinus1	1	8	17	9218868437227405311
edgeMinus1	1	8	18	9218868437227405311
edgeMinus1	1	8	19	9218868437227405311
edgeMinus1	1	8	20	9218868437227405311
edgeMinus1	2	9	0	18442240474082181119
edgeMinus1	2	9	1	18442240474082181119
edgeMinus1	2	9	2	18442240474082181119
edgeMinus1	2	9	3	18442240474082181119
edgeMinus1	2	9	4	18442240474082181119
edgeMinus1	2	9	5	18442240474082181119
edgeMinus1	2	9	6	18442240474082181119
edgeMinus1	2	9	7	18442240474082181119
edgeMinus1	2	9	8	18442240474082181120
edgeMinus1	2	9	9	0
edgeMinus1	2	9	10	18442240474082181120
edgeMinus1	2	9	11	9218868437227405312
edgeMinus1	2	9	12	nan
edgeMinus1	2	9	13	18442240474082181119
edgeMinus1	2	9	14	18442240474082181119
edgeMinus1	2	9	15	18442240474082181119
edgeMinus1	2	9	16	18442240474082181119
edgeMinus1	2	9	17	18442240474082181119
edgeMinus1	2	9	18	18442240474082181119
edgeMinus1	2	9	19	18442240474082181119
edgeMinus1	2	9	20	18442240474082181119
edgeMinus1	3	10	0	9218868437227405312
edgeMinus1	3	10	1	9218868437227405312
edgeMinus1	3	10	2	9218868437227405312
edgeMinus1	3	10	3	9218868437227405312
edgeMinus1	3	10	4	9218868437227405312
edgeMinus1	3	10	5	9218868437227405312
edgeMinus1	3	10	6	9218868437227405312
edgeMinus1	3	10	7	9218868437227405312
edgeMinus1	3	10	8	9218868437227405312
edgeMinus1	3	10	9	9218868437227405312
edgeMinus1	3	10	10	nan
edgeMinus1	3	10	11	9218868437227405312
edgeMinus1	3	10	12	nan
edgeMinus1	3	10	13	9218868437227405312
edgeMinus1	3	10	14	9218868437227405312
edgeMinus1	3	10	15	9218868437227405312
edgeMinus1	3	10	16	9218868437227405312
edgeMinus1	3	10	17	9218868437227405312
edgeMinus1	3	10	18	9218868437227405312
edgeMinus1	3	10	19	9218868437227405312
edgeMinus1	3	10	20	9218868437227405312
edgeMinus1	4	11	0	18442240474082181120
edgeMinus1	4	11	1	18442240474082181120
edgeMinus1	4	11	2	18442240474082181120
edgeMinus1	4	11	3	18442240474082181120
edgeMinus1	4	11	4	18442240474082181120
edgeMinus1	4	11	5	18442240474082181120
edgeMinus1	4	11	6	18442240474082181120
edgeMinus1	4	11	7	18442240474082181120
edgeMinus1	4	11	8	18442240474082181120
edgeMinus1	4	11	9	18442240474082181120
edgeMinus1	4	11	10	18442240474082181120
edgeMinus1	4	11	11	nan
edgeMinus1	4	11	12	nan
edgeMinus1	4	11	13	18442240474082181120
edgeMinus1	4	11	14	18442240474082181120
edgeMinus1	4	11	15	18442240474082181120
edgeMinus1	4	11	16	18442240474082181120
edgeMinus1	4	11	17	18442240474082181120
edgeMinus1	4	11	18	18442240474082181120
edgeMinus1	4	11	19	18442240474082181120
edgeMinus1	4	11	20	18442240474082181120
edgeMinus1	5	12	0	nan
edgeMinus1	5	12	1	nan
edgeMinus1	5	12	2	nan
edgeMinus1	5	12	3	nan
edgeMinus1	5	12	4	nan
edgeMinus1	5	12	5	nan
edgeMinus1	5	12	6	nan
edgeMinus1	5	12	7	nan
edgeMinus1	5	12	8	nan
edgeMinus1	5	12	9	nan
edgeMinus1	5	12	10	nan
edgeMinus1	5	12	11	nan
edgeMinus1	5	12	12	nan
edgeMinus1	5	12	13	nan
edgeMinus1	5	12	14	nan
edgeMinus1	5	12	15	nan
edgeMinus1	5	12	16	nan
edgeMinus1	5	12	17	nan
edgeMinus1	5	12	18	nan
edgeMinus1	5	12	19	nan
edgeMinus1	5	12	20	nan
edgeMinus1	6	13	0	4602678819172646912
edgeMinus1	6	13	1	4602678819172646912
edgeMinus1	6	13	2	4602678819172646912
edgeMinus1	6	13	3	4602678819172646912
edgeMinus1	6	13	4	4602678819172646912
edgeMinus1	6	13	5	4602678819172646912
edgeMinus1	6	13	6	4602678819172646912
edgeMinus1	6	13	7	4602678819172646912
edgeMinus1	6	13	8	18442240474082181119
edgeMinus1	6	13	9	9218868437227405311
edgeMinus1	6	13	10	18442240474082181120
edgeMinus1	6	13	11	9218868437227405312
edgeMinus1	6	13	12	nan
edgeMinus1	6	13	13	0
edgeMinus1	6	13	14	4607182418800017408
edgeMinus1	6	13	15	13826050856027422720
edgeMinus1	6	13	16	4609434218613702656
edgeMinus1	6	13	17	14069245235905429504
edgeMinus1	6	13	18	14069245235905429505
edgeMinus1	6	13	19	4602678819172646912
edgeMinus1	6	13	20	4602678819172646912
edgeMinus1	7	14	0	13826050856027422720
edgeMinus1	7	14	1	13826050856027422720
edgeMinus1	7	14	2	13826050856027422720
edgeMinus1	7	14	3	13826050856027422720
edgeMinus1	7	14	4	13826050856027422720
edgeMinus1	7	14	5	13826050856027422720
edgeMinus1	7	14	6	13826050856027422720
edgeMinus1	7	14	7	13826050856027422720
edgeMinus1	7	14	8	18442240474082181119
edgeMinus1	7	14	9	9218868437227405311
edgeMinus1	7	14	10	18442240474082181120
edgeMinus1	7	14	11	9218868437227405312
edgeMinus1	7	14	12	nan
edgeMinus1	7	14	13	13830554455654793216
edgeMinus1	7	14	14	0
edgeMinus1	7	14	15	13832806255468478464
edgeMinus1	7	14	16	4602678819172646912
edgeMinus1	7	14	17	14069245235905429504
edgeMinus1	7	14	18	14069245235905429505
edgeMinus1	7	14	19	13826050856027422720
edgeMinus1	7	14	20	13826050856027422720
edgeMinus1	8	15	0	4607182418800017408
edgeMinus1	8	15	1	4607182418800017408
edgeMinus1	8	15	2	4607182418800017408
edgeMinus1	8	15	3	4607182418800017408
edgeMinus1	8	15	4	4607182418800017408
edgeMinus1	8	15	5	4607182418800017408
edgeMinus1	8	15	6	4607182418800017408
edgeMinus1	8	15	7	4607182418800017408
edgeMinus1	8	15	8	18442240474082181119
edgeMinus1	8	15	9	9218868437227405311
edgeMinus1	8	15	10	18442240474082181120
edgeMinus1	8	15	11	9218868437227405312
edgeMinus1	8	15	12	nan
edgeMinus1	8	15	13	4602678819172646912
edgeMinus1	8	15	14	4609434218613702656
edgeMinus1	8	15	15	0
edgeMinus1	8	15	16	4611686018427387904
edgeMinus1	8	15	17	14069245235905429503
edgeMinus1	8	15	18	14069245235905429504
edgeMinus1	8	15	19	4607182418800017408
edgeMinus1	8	15	20	4607182418800017408
edgeMinus1	9	16	0	13830554455654793216
edgeMinus1	9	16	1	13830554455654793216
edgeMinus1	9	16	2	13830554455654793216
edgeMinus1	9	16	3	13830554455654793216
edgeMinus1	9	16	4	13830554455654793216
edgeMinus1	9	16	5	13830554455654793216
edgeMinus1	9	16	6	13830554455654793216
edgeMinus1	9	16	7	13830554455654793216
edgeMinus1	9	16	8	18442240474082181119
edgeMinus1	9	16	9	9218868437227405311
edgeMinus1	9	16	10	18442240474082181120
edgeMinus1	9	16	11	9218868437227405312
edgeMinus1	9	16	12	nan
edgeMinus1	9	16	13	13832806255468478464
edgeMinus1	9	16	14	13826050856027422720
edgeMinus1	9	16	15	13835058055282163712
edgeMinus1	9	16	16	0
edgeMinus1	9	16	17	14069245235905429504
edgeMinus1	9	16	18	14069245235905429506
edgeMinus1	9	16	19	13830554455654793216
edgeMinus1	9	16	20	13830554455654793216
edgeMinus1	10	17	0	4845873199050653696
edgeMinus1	10	17	1	4845873199050653696
edgeMinus1	10	17	2	4845873199050653696
edgeMinus1	10	17	3	4845873199050653696
edgeMinus1	10	17	4	4845873199050653696
edgeMinus1	10	17	5	4845873199050653696
edgeMinus1	10	17	6	4845873199050653696
edgeMinus1	10	17	7	4845873199050653696
edgeMinus1	10	17	8	18442240474082181119
edgeMinus1	10	17	9	9218868437227405311
edgeMinus1	10	17	10	18442240474082181120
edgeMinus1	10	17	11	9218868437227405312
edgeMinus1	10	17	12	nan
edgeMinus1	10	17	13	4845873199050653696
edgeMinus1	10	17	14	4845873199050653696
edgeMinus1	10	17	15	4845873199050653695
edgeMinus1	10	17	16	4845873199050653696
edgeMinus1	10	17	17	0
edgeMinus1	10	17	18	13835058055282163712
edgeMinus1	10	17	19	4845873199050653696
edgeMinus1	10	17	20	4845873199050653696
edgeMinus1	11	18	0	4845873199050653697
edgeMinus1	11	18	1	4845873199050653697
edgeMinus1	11	18	2	4845873199050653697
edgeMinus1	11	18	3	4845873199050653697
edgeMinus1	11	18	4	4845873199050653697
edgeMinus1	11	18	5	4845873199050653697
edgeMinus1	11	18	6	4845873199050653697
edgeMinus1	11	18	7	4845873199050653697
edgeMinus1	11	18	8	18442240474082181119
edgeMinus1	11	18	9	9218868437227405311
edgeMinus1	11	18	10	18442240474082181120
edgeMinus1	11	18	11	9218868437227405312
edgeMinus1	11	18	12	nan
edgeMinus1	11	18	13	4845873199050653697
edgeMinus1	11	18	14	4845873199050653697
edgeMinus1	11	18	15	4845873199050653696
edgeMinus1	11	18	16	4845873199050653698
edgeMinus1	11	18	17	4611686018427387904
edgeMinus1	11	18	18	0
edgeMinus1	11	18	19	4845873199050653697
edgeMinus1	11	18	20	4845873199050653697
edgeMinus1	12	19	0	3
edgeMinus1	12	19	1	3
edgeMinus1	12	19	2	2
edgeMinus1	12	19	3	4
edgeMinus1	12	19	4	9227875636482146300
edgeMinus1	12	19	5	4503599627370498
edgeMinus1	12	19	6	9227875636482146301
edgeMinus1	12	19	7	4503599627370499
edgeMinus1	12	19	8	18442240474082181119
edgeMinus1	12	19	9	9218868437227405311
edgeMinus1	12	19	10	18442240474082181120
edgeMinus1	12	19	11	9218868437227405312
edgeMinus1	12	19	12	nan
edgeMinus1	12	19	13	13826050856027422720
edgeMinus1	12	19	14	4602678819172646912
edgeMinus1	12	19	15	13830554455654793216
edgeMinus1	12	19	16	4607182418800017408
edgeMinus1	12	19	17	14069245235905429504
edgeMinus1	12	19	18	14069245235905429505
edgeMinus1	12	19	19	0
edgeMinus1	12	19	20	6
edgeMinus1	13	20	0	9223372036854775811
edgeMinus1	13	20	1	9223372036854775811
edgeMinus1	13	20	2	9223372036854775812
edgeMinus1	13	20	3	9223372036854775810
edgeMinus1	13	20	4	9227875636482146306
edgeMinus1	13	20	5	4503599627370492
edgeMinus1	13	20	6	9227875636482146307
edgeMinus1	13	20	7	4503599627370493
edgeMinus1	13	20	8	18442240474082181119
edgeMinus1	13	20	9	9218868437227405311
edgeMinus1	13	20	10	18442240474082181120
edgeMinus1	13	20	11	9218868437227405312
edgeMinus1	13	20	12	nan
edgeMinus1	13	20	13	13826050856027422720
edgeMinus1	13	20	14	4602678819172646912
edgeMinus1	13	20	15	13830554455654793216
edgeMinus1	13	20	16	4607182418800017408
edgeMinus1	13	20	17	14069245235905429504
edgeMinus1	13	20	18	14069245235905429505
edgeMinus1	13	20	19	9223372036854775814
edgeMinus1	13	20	20	0
edgeMinus1	14	0	0	0
edgeMinus1	14	0	1	0
edgeMinus1	14	0	2	9223372036854775809
edgeMinus1	14	0	3	1
edgeMinus1	14	0	4	9227875636482146303
edgeMinus1	14	0	5	4503599627370495
edgeMinus1	14	0	6	9227875636482146304
edgeMinus1	14	0	7	4503599627370496
edgeMinus1	14	0	8	18442240474082181119
edgeMinus1	14	0	9	9218868437227405311
edgeMinus1	14	0	10	18442240474082181120
edgeMinus1	14	0	11	9218868437227405312
edgeMinus1	14	0	12	nan
edgeMinus1	14	0	13	13826050856027422720
edgeMinus1	14	0	14	4602678819172646912
edgeMinus1	14	0	15	13830554455654793216
edgeMinus1	14	0	16	4607182418800017408
edgeMinus1	14	0	17	14069245235905429504
edgeMinus1	14	0	18	14069245235905429505
edgeMinus1	14	0	19	9223372036854775811
edgeMinus1	14	0	20	3
edgeMinus1	15	1	0	9223372036854775808
edgeMinus1	15	1	1	0
edgeMinus1	15	1	2	9223372036854775809
edgeMinus1	15	1	3	1
edgeMinus1	15	1	4	9227875636482146303
edgeMinus1	15	1	5	4503599627370495
edgeMinus1	15	1	6	9227875636482146304
edgeMinus1	15	1	7	4503599627370496
edgeMinus1	15	1	8	18442240474082181119
edgeMinus1	15	1	9	9218868437227405311
edgeMinus1	15	1	10	18442240474082181120
edgeMinus1	15	1	11	9218868437227405312
edgeMinus1	15	1	12	nan
edgeMinus1	15	1	13	13826050856027422720
edgeMinus1	15	1	14	4602678819172646912
edgeMinus1	15	1	15	13830554455654793216
edgeMinus1	15	1	16	4607182418800017408
edgeMinus1	15	1	17	14069245235905429504
edgeMinus1	15	1	18	14069245235905429505
edgeMinus1	15	1	19	9223372036854775811
edgeMinus1	15	1	20	3
edgeMinus1	16	2	0	1
edgeMinus1	16	2	1	1
edgeMinus1	16	2	2	0
edgeMinus1	16	2	3	2
edgeMinus1	16	2	4	9227875636482146302
edgeMinus1	16	2	5	4503599627370496
edgeMinus1	16	2	6	9227875636482146303
edgeMinus1	16	2	7	4503599627370497
edgeMinus1	16	2	8	18442240474082181119
edgeMinus1	16	2	9	9218868437227405311
edgeMinus1	16	2	10	18442240474082181120
edgeMinus1	16	2	11	9218868437227405312
edgeMinus1	16	2	12	nan
edgeMinus1	16	2	13	13826050856027422720
edgeMinus1	16	2	14	4602678819172646912
edgeMinus1	16	2	15	13830554455654793216
edgeMinus1	16	2	16	4607182418800017408
edgeMinus1	16	2	17	14069245235905429504
edgeMinus1	16	2	18	14069245235905429505
edgeMinus1	16	2	19	9223372036854775810
edgeMinus1	16	2	20	4
edgeMinus1	17	3	0	9223372036854775809
edgeMinus1	17	3	1	9223372036854775809
edgeMinus1	17	3	2	9223372036854775810
edgeMinus1	17	3	3	0
edgeMinus1	17	3	4	9227875636482146304
edgeMinus1	17	3	5	4503599627370494
edgeMinus1	17	3	6	9227875636482146305
edgeMinus1	17	3	7	4503599627370495
edgeMinus1	17	3	8	18442240474082181119
edgeMinus1	17	3	9	9218868437227405311
edgeMinus1	17	3	10	18442240474082181120
edgeMinus1	17	3	11	9218868437227405312
edgeMinus1	17	3	12	nan
edgeMinus1	17	3	13	13826050856027422720
edgeMinus1	17	3	14	4602678819172646912
edgeMinus1	17	3	15	13830554455654793216
edgeMinus1	17	3	16	4607182418800017408
edgeMinus1	17	3	17	14069245235905429504
edgeMinus1	17	3	18	14069245235905429505
edgeMinus1	17	3	19	9223372036854775812
edgeMinus1	17	3	20	2
edgeMinus1	18	4	0	4503599627370495
edgeMinus1	18	4	1	4503599627370495
edgeMinus1	18	4	2	4503599627370494
edgeMinus1	18	4	3	4503599627370496
edgeMinus1	18	4	4	0
edgeMinus1	18	4	5	9007199254740990
edgeMinus1	18	4	6	9223372036854775809
edgeMinus1	18	4	7	9007199254740991
edgeMinus1	18	4	8	18442240474082181119
edgeMinus1	18	4	9	9218868437227405311
edgeMinus1	18	4	10	18442240474082181120
edgeMinus1	18	4	11	9218868437227405312
edgeMinus1	18	4	12	nan
edgeMinus1	18	4	13	13826050856027422720
edgeMinus1	18	4	14	4602678819172646912
edgeMinus1	18	4	15	13830554455654793216
edgeMinus1	18	4	16	4607182418800017408
edgeMinus1	18	4	17	14069245235905429504
edgeMinus1	18	4	18	14069245235905429505
edgeMinus1	18	4	19	4503599627370492
edgeMinus1	18	4	20	4503599627370498
edgeMinus1	19	5	0	9227875636482146303
edgeMinus1	19	5	1	9227875636482146303
edgeMinus1	19	5	2	9227875636482146304
edgeMinus1	19	5	3	9227875636482146302
edgeMinus1	19	5	4	9232379236109516798
edgeMinus1	19	5	5	0
edgeMinus1	19	5	6	9232379236109516799
edgeMinus1	19	5	7	1
edgeMinus1	19	5	8	18442240474082181119
edgeMinus1	19	5	9	9218868437227405311
edgeMinus1	19	5	10	18442240474082181120
edgeMinus1	19	5	11	9218868437227405312
edgeMinus1	19	5	12	nan
edgeMinus1	19	5	13	13826050856027422720
edgeMinus1	19	5	14	4602678819172646912
edgeMinus1	19	5	15	13830554455654793216
edgeMinus1	19	5	16	4607182418800017408
edgeMinus1	19	5	17	14069245235905429504
edgeMinus1	19	5	18	14069245235905429505
edgeMinus1	19	5	19	9227875636482146306
edgeMinus1	19	5	20	9227875636482146300
edgeMinus1	20	6	0	4503599627370496
edgeMinus1	20	6	1	4503599627370496
edgeMinus1	20	6	2	4503599627370495
edgeMinus1	20	6	3	4503599627370497
edgeMinus1	20	6	4	1
edgeMinus1	20	6	5	9007199254740991
edgeMinus1	20	6	6	0
edgeMinus1	20	6	7	9007199254740992
edgeMinus1	20	6	8	18442240474082181119
edgeMinus1	20	6	9	9218868437227405311
edgeMinus1	20	6	10	18442240474082181120
edgeMinus1	20	6	11	9218868437227405312
edgeMinus1	20	6	12	nan
edgeMinus1	20	6	13	13826050856027422720
edgeMinus1	20	6	14	4602678819172646912
edgeMinus1	20	6	15	13830554455654793216
edgeMinus1	20	6	16	4607182418800017408
edgeMinus1	20	6	17	14069245235905429504
edgeMinus1	20	6	18	14069245235905429505
edgeMinus1	20	6	19	4503599627370493
edgeMinus1	20	6	20	4503599627370499
edgeTimes0	0	7	0	0
edgeTimes0	0	7	1	9223372036854775808
edgeTimes0	0	7	2	0
edgeTimes0	0	7	3	9223372036854775808
edgeTimes0	0	7	4	0
edgeTimes0	0	7	5	9223372036854775808
edgeTimes0	0	7	6	0
edgeTimes0	0	7	7	9223372036854775808
edgeTimes0	0	7	8	0
edgeTimes0	0	7	9	9223372036854775808
edgeTimes0	0	7	10	nan
edgeTimes0	0	7	11	nan
edgeTimes0	0	7	12	nan
edgeTimes0	0	7	13	0
edgeTimes0	0	7	14	9223372036854775808
edgeTimes0	0	7	15	0
edgeTimes0	0	7	16	9223372036854775808
edgeTimes0	0	7	17	0
edgeTimes0	0	7	18	0
edgeTimes0	0	7	19	0
edgeTimes0	0	7	20	9223372036854775808
edgeTimes0	1	8	0	9223372036854775808
edgeTimes0	1	8	1	0
edgeTimes0	1	8	2	9223372036854775808
edgeTimes0	1	8	3	0
edgeTimes0	1	8	4	9223372036854775808
edgeTimes0	1	8	5	0
edgeTimes0	1	8	6	9223372036854775808
edgeTimes0	1	8	7	0
edgeTimes0	1	8	8	9223372036854775808
edgeTimes0	1	8	9	0
edgeTimes0	1	8	10	nan
edgeTimes0	1	8	11	nan
edgeTimes0	1	8	12	nan
edgeTimes0	1	8	13	9223372036854775808
edgeTimes0	1	8	14	0
edgeTimes0	1	8	15	9223372036854775808
edgeTimes0	1	8	16	0
edgeTimes0	1	8	17	9223372036854775808
edgeTimes0	1	8	18	9223372036854775808
edgeTimes0	1	8	19	9223372036854775808
edgeTimes0	1	8	20	0
edgeTimes0	2	9	0	0
edgeTimes0	2	9	1	9223372036854775808
edgeTimes0	2	9	2	0
edgeTimes0	2	9	3	9223372036854775808
edgeTimes0	2	9	4	0
edgeTimes0	2	9	5	9223372036854775808
edgeTimes0	2	9	6	0
edgeTimes0	2	9	7	9223372036854775808
edgeTimes0	2	9	8	4382002437431492607
edgeTimes0	2	9	9	13605374474286268415
edgeTimes0	2	9	10	9218868437227405312
edgeTimes0	2	9	11	18442240474082181120
edgeTimes0	2	9	12	nan
edgeTimes0	2	9	13	0
edgeTimes0	2	9	14	9223372036854775808
edgeTimes0	2	9	15	1
edgeTimes0	2	9	16	9223372036854775809
edgeTimes0	2	9	17	9007199254740992
edgeTimes0	2	9	18	9007199254740993
edgeTimes0	2	9	19	0
edgeTimes0	2	9	20	9223372036854775808
edgeTimes0	3	10	0	9223372036854775808
edgeTimes0	3	10	1	0
edgeTimes0	3	10	2	9223372036854775808
edgeTimes0	3	10	3	0
edgeTimes0	3	10	4	9223372036854775808
edgeTimes0	3	10	5	0
edgeTimes0	3	10	6	9223372036854775808
edgeTimes0	3	10	7	0
edgeTimes0	3	10	8	13605374474286268415
edgeTimes0	3	10	9	4382002437431492607
edgeTimes0	3	10	10	18442240474082181120
edgeTimes0	3	10	11	9218868437227405312
edgeTimes0	3	10	12	nan
edgeTimes0	3	10	13	9223372036854775808
edgeTimes0	3	10	14	0
edgeTimes0	3	10	15	9223372036854775809
edgeTimes0	3	10	16	1
edgeTimes0	3	10	17	9232379236109516800
edgeTimes0	3	10	18	9232379236109516801
edgeTimes0	3	10	19	9223372036854775808
edgeTimes0	3	10	20	0
edgeTimes0	4	11	0	0
edgeTimes0	4	11	1	9223372036854775808
edgeTimes0	4	11	2	0
edgeTimes0	4	11	3	9223372036854775808
edgeTimes0	4	11	4	0
edgeTimes0	4	11	5	9223372036854775808
edgeTimes0	4	11	6	0
edgeTimes0	4	11	7	9223372036854775808
edgeTimes0	4	11	8	4616189618054758397
edgeTimes0	4	11	9	13839561654909534205
edgeTimes0	4	11	10	9218868437227405312
edgeTimes0	4	11	11	18442240474082181120
edgeTimes0	4	11	12	nan
edgeTimes0	4	11	13	2251799813685248
edgeTimes0	4	11	14	9225623836668461056
edgeTimes0	4	11	15	4503599627370495
edgeTimes0	4	11	16	9227875636482146303
edgeTimes0	4	11	17	243194379878006782
edgeTimes0	4	11	18	243194379878006784
edgeTimes0	4	11	19	0
edgeTimes0	4	11	20	9223372036854775808
edgeTimes0	5	12	0	9223372036854775808
edgeTimes0	5	12	1	0
edgeTimes0	5	12	2	9223372036854775808
edgeTimes0	5	12	3	0
edgeTimes0	5	12	4	9223372036854775808
edgeTimes0	5	12	5	0
edgeTimes0	5	12	6	9223372036854775808
edgeTimes0	5	12	7	0
edgeTimes0	5	12	8	13839561654909534205
edgeTimes0	5	12	9	4616189618054758397
edgeTimes0	5	12	10	18442240474082181120
edgeTimes0	5	12	11	9218868437227405312
edgeTimes0	5	12	12	nan
edgeTimes0	5	12	13	9225623836668461056
edgeTimes0	5	12	14	2251799813685248
edgeTimes0	5	12	15	9227875636482146303
edgeTimes0	5	12	16	4503599627370495
edgeTimes0	5	12	17	9466566416732782590
edgeTimes0	5	12	18	9466566416732782592
edgeTimes0	5	12	19	9223372036854775808
edgeTimes0	5	12	20	0
edgeTimes0	6	13	0	0
edgeTimes0	6	13	1	9223372036854775808
edgeTimes0	6	13	2	0
edgeTimes0	6	13	3	9223372036854775808
edgeTimes0	6	13	4	0
edgeTimes0	6	13	5	9223372036854775808
edgeTimes0	6	13	6	0
edgeTimes0	6	13	7	9223372036854775808
edgeTimes0	6	13	8	4616189618054758399
edgeTimes0	6	13	9	13839561654909534207
edgeTimes0	6	13	10	9218868437227405312
edgeTimes0	6	13	11	18442240474082181120
edgeTimes0	6	13	12	nan
edgeTimes0	6	13	13	2251799813685248
edgeTimes0	6	13	14	9225623836668461056
edgeTimes0	6	13	15	4503599627370496
edgeTimes0	6	13	16	9227875636482146304
edgeTimes0	6	13	17	243194379878006784
edgeTimes0	6	13	18	243194379878006785
edgeTimes0	6	13	19	0
edgeTimes0	6	13	20	9223372036854775808
edgeTimes0	7	14	0	9223372036854775808
edgeTimes0	7	14	1	0
edgeTimes0	7	14	2	9223372036854775808
edgeTimes0	7	14	3	0
edgeTimes0	7	14	4	9223372036854775808
edgeTimes0	7	14	5	0
edgeTimes0	7	14	6	9223372036854775808
edgeTimes0	7	14	7	0
edgeTimes0	7	14	8	13839561654909534207
edgeTimes0	7	14	9	4616189618054758399
edgeTimes0	7	14	10	18442240474082181120
edgeTimes0	7	14	11	9218868437227405312
edgeTimes0	7	14	12	nan
edgeTimes0	7	14	13	9225623836668461056
edgeTimes0	7	14	14	2251799813685248
edgeTimes0	7	14	15	9227875636482146304
edgeTimes0	7	14	16	4503599627370496
edgeTimes0	7	14	17	9466566416732782592
edgeTimes0	7	14	18	9466566416732782593
edgeTimes0	7	14	19	9223372036854775808
edgeTimes0	7	14	20	0
edgeTimes0	8	15	0	0
edgeTimes0	8	15	1	9223372036854775808
edgeTimes0	8	15	2	4382002437431492607
edgeTimes0	8	15	3	13605374474286268415
edgeTimes0	8	15	4	4616189618054758397
edgeTimes0	8	15	5	13839561654909534205
edgeTimes0	8	15	6	4616189618054758399
edgeTimes0	8	15	7	13839561654909534207
edgeTimes0	8	15	8	9218868437227405312
edgeTimes0	8	15	9	18442240474082181120
edgeTimes0	8	15	10	9218868437227405312
edgeTimes0	8	15	11	18442240474082181120
edgeTimes0	8	15	12	nan
edgeTimes0	8	15	13	9214364837600034815
edgeTimes0	8	15	14	18437736874454810623
edgeTimes0	8	15	15	9218868437227405311
edgeTimes0	8	15	16	18442240474082181119
edgeTimes0	8	15	17	9218868437227405312
edgeTimes0	8	15	18	9218868437227405312
edgeTimes0	8	15	19	4388757836872548351
edgeTimes0	8	15	20	13612129873727324159
edgeTimes0	9	16	0	9223372036854775808
edgeTimes0	9	16	1	0
edgeTimes0	9	16	2	13605374474286268415
edgeTimes0	9	16	3	4382002437431492607
edgeTimes0	9	16	4	13839561654909534205
edgeTimes0	9	16	5	4616189618054758397
edgeTimes0	9	16	6	13839561654909534207
edgeTimes0	9	16	7	4616189618054758399
edgeTimes0	9	16	8	18442240474082181120
edgeTimes0	9	16	9	9218868437227405312
edgeTimes0	9	16	10	18442240474082181120
edgeTimes0	9	16	11	9218868437227405312
edgeTimes0	9	16	12	nan
edgeTimes0	9	16	13	18437736874454810623
edgeTimes0	9	16	14	9214364837600034815
edgeTimes0	9	16	15	18442240474082181119
edgeTimes0	9	16	16	9218868437227405311
edgeTimes0	9	16	17	18442240474082181120
edgeTimes0	9	16	18	18442240474082181120
edgeTimes0	9	16	19	13612129873727324159
edgeTimes0	9	16	20	4388757836872548351
edgeTimes0	10	17	0	nan
edgeTimes0	10	17	1	nan
edgeTimes0	10	17	2	9218868437227405312
edgeTimes0	10	17	3	18442240474082181120
edgeTimes0	10	17	4	9218868437227405312
edgeTimes0	10	17	5	18442240474082181120
edgeTimes0	10	17	6	9218868437227405312
edgeTimes0	10	17	7	18442240474082181120
edgeTimes0	10	17	8	9218868437227405312
edgeTimes0	10	17	9	18442240474082181120
edgeTimes0	10	17	10	9218868437227405312
edgeTimes0	10	17	11	18442240474082181120
edgeTimes0	10	17	12	nan
edgeTimes0	10	17	13	9218868437227405312
edgeTimes0	10	17	14	18442240474082181120
edgeTimes0	10	17	15	9218868437227405312
edgeTimes0	10	17	16	18442240474082181120
edgeTimes0	10	17	17	9218868437227405312
edgeTimes0	10	17	18	9218868437227405312
edgeTimes0	10	17	19	9218868437227405312
edgeTimes0	10	17	20	18442240474082181120
edgeTimes0	11	18	0	nan
edgeTimes0	11	18	1	nan
edgeTimes0	11	18	2	18442240474082181120
edgeTimes0	11	18	3	9218868437227405312
edgeTimes0	11	18	4	18442240474082181120
edgeTimes0	11	18	5	9218868437227405312
edgeTimes0	11	18	6	18442240474082181120
edgeTimes0	11	18	7	9218868437227405312
edgeTimes0	11	18	8	18442240474082181120
edgeTimes0	11	18	9	9218868437227405312
edgeTimes0	11	18	10	18442240474082181120
edgeTimes0	11	18	11	9218868437227405312
edgeTimes0	11	18	12	nan
edgeTimes0	11	18	13	18442240474082181120
edgeTimes0	11	18	14	9218868437227405312
edgeTimes0	11	18	15	18442240474082181120
edgeTimes0	11	18	16	9218868437227405312
edgeTimes0	11	18	17	18442240474082181120
edgeTimes0	11	18	18	18442240474082181120
edgeTimes0	11	18	19	18442240474082181120
edgeTimes0	11	18	20	9218868437227405312
edgeTimes0	12	19	0	nan
edgeTimes0	12	19	1	nan
edgeTimes0	12	19	2	nan
edgeTimes0	12	19	3	nan
edgeTimes0	12	19	4	nan
edgeTimes0	12	19	5	nan
edgeTimes0	12	19	6	nan
edgeTimes0	12	19	7	nan
edgeTimes0	12	19	8	nan
edgeTimes0	12	19	9	nan
edgeTimes0	12	19	10	nan
edgeTimes0	12	19	11	nan
edgeTimes0	12	19	12	nan
edgeTimes0	12	19	13	nan
edgeTimes0	12	19	14	nan
edgeTimes0	12	19	15	nan
edgeTimes0	12	19	16	nan
edgeTimes0	12	19	17	nan
edgeTimes0	12	19	18	nan
edgeTimes0	12	19	19	nan
edgeTimes0	12	19	20	nan
edgeTimes0	13	20	0	0
edgeTimes0	13	20	1	9223372036854775808
edgeTimes0	13	20	2	0
edgeTimes0	13	20	3	9223372036854775808
edgeTimes0	13	20	4	2251799813685248
edgeTimes0	13	20	5	9225623836668461056
edgeTimes0	13	20	6	2251799813685248
edgeTimes0	13	20	7	9225623836668461056
edgeTimes0	13	20	8	9214364837600034815
edgeTimes0	13	20	9	18437736874454810623
edgeTimes0	13	20	10	9218868437227405312
edgeTimes0	13	20	11	18442240474082181120
edgeTimes0	13	20	12	nan
edgeTimes0	13	20	13	4598175219545276416
edgeTimes0	13	20	14	13821547256400052224
edgeTimes0	13	20	15	4602678819172646912
edgeTimes0	13	20	16	13826050856027422720
edgeTimes0	13	20	17	4841369599423283200
edgeTimes0	13	20	18	4841369599423283201
edgeTimes0	13	20	19	2
edgeTimes0	13	20	20	9223372036854775810
edgeTimes0	14	0	0	9223372036854775808
edgeTimes0	14	0	1	0
edgeTimes0	14	0	2	9223372036854775808
edgeTimes0	14	0	3	0
edgeTimes0	14	0	4	9225623836668461056
edgeTimes0	14	0	5	2251799813685248
edgeTimes0	14	0	6	9225623836668461056
edgeTimes0	14	0	7	2251799813685248
edgeTimes0	14	0	8	18437736874454810623
edgeTimes0	14	0	9	9214364837600034815
edgeTimes0	14	0	10	18442240474082181120
edgeTimes0	14	0	11	9218868437227405312
edgeTimes0	14	0	12	nan
edgeTimes0	14	0	13	13821547256400052224
edgeTimes0	14	0	14	4598175219545276416
edgeTimes0	14	0	15	13826050856027422720
edgeTimes0	14	0	16	4602678819172646912
edgeTimes0	14	0	17	14064741636278059008
edgeTimes0	14	0	18	14064741636278059009
edgeTimes0	14	0	19	9223372036854775810
edgeTimes0	14	0	20	2
edgeTimes0	15	1	0	0
edgeTimes0	15	1	1	9223372036854775808
edgeTimes0	15	1	2	1
edgeTimes0	15	1	3	9223372036854775809
edgeTimes0	15	1	4	4503599627370495
edgeTimes0	15	1	5	9227875636482146303
edgeTimes0	15	1	6	4503599627370496
edgeTimes0	15	1	7	9227875636482146304
edgeTimes0	15	1	8	9218868437227405311
edgeTimes0	15	1	9	18442240474082181119
edgeTimes0	15	1	10	9218868437227405312
edgeTimes0	15	1	11	18442240474082181120
edgeTimes0	15	1	12	nan
edgeTimes0	15	1	13	4602678819172646912
edgeTimes0	15	1	14	13826050856027422720
edgeTimes0	15	1	15	4607182418800017408
edgeTimes0	15	1	16	13830554455654793216
edgeTimes0	15	1	17	4845873199050653696
edgeTimes0	15	1	18	4845873199050653697
edgeTimes0	15	1	19	3
edgeTimes0	15	1	20	9223372036854775811
edgeTimes0	16	2	0	9223372036854775808
edgeTimes0	16	2	1	0
edgeTimes0	16	2	2	9223372036854775809
edgeTimes0	16	2	3	1
edgeTimes0	16	2	4	9227875636482146303
edgeTimes0	16	2	5	4503599627370495
edgeTimes0	16	2	6	9227875636482146304
edgeTimes0	16	2	7	4503599627370496
edgeTimes0	16	2	8	18442240474082181119
edgeTimes0	16	2	9	9218868437227405311
edgeTimes0	16	2	10	18442240474082181120
edgeTimes0	16	2	11	9218868437227405312
edgeTimes0	16	2	12	nan
edgeTimes0	16	2	13	13826050856027422720
edgeTimes0	16	2	14	4602678819172646912
edgeTimes0	16	2	15	13830554455654793216
edgeTimes0	16	2	16	4607182418800017408
edgeTimes0	16	2	17	14069245235905429504
edgeTimes0	16	2	18	14069245235905429505
edgeTimes0	16	2	19	9223372036854775811
edgeTimes0	16	2	20	3
edgeTimes0	17	3	0	0
edgeTimes0	17	3	1	9223372036854775808
edgeTimes0	17	3	2	9007199254740992
edgeTimes0	17	3	3	9232379236109516800
edgeTimes0	17	3	4	243194379878006782
edgeTimes0	17	3	5	9466566416732782590
edgeTimes0	17	3	6	243194379878006784
edgeTimes0	17	3	7	9466566416732782592
edgeTimes0	17	3	8	9218868437227405312
edgeTimes0	17	3	9	18442240474082181120
edgeTimes0	17	3	10	9218868437227405312
edgeTimes0	17	3	11	18442240474082181120
edgeTimes0	17	3	12	nan
edgeTimes0	17	3	13	4841369599423283200
edgeTimes0	17	3	14	14064741636278059008
edgeTimes0	17	3	15	4845873199050653696
edgeTimes0	17	3	16	14069245235905429504
edgeTimes0	17	3	17	5084563979301289984
edgeTimes0	17	3	18	5084563979301289985
edgeTimes0	17	3	19	15762598695796736
edgeTimes0	17	3	20	9239134635550572544
edgeTimes0	18	4	0	0
edgeTimes0	18	4	1	9223372036854775808
edgeTimes0	18	4	2	9007199254740993
edgeTimes0	18	4	3	9232379236109516801
edgeTimes0	18	4	4	243194379878006784
edgeTimes0	18	4	5	9466566416732782592
edgeTimes0	18	4	6	243194379878006785
edgeTimes0	18	4	7	9466566416732782593
edgeTimes0	18	4	8	9218868437227405312
edgeTimes0	18	4	9	18442240474082181120
edgeTimes0	18	4	10	9218868437227405312
edgeTimes0	18	4	11	18442240474082181120
edgeTimes0	18	4	12	nan
edgeTimes0	18	4	13	4841369599423283201
edgeTimes0	18	4	14	14064741636278059009
edgeTimes0	18	4	15	4845873199050653697
edgeTimes0	18	4	16	14069245235905429505
edgeTimes0	18	4	17	5084563979301289985
edgeTimes0	18	4	18	5084563979301289986
edgeTimes0	18	4	19	15762598695796738
edgeTimes0	18	4	20	9239134635550572546
edgeTimes0	19	5	0	0
edgeTimes0	19	5	1	9223372036854775808
edgeTimes0	19	5	2	0
edgeTimes0	19	5	3	9223372036854775808
edgeTimes0	19	5	4	0
edgeTimes0	19	5	5	9223372036854775808
edgeTimes0	19	5	6	0
edgeTimes0	19	5	7	9223372036854775808
edgeTimes0	19	5	8	4388757836872548351
edgeTimes0	19	5	9	13612129873727324159
edgeTimes0	19	5	10	9218868437227405312
edgeTimes0	19	5	11	18442240474082181120
edgeTimes0	19	5	12	nan
edgeTimes0	19	5	13	2
edgeTimes0	19	5	14	9223372036854775810
edgeTimes0	19	5	15	3
edgeTimes0	19	5	16	9223372036854775811
edgeTimes0	19	5	17	15762598695796736
edgeTimes0	19	5	18	15762598695796738
edgeTimes0	19	5	19	0
edgeTimes0	19	5	20	9223372036854775808
edgeTimes0	20	6	0	9223372036854775808
edgeTimes0	20	6	1	0
edgeTimes0	20	6	2	9223372036854775808
edgeTimes0	20	6	3	0
edgeTimes0	20	6	4	9223372036854775808
edgeTimes0	20	6	5	0
edgeTimes0	20	6	6	9223372036854775808
edgeTimes0	20	6	7	0
edgeTimes0	20	6	8	13612129873727324159
edgeTimes0	20	6	9	4388757836872548351
edgeTimes0	20	6	10	18442240474082181120
edgeTimes0	20	6	11	9218868437227405312
edgeTimes0	20	6	12	nan
edgeTimes0	20	6	13	9223372036854775810
edgeTimes0	20	6	14	2
edgeTimes0	20	6	15	9223372036854775811
edgeTimes0	20	6	16	3
edgeTimes0	20	6	17	9239134635550572544
edgeTimes0	20	6	18	9239134635550572546
edgeTimes0	20	6	19	9223372036854775808
edgeTimes0	20	6	20	0
edgeTimes1	0	7	0	9223372036854775808
edgeTimes1	0	7	1	0
edgeTimes1	0	7	2	9223372036854775808
edgeTimes1	0	7	3	0
edgeTimes1	0	7	4	9223372036854775808
edgeTimes1	0	7	5	0
edgeTimes1	0	7	6	9223372036854775808
edgeTimes1	0	7	7	0
edgeTimes1	0	7	8	13839561654909534207
edgeTimes1	0	7	9	4616189618054758399
edgeTimes1	0	7	10	18442240474082181120
edgeTimes1	0	7	11	9218868437227405312
edgeTimes1	0	7	12	nan
edgeTimes1	0	7	13	9225623836668461056
edgeTimes1	0	7	14	2251799813685248
edgeTimes1	0	7	15	9227875636482146304
edgeTimes1	0	7	16	4503599627370496
edgeTimes1	0	7	17	9466566416732782592
edgeTimes1	0	7	18	9466566416732782593
edgeTimes1	0	7	19	9223372036854775808
edgeTimes1	0	7	20	0
edgeTimes1	1	8	0	0
edgeTimes1	1	8	1	9223372036854775808
edgeTimes1	1	8	2	4382002437431492607
edgeTimes1	1	8	3	13605374474286268415
edgeTimes1	1	8	4	4616189618054758397
edgeTimes1	1	8	5	13839561654909534205
edgeTimes1	1	8	6	4616189618054758399
edgeTimes1	1	8	7	13839561654909534207
edgeTimes1	1	8	8	9218868437227405312
edgeTimes1	1	8	9	18442240474082181120
edgeTimes1	1	8	10	9218868437227405312
edgeTimes1	1	8	11	18442240474082181120
edgeTimes1	1	8	12	nan
edgeTimes1	1	8	13	9214364837600034815
edgeTimes1	1	8	14	18437736874454810623
edgeTimes1	1	8	15	9218868437227405311
edgeTimes1	1	8	16	18442240474082181119
edgeTimes1	1	8	17	9218868437227405312
edgeTimes1	1	8	18	9218868437227405312
edgeTimes1	1	8	19	4388757836872548351
edgeTimes1	1	8	20	13612129873727324159
edgeTimes1	2	9	0	9223372036854775808
edgeTimes1	2	9	1	0
edgeTimes1	2	9	2	13605374474286268415
edgeTimes1	2	9	3	4382002437431492607
edgeTimes1	2	9	4	13839561654909534205
edgeTimes1	2	9	5	4616189618054758397
edgeTimes1	2	9	6	13839561654909534207
edgeTimes1	2	9	7	4616189618054758399
edgeTimes1	2	9	8	18442240474082181120
edgeTimes1	2	9	9	9218868437227405312
edgeTimes1	2	9	10	18442240474082181120
edgeTimes1	2	9	11	9218868437227405312
edgeTimes1	2	9	12	nan
edgeTimes1	2	9	13	18437736874454810623
edgeTimes1	2	9	14	9214364837600034815
edgeTimes1	2	9	15	18442240474082181119
edgeTimes1	2	9	16	9218868437227405311
edgeTimes1	2	9	17	18442240474082181120
edgeTimes1	2	9	18	18442240474082181120
edgeTimes1	2	9	19	13612129873727324159
edgeTimes1	2	9	20	4388757836872548351
edgeTimes1	3	10	0	nan
edgeTimes1	3	10	1	nan
edgeTimes1	3	10	2	9218868437227405312
edgeTimes1	3	10	3	18442240474082181120
edgeTimes1	3	10	4	9218868437227405312
edgeTimes1	3	10	5	18442240474082181120
edgeTimes1	3	10	6	9218868437227405312
edgeTimes1	3	10	7	18442240474082181120
edgeTimes1	3	10	8	9218868437227405312
edgeTimes1	3	10	9	18442240474082181120
edgeTimes1	3	10	10	9218868437227405312
edgeTimes1	3	10	11	18442240474082181120
edgeTimes1	3	10	12	nan
edgeTimes1	3	10	13	9218868437227405312
edgeTimes1	3	10	14	18442240474082181120
edgeTimes1	3	10	15	9218868437227405312
edgeTimes1	3	10	16	18442240474082181120
edgeTimes1	3	10	17	9218868437227405312
edgeTimes1	3	10	18	9218868437227405312
edgeTimes1	3	10	19	9218868437227405312
edgeTimes1	3	10	20	18442240474082181120
edgeTimes1	4	11	0	nan
edgeTimes1	4	11	1	nan
edgeTimes1	4	11	2	18442240474082181120
edgeTimes1	4	11	3	9218868437227405312
edgeTimes1	4	11	4	18442240474082181120
edgeTimes1	4	11	5	9218868437227405312
edgeTimes1	4	11	6	18442240474082181120
edgeTimes1	4	11	7	9218868437227405312
edgeTimes1	4	11	8	18442240474082181120
edgeTimes1	4	11	9	9218868437227405312
edgeTimes1	4	11	10	18442240474082181120
edgeTimes1	4	11	11	9218868437227405312
edgeTimes1	4	11	12	nan
edgeTimes1	4	11	13	18442240474082181120
edgeTimes1	4	11	14	9218868437227405312
edgeTimes1	4	11	15	18442240474082181120
edgeTimes1	4	11	16	9218868437227405312
edgeTimes1	4	11	17	18442240474082181120
edgeTimes1	4	11	18	18442240474082181120
edgeTimes1	4	11	19	18442240474082181120
edgeTimes1	4	11	20	9218868437227405312
edgeTimes1	5	12	0	nan
edgeTimes1	5	12	1	nan
edgeTimes1	5	12	2	nan
edgeTimes1	5	12	3	nan
edgeTimes1	5	12	4	nan
edgeTimes1	5	12	5	nan
edgeTimes1	5	12	6	nan
edgeTimes1	5	12	7	nan
edgeTimes1	5	12	8	nan
edgeTimes1	5	12	9	nan
edgeTimes1	5	12	10	nan
edgeTimes1	5	12	11	nan
edgeTimes1	5	12	12	nan
edgeTimes1	5	12	13	nan
edgeTimes1	5	12	14	nan
edgeTimes1	5	12	15	nan
edgeTimes1	5	12	16	nan
edgeTimes1	5	12	17	nan
edgeTimes1	5	12	18	nan
edgeTimes1	5	12	19	nan
edgeTimes1	5	12	20	nan
edgeTimes1	6	13	0	0
edgeTimes1	6	13	1	9223372036854775808
edgeTimes1	6	13	2	0
edgeTimes1	6	13	3	9223372036854775808
edgeTimes1	6	13	4	2251799813685248
edgeTimes1	6	13	5	9225623836668461056
edgeTimes1	6	13	6	2251799813685248
edgeTimes1	6	13	7	9225623836668461056
edgeTimes1	6	13	8	9214364837600034815
edgeTimes1	6	13	9	18437736874454810623
edgeTimes1	6	13	10	9218868437227405312
edgeTimes1	6	13	11	18442240474082181120
edgeTimes1	6	13	12	nan
edgeTimes1	6	13	13	4598175219545276416
edgeTimes1	6	13	14	13821547256400052224
edgeTimes1	6	13	15	4602678819172646912
edgeTimes1	6	13	16	13826050856027422720
edgeTimes1	6	13	17	4841369599423283200
edgeTimes1	6	13	18	4841369599423283201
edgeTimes1	6	13	19	2
edgeTimes1	6	13	20	9223372036854775810
edgeTimes1	7	14	0	9223372036854775808
edgeTimes1	7	14	1	0
edgeTimes1	7	14	2	9223372036854775808
edgeTimes1	7	14	3	0
edgeTimes1	7	14	4	9225623836668461056
edgeTimes1	7	14	5	2251799813685248
edgeTimes1	7	14	6	9225623836668461056
edgeTimes1	7	14	7	2251799813685248
edgeTimes1	7	14	8	18437736874454810623
edgeTimes1	7	14	9	9214364837600034815
edgeTimes1	7	14	10	18442240474082181120
edgeTimes1	7	14	11	9218868437227405312
edgeTimes1	7	14	12	nan
edgeTimes1	7	14	13	13821547256400052224
edgeTimes1	7	14	14	4598175219545276416
edgeTimes1	7	14	15	13826050856027422720
edgeTimes1	7	14	16	4602678819172646912
edgeTimes1	7	14	17	14064741636278059008
edgeTimes1	7	14	18	14064741636278059009
edgeTimes1	7	14	19	9223372036854775810
edgeTimes1	7	14	20	2
edgeTimes1	8	15	0	0
edgeTimes1	8	15	1	9223372036854775808
edgeTimes1	8	15	2	1
edgeTimes1	8	15	3	9223372036854775809
edgeTimes1	8	15	4	4503599627370495
edgeTimes1	8	15	5	9227875636482146303
edgeTimes1	8	15	6	4503599627370496
edgeTimes1	8	15	7	9227875636482146304
edgeTimes1	8	15	8	9218868437227405311
edgeTimes1	8	15	9	18442240474082181119
edgeTimes1	8	15	10	9218868437227405312
edgeTimes1	8	15	11	18442240474082181120
edgeTimes1	8	15	12	nan
edgeTimes1	8	15	13	4602678819172646912
edgeTimes1	8	15	14	13826050856027422720
edgeTimes1	8	15	15	4607182418800017408
edgeTimes1	8	15	16	13830554455654793216
edgeTimes1	8	15	17	4845873199050653696
edgeTimes1	8	15	18	4845873199050653697
edgeTimes1	8	15	19	3
edgeTimes1	8	15	20	9223372036854775811
edgeTimes1	9	16	0	9223372036854775808
edgeTimes1	9	16	1	0
edgeTimes1	9	16	2	9223372036854775809
edgeTimes1	9	16	3	1
edgeTimes1	9	16	4	9227875636482146303
edgeTimes1	9	16	5	4503599627370495
edgeTimes1	9	16	6	9227875636482146304
edgeTimes1	9	16	7	4503599627370496
edgeTimes1	9	16	8	18442240474082181119
edgeTimes1	9	16	9	9218868437227405311
edgeTimes1	9	16	10	18442240474082181120
edgeTimes1	9	16	11	9218868437227405312
edgeTimes1	9	16	12	nan
edgeTimes1	9	16	13	13826050856027422720
edgeTimes1	9	16	14	4602678819172646912
edgeTimes1	9	16	15	13830554455654793216
edgeTimes1	9	16	16	4607182418800017408
edgeTimes1	9	16	17	14069245235905429504
edgeTimes1	9	16	18	14069245235905429505
edgeTimes1	9	16	19	9223372036854775811
edgeTimes1	9	16	20	3
edgeTimes1	10	17	0	0
edgeTimes1	10	17	1	9223372036854775808
edgeTimes1	10	17	2	9007199254740992
edgeTimes1	10	17	3	9232379236109516800
edgeTimes1	10	17	4	243194379878006782
edgeTimes1	10	17	5	9466566416732782590
edgeTimes1	10	17	6	243194379878006784
edgeTimes1	10	17	7	9466566416732782592
edgeTimes1	10	17	8	9218868437227405312
edgeTimes1	10	17	9	18442240474082181120
edgeTimes1	10	17	10	9218868437227405312
edgeTimes1	10	17	11	18442240474082181120
edgeTimes1	10	17	12	nan
edgeTimes1	10	17	13	4841369599423283200
edgeTimes1	10	17	14	14064741636278059008
edgeTimes1	10	17	15	4845873199050653696
edgeTimes1	10	17	16	14069245235905429504
edgeTimes1	10	17	17	5084563979301289984
edgeTimes1	10	17	18	5084563979301289985
edgeTimes1	10	17	19	15762598695796736
edgeTimes1	10	17	20	9239134635550572544
edgeTimes1	11	18	0	0
edgeTimes1	11	18	1	9223372036854775808
edgeTimes1	11	18	2	9007199254740993
edgeTimes1	11	18	3	9232379236109516801
edgeTimes1	11	18	4	243194379878006784
edgeTimes1	11	18	5	9466566416732782592
edgeTimes1	11	18	6	243194379878006785
edgeTimes1	11	18	7	9466566416732782593
edgeTimes1	11	18	8	9218868437227405312
edgeTimes1	11	18	9	18442240474082181120
edgeTimes1	11	18	10	9218868437227405312
edgeTimes1	11	18	11	18442240474082181120
edgeTimes1	11	18	12	nan
edgeTimes1	11	18	13	4841369599423283201
edgeTimes1	11	18	14	14064741636278059009
edgeTimes1	11	18	15	4845873199050653697
edgeTimes1	11	18	16	14069245235905429505
edgeTimes1	11	18	17	5084563979301289985
edgeTimes1	11	18	18	5084563979301289986
edgeTimes1	11	18	19	15762598695796738
edgeTimes1	11	18	20	9239134635550572546
edgeTimes1	12	19	0	0
edgeTimes1	12	19	1	9223372036854775808
edgeTimes1	12	19	2	0
edgeTimes1	12	19	3	9223372036854775808
edgeTimes1	12	19	4	0
edgeTimes1	12	19	5	9223372036854775808
edgeTimes1	12	19	6	0
edgeTimes1	12	19	7	9223372036854775808
edgeTimes1	12	19	8	4388757836872548351
edgeTimes1	12	19	9	13612129873727324159
edgeTimes1	12	19	10	9218868437227405312
edgeTimes1	12	19	11	18442240474082181120
edgeTimes1	12	19	12	nan
edgeTimes1	12	19	13	2
edgeTimes1	12	19	14	9223372036854775810
edgeTimes1	12	19	15	3
edgeTimes1	12	19	16	9223372036854775811
edgeTimes1	12	19	17	15762598695796736
edgeTimes1	12	19	18	15762598695796738
edgeTimes1	12	19	19	0
edgeTimes1	12	19	20	9223372036854775808
edgeTimes1	13	20	0	9223372036854775808
edgeTimes1	13	20	1	0
edgeTimes1	13	20	2	9223372036854775808
edgeTimes1	13	20	3	0
edgeTimes1	13	20	4	9223372036854775808
edgeTimes1	13	20	5	0
edgeTimes1	13	20	6	9223372036854775808
edgeTimes1	13	20	7	0
edgeTimes1	13	20	8	13612129873727324159
edgeTimes1	13	20	9	4388757836872548351
edgeTimes1	13	20	10	18442240474082181120
edgeTimes1	13	20	11	9218868437227405312
edgeTimes1	13	20	12	nan
edgeTimes1	13	20	13	9223372036854775810
edgeTimes1	13	20	14	2
edgeTimes1	13	20	15	9223372036854775811
edgeTimes1	13	20	16	3
edgeTimes1	13	20	17	9239134635550572544
edgeTimes1	13	20	18	9239134635550572546
edgeTimes1	13	20	19	9223372036854775808
edgeTimes1	13	20	20	0
edgeTimes1	14	0	0	0
edgeTimes1	14	0	1	9223372036854775808
edgeTimes1	14	0	2	0
edgeTimes1	14	0	3	9223372036854775808
edgeTimes1	14	0	4	0
edgeTimes1	14	0	5	9223372036854775808
edgeTimes1	14	0	6	0
edgeTimes1	14	0	7	9223372036854775808
edgeTimes1	14	0	8	0
edgeTimes1	14	0	9	9223372036854775808
edgeTimes1	14	0	10	nan
edgeTimes1	14	0	11	nan
edgeTimes1	14	0	12	nan
edgeTimes1	14	0	13	0
edgeTimes1	14	0	14	9223372036854775808
edgeTimes1	14	0	15	0
edgeTimes1	14	0	16	9223372036854775808
edgeTimes1	14	0	17	0
edgeTimes1	14	0	18	0
edgeTimes1	14	0	19	0
edgeTimes1	14	0	20	9223372036854775808
edgeTimes1	15	1	0	9223372036854775808
edgeTimes1	15	1	1	0
edgeTimes1	15	1	2	9223372036854775808
edgeTimes1	15	1	3	0
edgeTimes1	15	1	4	9223372036854775808
edgeTimes1	15	1	5	0
edgeTimes1	15	1	6	9223372036854775808
edgeTimes1	15	1	7	0
edgeTimes1	15	1	8	9223372036854775808
edgeTimes1	15	1	9	0
edgeTimes1	15	1	10	nan
edgeTimes1	15	1	11	nan
edgeTimes1	15	1	12	nan
edgeTimes1	15	1	13	9223372036854775808
edgeTimes1	15	1	14	0
edgeTimes1	15	1	15	9223372036854775808
edgeTimes1	15	1	16	0
edgeTimes1	15	1	17	9223372036854775808
edgeTimes1	15	1	18	9223372036854775808
edgeTimes1	15	1	19	9223372036854775808
edgeTimes1	15	1	20	0
edgeTimes1	16	2	0	0
edgeTimes1	16	2	1	9223372036854775808
edgeTimes1	16	2	2	0
edgeTimes1	16	2	3	9223372036854775808
edgeTimes1	16	2	4	0
edgeTimes1	16	2	5	9223372036854775808
edgeTimes1	16	2	6	0
edgeTimes1	16	2	7	9223372036854775808
edgeTimes1	16	2	8	4382002437431492607
edgeTimes1	16	2	9	13605374474286268415
edgeTimes1	16	2	10	9218868437227405312
edgeTimes1	16	2	11	18442240474082181120
edgeTimes1	16	2	12	nan
edgeTimes1	16	2	13	0
edgeTimes1	16	2	14	9223372036854775808
edgeTimes1	16	2	15	1
edgeTimes1	16	2	16	9223372036854775809
edgeTimes1	16	2	17	9007199254740992
edgeTimes1	16	2	18	9007199254740993
edgeTimes1	16	2	19	0
edgeTimes1	16	2	20	9223372036854775808
edgeTimes1	17	3	0	9223372036854775808
edgeTimes1	17	3	1	0
edgeTimes1	17	3	2	9223372036854775808
edgeTimes1	17	3	3	0
edgeTimes1	17	3	4	9223372036854775808
edgeTimes1	17	3	5	0
edgeTimes1	17	3	6	9223372036854775808
edgeTimes1	17	3	7	0
edgeTimes1	17	3	8	13605374474286268415
edgeTimes1	17	3	9	4382002437431492607
edgeTimes1	17	3	10	18442240474082181120
edgeTimes1	17	3	11	9218868437227405312
edgeTimes1	17	3	12	nan
edgeTimes1	17	3	13	9223372036854775808
edgeTimes1	17	3	14	0
edgeTimes1	17	3	15	9223372036854775809
edgeTimes1	17	3	16	1
edgeTimes1	17	3	17	9232379236109516800
edgeTimes1	17	3	18	9232379236109516801
edgeTimes1	17	3	19	9223372036854775808
edgeTimes1	17	3	20	0
edgeTimes1	18	4	0	0
edgeTimes1	18	4	1	9223372036854775808
edgeTimes1	18	4	2	0
edgeTimes1	18	4	3	9223372036854775808
edgeTimes1	18	4	4	0
edgeTimes1	18	4	5	9223372036854775808
edgeTimes1	18	4	6	0
edgeTimes1	18	4	7	9223372036854775808
edgeTimes1	18	4	8	4616189618054758397
edgeTimes1	18	4	9	13839561654909534205
edgeTimes1	18	4	10	9218868437227405312
edgeTimes1	18	4	11	18442240474082181120
edgeTimes1	18	4	12	nan
edgeTimes1	18	4	13	2251799813685248
edgeTimes1	18	4	14	9225623836668461056
edgeTimes1	18	4	15	4503599627370495
edgeTimes1	18	4	16	9227875636482146303
edgeTimes1	18	4	17	243194379878006782
edgeTimes1	18	4	18	243194379878006784
edgeTimes1	18	4	19	0
edgeTimes1	18	4	20	9223372036854775808
edgeTimes1	19	5	0	9223372036854775808
edgeTimes1	19	5	1	0
edgeTimes1	19	5	2	9223372036854775808
edgeTimes1	19	5	3	0
edgeTimes1	19	5	4	9223372036854775808
edgeTimes1	19	5	5	0
edgeTimes1	19	5	6	9223372036854775808
edgeTimes1	19	5	7	0
edgeTimes1	19	5	8	13839561654909534205
edgeTimes1	19	5	9	4616189618054758397
edgeTimes1	19	5	10	18442240474082181120
edgeTimes1	19	5	11	9218868437227405312
edgeTimes1	19	5	12	nan
edgeTimes1	19	5	13	9225623836668461056
edgeTimes1	19	5	14	2251799813685248
edgeTimes1	19	5	15	9227875636482146303
edgeTimes1	19	5	16	4503599627370495
edgeTimes1	19	5	17	9466566416732782590
edgeTimes1	19	5	18	9466566416732782592
edgeTimes1	19	5	19	9223372036854775808
edgeTimes1	19	5	20	0
edgeTimes1	20	6	0	0
edgeTimes1	20	6	1	9223372036854775808
edgeTimes1	20	6	2	0
edgeTimes1	20	6	3	9223372036854775808
edgeTimes1	20	6	4	0
edgeTimes1	20	6	5	9223372036854775808
edgeTimes1	20	6	6	0
edgeTimes1	20	6	7	9223372036854775808
edgeTimes1	20	6	8	4616189618054758399
edgeTimes1	20	6	9	13839561654909534207
edgeTimes1	20	6	10	9218868437227405312
edgeTimes1	20	6	11	18442240474082181120
edgeTimes1	20	6	12	nan
edgeTimes1	20	6	13	2251799813685248
edgeTimes1	20	6	14	9225623836668461056
edgeTimes1	20	6	15	4503599627370496
edgeTimes1	20	6	16	9227875636482146304
edgeTimes1	20	6	17	243194379878006784
edgeTimes1	20	6	18	243194379878006785
edgeTimes1	20	6	19	0
edgeTimes1	20	6	20	9223372036854775808
move0	0	7	0
move0	1	8	9223372036854775808
move0	2	9	1
move0	3	10	9223372036854775809
move0	4	11	4503599627370495
move0	5	12	9227875636482146303
move0	6	13	4503599627370496
move0	7	14	9227875636482146304
move0	8	15	9218868437227405311
move0	9	16	18442240474082181119
move0	10	17	9218868437227405312
move0	11	18	18442240474082181120
move0	12	19	nan
move0	13	20	4602678819172646912
move0	14	0	13826050856027422720
move0	15	1	4607182418800017408
move0	16	2	13830554455654793216
move0	17	3	4845873199050653696
move0	18	4	4845873199050653697
move0	19	5	3
move0	20	6	9223372036854775811
move1	0	7	9227875636482146304
move1	1	8	9218868437227405311
move1	2	9	18442240474082181119
move1	3	10	9218868437227405312
move1	4	11	18442240474082181120
move1	5	12	nan
move1	6	13	4602678819172646912
move1	7	14	13826050856027422720
move1	8	15	4607182418800017408
move1	9	16	13830554455654793216
move1	10	17	4845873199050653696
move1	11	18	4845873199050653697
move1	12	19	3
move1	13	20	9223372036854775811
move1	14	0	0
move1	15	1	9223372036854775808
move1	16	2	1
move1	17	3	9223372036854775809
move1	18	4	4503599627370495
move1	19	5	9227875636482146303
move1	20	6	4503599627370496
broadcastCase	0	0
broadcastCase	1	9223372036854775808
broadcastCase	2	1
broadcastCase	3	9223372036854775809
broadcastCase	4	4503599627370495
broadcastCase	5	9227875636482146303
broadcastCase	6	4503599627370496
broadcastCase	7	9227875636482146304
broadcastCase	8	9218868437227405311
broadcastCase	9	18442240474082181119
broadcastCase	10	9218868437227405312
broadcastCase	11	18442240474082181120
broadcastCase	12	nan
broadcastCase	13	4602678819172646912
broadcastCase	14	13826050856027422720
broadcastCase	15	4607182418800017408
broadcastCase	16	13830554455654793216
broadcastCase	17	4845873199050653696
broadcastCase	18	4845873199050653697
broadcastCase	19	3
broadcastCase	20	9223372036854775811
nonFmaCase	-2	0
nonFmaCase	-1	4607182418800017404
nonFmaCase	0	0
nonFmaCase	1	4607182418800017404
nonFmaCase	2	0
nonFmaCase	3	4607182418800017404
