plusCase	-9223372036854775808	-32768	3210871
plusCase	-9223372036854775808	-512	6186615
plusCase	-81985529216486895	-513	1669489
plusCase	-81985529216486895	16	1912829
plusCase	-65537	-15	6414621
plusCase	-65537	65534	6420601
plusCase	-65536	-128	6363255
plusCase	-65536	9	724643
plusCase	-32769	64	3239697
plusCase	-32769	512	3445777
plusCase	-32768	-9223372036854775808	3210871
plusCase	-32768	32767	3407019
plusCase	-32767	-16384	1835229
plusCase	-32767	-32	3196765
plusCase	-16385	-257	3714629
plusCase	-16385	256	3950609
plusCase	-16384	-32767	2588739
plusCase	-16384	-7	3830243
plusCase	-16383	-8	3830397
plusCase	-16383	17	3841897
plusCase	-8193	1024	5598225
plusCase	-8192	-8191	2605123
plusCase	-8192	65534	5126879
plusCase	-8191	-8192	2605277
plusCase	-8191	-1	5127953
plusCase	-4097	-129	5354565
plusCase	-4097	4096	2776081
plusCase	-4096	-2047	4472899
plusCase	-4096	-3	5413139
plusCase	-4095	5	5417433
plusCase	-4095	33	5430313
plusCase	-2049	2048	3091473
plusCase	-2049	16384	2804753
plusCase	-2048	-511	4929603
plusCase	-2048	65537	5165123
plusCase	-2047	-4096	3281117
plusCase	-2047	17	5173097
plusCase	-1025	-65	5762885
plusCase	-1025	65535	5792325
plusCase	-1024	-127	5734979
plusCase	-1024	0	5793399
plusCase	-1023	65	5823913
plusCase	-513	-81985529216486895	2631325
plusCase	-513	4096	2289681
plusCase	-512	-9223372036854775808	6107767
plusCase	-512	-31	6093507
plusCase	-511	-2048	5166301
plusCase	-511	257	4522665
plusCase	-257	-16385	4428869
plusCase	-257	-33	6249157
plusCase	-256	-7	6261731
plusCase	-256	3	6266331
plusCase	-255	129	4620969
plusCase	-255	1025	1035433
plusCase	-129	-4097	4458309
plusCase	-129	8192	2443537
plusCase	-128	-65536	6343543
plusCase	-128	0	6343543
plusCase	-127	-1024	5873117
plusCase	-127	4097	1806249
plusCase	-65	-1025	5910725
plusCase	-65	-17	6374405
plusCase	-64	7	6386059
plusCase	-63	257	800041
plusCase	-63	16385	1796393
plusCase	-33	-257	6283653
plusCase	-33	16384	1814353
plusCase	-32	-32767	3191683
plusCase	-32	31	3402091
plusCase	-31	-512	6167581
plusCase	-31	65536	6403101
plusCase	-17	-65	6381797
plusCase	-17	-9	6407557
plusCase	-16	15	3404555
plusCase	-16	127	769099
plusCase	-15	-65537	6412465
plusCase	-15	513	226377
plusCase	-9	-17	6408789
plusCase	-9	32768	3205345
plusCase	-8	-16383	4582675
plusCase	-8	511	229755
plusCase	-7	-16384	4582829
plusCase	-7	-256	6300077
plusCase	-5	-5	6416765
plusCase	-4	31	732307
plusCase	-4	2047	938771
plusCase	-3	-4096	4536133
plusCase	-3	1025	469265
plusCase	-2	1	3406711
plusCase	-2	65535	4716511
plusCase	-1	-8191	3898845
plusCase	-1	8191	2521669
plusCase	0	-1024	5951095
plusCase	0	-128	6363255
plusCase	0	0	3407479
plusCase	0	1	2555971
plusCase	0	2	2556431
plusCase	0	16383	1834155
plusCase	0	32767	3210411
plusCase	0	32768	3210871
plusCase	0	32769	3211331
plusCase	0	65534	4520671
plusCase	0	65535	3407019
plusCase	1	-2	3407173
plusCase	1	0	2556125
plusCase	1	1	2556585
plusCase	1	2	2229365
plusCase	1	8	3901
plusCase	1	16383	1834769
plusCase	1	32767	3211025
plusCase	1	32768	3211485
plusCase	1	32769	3211945
plusCase	1	65534	3407173
plusCase	1	65535	3407633
plusCase	2	0	328515
plusCase	2	1	1295
plusCase	2	2	1755
plusCase	2	63	29815
plusCase	2	16383	1835383
plusCase	2	32767	3211639
plusCase	2	32768	3212099
plusCase	2	32769	3212559
plusCase	2	65534	2686891
plusCase	2	65535	1835383
plusCase	3	-256	6306217
plusCase	3	2049	943989
plusCase	4	32	16783
plusCase	4	81985529216486895	3477891
plusCase	5	-4095	4541505
plusCase	5	65537	3137
plusCase	7	-64	6396993
plusCase	8	1	4979
plusCase	8	128	63399
plusCase	9	-65536	5133
plusCase	9	127	63553
plusCase	15	-16	2885041
plusCase	15	4097	1893437
plusCase	16	-81985529216486895	2956131
plusCase	16	512	244951
plusCase	17	-16383	4598025
plusCase	17	-2047	5490953
plusCase	31	-32	2887505
plusCase	31	-4	16801
plusCase	32	4	21095
plusCase	32	2048	961335
plusCase	33	-4095	4558697
plusCase	33	255	137169
plusCase	63	2	39209
plusCase	63	8193	2561885
plusCase	64	-32769	3249707
plusCase	64	8192	2562039
plusCase	65	-1023	5991465
plusCase	127	-16	70225
plusCase	127	9	81725
plusCase	128	8	81879
plusCase	128	32768	3289463
plusCase	129	-255	4155817
plusCase	129	511	313873
plusCase	255	33	171357
plusCase	255	16385	1991645
plusCase	256	-16385	4743851
plusCase	256	81985529216486895	3632619
plusCase	257	-511	4116649
plusCase	257	-63	1832361
plusCase	511	-8	309681
plusCase	511	129	372701
plusCase	512	-32769	3524779
plusCase	512	16	321335
plusCase	513	-15	307689
plusCase	513	1023	785169
plusCase	1023	513	863709
plusCase	1023	32769	3839453
plusCase	1024	-8193	3806379
plusCase	1025	-255	2215593
plusCase	1025	-3	627577
plusCase	2047	-4	1254625
plusCase	2047	2049	2199005
plusCase	2048	-2049	3198123
plusCase	2048	32	1271799
plusCase	2049	3	1259073
plusCase	2049	2047	2199313
plusCase	4095	8193	3530205
plusCase	4095	65536	1006609
plusCase	4096	-4097	3513515
plusCase	4096	-513	771243
plusCase	4097	-127	949417
plusCase	4097	15	1014737
plusCase	8191	-1	1292869
plusCase	8191	32769	4505053
plusCase	8192	-129	1234603
plusCase	8192	64	1323383
plusCase	8193	63	1323537
plusCase	8193	4095	1933073
plusCase	16383	0	2587665
plusCase	16383	1	2588125
plusCase	16383	2	2588585
plusCase	16383	16383	2718277
plusCase	16383	32767	3832389
plusCase	16383	32768	3832849
plusCase	16383	32769	3833309
plusCase	16383	65534	2586745
plusCase	16383	65535	2587205
plusCase	16383	9223372036854775807	2587205
plusCase	16384	-2049	1645739
plusCase	16384	-33	2573099
plusCase	16385	-63	2559913
plusCase	16385	255	2706193
plusCase	32767	-32768	3406865
plusCase	32767	0	3210257
plusCase	32767	1	3210717
plusCase	32767	2	3211177
plusCase	32767	16383	4586053
plusCase	32767	32767	4520517
plusCase	32767	32768	3406865
plusCase	32767	32769	3407325
plusCase	32767	65534	3209337
plusCase	32767	65535	3209797
plusCase	32768	-9	3206731
plusCase	32768	0	3210871
plusCase	32768	1	3211331
plusCase	32768	2	3211791
plusCase	32768	128	3269751
plusCase	32768	16383	4586667
plusCase	32768	32767	3407019
plusCase	32768	32768	3407479
plusCase	32768	32769	2555971
plusCase	32768	65534	3209951
plusCase	32768	65535	3210411
plusCase	32769	0	3211485
plusCase	32769	1	3211945
plusCase	32769	2	3212405
plusCase	32769	1023	3682065
plusCase	32769	8191	2522897
plusCase	32769	16383	4587281
plusCase	32769	32767	3407633
plusCase	32769	32768	2556125
plusCase	32769	32769	2556585
plusCase	32769	65534	3210565
plusCase	32769	65535	3211025
plusCase	65534	-65537	4716511
plusCase	65534	-8192	3897771
plusCase	65534	0	4520363
plusCase	65534	1	3406711
plusCase	65534	2	3407171
plusCase	65534	16383	1832927
plusCase	65534	32767	3209183
plusCase	65534	32768	3209643
plusCase	65534	32769	3210103
plusCase	65534	65534	6419987
plusCase	65534	65535	4716511
plusCase	65535	-1025	5950021
plusCase	65535	-2	6420601
plusCase	65535	0	3406865
plusCase	65535	1	3407325
plusCase	65535	2	2555817
plusCase	65535	16383	1833541
plusCase	65535	32767	3209797
plusCase	65535	32768	3210257
plusCase	65535	32769	3210717
plusCase	65535	65534	6420601
plusCase	65535	65535	4520517
plusCase	65536	-31	6407875
plusCase	65536	4095	1883307
plusCase	65537	-2048	5480669
plusCase	65537	5	723417
plusCase	81985529216486895	4	4518113
plusCase	81985529216486895	256	4634033
plusCase	9223372036854775807	16383	1833541
minusCase	-9223372036854775808	-32768	3211383
minusCase	-9223372036854775808	-512	3754103
minusCase	-81985529216486895	-513	3899125
minusCase	-81985529216486895	16	3812369
minusCase	-65537	-15	2952153
minusCase	-65537	65534	1311621
minusCase	-65536	-128	3691127
minusCase	-65536	9	2751155
minusCase	-32769	64	3201341
minusCase	-32769	512	3127869
minusCase	-32768	-9223372036854775808	3211383
minusCase	-32768	32767	1769755
minusCase	-32767	-16384	2752177
minusCase	-32767	-32	3216177
minusCase	-16385	-257	2762465
minusCase	-16385	256	2678333
minusCase	-16384	-32767	3702739
minusCase	-16384	-7	2721011
minusCase	-16383	-8	2720721
minusCase	-16383	17	2716621
minusCase	-8193	1024	2568765
minusCase	-8192	-8191	2637779
minusCase	-8192	65534	2736575
minusCase	-8191	-8192	2899633
minusCase	-8191	-1	2735957
minusCase	-4097	-129	3126497
minusCase	-4097	4096	3678781
minusCase	-4096	-2047	3243987
minusCase	-4096	-3	3105379
minusCase	-4095	5	3103613
minusCase	-4095	33	3099021
minusCase	-2049	2048	3347005
minusCase	-2049	16384	3682877
minusCase	-2048	-511	2062291
minusCase	-2048	65537	3682259
minusCase	-2047	-4096	3042993
minusCase	-2047	17	3679181
minusCase	-1025	-65	3228641
minusCase	-1025	65535	3218145
minusCase	-1024	-127	3238355
minusCase	-1024	0	3217527
minusCase	-1023	65	3206413
minusCase	-513	-81985529216486895	2325337
minusCase	-513	4096	2313789
minusCase	-512	-9223372036854775808	2985079
minusCase	-512	-31	2990163
minusCase	-511	-2048	3517105
minusCase	-511	257	2942477
minusCase	-257	-16385	3786977
minusCase	-257	-33	2874721
minusCase	-256	-7	2870003
minusCase	-256	3	2868363
minusCase	-255	129	2847245
minusCase	-255	1025	2700301
minusCase	-129	-4097	4400609
minusCase	-129	8192	2712893
minusCase	-128	-65536	2810743
minusCase	-128	0	2810743
minusCase	-127	-1024	3174833
minusCase	-127	4097	2138381
minusCase	-65	-1025	3867745
minusCase	-65	-17	1080993
minusCase	-64	7	2780539
minusCase	-63	257	2739085
minusCase	-63	16385	2781069
minusCase	-33	-257	3006369
minusCase	-33	16384	2767613
minusCase	-32	-32767	3225747
minusCase	-32	31	2762075
minusCase	-31	-512	3768177
minusCase	-31	65536	2766705
minusCase	-17	-65	2967617
minusCase	-17	-9	1057889
minusCase	-16	15	2757435
minusCase	-16	127	2739067
minusCase	-15	-65537	2759605
minusCase	-15	513	2675309
minusCase	-9	-17	1448785
minusCase	-9	32768	3215469
minusCase	-8	-16383	3673603
minusCase	-8	511	2672459
minusCase	-7	-16384	3673313
minusCase	-7	-256	3715297
minusCase	-5	-5	2165897
minusCase	-4	31	2749363
minusCase	-4	2047	2418739
minusCase	-3	-4096	4343241
minusCase	-3	1025	2585893
minusCase	-2	1	2753375
minusCase	-2	65535	2753703
minusCase	-1	-8191	3768729
minusCase	-1	8191	2654945
minusCase	0	-1024	3838071
minusCase	0	-128	3691127
minusCase	0	0	3866743
minusCase	0	1	2752467
minusCase	0	2	2752303
minusCase	0	16383	2752795
minusCase	0	32767	3211547
minusCase	0	32768	3211383
minusCase	0	32769	3211219
minusCase	0	65534	1114559
minusCase	0	65535	1769755
minusCase	1	-2	2621433
minusCase	1	0	4521649
minusCase	1	1	3866125
minusCase	1	2	2751849
minusCase	1	8	2750865
minusCase	1	16383	2752341
minusCase	1	32767	3211093
minusCase	1	32768	3210929
minusCase	1	32769	3210765
minusCase	1	65534	2621433
minusCase	1	65535	3080021
minusCase	2	0	5045483
minusCase	2	1	5241927
minusCase	2	2	6093731
minusCase	2	63	2741391
minusCase	2	16383	2751887
minusCase	2	32767	3210639
minusCase	2	32768	3210475
minusCase	2	32769	3210311
minusCase	2	65534	3669555
minusCase	2	65535	3800463
minusCase	3	-256	3710757
minusCase	3	2049	2415233
minusCase	4	32	2745567
minusCase	4	81985529216486895	2821187
minusCase	5	-4095	4339445
minusCase	5	65537	5371637
minusCase	7	-64	3677453
minusCase	8	1	5370275
minusCase	8	128	2728007
minusCase	9	-65536	4124801
minusCase	9	127	2727717
minusCase	15	-16	3665949
minusCase	15	4097	2073913
minusCase	16	-81985529216486895	3592499
minusCase	16	512	2661399
minusCase	17	-16383	3662253
minusCase	17	-2047	3998125
minusCase	31	-32	3661309
minusCase	31	-4	3656717
minusCase	32	4	4113703
minusCase	32	2048	2402231
minusCase	33	-4095	4326733
minusCase	33	255	3416725
minusCase	63	2	3641205
minusCase	63	8193	2625561
minusCase	64	-32769	3182491
minusCase	64	8192	2625271
minusCase	65	-1023	3808397
minusCase	127	-16	3615101
minusCase	127	9	3611001
minusCase	128	8	3610711
minusCase	128	32768	3153271
minusCase	129	-255	3653389
minusCase	129	511	3331157
minusCase	255	33	3548953
minusCase	255	16385	2636697
minusCase	256	-16385	3554075
minusCase	256	81985529216486895	4214107
minusCase	257	-511	3637261
minusCase	257	-63	3563789
minusCase	511	-8	3439453
minusCase	511	129	5120921
minusCase	512	-32769	2979099
minusCase	512	16	3435063
minusCase	513	-15	3439693
minusCase	513	1023	4580181
minusCase	1023	513	4825497
minusCase	1023	32769	2746777
minusCase	1024	-8193	3303707
minusCase	1025	-255	3246605
minusCase	1025	-3	3205277
minusCase	2047	-4	2741453
minusCase	2047	2049	3715481
minusCase	2048	-2049	3076379
minusCase	2048	32	2735095
minusCase	2049	3	2739397
minusCase	2049	2047	3780437
minusCase	4095	8193	3023257
minusCase	4095	65536	3318333
minusCase	4096	-4097	2744603
minusCase	4096	-513	3402011
minusCase	4097	-127	3338253
minusCase	4097	15	3314965
minusCase	8191	-1	3687137
minusCase	8191	32769	3228057
minusCase	8192	-129	3707675
minusCase	8192	64	3676023
minusCase	8193	63	3675733
minusCase	8193	4095	3211093
minusCase	16383	0	3703357
minusCase	16383	1	3703193
minusCase	16383	2	3703029
minusCase	16383	16383	3375841
minusCase	16383	32767	2720481
minusCase	16383	32768	2720317
minusCase	16383	32769	2720153
minusCase	16383	65534	3703685
minusCase	16383	65535	3703521
minusCase	16383	9223372036854775807	3703521
minusCase	16384	-2049	2793755
minusCase	16384	-33	3708315
minusCase	16385	-63	3712781
minusCase	16385	255	3660629
minusCase	32767	-32768	2753085
minusCase	32767	0	3211837
minusCase	32767	1	3211673
minusCase	32767	2	3211509
minusCase	32767	16383	3670753
minusCase	32767	32767	3867361
minusCase	32767	32768	2753085
minusCase	32767	32769	2752921
minusCase	32767	65534	3212165
minusCase	32767	65535	3212001
minusCase	32768	-9	3212859
minusCase	32768	0	3211383
minusCase	32768	1	3211219
minusCase	32768	2	3211055
minusCase	32768	128	3190391
minusCase	32768	16383	3670299
minusCase	32768	32767	1769755
minusCase	32768	32768	3866743
minusCase	32768	32769	2752467
minusCase	32768	65534	3211711
minusCase	32768	65535	3211547
minusCase	32769	0	3210929
minusCase	32769	1	3210765
minusCase	32769	2	3210601
minusCase	32769	1023	3043157
minusCase	32769	8191	3309397
minusCase	32769	16383	3669845
minusCase	32769	32767	3080021
minusCase	32769	32768	4521649
minusCase	32769	32769	3866125
minusCase	32769	65534	3211257
minusCase	32769	65535	3211093
minusCase	65534	-65537	2753703
minusCase	65534	-8192	3769347
minusCase	65534	0	2753539
minusCase	65534	1	2753375
minusCase	65534	2	2753211
minusCase	65534	16383	2753703
minusCase	65534	32767	3212455
minusCase	65534	32768	3212291
minusCase	65534	32769	3212127
minusCase	65534	65534	2164043
minusCase	65534	65535	2753703
minusCase	65535	-1025	3838689
minusCase	65535	-2	1311621
minusCase	65535	0	2753085
minusCase	65535	1	2752921
minusCase	65535	2	2752757
minusCase	65535	16383	2753249
minusCase	65535	32767	3212001
minusCase	65535	32768	3211837
minusCase	65535	32769	3211673
minusCase	65535	65534	1311621
minusCase	65535	65535	3867361
minusCase	65536	-31	3675219
minusCase	65536	4095	2081051
minusCase	65537	-2048	4005553
minusCase	65537	5	2751357
minusCase	81985529216486895	4	2607117
minusCase	81985529216486895	256	2565789
minusCase	9223372036854775807	16383	2753249
timesCase	-9223372036854775808	-32768	2138544
timesCase	-9223372036854775808	-512	3240880
timesCase	-81985529216486895	-513	2345911
timesCase	-81985529216486895	16	1630550
timesCase	-65537	-15	2299625
timesCase	-65537	65534	1264988
timesCase	-65536	-128	2831920
timesCase	-65536	9	3406911
timesCase	-32769	64	3100186
timesCase	-32769	512	4336730
timesCase	-32768	-9223372036854775808	2957744
timesCase	-32768	32767	3188185
timesCase	-32767	-16384	873734
timesCase	-32767	-32	3223334
timesCase	-16385	-257	3948251
timesCase	-16385	256	4730202
timesCase	-16384	-32767	1842567
timesCase	-16384	-7	4243151
timesCase	-16383	-8	4152206
timesCase	-16383	17	2297637
timesCase	-8193	1024	3369562
timesCase	-8192	-8191	3243399
timesCase	-8192	65534	3435010
timesCase	-8191	-8192	2389254
timesCase	-8191	-1	3034583
timesCase	-4097	-129	3481179
timesCase	-4097	4096	3063386
timesCase	-4096	-2047	4294023
timesCase	-4096	-3	3100203
timesCase	-4095	5	1399025
timesCase	-4095	33	3023381
timesCase	-2049	2048	3831386
timesCase	-2049	16384	2637402
timesCase	-2048	-511	3145607
timesCase	-2048	65537	2862471
timesCase	-2047	-4096	3241222
timesCase	-2047	17	4595493
timesCase	-1025	-65	3417627
timesCase	-1025	65535	3163611
timesCase	-1024	-127	4422151
timesCase	-1024	0	3197360
timesCase	-1023	65	4141045
timesCase	-513	-81985529216486895	2726089
timesCase	-513	4096	4289114
timesCase	-512	-9223372036854775808	3044784
timesCase	-512	-31	2770599
timesCase	-511	-2048	2879750
timesCase	-511	257	4583221
timesCase	-257	-16385	2392027
timesCase	-257	-33	4206587
timesCase	-256	-7	1528015
timesCase	-256	3	5027637
timesCase	-255	129	3409333
timesCase	-255	1025	4270645
timesCase	-129	-4097	3165915
timesCase	-129	8192	2843482
timesCase	-128	-65536	3307184
timesCase	-128	0	3307184
timesCase	-127	-1024	4042246
timesCase	-127	4097	3913013
timesCase	-65	-1025	2638427
timesCase	-65	-17	2922091
timesCase	-64	7	5330193
timesCase	-63	257	3121077
timesCase	-63	16385	3748021
timesCase	-33	-257	3718939
timesCase	-33	16384	2392986
timesCase	-32	-32767	3327943
timesCase	-32	31	5128441
timesCase	-31	-512	3230790
timesCase	-31	65536	2009670
timesCase	-17	-65	2817595
timesCase	-17	-9	1500675
timesCase	-16	15	5770089
timesCase	-16	127	4706681
timesCase	-15	-65537	2985463
timesCase	-15	513	2133845
timesCase	-9	-17	1483259
timesCase	-9	32768	1840042
timesCase	-8	-16383	3237911
timesCase	-8	511	4330473
timesCase	-7	-16384	2865750
timesCase	-7	-256	2493270
timesCase	-5	-5	1085799
timesCase	-4	31	6051009
timesCase	-4	2047	4799969
timesCase	-3	-4096	1988526
timesCase	-3	1025	2973053
timesCase	-2	1	2957355
timesCase	-2	65535	677341
timesCase	-1	-8191	2375385
timesCase	-1	8191	2104795
timesCase	0	-1024	3524016
timesCase	0	-128	2831920
timesCase	0	0	991664
timesCase	0	1	1187207
timesCase	0	2	2038110
timesCase	0	16383	3204569
timesCase	0	32767	3122649
timesCase	0	32768	2138544
timesCase	0	32769	3120519
timesCase	0	65534	2697730
timesCase	0	65535	1123801
timesCase	1	-2	2819752
timesCase	1	0	5382
timesCase	1	1	1317941
timesCase	1	2	1057636
timesCase	1	8	2575998
timesCase	1	16383	3722711
timesCase	1	32767	1084887
timesCase	1	32768	103686
timesCase	1	32769	1416245
timesCase	1	65534	2819752
timesCase	1	65535	986583
timesCase	2	0	3213404
timesCase	2	1	1841891
timesCase	2	2	2829674
timesCase	2	63	628629
timesCase	2	16383	3126741
timesCase	2	32767	3110357
timesCase	2	32768	2132060
timesCase	2	32769	3119843
timesCase	2	65534	4907854
timesCase	2	65535	4191701
timesCase	3	-256	4136114
timesCase	3	2049	3150225
timesCase	4	32	1316328
timesCase	4	81985529216486895	3634273
timesCase	5	-4095	2500333
timesCase	5	65537	2496237
timesCase	7	-64	5175626
timesCase	8	1	1512183
timesCase	8	128	2295776
timesCase	9	-65536	2207670
timesCase	9	127	2639175
timesCase	15	-16	5702602
timesCase	15	4097	2554297
timesCase	16	-81985529216486895	3283927
timesCase	16	512	3671312
timesCase	17	-16383	2705173
timesCase	17	-2047	3051285
timesCase	31	-32	4991290
timesCase	31	-4	5974814
timesCase	32	4	1255372
timesCase	32	2048	3294320
timesCase	33	-4095	3801589
timesCase	33	255	3030167
timesCase	63	2	1675480
timesCase	63	8193	3582553
timesCase	64	-32769	2729305
timesCase	64	8192	3462960
timesCase	65	-1023	2231221
timesCase	127	-16	4395370
timesCase	127	9	2382289
timesCase	128	8	3541864
timesCase	128	32768	1723568
timesCase	129	-255	2835509
timesCase	129	511	2452183
timesCase	255	33	2546873
timesCase	255	16385	2133209
timesCase	256	-16385	2974681
timesCase	256	81985529216486895	3008617
timesCase	257	-511	3173429
timesCase	257	-63	2424437
timesCase	511	-8	3200610
timesCase	511	129	4373081
timesCase	512	-32769	2990553
timesCase	512	16	2591520
timesCase	513	-15	3736901
timesCase	513	1023	2803159
timesCase	1023	513	4445401
timesCase	1023	32769	2512601
timesCase	1024	-8193	3161561
timesCase	1025	-255	3188021
timesCase	1025	-3	2242425
timesCase	2047	-4	4594782
timesCase	2047	2049	3311321
timesCase	2048	-2049	3169753
timesCase	2048	32	3165328
timesCase	2049	3	2497171
timesCase	2049	2047	3306967
timesCase	4095	8193	3137241
timesCase	4095	65536	1805914
timesCase	4096	-4097	2790873
timesCase	4096	-513	4741081
timesCase	4097	-127	3237045
timesCase	4097	15	3498183
timesCase	8191	-1	1899995
timesCase	8191	32769	2055897
timesCase	8192	-129	3013209
timesCase	8192	64	3135344
timesCase	8193	63	3512727
timesCase	8193	4095	2735575
timesCase	16383	0	1093210
timesCase	16383	1	2465497
timesCase	16383	2	4296536
timesCase	16383	16383	2588123
timesCase	16383	32767	2112987
timesCase	16383	32768	1191514
timesCase	16383	32769	2367193
timesCase	16383	65534	4115804
timesCase	16383	65535	2014683
timesCase	16383	9223372036854775807	2014683
timesCase	16384	-2049	3665369
timesCase	16384	-33	3025657
timesCase	16385	-63	4051061
timesCase	16385	255	2735319
timesCase	32767	-32768	2076250
timesCase	32767	0	2174554
timesCase	32767	1	1122009
timesCase	32767	2	3346264
timesCase	32767	16383	654811
timesCase	32767	32767	376283
timesCase	32767	32768	2076250
timesCase	32767	32769	1220313
timesCase	32767	65534	1985884
timesCase	32767	65535	277979
timesCase	32768	-9	2967329
timesCase	32768	0	2957744
timesCase	32768	1	1252743
timesCase	32768	2	3283294
timesCase	32768	128	3149104
timesCase	32768	16383	3597785
timesCase	32768	32767	3188185
timesCase	32768	32768	172464
timesCase	32768	32769	3251591
timesCase	32768	65534	2959874
timesCase	32768	65535	1254873
timesCase	32769	0	1971462
timesCase	32769	1	269365
timesCase	32769	2	2302820
timesCase	32769	1023	1886679
timesCase	32769	8191	1699287
timesCase	32769	16383	2674135
timesCase	32769	32767	1281495
timesCase	32769	32768	2069766
timesCase	32769	32769	171061
timesCase	32769	65534	3081896
timesCase	32769	65535	1379799
timesCase	65534	-65537	677341
timesCase	65534	-8192	4152068
timesCase	65534	0	1653508
timesCase	65534	1	2957355
timesCase	65534	2	2688338
timesCase	65534	16383	3151325
timesCase	65534	32767	3331549
timesCase	65534	32768	2341636
timesCase	65534	32769	3317803
timesCase	65534	65534	2257078
timesCase	65534	65535	677341
timesCase	65535	-1025	1786331
timesCase	65535	-2	1264988
timesCase	65535	0	208474
timesCase	65535	1	1515225
timesCase	65535	2	2101080
timesCase	65535	16383	720347
timesCase	65535	32767	1097179
timesCase	65535	32768	110170
timesCase	65535	32769	1416921
timesCase	65535	65534	1264988
timesCase	65535	65535	1195483
timesCase	65536	-31	2859687
timesCase	65536	4095	4101593
timesCase	65537	-2048	4234502
timesCase	65537	5	3553521
timesCase	81985529216486895	4	2054390
timesCase	81985529216486895	256	4008954
timesCase	9223372036854775807	16383	720347
packCase	-9223372036854775808	-32768	1703799
packCase	-9223372036854775808	-512	3463031
packCase	-81985529216486895	-513	4488243
packCase	-81985529216486895	16	2010631
packCase	-65537	-15	3733115
packCase	-65537	65534	3735039
packCase	-65536	-128	3519863
packCase	-65536	9	984235
packCase	-32769	64	2368551
packCase	-32769	512	2434855
packCase	-32768	-9223372036854775808	4587383
packCase	-32768	32767	4194019
packCase	-32767	-16384	3145671
packCase	-32767	-32	4058439
packCase	-16385	-257	4090515
packCase	-16385	256	1610535
packCase	-16384	-32767	2293771
packCase	-16384	-7	4127595
packCase	-16383	-8	4127527
packCase	-16383	17	1575323
packCase	-8193	1024	2379559
packCase	-8192	-8191	3571723
packCase	-8192	65534	4783695
packCase	-8191	-8192	3571655
packCase	-8191	-1	4783923
packCase	-4097	-129	5092499
packCase	-4097	4096	3161895
packCase	-4096	-2047	4808715
packCase	-4096	-3	5111227
packCase	-4095	5	2556587
packCase	-4095	33	2560731
packCase	-2049	2048	3022631
packCase	-2049	16384	3637031
packCase	-2048	-511	5199883
packCase	-2048	65537	4227083
packCase	-2047	-4096	4669383
packCase	-2047	17	2722203
packCase	-1025	-65	5347731
packCase	-1025	65535	5357203
packCase	-1024	-127	5338635
packCase	-1024	0	5029751
packCase	-1023	65	2811227
packCase	-513	-81985529216486895	4739323
packCase	-513	4096	3448615
packCase	-512	-9223372036854775808	5070711
packCase	-512	-31	5393803
packCase	-511	-2048	5095367
packCase	-511	257	2880603
packCase	-257	-16385	4501139
packCase	-257	-33	5413907
packCase	-256	-7	5417835
packCase	-256	3	2863411
packCase	-255	129	2882139
packCase	-255	1025	3014747
packCase	-129	-4097	4822675
packCase	-129	8192	4085543
packCase	-128	-65536	5101431
packCase	-128	0	5101431
packCase	-127	-1024	5277639
packCase	-127	4097	3479643
packCase	-65	-1025	5282451
packCase	-65	-17	5431635
packCase	-64	7	2879363
packCase	-63	257	2916443
packCase	-63	16385	3796059
packCase	-33	-257	5398675
packCase	-33	16384	3798311
packCase	-32	-32767	3601931
packCase	-32	31	2885475
packCase	-31	-512	5361095
packCase	-31	65536	5109191
packCase	-17	-65	5428371
packCase	-17	-9	5436659
packCase	-16	15	2884387
packCase	-16	127	2900963
packCase	-15	-65537	5438003
packCase	-15	513	2958171
packCase	-9	-17	5436115
packCase	-9	32768	3603623
packCase	-8	-16383	4521355
packCase	-8	511	2958435
packCase	-7	-16384	4521287
packCase	-7	-256	5400903
packCase	-5	-5	5438211
packCase	-4	31	2887715
packCase	-4	2047	3186083
packCase	-3	-4096	4832903
packCase	-3	1025	3034907
packCase	-2	1	3145579
packCase	-2	65535	4193859
packCase	-1	-8191	2523067
packCase	-1	8191	2391699
packCase	0	-1024	3387255
packCase	0	-128	3519863
packCase	0	0	3211127
packCase	0	1	2490379
packCase	0	2	2490527
packCase	0	16383	1900259
packCase	0	32767	2817763
packCase	0	32768	1703799
packCase	0	32769	1703947
packCase	0	65534	3538511
packCase	0	65535	3538659
packCase	1	-2	3538591
packCase	1	0	3211207
packCase	1	1	2490459
packCase	1	2	2490607
packCase	1	8	984167
packCase	1	16383	1900339
packCase	1	32767	2817843
packCase	1	32768	1703879
packCase	1	32769	1704027
packCase	1	65534	3538591
packCase	1	65535	3538739
packCase	2	0	3211287
packCase	2	1	2490539
packCase	2	2	2490687
packCase	2	63	992387
packCase	2	16383	1900419
packCase	2	32767	2817923
packCase	2	32768	1703959
packCase	2	32769	1704107
packCase	2	65534	3538671
packCase	2	65535	3538819
packCase	3	-256	3501159
packCase	3	2049	1286395
packCase	4	32	987959
packCase	4	81985529216486895	1642211
packCase	5	-4095	2933147
packCase	5	65537	2490779
packCase	7	-64	3529895
packCase	8	1	2491019
packCase	8	128	1002487
packCase	9	-65536	3211847
packCase	9	127	1002419
packCase	15	-16	3537639
packCase	15	4097	1590459
packCase	16	-81985529216486895	2881099
packCase	16	512	1059959
packCase	17	-16383	2622811
packCase	17	-2047	3237211
packCase	31	-32	3536551
packCase	31	-4	3540695
packCase	32	4	986055
packCase	32	2048	1288567
packCase	33	-4095	2935387
packCase	33	255	1023283
packCase	63	2	2495567
packCase	63	8193	2200507
packCase	64	-32769	2822883
packCase	64	8192	2200439
packCase	65	-1023	3392603
packCase	127	-16	3546599
packCase	127	9	994395
packCase	128	8	994327
packCase	128	32768	1714039
packCase	129	-255	3511387
packCase	129	511	1068851
packCase	255	33	1008187
packCase	255	16385	1920955
packCase	256	-16385	2641635
packCase	256	81985529216486895	1662371
packCase	257	-511	3483739
packCase	257	-63	3550043
packCase	511	-8	3578503
packCase	511	129	1042875
packCase	512	-32769	2858723
packCase	512	16	1026231
packCase	513	-15	3577627
packCase	513	1023	1175347
packCase	1023	513	1140667
packCase	1023	32769	1785787
packCase	1024	-8193	2408163
packCase	1025	-255	3583067
packCase	1025	-3	3620363
packCase	2047	-4	3701975
packCase	2047	2049	1449915
packCase	2048	-2049	3399395
packCase	2048	32	1151479
packCase	2049	3	1147267
packCase	2049	2047	1449779
packCase	4095	8193	2523067
packCase	4095	65536	3538727
packCase	4096	-4097	3260131
packCase	4096	-513	3790563
packCase	4097	-127	3847771
packCase	4097	15	1312883
packCase	8191	-1	4193939
packCase	8191	32769	2359227
packCase	8192	-129	4175075
packCase	8192	64	1647735
packCase	8193	63	1647667
packCase	8193	4095	2244403
packCase	16383	0	4521767
packCase	16383	1	3801019
packCase	16383	2	3801167
packCase	16383	16383	3210899
packCase	16383	32767	4128403
packCase	16383	32768	3014439
packCase	16383	32769	3014587
packCase	16383	65534	4849151
packCase	16383	65535	4849299
packCase	16383	9223372036854775807	4849299
packCase	16384	-2049	4546275
packCase	16384	-33	4844643
packCase	16385	-63	4840283
packCase	16385	255	2331443
packCase	32767	-32768	3079975
packCase	32767	0	4587303
packCase	32767	1	3866555
packCase	32767	2	3866703
packCase	32767	16383	3276435
packCase	32767	32767	4193939
packCase	32767	32768	3079975
packCase	32767	32769	3080123
packCase	32767	65534	4914687
packCase	32767	65535	4914835
packCase	32768	-9	4913731
packCase	32768	0	4587383
packCase	32768	1	3866635
packCase	32768	2	3866783
packCase	32768	128	2378103
packCase	32768	16383	3276515
packCase	32768	32767	4194019
packCase	32768	32768	3080055
packCase	32768	32769	3080203
packCase	32768	65534	4914767
packCase	32768	65535	4914915
packCase	32769	0	3735495
packCase	32769	1	3014747
packCase	32769	2	3014895
packCase	32769	1023	1658675
packCase	32769	8191	2719539
packCase	32769	16383	2424627
packCase	32769	32767	3342131
packCase	32769	32768	2228167
packCase	32769	32769	2228315
packCase	32769	65534	4062879
packCase	32769	65535	4063027
packCase	65534	-65537	4193859
packCase	65534	-8192	2981591
packCase	65534	0	3866327
packCase	65534	1	3145579
packCase	65534	2	3145727
packCase	65534	16383	2555459
packCase	65534	32767	3472963
packCase	65534	32768	2358999
packCase	65534	32769	2359147
packCase	65534	65534	4193711
packCase	65534	65535	4193859
packCase	65535	-1025	3583635
packCase	65535	-2	3735039
packCase	65535	0	3407655
packCase	65535	1	2686907
packCase	65535	2	2687055
packCase	65535	16383	2096787
packCase	65535	32767	3014291
packCase	65535	32768	1900327
packCase	65535	32769	1900475
packCase	65535	65534	3735039
packCase	65535	65535	3735187
packCase	65536	-31	3534219
packCase	65536	4095	1588963
packCase	65537	-2048	3235783
packCase	65537	5	983723
packCase	81985529216486895	4	1858679
packCase	81985529216486895	256	1895975
packCase	9223372036854775807	16383	2096787
broadcastCase	-9223372036854775808	-32768	3214106
broadcastCase	-9223372036854775808	-512	53018
broadcastCase	-81985529216486895	-513	1309182
broadcastCase	-81985529216486895	16	1257340
broadcastCase	-65537	-15	4214
broadcastCase	-65537	65534	2940
broadcastCase	-65536	-128	15386
broadcastCase	-65536	9	1960
broadcastCase	-32769	64	3207736
broadcastCase	-32769	512	3163832
broadcastCase	-32768	-9223372036854775808	3214106
broadcastCase	-32768	32767	2940
broadcastCase	-32767	-16384	4819836
broadcastCase	-32767	-32	3217340
broadcastCase	-16385	-257	4844826
broadcastCase	-16385	256	4794552
broadcastCase	-16384	-32767	1608376
broadcastCase	-16384	-7	4820424
broadcastCase	-16383	-8	4820620
broadcastCase	-16383	17	4818170
broadcastCase	-8193	1024	5522104
broadcastCase	-8192	-8191	2744
broadcastCase	-8192	65534	5622750
broadcastCase	-8191	-8192	2940
broadcastCase	-8191	-1	5622750
broadcastCase	-4097	-129	6036506
broadcastCase	-4097	4096	5622456
broadcastCase	-4096	-2047	6224568
broadcastCase	-4096	-3	6024256
broadcastCase	-4095	5	6023570
broadcastCase	-4095	33	6020826
broadcastCase	-2049	2048	6023864
broadcastCase	-2049	16384	4618936
broadcastCase	-2048	-511	6274744
broadcastCase	-2048	65537	6224568
broadcastCase	-2047	-4096	203644
broadcastCase	-2047	17	6223098
broadcastCase	-1025	-65	6331290
broadcastCase	-1025	65535	6325018
broadcastCase	-1024	-127	6337464
broadcastCase	-1024	0	6325018
broadcastCase	-1023	65	6318746
broadcastCase	-513	-81985529216486895	5119030
broadcastCase	-513	4096	5973688
broadcastCase	-512	-9223372036854775808	6375194
broadcastCase	-512	-31	6378232
broadcastCase	-511	-2048	153468
broadcastCase	-511	257	6350106
broadcastCase	-257	-16385	1583386
broadcastCase	-257	-33	6403418
broadcastCase	-256	-7	6400968
broadcastCase	-256	3	6399988
broadcastCase	-255	129	6387738
broadcastCase	-255	1025	6299930
broadcastCase	-129	-4097	391706
broadcastCase	-129	8192	5609912
broadcastCase	-128	-65536	6412826
broadcastCase	-128	0	6412826
broadcastCase	-127	-1024	90748
broadcastCase	-127	4097	6011418
broadcastCase	-65	-1025	96922
broadcastCase	-65	-17	6420666
broadcastCase	-64	7	6418412
broadcastCase	-63	257	6394010
broadcastCase	-63	16385	4813466
broadcastCase	-33	-257	24794
broadcastCase	-33	16384	4816504
broadcastCase	-32	-32767	3210872
broadcastCase	-32	31	6419196
broadcastCase	-31	-512	49980
broadcastCase	-31	65536	6422332
broadcastCase	-17	-65	7546
broadcastCase	-17	-9	2058
broadcastCase	-16	15	6422332
broadcastCase	-16	127	6411356
broadcastCase	-15	-65537	1470
broadcastCase	-15	513	6373626
broadcastCase	-9	-17	3626
broadcastCase	-9	32768	3213224
broadcastCase	-8	-16383	1607592
broadcastCase	-8	511	6374508
broadcastCase	-7	-16384	1607788
broadcastCase	-7	-256	27244
broadcastCase	-5	-5	2842
broadcastCase	-4	31	6421940
broadcastCase	-4	2047	6224372
broadcastCase	-3	-4096	403956
broadcastCase	-3	1025	6324626
broadcastCase	-2	1	2548
broadcastCase	-2	65535	2744
broadcastCase	-1	-8191	805462
broadcastCase	-1	8191	5622554
broadcastCase	0	-1024	103194
broadcastCase	0	-128	15386
broadcastCase	0	0	2842
broadcastCase	0	1	2744
broadcastCase	0	2	2646
broadcastCase	0	16383	4819836
broadcastCase	0	32767	3214204
broadcastCase	0	32768	3214106
broadcastCase	0	32769	3214008
broadcastCase	0	65534	3038
broadcastCase	0	65535	2940
broadcastCase	1	-2	3136
broadcastCase	1	0	2940
broadcastCase	1	1	2842
broadcastCase	1	2	2744
broadcastCase	1	8	2156
broadcastCase	1	16383	4819934
broadcastCase	1	32767	3214302
broadcastCase	1	32768	3214204
broadcastCase	1	32769	3214106
broadcastCase	1	65534	3136
broadcastCase	1	65535	3038
broadcastCase	2	0	3038
broadcastCase	2	1	2940
broadcastCase	2	2	2842
broadcastCase	2	63	6419392
broadcastCase	2	16383	4820032
broadcastCase	2	32767	3214400
broadcastCase	2	32768	3214302
broadcastCase	2	32769	3214204
broadcastCase	2	65534	3234
broadcastCase	2	65535	3136
broadcastCase	3	-256	28224
broadcastCase	3	2049	6224862
broadcastCase	4	32	98
broadcastCase	4	81985529216486895	1259300
broadcastCase	5	-4095	404642
broadcastCase	5	65537	3234
broadcastCase	7	-64	9800
broadcastCase	8	1	3528
broadcastCase	8	128	6413610
broadcastCase	9	-65536	3724
broadcastCase	9	127	6413806
broadcastCase	15	-16	5880
broadcastCase	15	4097	6025334
broadcastCase	16	-81985529216486895	5170872
broadcastCase	16	512	6376762
broadcastCase	17	-16383	1610042
broadcastCase	17	-2047	205114
broadcastCase	31	-32	9016
broadcastCase	31	-4	6272
broadcastCase	32	4	5586
broadcastCase	32	2048	6227802
broadcastCase	33	-4095	407386
broadcastCase	33	255	6403614
broadcastCase	63	2	8820
broadcastCase	63	8193	5628630
broadcastCase	64	-32769	3220476
broadcastCase	64	8192	5628826
broadcastCase	65	-1023	109466
broadcastCase	127	-16	16856
broadcastCase	127	9	14406
broadcastCase	128	8	14602
broadcastCase	128	32768	3226650
broadcastCase	129	-255	40474
broadcastCase	129	511	6387934
broadcastCase	255	33	24598
broadcastCase	255	16385	4844630
broadcastCase	256	-16385	1633660
broadcastCase	256	81985529216486895	1283996
broadcastCase	257	-511	78106
broadcastCase	257	-63	34202
broadcastCase	511	-8	53704
broadcastCase	511	129	40278
broadcastCase	512	-32769	3264380
broadcastCase	512	16	51450
broadcastCase	513	-15	54586
broadcastCase	513	1023	6375390
broadcastCase	1023	513	52822
broadcastCase	1023	32769	3314262
broadcastCase	1024	-8193	906108
broadcastCase	1025	-255	128282
broadcastCase	1025	-3	103586
broadcastCase	2047	-4	203840
broadcastCase	2047	2049	2646
broadcastCase	2048	-2049	404348
broadcastCase	2048	32	200410
broadcastCase	2049	3	203350
broadcastCase	2049	2047	3038
broadcastCase	4095	8193	6023766
broadcastCase	4095	65536	404152
broadcastCase	4096	-4097	805756
broadcastCase	4096	-513	454524
broadcastCase	4097	-127	416794
broadcastCase	4097	15	402878
broadcastCase	8191	-1	805658
broadcastCase	8191	32769	4016726
broadcastCase	8192	-129	818300
broadcastCase	8192	64	799386
broadcastCase	8193	63	799582
broadcastCase	8193	4095	404446
broadcastCase	16383	0	1608376
broadcastCase	16383	1	1608278
broadcastCase	16383	2	1608180
broadcastCase	16383	16383	2842
broadcastCase	16383	32767	4819738
broadcastCase	16383	32768	4819640
broadcastCase	16383	32769	4819542
broadcastCase	16383	65534	1608572
broadcastCase	16383	65535	1608474
broadcastCase	16383	9223372036854775807	1608474
broadcastCase	16384	-2049	1809276
broadcastCase	16384	-33	1611708
broadcastCase	16385	-63	1614746
broadcastCase	16385	255	1583582
broadcastCase	32767	-32768	2744
broadcastCase	32767	0	3214008
broadcastCase	32767	1	3213910
broadcastCase	32767	2	3213812
broadcastCase	32767	16383	1608474
broadcastCase	32767	32767	2842
broadcastCase	32767	32768	2744
broadcastCase	32767	32769	2646
broadcastCase	32767	65534	3214204
broadcastCase	32767	65535	3214106
broadcastCase	32768	-9	3214988
broadcastCase	32768	0	3214106
broadcastCase	32768	1	3214008
broadcastCase	32768	2	3213910
broadcastCase	32768	128	3201562
broadcastCase	32768	16383	1608572
broadcastCase	32768	32767	2940
broadcastCase	32768	32768	2842
broadcastCase	32768	32769	2744
broadcastCase	32768	65534	3214302
broadcastCase	32768	65535	3214204
broadcastCase	32769	0	3214204
broadcastCase	32769	1	3214106
broadcastCase	32769	2	3214008
broadcastCase	32769	1023	3113950
broadcastCase	32769	8191	2411486
broadcastCase	32769	16383	1608670
broadcastCase	32769	32767	3038
broadcastCase	32769	32768	2940
broadcastCase	32769	32769	2842
broadcastCase	32769	65534	3214400
broadcastCase	32769	65535	3214302
broadcastCase	65534	-65537	2744
broadcastCase	65534	-8192	805462
broadcastCase	65534	0	2646
broadcastCase	65534	1	2548
broadcastCase	65534	2	2450
broadcastCase	65534	16383	4819640
broadcastCase	65534	32767	3214008
broadcastCase	65534	32768	3213910
broadcastCase	65534	32769	3213812
broadcastCase	65534	65534	2842
broadcastCase	65534	65535	2744
broadcastCase	65535	-1025	103194
broadcastCase	65535	-2	2940
broadcastCase	65535	0	2744
broadcastCase	65535	1	2646
broadcastCase	65535	2	2548
broadcastCase	65535	16383	4819738
broadcastCase	65535	32767	3214106
broadcastCase	65535	32768	3214008
broadcastCase	65535	32769	3213910
broadcastCase	65535	65534	2940
broadcastCase	65535	65535	2842
broadcastCase	65536	-31	5880
broadcastCase	65536	4095	6024060
broadcastCase	65537	-2048	203644
broadcastCase	65537	5	2450
broadcastCase	81985529216486895	4	5168912
broadcastCase	81985529216486895	256	5144216
broadcastCase	9223372036854775807	16383	4819738
laneCase	0	0	0	65534	0
laneCase	0	0	0	65535	1
laneCase	0	0	0	0	2
laneCase	0	0	0	16381	16383
laneCase	0	0	0	32765	32767
laneCase	0	0	0	32766	32768
laneCase	0	0	0	32767	32769
laneCase	0	0	0	65532	65534
laneCase	0	0	0	65533	65535
laneCase	0	0	1	65534	1
laneCase	0	0	1	65535	2
laneCase	0	0	1	0	3
laneCase	0	0	1	16381	16384
laneCase	0	0	1	32765	32768
laneCase	0	0	1	32766	32769
laneCase	0	0	1	32767	32770
laneCase	0	0	1	65532	65535
laneCase	0	0	1	65533	0
laneCase	0	0	2	65534	2
laneCase	0	0	2	65535	3
laneCase	0	0	2	0	4
laneCase	0	0	2	16381	16385
laneCase	0	0	2	32765	32769
laneCase	0	0	2	32766	32770
laneCase	0	0	2	32767	32771
laneCase	0	0	2	65532	0
laneCase	0	0	2	65533	1
laneCase	0	0	16383	65534	16383
laneCase	0	0	16383	65535	16384
laneCase	0	0	16383	0	16385
laneCase	0	0	16383	16381	32766
laneCase	0	0	16383	32765	49150
laneCase	0	0	16383	32766	49151
laneCase	0	0	16383	32767	49152
laneCase	0	0	16383	65532	16381
laneCase	0	0	16383	65533	16382
laneCase	0	0	32767	65534	32767
laneCase	0	0	32767	65535	32768
laneCase	0	0	32767	0	32769
laneCase	0	0	32767	16381	49150
laneCase	0	0	32767	32765	65534
laneCase	0	0	32767	32766	65535
laneCase	0	0	32767	32767	0
laneCase	0	0	32767	65532	32765
laneCase	0	0	32767	65533	32766
laneCase	0	0	32768	65534	32768
laneCase	0	0	32768	65535	32769
laneCase	0	0	32768	0	32770
laneCase	0	0	32768	16381	49151
laneCase	0	0	32768	32765	65535
laneCase	0	0	32768	32766	0
laneCase	0	0	32768	32767	1
laneCase	0	0	32768	65532	32766
laneCase	0	0	32768	65533	32767
laneCase	0	0	32769	65534	32769
laneCase	0	0	32769	65535	32770
laneCase	0	0	32769	0	32771
laneCase	0	0	32769	16381	49152
laneCase	0	0	32769	32765	0
laneCase	0	0	32769	32766	1
laneCase	0	0	32769	32767	2
laneCase	0	0	32769	65532	32767
laneCase	0	0	32769	65533	32768
laneCase	0	0	65534	65534	65534
laneCase	0	0	65534	65535	65535
laneCase	0	0	65534	0	0
laneCase	0	0	65534	16381	16381
laneCase	0	0	65534	32765	32765
laneCase	0	0	65534	32766	32766
laneCase	0	0	65534	32767	32767
laneCase	0	0	65534	65532	65532
laneCase	0	0	65534	65533	65533
laneCase	0	0	65535	65534	65535
laneCase	0	0	65535	65535	0
laneCase	0	0	65535	0	1
laneCase	0	0	65535	16381	16382
laneCase	0	0	65535	32765	32766
laneCase	0	0	65535	32766	32767
laneCase	0	0	65535	32767	32768
laneCase	0	0	65535	65532	65533
laneCase	0	0	65535	65533	65534
laneCase	0	1	3	0	0
laneCase	0	1	4	0	1
laneCase	0	1	5	0	2
laneCase	0	1	16386	0	16383
laneCase	0	1	32770	0	32767
laneCase	0	1	32771	0	32768
laneCase	0	1	32772	0	32769
laneCase	0	1	1	0	65534
laneCase	0	1	2	0	65535
laneCase	0	1	3	1	1
laneCase	0	1	4	1	2
laneCase	0	1	5	1	3
laneCase	0	1	16386	1	16384
laneCase	0	1	32770	1	32768
laneCase	0	1	32771	1	32769
laneCase	0	1	32772	1	32770
laneCase	0	1	1	1	65535
laneCase	0	1	2	1	0
laneCase	0	1	3	2	2
laneCase	0	1	4	2	3
laneCase	0	1	5	2	4
laneCase	0	1	16386	2	16385
laneCase	0	1	32770	2	32769
laneCase	0	1	32771	2	32770
laneCase	0	1	32772	2	32771
laneCase	0	1	1	2	0
laneCase	0	1	2	2	1
laneCase	0	1	3	16383	16383
laneCase	0	1	4	16383	16384
laneCase	0	1	5	16383	16385
laneCase	0	1	16386	16383	32766
laneCase	0	1	32770	16383	49150
laneCase	0	1	32771	16383	49151
laneCase	0	1	32772	16383	49152
laneCase	0	1	1	16383	16381
laneCase	0	1	2	16383	16382
laneCase	0	1	3	32767	32767
laneCase	0	1	4	32767	32768
laneCase	0	1	5	32767	32769
laneCase	0	1	16386	32767	49150
laneCase	0	1	32770	32767	65534
laneCase	0	1	32771	32767	65535
laneCase	0	1	32772	32767	0
laneCase	0	1	1	32767	32765
laneCase	0	1	2	32767	32766
laneCase	0	1	3	32768	32768
laneCase	0	1	4	32768	32769
laneCase	0	1	5	32768	32770
laneCase	0	1	16386	32768	49151
laneCase	0	1	32770	32768	65535
laneCase	0	1	32771	32768	0
laneCase	0	1	32772	32768	1
laneCase	0	1	1	32768	32766
laneCase	0	1	2	32768	32767
laneCase	0	1	3	32769	32769
laneCase	0	1	4	32769	32770
laneCase	0	1	5	32769	32771
laneCase	0	1	16386	32769	49152
laneCase	0	1	32770	32769	0
laneCase	0	1	32771	32769	1
laneCase	0	1	32772	32769	2
laneCase	0	1	1	32769	32767
laneCase	0	1	2	32769	32768
laneCase	0	1	3	65534	65534
laneCase	0	1	4	65534	65535
laneCase	0	1	5	65534	0
laneCase	0	1	16386	65534	16381
laneCase	0	1	32770	65534	32765
laneCase	0	1	32771	65534	32766
laneCase	0	1	32772	65534	32767
laneCase	0	1	1	65534	65532
laneCase	0	1	2	65534	65533
laneCase	0	1	3	65535	65535
laneCase	0	1	4	65535	0
laneCase	0	1	5	65535	1
laneCase	0	1	16386	65535	16382
laneCase	0	1	32770	65535	32766
laneCase	0	1	32771	65535	32767
laneCase	0	1	32772	65535	32768
laneCase	0	1	1	65535	65533
laneCase	0	1	2	65535	65534
laneCase	0	2	65535	28085	0
laneCase	0	2	65535	56172	1
laneCase	0	2	65535	18723	2
laneCase	0	2	65535	49150	16383
laneCase	0	2	65535	32766	32767
laneCase	0	2	65535	60853	32768
laneCase	0	2	65535	23404	32769
laneCase	0	2	65535	37447	65534
laneCase	0	2	65535	65534	65535
laneCase	0	2	0	28085	1
laneCase	0	2	0	56172	2
laneCase	0	2	0	18723	3
laneCase	0	2	0	49150	16384
laneCase	0	2	0	32766	32768
laneCase	0	2	0	60853	32769
laneCase	0	2	0	23404	32770
laneCase	0	2	0	37447	65535
laneCase	0	2	0	65534	0
laneCase	0	2	1	28085	2
laneCase	0	2	1	56172	3
laneCase	0	2	1	18723	4
laneCase	0	2	1	49150	16385
laneCase	0	2	1	32766	32769
laneCase	0	2	1	60853	32770
laneCase	0	2	1	23404	32771
laneCase	0	2	1	37447	0
laneCase	0	2	1	65534	1
laneCase	0	2	16382	28085	16383
laneCase	0	2	16382	56172	16384
laneCase	0	2	16382	18723	16385
laneCase	0	2	16382	49150	32766
laneCase	0	2	16382	32766	49150
laneCase	0	2	16382	60853	49151
laneCase	0	2	16382	23404	49152
laneCase	0	2	16382	37447	16381
laneCase	0	2	16382	65534	16382
laneCase	0	2	32766	28085	32767
laneCase	0	2	32766	56172	32768
laneCase	0	2	32766	18723	32769
laneCase	0	2	32766	49150	49150
laneCase	0	2	32766	32766	65534
laneCase	0	2	32766	60853	65535
laneCase	0	2	32766	23404	0
laneCase	0	2	32766	37447	32765
laneCase	0	2	32766	65534	32766
laneCase	0	2	32767	28085	32768
laneCase	0	2	32767	56172	32769
laneCase	0	2	32767	18723	32770
laneCase	0	2	32767	49150	49151
laneCase	0	2	32767	32766	65535
laneCase	0	2	32767	60853	0
laneCase	0	2	32767	23404	1
laneCase	0	2	32767	37447	32766
laneCase	0	2	32767	65534	32767
laneCase	0	2	32768	28085	32769
laneCase	0	2	32768	56172	32770
laneCase	0	2	32768	18723	32771
laneCase	0	2	32768	49150	49152
laneCase	0	2	32768	32766	0
laneCase	0	2	32768	60853	1
laneCase	0	2	32768	23404	2
laneCase	0	2	32768	37447	32767
laneCase	0	2	32768	65534	32768
laneCase	0	2	65533	28085	65534
laneCase	0	2	65533	56172	65535
laneCase	0	2	65533	18723	0
laneCase	0	2	65533	49150	16381
laneCase	0	2	65533	32766	32765
laneCase	0	2	65533	60853	32766
laneCase	0	2	65533	23404	32767
laneCase	0	2	65533	37447	65532
laneCase	0	2	65533	65534	65533
laneCase	0	2	65534	28085	65535
laneCase	0	2	65534	56172	0
laneCase	0	2	65534	18723	1
laneCase	0	2	65534	49150	16382
laneCase	0	2	65534	32766	32766
laneCase	0	2	65534	60853	32767
laneCase	0	2	65534	23404	32768
laneCase	0	2	65534	37447	65533
laneCase	0	2	65534	65534	65534
laneCase	0	3	17875	1	0
laneCase	0	3	53622	1	1
laneCase	0	3	23833	1	2
laneCase	0	3	31280	1	16383
laneCase	0	3	14896	1	32767
laneCase	0	3	50643	1	32768
laneCase	0	3	20854	1	32769
laneCase	0	3	11917	1	65534
laneCase	0	3	47664	1	65535
laneCase	0	3	17875	2	1
laneCase	0	3	53622	2	2
laneCase	0	3	23833	2	3
laneCase	0	3	31280	2	16384
laneCase	0	3	14896	2	32768
laneCase	0	3	50643	2	32769
laneCase	0	3	20854	2	32770
laneCase	0	3	11917	2	65535
laneCase	0	3	47664	2	0
laneCase	0	3	17875	3	2
laneCase	0	3	53622	3	3
laneCase	0	3	23833	3	4
laneCase	0	3	31280	3	16385
laneCase	0	3	14896	3	32769
laneCase	0	3	50643	3	32770
laneCase	0	3	20854	3	32771
laneCase	0	3	11917	3	0
laneCase	0	3	47664	3	1
laneCase	0	3	17875	16384	16383
laneCase	0	3	53622	16384	16384
laneCase	0	3	23833	16384	16385
laneCase	0	3	31280	16384	32766
laneCase	0	3	14896	16384	49150
laneCase	0	3	50643	16384	49151
laneCase	0	3	20854	16384	49152
laneCase	0	3	11917	16384	16381
laneCase	0	3	47664	16384	16382
laneCase	0	3	17875	32768	32767
laneCase	0	3	53622	32768	32768
laneCase	0	3	23833	32768	32769
laneCase	0	3	31280	32768	49150
laneCase	0	3	14896	32768	65534
laneCase	0	3	50643	32768	65535
laneCase	0	3	20854	32768	0
laneCase	0	3	11917	32768	32765
laneCase	0	3	47664	32768	32766
laneCase	0	3	17875	32769	32768
laneCase	0	3	53622	32769	32769
laneCase	0	3	23833	32769	32770
laneCase	0	3	31280	32769	49151
laneCase	0	3	14896	32769	65535
laneCase	0	3	50643	32769	0
laneCase	0	3	20854	32769	1
laneCase	0	3	11917	32769	32766
laneCase	0	3	47664	32769	32767
laneCase	0	3	17875	32770	32769
laneCase	0	3	53622	32770	32770
laneCase	0	3	23833	32770	32771
laneCase	0	3	31280	32770	49152
laneCase	0	3	14896	32770	0
laneCase	0	3	50643	32770	1
laneCase	0	3	20854	32770	2
laneCase	0	3	11917	32770	32767
laneCase	0	3	47664	32770	32768
laneCase	0	3	17875	65535	65534
laneCase	0	3	53622	65535	65535
laneCase	0	3	23833	65535	0
laneCase	0	3	31280	65535	16381
laneCase	0	3	14896	65535	32765
laneCase	0	3	50643	65535	32766
laneCase	0	3	20854	65535	32767
laneCase	0	3	11917	65535	65532
laneCase	0	3	47664	65535	65533
laneCase	0	3	17875	0	65535
laneCase	0	3	53622	0	0
laneCase	0	3	23833	0	1
laneCase	0	3	31280	0	16382
laneCase	0	3	14896	0	32766
laneCase	0	3	50643	0	32767
laneCase	0	3	20854	0	32768
laneCase	0	3	11917	0	65533
laneCase	0	3	47664	0	65534
laneCase	0	4	32769	32768	0
laneCase	0	4	32769	32769	1
laneCase	0	4	32769	32770	2
laneCase	0	4	32769	49151	16383
laneCase	0	4	32769	65535	32767
laneCase	0	4	32769	0	32768
laneCase	0	4	32769	1	32769
laneCase	0	4	32769	32766	65534
laneCase	0	4	32769	32767	65535
laneCase	0	4	32770	32768	1
laneCase	0	4	32770	32769	2
laneCase	0	4	32770	32770	3
laneCase	0	4	32770	49151	16384
laneCase	0	4	32770	65535	32768
laneCase	0	4	32770	0	32769
laneCase	0	4	32770	1	32770
laneCase	0	4	32770	32766	65535
laneCase	0	4	32770	32767	0
laneCase	0	4	32771	32768	2
laneCase	0	4	32771	32769	3
laneCase	0	4	32771	32770	4
laneCase	0	4	32771	49151	16385
laneCase	0	4	32771	65535	32769
laneCase	0	4	32771	0	32770
laneCase	0	4	32771	1	32771
laneCase	0	4	32771	32766	0
laneCase	0	4	32771	32767	1
laneCase	0	4	49152	32768	16383
laneCase	0	4	49152	32769	16384
laneCase	0	4	49152	32770	16385
laneCase	0	4	49152	49151	32766
laneCase	0	4	49152	65535	49150
laneCase	0	4	49152	0	49151
laneCase	0	4	49152	1	49152
laneCase	0	4	49152	32766	16381
laneCase	0	4	49152	32767	16382
laneCase	0	4	0	32768	32767
laneCase	0	4	0	32769	32768
laneCase	0	4	0	32770	32769
laneCase	0	4	0	49151	49150
laneCase	0	4	0	65535	65534
laneCase	0	4	0	0	65535
laneCase	0	4	0	1	0
laneCase	0	4	0	32766	32765
laneCase	0	4	0	32767	32766
laneCase	0	4	1	32768	32768
laneCase	0	4	1	32769	32769
laneCase	0	4	1	32770	32770
laneCase	0	4	1	49151	49151
laneCase	0	4	1	65535	65535
laneCase	0	4	1	0	0
laneCase	0	4	1	1	1
laneCase	0	4	1	32766	32766
laneCase	0	4	1	32767	32767
laneCase	0	4	2	32768	32769
laneCase	0	4	2	32769	32770
laneCase	0	4	2	32770	32771
laneCase	0	4	2	49151	49152
laneCase	0	4	2	65535	0
laneCase	0	4	2	0	1
laneCase	0	4	2	1	2
laneCase	0	4	2	32766	32767
laneCase	0	4	2	32767	32768
laneCase	0	4	32767	32768	65534
laneCase	0	4	32767	32769	65535
laneCase	0	4	32767	32770	0
laneCase	0	4	32767	49151	16381
laneCase	0	4	32767	65535	32765
laneCase	0	4	32767	0	32766
laneCase	0	4	32767	1	32767
laneCase	0	4	32767	32766	65532
laneCase	0	4	32767	32767	65533
laneCase	0	4	32768	32768	65535
laneCase	0	4	32768	32769	0
laneCase	0	4	32768	32770	1
laneCase	0	4	32768	49151	16382
laneCase	0	4	32768	65535	32766
laneCase	0	4	32768	0	32767
laneCase	0	4	32768	1	32768
laneCase	0	4	32768	32766	65533
laneCase	0	4	32768	32767	65534
laneCase	0	5	32767	32768	0
laneCase	0	5	32768	32768	1
laneCase	0	5	32769	32768	2
laneCase	0	5	49150	32768	16383
laneCase	0	5	65534	32768	32767
laneCase	0	5	65535	32768	32768
laneCase	0	5	0	32768	32769
laneCase	0	5	32765	32768	65534
laneCase	0	5	32766	32768	65535
laneCase	0	5	32767	32769	1
laneCase	0	5	32768	32769	2
laneCase	0	5	32769	32769	3
laneCase	0	5	49150	32769	16384
laneCase	0	5	65534	32769	32768
laneCase	0	5	65535	32769	32769
laneCase	0	5	0	32769	32770
laneCase	0	5	32765	32769	65535
laneCase	0	5	32766	32769	0
laneCase	0	5	32767	32770	2
laneCase	0	5	32768	32770	3
laneCase	0	5	32769	32770	4
laneCase	0	5	49150	32770	16385
laneCase	0	5	65534	32770	32769
laneCase	0	5	65535	32770	32770
laneCase	0	5	0	32770	32771
laneCase	0	5	32765	32770	0
laneCase	0	5	32766	32770	1
laneCase	0	5	32767	49151	16383
laneCase	0	5	32768	49151	16384
laneCase	0	5	32769	49151	16385
laneCase	0	5	49150	49151	32766
laneCase	0	5	65534	49151	49150
laneCase	0	5	65535	49151	49151
laneCase	0	5	0	49151	49152
laneCase	0	5	32765	49151	16381
laneCase	0	5	32766	49151	16382
laneCase	0	5	32767	65535	32767
laneCase	0	5	32768	65535	32768
laneCase	0	5	32769	65535	32769
laneCase	0	5	49150	65535	49150
laneCase	0	5	65534	65535	65534
laneCase	0	5	65535	65535	65535
laneCase	0	5	0	65535	0
laneCase	0	5	32765	65535	32765
laneCase	0	5	32766	65535	32766
laneCase	0	5	32767	0	32768
laneCase	0	5	32768	0	32769
laneCase	0	5	32769	0	32770
laneCase	0	5	49150	0	49151
laneCase	0	5	65534	0	65535
laneCase	0	5	65535	0	0
laneCase	0	5	0	0	1
laneCase	0	5	32765	0	32766
laneCase	0	5	32766	0	32767
laneCase	0	5	32767	1	32769
laneCase	0	5	32768	1	32770
laneCase	0	5	32769	1	32771
laneCase	0	5	49150	1	49152
laneCase	0	5	65534	1	0
laneCase	0	5	65535	1	1
laneCase	0	5	0	1	2
laneCase	0	5	32765	1	32767
laneCase	0	5	32766	1	32768
laneCase	0	5	32767	32766	65534
laneCase	0	5	32768	32766	65535
laneCase	0	5	32769	32766	0
laneCase	0	5	49150	32766	16381
laneCase	0	5	65534	32766	32765
laneCase	0	5	65535	32766	32766
laneCase	0	5	0	32766	32767
laneCase	0	5	32765	32766	65532
laneCase	0	5	32766	32766	65533
laneCase	0	5	32767	32767	65535
laneCase	0	5	32768	32767	0
laneCase	0	5	32769	32767	1
laneCase	0	5	49150	32767	16382
laneCase	0	5	65534	32767	32766
laneCase	0	5	65535	32767	32767
laneCase	0	5	0	32767	32768
laneCase	0	5	32765	32767	65533
laneCase	0	5	32766	32767	65534
laneCase	0	6	21843	10081	0
laneCase	0	6	21843	30246	1
laneCase	0	6	21843	50411	2
laneCase	0	6	21843	6300	16383
laneCase	0	6	21843	22684	32767
laneCase	0	6	21843	42849	32768
laneCase	0	6	21843	63014	32769
laneCase	0	6	21843	35287	65534
laneCase	0	6	21843	55452	65535
laneCase	0	6	65534	10081	1
laneCase	0	6	65534	30246	2
laneCase	0	6	65534	50411	3
laneCase	0	6	65534	6300	16384
laneCase	0	6	65534	22684	32768
laneCase	0	6	65534	42849	32769
laneCase	0	6	65534	63014	32770
laneCase	0	6	65534	35287	65535
laneCase	0	6	65534	55452	0
laneCase	0	6	43689	10081	2
laneCase	0	6	43689	30246	3
laneCase	0	6	43689	50411	4
laneCase	0	6	43689	6300	16385
laneCase	0	6	43689	22684	32769
laneCase	0	6	43689	42849	32770
laneCase	0	6	43689	63014	32771
laneCase	0	6	43689	35287	0
laneCase	0	6	43689	55452	1
laneCase	0	6	27304	10081	16383
laneCase	0	6	27304	30246	16384
laneCase	0	6	27304	50411	16385
laneCase	0	6	27304	6300	32766
laneCase	0	6	27304	22684	49150
laneCase	0	6	27304	42849	49151
laneCase	0	6	27304	63014	49152
laneCase	0	6	27304	35287	16381
laneCase	0	6	27304	55452	16382
laneCase	0	6	10920	10081	32767
laneCase	0	6	10920	30246	32768
laneCase	0	6	10920	50411	32769
laneCase	0	6	10920	6300	49150
laneCase	0	6	10920	22684	65534
laneCase	0	6	10920	42849	65535
laneCase	0	6	10920	63014	0
laneCase	0	6	10920	35287	32765
laneCase	0	6	10920	55452	32766
laneCase	0	6	54611	10081	32768
laneCase	0	6	54611	30246	32769
laneCase	0	6	54611	50411	32770
laneCase	0	6	54611	6300	49151
laneCase	0	6	54611	22684	65535
laneCase	0	6	54611	42849	0
laneCase	0	6	54611	63014	1
laneCase	0	6	54611	35287	32766
laneCase	0	6	54611	55452	32767
laneCase	0	6	32766	10081	32769
laneCase	0	6	32766	30246	32770
laneCase	0	6	32766	50411	32771
laneCase	0	6	32766	6300	49152
laneCase	0	6	32766	22684	0
laneCase	0	6	32766	42849	1
laneCase	0	6	32766	63014	2
laneCase	0	6	32766	35287	32767
laneCase	0	6	32766	55452	32768
laneCase	0	6	65533	10081	65534
laneCase	0	6	65533	30246	65535
laneCase	0	6	65533	50411	0
laneCase	0	6	65533	6300	16381
laneCase	0	6	65533	22684	32765
laneCase	0	6	65533	42849	32766
laneCase	0	6	65533	63014	32767
laneCase	0	6	65533	35287	65532
laneCase	0	6	65533	55452	65533
laneCase	0	6	43688	10081	65535
laneCase	0	6	43688	30246	0
laneCase	0	6	43688	50411	1
laneCase	0	6	43688	6300	16382
laneCase	0	6	43688	22684	32766
laneCase	0	6	43688	42849	32767
laneCase	0	6	43688	63014	32768
laneCase	0	6	43688	35287	65533
laneCase	0	6	43688	55452	65534
laneCase	0	7	42407	52431	0
laneCase	0	7	38552	52431	1
laneCase	0	7	34697	52431	2
laneCase	0	7	62646	52431	16383
laneCase	0	7	13494	52431	32767
laneCase	0	7	9639	52431	32768
laneCase	0	7	5784	52431	32769
laneCase	0	7	50117	52431	65534
laneCase	0	7	46262	52431	65535
laneCase	0	7	42407	39324	1
laneCase	0	7	38552	39324	2
laneCase	0	7	34697	39324	3
laneCase	0	7	62646	39324	16384
laneCase	0	7	13494	39324	32768
laneCase	0	7	9639	39324	32769
laneCase	0	7	5784	39324	32770
laneCase	0	7	50117	39324	65535
laneCase	0	7	46262	39324	0
laneCase	0	7	42407	26217	2
laneCase	0	7	38552	26217	3
laneCase	0	7	34697	26217	4
laneCase	0	7	62646	26217	16385
laneCase	0	7	13494	26217	32769
laneCase	0	7	9639	26217	32770
laneCase	0	7	5784	26217	32771
laneCase	0	7	50117	26217	0
laneCase	0	7	46262	26217	1
laneCase	0	7	42407	16386	16383
laneCase	0	7	38552	16386	16384
laneCase	0	7	34697	16386	16385
laneCase	0	7	62646	16386	32766
laneCase	0	7	13494	16386	49150
laneCase	0	7	9639	16386	49151
laneCase	0	7	5784	16386	49152
laneCase	0	7	50117	16386	16381
laneCase	0	7	46262	16386	16382
laneCase	0	7	42407	32770	32767
laneCase	0	7	38552	32770	32768
laneCase	0	7	34697	32770	32769
laneCase	0	7	62646	32770	49150
laneCase	0	7	13494	32770	65534
laneCase	0	7	9639	32770	65535
laneCase	0	7	5784	32770	0
laneCase	0	7	50117	32770	32765
laneCase	0	7	46262	32770	32766
laneCase	0	7	42407	19663	32768
laneCase	0	7	38552	19663	32769
laneCase	0	7	34697	19663	32770
laneCase	0	7	62646	19663	49151
laneCase	0	7	13494	19663	65535
laneCase	0	7	9639	19663	0
laneCase	0	7	5784	19663	1
laneCase	0	7	50117	19663	32766
laneCase	0	7	46262	19663	32767
laneCase	0	7	42407	6556	32769
laneCase	0	7	38552	6556	32770
laneCase	0	7	34697	6556	32771
laneCase	0	7	62646	6556	49152
laneCase	0	7	13494	6556	0
laneCase	0	7	9639	6556	1
laneCase	0	7	5784	6556	2
laneCase	0	7	50117	6556	32767
laneCase	0	7	46262	6556	32768
laneCase	0	7	42407	13109	65534
laneCase	0	7	38552	13109	65535
laneCase	0	7	34697	13109	0
laneCase	0	7	62646	13109	16381
laneCase	0	7	13494	13109	32765
laneCase	0	7	9639	13109	32766
laneCase	0	7	5784	13109	32767
laneCase	0	7	50117	13109	65532
laneCase	0	7	46262	13109	65533
laneCase	0	7	42407	2	65535
laneCase	0	7	38552	2	0
laneCase	0	7	34697	2	1
laneCase	0	7	62646	2	16382
laneCase	0	7	13494	2	32766
laneCase	0	7	9639	2	32767
laneCase	0	7	5784	2	32768
laneCase	0	7	50117	2	65533
laneCase	0	7	46262	2	65534
laneCase	1	0	0	65534	0
laneCase	1	0	0	65535	65535
laneCase	1	0	0	0	65534
laneCase	1	0	0	16381	49153
laneCase	1	0	0	32765	32769
laneCase	1	0	0	32766	32768
laneCase	1	0	0	32767	32767
laneCase	1	0	0	65532	2
laneCase	1	0	0	65533	1
laneCase	1	0	1	65534	1
laneCase	1	0	1	65535	0
laneCase	1	0	1	0	65535
laneCase	1	0	1	16381	49154
laneCase	1	0	1	32765	32770
laneCase	1	0	1	32766	32769
laneCase	1	0	1	32767	32768
laneCase	1	0	1	65532	3
laneCase	1	0	1	65533	2
laneCase	1	0	2	65534	2
laneCase	1	0	2	65535	1
laneCase	1	0	2	0	0
laneCase	1	0	2	16381	49155
laneCase	1	0	2	32765	32771
laneCase	1	0	2	32766	32770
laneCase	1	0	2	32767	32769
laneCase	1	0	2	65532	4
laneCase	1	0	2	65533	3
laneCase	1	0	16383	65534	16383
laneCase	1	0	16383	65535	16382
laneCase	1	0	16383	0	16381
laneCase	1	0	16383	16381	0
laneCase	1	0	16383	32765	49152
laneCase	1	0	16383	32766	49151
laneCase	1	0	16383	32767	49150
laneCase	1	0	16383	65532	16385
laneCase	1	0	16383	65533	16384
laneCase	1	0	32767	65534	32767
laneCase	1	0	32767	65535	32766
laneCase	1	0	32767	0	32765
laneCase	1	0	32767	16381	16384
laneCase	1	0	32767	32765	0
laneCase	1	0	32767	32766	65535
laneCase	1	0	32767	32767	65534
laneCase	1	0	32767	65532	32769
laneCase	1	0	32767	65533	32768
laneCase	1	0	32768	65534	32768
laneCase	1	0	32768	65535	32767
laneCase	1	0	32768	0	32766
laneCase	1	0	32768	16381	16385
laneCase	1	0	32768	32765	1
laneCase	1	0	32768	32766	0
laneCase	1	0	32768	32767	65535
laneCase	1	0	32768	65532	32770
laneCase	1	0	32768	65533	32769
laneCase	1	0	32769	65534	32769
laneCase	1	0	32769	65535	32768
laneCase	1	0	32769	0	32767
laneCase	1	0	32769	16381	16386
laneCase	1	0	32769	32765	2
laneCase	1	0	32769	32766	1
laneCase	1	0	32769	32767	0
laneCase	1	0	32769	65532	32771
laneCase	1	0	32769	65533	32770
laneCase	1	0	65534	65534	65534
laneCase	1	0	65534	65535	65533
laneCase	1	0	65534	0	65532
laneCase	1	0	65534	16381	49151
laneCase	1	0	65534	32765	32767
laneCase	1	0	65534	32766	32766
laneCase	1	0	65534	32767	32765
laneCase	1	0	65534	65532	0
laneCase	1	0	65534	65533	65535
laneCase	1	0	65535	65534	65535
laneCase	1	0	65535	65535	65534
laneCase	1	0	65535	0	65533
laneCase	1	0	65535	16381	49152
laneCase	1	0	65535	32765	32768
laneCase	1	0	65535	32766	32767
laneCase	1	0	65535	32767	32766
laneCase	1	0	65535	65532	1
laneCase	1	0	65535	65533	0
laneCase	1	1	3	0	0
laneCase	1	1	4	0	65535
laneCase	1	1	5	0	65534
laneCase	1	1	16386	0	49153
laneCase	1	1	32770	0	32769
laneCase	1	1	32771	0	32768
laneCase	1	1	32772	0	32767
laneCase	1	1	1	0	2
laneCase	1	1	2	0	1
laneCase	1	1	3	1	1
laneCase	1	1	4	1	0
laneCase	1	1	5	1	65535
laneCase	1	1	16386	1	49154
laneCase	1	1	32770	1	32770
laneCase	1	1	32771	1	32769
laneCase	1	1	32772	1	32768
laneCase	1	1	1	1	3
laneCase	1	1	2	1	2
laneCase	1	1	3	2	2
laneCase	1	1	4	2	1
laneCase	1	1	5	2	0
laneCase	1	1	16386	2	49155
laneCase	1	1	32770	2	32771
laneCase	1	1	32771	2	32770
laneCase	1	1	32772	2	32769
laneCase	1	1	1	2	4
laneCase	1	1	2	2	3
laneCase	1	1	3	16383	16383
laneCase	1	1	4	16383	16382
laneCase	1	1	5	16383	16381
laneCase	1	1	16386	16383	0
laneCase	1	1	32770	16383	49152
laneCase	1	1	32771	16383	49151
laneCase	1	1	32772	16383	49150
laneCase	1	1	1	16383	16385
laneCase	1	1	2	16383	16384
laneCase	1	1	3	32767	32767
laneCase	1	1	4	32767	32766
laneCase	1	1	5	32767	32765
laneCase	1	1	16386	32767	16384
laneCase	1	1	32770	32767	0
laneCase	1	1	32771	32767	65535
laneCase	1	1	32772	32767	65534
laneCase	1	1	1	32767	32769
laneCase	1	1	2	32767	32768
laneCase	1	1	3	32768	32768
laneCase	1	1	4	32768	32767
laneCase	1	1	5	32768	32766
laneCase	1	1	16386	32768	16385
laneCase	1	1	32770	32768	1
laneCase	1	1	32771	32768	0
laneCase	1	1	32772	32768	65535
laneCase	1	1	1	32768	32770
laneCase	1	1	2	32768	32769
laneCase	1	1	3	32769	32769
laneCase	1	1	4	32769	32768
laneCase	1	1	5	32769	32767
laneCase	1	1	16386	32769	16386
laneCase	1	1	32770	32769	2
laneCase	1	1	32771	32769	1
laneCase	1	1	32772	32769	0
laneCase	1	1	1	32769	32771
laneCase	1	1	2	32769	32770
laneCase	1	1	3	65534	65534
laneCase	1	1	4	65534	65533
laneCase	1	1	5	65534	65532
laneCase	1	1	16386	65534	49151
laneCase	1	1	32770	65534	32767
laneCase	1	1	32771	65534	32766
laneCase	1	1	32772	65534	32765
laneCase	1	1	1	65534	0
laneCase	1	1	2	65534	65535
laneCase	1	1	3	65535	65535
laneCase	1	1	4	65535	65534
laneCase	1	1	5	65535	65533
laneCase	1	1	16386	65535	49152
laneCase	1	1	32770	65535	32768
laneCase	1	1	32771	65535	32767
laneCase	1	1	32772	65535	32766
laneCase	1	1	1	65535	1
laneCase	1	1	2	65535	0
laneCase	1	2	65535	28085	0
laneCase	1	2	65535	56172	65535
laneCase	1	2	65535	18723	65534
laneCase	1	2	65535	49150	49153
laneCase	1	2	65535	32766	32769
laneCase	1	2	65535	60853	32768
laneCase	1	2	65535	23404	32767
laneCase	1	2	65535	37447	2
laneCase	1	2	65535	65534	1
laneCase	1	2	0	28085	1
laneCase	1	2	0	56172	0
laneCase	1	2	0	18723	65535
laneCase	1	2	0	49150	49154
laneCase	1	2	0	32766	32770
laneCase	1	2	0	60853	32769
laneCase	1	2	0	23404	32768
laneCase	1	2	0	37447	3
laneCase	1	2	0	65534	2
laneCase	1	2	1	28085	2
laneCase	1	2	1	56172	1
laneCase	1	2	1	18723	0
laneCase	1	2	1	49150	49155
laneCase	1	2	1	32766	32771
laneCase	1	2	1	60853	32770
laneCase	1	2	1	23404	32769
laneCase	1	2	1	37447	4
laneCase	1	2	1	65534	3
laneCase	1	2	16382	28085	16383
laneCase	1	2	16382	56172	16382
laneCase	1	2	16382	18723	16381
laneCase	1	2	16382	49150	0
laneCase	1	2	16382	32766	49152
laneCase	1	2	16382	60853	49151
laneCase	1	2	16382	23404	49150
laneCase	1	2	16382	37447	16385
laneCase	1	2	16382	65534	16384
laneCase	1	2	32766	28085	32767
laneCase	1	2	32766	56172	32766
laneCase	1	2	32766	18723	32765
laneCase	1	2	32766	49150	16384
laneCase	1	2	32766	32766	0
laneCase	1	2	32766	60853	65535
laneCase	1	2	32766	23404	65534
laneCase	1	2	32766	37447	32769
laneCase	1	2	32766	65534	32768
laneCase	1	2	32767	28085	32768
laneCase	1	2	32767	56172	32767
laneCase	1	2	32767	18723	32766
laneCase	1	2	32767	49150	16385
laneCase	1	2	32767	32766	1
laneCase	1	2	32767	60853	0
laneCase	1	2	32767	23404	65535
laneCase	1	2	32767	37447	32770
laneCase	1	2	32767	65534	32769
laneCase	1	2	32768	28085	32769
laneCase	1	2	32768	56172	32768
laneCase	1	2	32768	18723	32767
laneCase	1	2	32768	49150	16386
laneCase	1	2	32768	32766	2
laneCase	1	2	32768	60853	1
laneCase	1	2	32768	23404	0
laneCase	1	2	32768	37447	32771
laneCase	1	2	32768	65534	32770
laneCase	1	2	65533	28085	65534
laneCase	1	2	65533	56172	65533
laneCase	1	2	65533	18723	65532
laneCase	1	2	65533	49150	49151
laneCase	1	2	65533	32766	32767
laneCase	1	2	65533	60853	32766
laneCase	1	2	65533	23404	32765
laneCase	1	2	65533	37447	0
laneCase	1	2	65533	65534	65535
laneCase	1	2	65534	28085	65535
laneCase	1	2	65534	56172	65534
laneCase	1	2	65534	18723	65533
laneCase	1	2	65534	49150	49152
laneCase	1	2	65534	32766	32768
laneCase	1	2	65534	60853	32767
laneCase	1	2	65534	23404	32766
laneCase	1	2	65534	37447	1
laneCase	1	2	65534	65534	0
laneCase	1	3	17875	1	0
laneCase	1	3	53622	1	65535
laneCase	1	3	23833	1	65534
laneCase	1	3	31280	1	49153
laneCase	1	3	14896	1	32769
laneCase	1	3	50643	1	32768
laneCase	1	3	20854	1	32767
laneCase	1	3	11917	1	2
laneCase	1	3	47664	1	1
laneCase	1	3	17875	2	1
laneCase	1	3	53622	2	0
laneCase	1	3	23833	2	65535
laneCase	1	3	31280	2	49154
laneCase	1	3	14896	2	32770
laneCase	1	3	50643	2	32769
laneCase	1	3	20854	2	32768
laneCase	1	3	11917	2	3
laneCase	1	3	47664	2	2
laneCase	1	3	17875	3	2
laneCase	1	3	53622	3	1
laneCase	1	3	23833	3	0
laneCase	1	3	31280	3	49155
laneCase	1	3	14896	3	32771
laneCase	1	3	50643	3	32770
laneCase	1	3	20854	3	32769
laneCase	1	3	11917	3	4
laneCase	1	3	47664	3	3
laneCase	1	3	17875	16384	16383
laneCase	1	3	53622	16384	16382
laneCase	1	3	23833	16384	16381
laneCase	1	3	31280	16384	0
laneCase	1	3	14896	16384	49152
laneCase	1	3	50643	16384	49151
laneCase	1	3	20854	16384	49150
laneCase	1	3	11917	16384	16385
laneCase	1	3	47664	16384	16384
laneCase	1	3	17875	32768	32767
laneCase	1	3	53622	32768	32766
laneCase	1	3	23833	32768	32765
laneCase	1	3	31280	32768	16384
laneCase	1	3	14896	32768	0
laneCase	1	3	50643	32768	65535
laneCase	1	3	20854	32768	65534
laneCase	1	3	11917	32768	32769
laneCase	1	3	47664	32768	32768
laneCase	1	3	17875	32769	32768
laneCase	1	3	53622	32769	32767
laneCase	1	3	23833	32769	32766
laneCase	1	3	31280	32769	16385
laneCase	1	3	14896	32769	1
laneCase	1	3	50643	32769	0
laneCase	1	3	20854	32769	65535
laneCase	1	3	11917	32769	32770
laneCase	1	3	47664	32769	32769
laneCase	1	3	17875	32770	32769
laneCase	1	3	53622	32770	32768
laneCase	1	3	23833	32770	32767
laneCase	1	3	31280	32770	16386
laneCase	1	3	14896	32770	2
laneCase	1	3	50643	32770	1
laneCase	1	3	20854	32770	0
laneCase	1	3	11917	32770	32771
laneCase	1	3	47664	32770	32770
laneCase	1	3	17875	65535	65534
laneCase	1	3	53622	65535	65533
laneCase	1	3	23833	65535	65532
laneCase	1	3	31280	65535	49151
laneCase	1	3	14896	65535	32767
laneCase	1	3	50643	65535	32766
laneCase	1	3	20854	65535	32765
laneCase	1	3	11917	65535	0
laneCase	1	3	47664	65535	65535
laneCase	1	3	17875	0	65535
laneCase	1	3	53622	0	65534
laneCase	1	3	23833	0	65533
laneCase	1	3	31280	0	49152
laneCase	1	3	14896	0	32768
laneCase	1	3	50643	0	32767
laneCase	1	3	20854	0	32766
laneCase	1	3	11917	0	1
laneCase	1	3	47664	0	0
laneCase	1	4	32769	32768	0
laneCase	1	4	32769	32769	65535
laneCase	1	4	32769	32770	65534
laneCase	1	4	32769	49151	49153
laneCase	1	4	32769	65535	32769
laneCase	1	4	32769	0	32768
laneCase	1	4	32769	1	32767
laneCase	1	4	32769	32766	2
laneCase	1	4	32769	32767	1
laneCase	1	4	32770	32768	1
laneCase	1	4	32770	32769	0
laneCase	1	4	32770	32770	65535
laneCase	1	4	32770	49151	49154
laneCase	1	4	32770	65535	32770
laneCase	1	4	32770	0	32769
laneCase	1	4	32770	1	32768
laneCase	1	4	32770	32766	3
laneCase	1	4	32770	32767	2
laneCase	1	4	32771	32768	2
laneCase	1	4	32771	32769	1
laneCase	1	4	32771	32770	0
laneCase	1	4	32771	49151	49155
laneCase	1	4	32771	65535	32771
laneCase	1	4	32771	0	32770
laneCase	1	4	32771	1	32769
laneCase	1	4	32771	32766	4
laneCase	1	4	32771	32767	3
laneCase	1	4	49152	32768	16383
laneCase	1	4	49152	32769	16382
laneCase	1	4	49152	32770	16381
laneCase	1	4	49152	49151	0
laneCase	1	4	49152	65535	49152
laneCase	1	4	49152	0	49151
laneCase	1	4	49152	1	49150
laneCase	1	4	49152	32766	16385
laneCase	1	4	49152	32767	16384
laneCase	1	4	0	32768	32767
laneCase	1	4	0	32769	32766
laneCase	1	4	0	32770	32765
laneCase	1	4	0	49151	16384
laneCase	1	4	0	65535	0
laneCase	1	4	0	0	65535
laneCase	1	4	0	1	65534
laneCase	1	4	0	32766	32769
laneCase	1	4	0	32767	32768
laneCase	1	4	1	32768	32768
laneCase	1	4	1	32769	32767
laneCase	1	4	1	32770	32766
laneCase	1	4	1	49151	16385
laneCase	1	4	1	65535	1
laneCase	1	4	1	0	0
laneCase	1	4	1	1	65535
laneCase	1	4	1	32766	32770
laneCase	1	4	1	32767	32769
laneCase	1	4	2	32768	32769
laneCase	1	4	2	32769	32768
laneCase	1	4	2	32770	32767
laneCase	1	4	2	49151	16386
laneCase	1	4	2	65535	2
laneCase	1	4	2	0	1
laneCase	1	4	2	1	0
laneCase	1	4	2	32766	32771
laneCase	1	4	2	32767	32770
laneCase	1	4	32767	32768	65534
laneCase	1	4	32767	32769	65533
laneCase	1	4	32767	32770	65532
laneCase	1	4	32767	49151	49151
laneCase	1	4	32767	65535	32767
laneCase	1	4	32767	0	32766
laneCase	1	4	32767	1	32765
laneCase	1	4	32767	32766	0
laneCase	1	4	32767	32767	65535
laneCase	1	4	32768	32768	65535
laneCase	1	4	32768	32769	65534
laneCase	1	4	32768	32770	65533
laneCase	1	4	32768	49151	49152
laneCase	1	4	32768	65535	32768
laneCase	1	4	32768	0	32767
laneCase	1	4	32768	1	32766
laneCase	1	4	32768	32766	1
laneCase	1	4	32768	32767	0
laneCase	1	5	32767	32768	0
laneCase	1	5	32768	32768	65535
laneCase	1	5	32769	32768	65534
laneCase	1	5	49150	32768	49153
laneCase	1	5	65534	32768	32769
laneCase	1	5	65535	32768	32768
laneCase	1	5	0	32768	32767
laneCase	1	5	32765	32768	2
laneCase	1	5	32766	32768	1
laneCase	1	5	32767	32769	1
laneCase	1	5	32768	32769	0
laneCase	1	5	32769	32769	65535
laneCase	1	5	49150	32769	49154
laneCase	1	5	65534	32769	32770
laneCase	1	5	65535	32769	32769
laneCase	1	5	0	32769	32768
laneCase	1	5	32765	32769	3
laneCase	1	5	32766	32769	2
laneCase	1	5	32767	32770	2
laneCase	1	5	32768	32770	1
laneCase	1	5	32769	32770	0
laneCase	1	5	49150	32770	49155
laneCase	1	5	65534	32770	32771
laneCase	1	5	65535	32770	32770
laneCase	1	5	0	32770	32769
laneCase	1	5	32765	32770	4
laneCase	1	5	32766	32770	3
laneCase	1	5	32767	49151	16383
laneCase	1	5	32768	49151	16382
laneCase	1	5	32769	49151	16381
laneCase	1	5	49150	49151	0
laneCase	1	5	65534	49151	49152
laneCase	1	5	65535	49151	49151
laneCase	1	5	0	49151	49150
laneCase	1	5	32765	49151	16385
laneCase	1	5	32766	49151	16384
laneCase	1	5	32767	65535	32767
laneCase	1	5	32768	65535	32766
laneCase	1	5	32769	65535	32765
laneCase	1	5	49150	65535	16384
laneCase	1	5	65534	65535	0
laneCase	1	5	65535	65535	65535
laneCase	1	5	0	65535	65534
laneCase	1	5	32765	65535	32769
laneCase	1	5	32766	65535	32768
laneCase	1	5	32767	0	32768
laneCase	1	5	32768	0	32767
laneCase	1	5	32769	0	32766
laneCase	1	5	49150	0	16385
laneCase	1	5	65534	0	1
laneCase	1	5	65535	0	0
laneCase	1	5	0	0	65535
laneCase	1	5	32765	0	32770
laneCase	1	5	32766	0	32769
laneCase	1	5	32767	1	32769
laneCase	1	5	32768	1	32768
laneCase	1	5	32769	1	32767
laneCase	1	5	49150	1	16386
laneCase	1	5	65534	1	2
laneCase	1	5	65535	1	1
laneCase	1	5	0	1	0
laneCase	1	5	32765	1	32771
laneCase	1	5	32766	1	32770
laneCase	1	5	32767	32766	65534
laneCase	1	5	32768	32766	65533
laneCase	1	5	32769	32766	65532
laneCase	1	5	49150	32766	49151
laneCase	1	5	65534	32766	32767
laneCase	1	5	65535	32766	32766
laneCase	1	5	0	32766	32765
laneCase	1	5	32765	32766	0
laneCase	1	5	32766	32766	65535
laneCase	1	5	32767	32767	65535
laneCase	1	5	32768	32767	65534
laneCase	1	5	32769	32767	65533
laneCase	1	5	49150	32767	49152
laneCase	1	5	65534	32767	32768
laneCase	1	5	65535	32767	32767
laneCase	1	5	0	32767	32766
laneCase	1	5	32765	32767	1
laneCase	1	5	32766	32767	0
laneCase	1	6	21843	10081	0
laneCase	1	6	21843	30246	65535
laneCase	1	6	21843	50411	65534
laneCase	1	6	21843	6300	49153
laneCase	1	6	21843	22684	32769
laneCase	1	6	21843	42849	32768
laneCase	1	6	21843	63014	32767
laneCase	1	6	21843	35287	2
laneCase	1	6	21843	55452	1
laneCase	1	6	65534	10081	1
laneCase	1	6	65534	30246	0
laneCase	1	6	65534	50411	65535
laneCase	1	6	65534	6300	49154
laneCase	1	6	65534	22684	32770
laneCase	1	6	65534	42849	32769
laneCase	1	6	65534	63014	32768
laneCase	1	6	65534	35287	3
laneCase	1	6	65534	55452	2
laneCase	1	6	43689	10081	2
laneCase	1	6	43689	30246	1
laneCase	1	6	43689	50411	0
laneCase	1	6	43689	6300	49155
laneCase	1	6	43689	22684	32771
laneCase	1	6	43689	42849	32770
laneCase	1	6	43689	63014	32769
laneCase	1	6	43689	35287	4
laneCase	1	6	43689	55452	3
laneCase	1	6	27304	10081	16383
laneCase	1	6	27304	30246	16382
laneCase	1	6	27304	50411	16381
laneCase	1	6	27304	6300	0
laneCase	1	6	27304	22684	49152
laneCase	1	6	27304	42849	49151
laneCase	1	6	27304	63014	49150
laneCase	1	6	27304	35287	16385
laneCase	1	6	27304	55452	16384
laneCase	1	6	10920	10081	32767
laneCase	1	6	10920	30246	32766
laneCase	1	6	10920	50411	32765
laneCase	1	6	10920	6300	16384
laneCase	1	6	10920	22684	0
laneCase	1	6	10920	42849	65535
laneCase	1	6	10920	63014	65534
laneCase	1	6	10920	35287	32769
laneCase	1	6	10920	55452	32768
laneCase	1	6	54611	10081	32768
laneCase	1	6	54611	30246	32767
laneCase	1	6	54611	50411	32766
laneCase	1	6	54611	6300	16385
laneCase	1	6	54611	22684	1
laneCase	1	6	54611	42849	0
laneCase	1	6	54611	63014	65535
laneCase	1	6	54611	35287	32770
laneCase	1	6	54611	55452	32769
laneCase	1	6	32766	10081	32769
laneCase	1	6	32766	30246	32768
laneCase	1	6	32766	50411	32767
laneCase	1	6	32766	6300	16386
laneCase	1	6	32766	22684	2
laneCase	1	6	32766	42849	1
laneCase	1	6	32766	63014	0
laneCase	1	6	32766	35287	32771
laneCase	1	6	32766	55452	32770
laneCase	1	6	65533	10081	65534
laneCase	1	6	65533	30246	65533
laneCase	1	6	65533	50411	65532
laneCase	1	6	65533	6300	49151
laneCase	1	6	65533	22684	32767
laneCase	1	6	65533	42849	32766
laneCase	1	6	65533	63014	32765
laneCase	1	6	65533	35287	0
laneCase	1	6	65533	55452	65535
laneCase	1	6	43688	10081	65535
laneCase	1	6	43688	30246	65534
laneCase	1	6	43688	50411	65533
laneCase	1	6	43688	6300	49152
laneCase	1	6	43688	22684	32768
laneCase	1	6	43688	42849	32767
laneCase	1	6	43688	63014	32766
laneCase	1	6	43688	35287	1
laneCase	1	6	43688	55452	0
laneCase	1	7	42407	52431	0
laneCase	1	7	38552	52431	65535
laneCase	1	7	34697	52431	65534
laneCase	1	7	62646	52431	49153
laneCase	1	7	13494	52431	32769
laneCase	1	7	9639	52431	32768
laneCase	1	7	5784	52431	32767
laneCase	1	7	50117	52431	2
laneCase	1	7	46262	52431	1
laneCase	1	7	42407	39324	1
laneCase	1	7	38552	39324	0
laneCase	1	7	34697	39324	65535
laneCase	1	7	62646	39324	49154
laneCase	1	7	13494	39324	32770
laneCase	1	7	9639	39324	32769
laneCase	1	7	5784	39324	32768
laneCase	1	7	50117	39324	3
laneCase	1	7	46262	39324	2
laneCase	1	7	42407	26217	2
laneCase	1	7	38552	26217	1
laneCase	1	7	34697	26217	0
laneCase	1	7	62646	26217	49155
laneCase	1	7	13494	26217	32771
laneCase	1	7	9639	26217	32770
laneCase	1	7	5784	26217	32769
laneCase	1	7	50117	26217	4
laneCase	1	7	46262	26217	3
laneCase	1	7	42407	16386	16383
laneCase	1	7	38552	16386	16382
laneCase	1	7	34697	16386	16381
laneCase	1	7	62646	16386	0
laneCase	1	7	13494	16386	49152
laneCase	1	7	9639	16386	49151
laneCase	1	7	5784	16386	49150
laneCase	1	7	50117	16386	16385
laneCase	1	7	46262	16386	16384
laneCase	1	7	42407	32770	32767
laneCase	1	7	38552	32770	32766
laneCase	1	7	34697	32770	32765
laneCase	1	7	62646	32770	16384
laneCase	1	7	13494	32770	0
laneCase	1	7	9639	32770	65535
laneCase	1	7	5784	32770	65534
laneCase	1	7	50117	32770	32769
laneCase	1	7	46262	32770	32768
laneCase	1	7	42407	19663	32768
laneCase	1	7	38552	19663	32767
laneCase	1	7	34697	19663	32766
laneCase	1	7	62646	19663	16385
laneCase	1	7	13494	19663	1
laneCase	1	7	9639	19663	0
laneCase	1	7	5784	19663	65535
laneCase	1	7	50117	19663	32770
laneCase	1	7	46262	19663	32769
laneCase	1	7	42407	6556	32769
laneCase	1	7	38552	6556	32768
laneCase	1	7	34697	6556	32767
laneCase	1	7	62646	6556	16386
laneCase	1	7	13494	6556	2
laneCase	1	7	9639	6556	1
laneCase	1	7	5784	6556	0
laneCase	1	7	50117	6556	32771
laneCase	1	7	46262	6556	32770
laneCase	1	7	42407	13109	65534
laneCase	1	7	38552	13109	65533
laneCase	1	7	34697	13109	65532
laneCase	1	7	62646	13109	49151
laneCase	1	7	13494	13109	32767
laneCase	1	7	9639	13109	32766
laneCase	1	7	5784	13109	32765
laneCase	1	7	50117	13109	0
laneCase	1	7	46262	13109	65535
laneCase	1	7	42407	2	65535
laneCase	1	7	38552	2	65534
laneCase	1	7	34697	2	65533
laneCase	1	7	62646	2	49152
laneCase	1	7	13494	2	32768
laneCase	1	7	9639	2	32767
laneCase	1	7	5784	2	32766
laneCase	1	7	50117	2	1
laneCase	1	7	46262	2	0
laneCase	2	0	0	65534	0
laneCase	2	0	0	65535	0
laneCase	2	0	0	0	0
laneCase	2	0	0	16381	0
laneCase	2	0	0	32765	0
laneCase	2	0	0	32766	0
laneCase	2	0	0	32767	0
laneCase	2	0	0	65532	0
laneCase	2	0	0	65533	0
laneCase	2	0	1	65534	0
laneCase	2	0	1	65535	1
laneCase	2	0	1	0	2
laneCase	2	0	1	16381	16383
laneCase	2	0	1	32765	32767
laneCase	2	0	1	32766	32768
laneCase	2	0	1	32767	32769
laneCase	2	0	1	65532	65534
laneCase	2	0	1	65533	65535
laneCase	2	0	2	65534	0
laneCase	2	0	2	65535	2
laneCase	2	0	2	0	4
laneCase	2	0	2	16381	32766
laneCase	2	0	2	32765	65534
laneCase	2	0	2	32766	0
laneCase	2	0	2	32767	2
laneCase	2	0	2	65532	65532
laneCase	2	0	2	65533	65534
laneCase	2	0	16383	65534	0
laneCase	2	0	16383	65535	16383
laneCase	2	0	16383	0	32766
laneCase	2	0	16383	16381	32769
laneCase	2	0	16383	32765	16385
laneCase	2	0	16383	32766	32768
laneCase	2	0	16383	32767	49151
laneCase	2	0	16383	65532	32770
laneCase	2	0	16383	65533	49153
laneCase	2	0	32767	65534	0
laneCase	2	0	32767	65535	32767
laneCase	2	0	32767	0	65534
laneCase	2	0	32767	16381	16385
laneCase	2	0	32767	32765	1
laneCase	2	0	32767	32766	32768
laneCase	2	0	32767	32767	65535
laneCase	2	0	32767	65532	2
laneCase	2	0	32767	65533	32769
laneCase	2	0	32768	65534	0
laneCase	2	0	32768	65535	32768
laneCase	2	0	32768	0	0
laneCase	2	0	32768	16381	32768
laneCase	2	0	32768	32765	32768
laneCase	2	0	32768	32766	0
laneCase	2	0	32768	32767	32768
laneCase	2	0	32768	65532	0
laneCase	2	0	32768	65533	32768
laneCase	2	0	32769	65534	0
laneCase	2	0	32769	65535	32769
laneCase	2	0	32769	0	2
laneCase	2	0	32769	16381	49151
laneCase	2	0	32769	32765	65535
laneCase	2	0	32769	32766	32768
laneCase	2	0	32769	32767	1
laneCase	2	0	32769	65532	65534
laneCase	2	0	32769	65533	32767
laneCase	2	0	65534	65534	0
laneCase	2	0	65534	65535	65534
laneCase	2	0	65534	0	65532
laneCase	2	0	65534	16381	32770
laneCase	2	0	65534	32765	2
laneCase	2	0	65534	32766	0
laneCase	2	0	65534	32767	65534
laneCase	2	0	65534	65532	4
laneCase	2	0	65534	65533	2
laneCase	2	0	65535	65534	0
laneCase	2	0	65535	65535	65535
laneCase	2	0	65535	0	65534
laneCase	2	0	65535	16381	49153
laneCase	2	0	65535	32765	32769
laneCase	2	0	65535	32766	32768
laneCase	2	0	65535	32767	32767
laneCase	2	0	65535	65532	2
laneCase	2	0	65535	65533	1
laneCase	2	1	3	0	0
laneCase	2	1	4	0	0
laneCase	2	1	5	0	0
laneCase	2	1	16386	0	0
laneCase	2	1	32770	0	0
laneCase	2	1	32771	0	0
laneCase	2	1	32772	0	0
laneCase	2	1	1	0	0
laneCase	2	1	2	0	0
laneCase	2	1	3	1	0
laneCase	2	1	4	1	1
laneCase	2	1	5	1	2
laneCase	2	1	16386	1	16383
laneCase	2	1	32770	1	32767
laneCase	2	1	32771	1	32768
laneCase	2	1	32772	1	32769
laneCase	2	1	1	1	65534
laneCase	2	1	2	1	65535
laneCase	2	1	3	2	0
laneCase	2	1	4	2	2
laneCase	2	1	5	2	4
laneCase	2	1	16386	2	32766
laneCase	2	1	32770	2	65534
laneCase	2	1	32771	2	0
laneCase	2	1	32772	2	2
laneCase	2	1	1	2	65532
laneCase	2	1	2	2	65534
laneCase	2	1	3	16383	0
laneCase	2	1	4	16383	16383
laneCase	2	1	5	16383	32766
laneCase	2	1	16386	16383	32769
laneCase	2	1	32770	16383	16385
laneCase	2	1	32771	16383	32768
laneCase	2	1	32772	16383	49151
laneCase	2	1	1	16383	32770
laneCase	2	1	2	16383	49153
laneCase	2	1	3	32767	0
laneCase	2	1	4	32767	32767
laneCase	2	1	5	32767	65534
laneCase	2	1	16386	32767	16385
laneCase	2	1	32770	32767	1
laneCase	2	1	32771	32767	32768
laneCase	2	1	32772	32767	65535
laneCase	2	1	1	32767	2
laneCase	2	1	2	32767	32769
laneCase	2	1	3	32768	0
laneCase	2	1	4	32768	32768
laneCase	2	1	5	32768	0
laneCase	2	1	16386	32768	32768
laneCase	2	1	32770	32768	32768
laneCase	2	1	32771	32768	0
laneCase	2	1	32772	32768	32768
laneCase	2	1	1	32768	0
laneCase	2	1	2	32768	32768
laneCase	2	1	3	32769	0
laneCase	2	1	4	32769	32769
laneCase	2	1	5	32769	2
laneCase	2	1	16386	32769	49151
laneCase	2	1	32770	32769	65535
laneCase	2	1	32771	32769	32768
laneCase	2	1	32772	32769	1
laneCase	2	1	1	32769	65534
laneCase	2	1	2	32769	32767
laneCase	2	1	3	65534	0
laneCase	2	1	4	65534	65534
laneCase	2	1	5	65534	65532
laneCase	2	1	16386	65534	32770
laneCase	2	1	32770	65534	2
laneCase	2	1	32771	65534	0
laneCase	2	1	32772	65534	65534
laneCase	2	1	1	65534	4
laneCase	2	1	2	65534	2
laneCase	2	1	3	65535	0
laneCase	2	1	4	65535	65535
laneCase	2	1	5	65535	65534
laneCase	2	1	16386	65535	49153
laneCase	2	1	32770	65535	32769
laneCase	2	1	32771	65535	32768
laneCase	2	1	32772	65535	32767
laneCase	2	1	1	65535	2
laneCase	2	1	2	65535	1
laneCase	2	2	65535	28085	0
laneCase	2	2	65535	56172	0
laneCase	2	2	65535	18723	0
laneCase	2	2	65535	49150	0
laneCase	2	2	65535	32766	0
laneCase	2	2	65535	60853	0
laneCase	2	2	65535	23404	0
laneCase	2	2	65535	37447	0
laneCase	2	2	65535	65534	0
laneCase	2	2	0	28085	0
laneCase	2	2	0	56172	1
laneCase	2	2	0	18723	2
laneCase	2	2	0	49150	16383
laneCase	2	2	0	32766	32767
laneCase	2	2	0	60853	32768
laneCase	2	2	0	23404	32769
laneCase	2	2	0	37447	65534
laneCase	2	2	0	65534	65535
laneCase	2	2	1	28085	0
laneCase	2	2	1	56172	2
laneCase	2	2	1	18723	4
laneCase	2	2	1	49150	32766
laneCase	2	2	1	32766	65534
laneCase	2	2	1	60853	0
laneCase	2	2	1	23404	2
laneCase	2	2	1	37447	65532
laneCase	2	2	1	65534	65534
laneCase	2	2	16382	28085	0
laneCase	2	2	16382	56172	16383
laneCase	2	2	16382	18723	32766
laneCase	2	2	16382	49150	32769
laneCase	2	2	16382	32766	16385
laneCase	2	2	16382	60853	32768
laneCase	2	2	16382	23404	49151
laneCase	2	2	16382	37447	32770
laneCase	2	2	16382	65534	49153
laneCase	2	2	32766	28085	0
laneCase	2	2	32766	56172	32767
laneCase	2	2	32766	18723	65534
laneCase	2	2	32766	49150	16385
laneCase	2	2	32766	32766	1
laneCase	2	2	32766	60853	32768
laneCase	2	2	32766	23404	65535
laneCase	2	2	32766	37447	2
laneCase	2	2	32766	65534	32769
laneCase	2	2	32767	28085	0
laneCase	2	2	32767	56172	32768
laneCase	2	2	32767	18723	0
laneCase	2	2	32767	49150	32768
laneCase	2	2	32767	32766	32768
laneCase	2	2	32767	60853	0
laneCase	2	2	32767	23404	32768
laneCase	2	2	32767	37447	0
laneCase	2	2	32767	65534	32768
laneCase	2	2	32768	28085	0
laneCase	2	2	32768	56172	32769
laneCase	2	2	32768	18723	2
laneCase	2	2	32768	49150	49151
laneCase	2	2	32768	32766	65535
laneCase	2	2	32768	60853	32768
laneCase	2	2	32768	23404	1
laneCase	2	2	32768	37447	65534
laneCase	2	2	32768	65534	32767
laneCase	2	2	65533	28085	0
laneCase	2	2	65533	56172	65534
laneCase	2	2	65533	18723	65532
laneCase	2	2	65533	49150	32770
laneCase	2	2	65533	32766	2
laneCase	2	2	65533	60853	0
laneCase	2	2	65533	23404	65534
laneCase	2	2	65533	37447	4
laneCase	2	2	65533	65534	2
laneCase	2	2	65534	28085	0
laneCase	2	2	65534	56172	65535
laneCase	2	2	65534	18723	65534
laneCase	2	2	65534	49150	49153
laneCase	2	2	65534	32766	32769
laneCase	2	2	65534	60853	32768
laneCase	2	2	65534	23404	32767
laneCase	2	2	65534	37447	2
laneCase	2	2	65534	65534	1
laneCase	2	3	17875	1	0
laneCase	2	3	53622	1	0
laneCase	2	3	23833	1	0
laneCase	2	3	31280	1	0
laneCase	2	3	14896	1	0
laneCase	2	3	50643	1	0
laneCase	2	3	20854	1	0
laneCase	2	3	11917	1	0
laneCase	2	3	47664	1	0
laneCase	2	3	17875	2	0
laneCase	2	3	53622	2	1
laneCase	2	3	23833	2	2
laneCase	2	3	31280	2	16383
laneCase	2	3	14896	2	32767
laneCase	2	3	50643	2	32768
laneCase	2	3	20854	2	32769
laneCase	2	3	11917	2	65534
laneCase	2	3	47664	2	65535
laneCase	2	3	17875	3	0
laneCase	2	3	53622	3	2
laneCase	2	3	23833	3	4
laneCase	2	3	31280	3	32766
laneCase	2	3	14896	3	65534
laneCase	2	3	50643	3	0
laneCase	2	3	20854	3	2
laneCase	2	3	11917	3	65532
laneCase	2	3	47664	3	65534
laneCase	2	3	17875	16384	0
laneCase	2	3	53622	16384	16383
laneCase	2	3	23833	16384	32766
laneCase	2	3	31280	16384	32769
laneCase	2	3	14896	16384	16385
laneCase	2	3	50643	16384	32768
laneCase	2	3	20854	16384	49151
laneCase	2	3	11917	16384	32770
laneCase	2	3	47664	16384	49153
laneCase	2	3	17875	32768	0
laneCase	2	3	53622	32768	32767
laneCase	2	3	23833	32768	65534
laneCase	2	3	31280	32768	16385
laneCase	2	3	14896	32768	1
laneCase	2	3	50643	32768	32768
laneCase	2	3	20854	32768	65535
laneCase	2	3	11917	32768	2
laneCase	2	3	47664	32768	32769
laneCase	2	3	17875	32769	0
laneCase	2	3	53622	32769	32768
laneCase	2	3	23833	32769	0
laneCase	2	3	31280	32769	32768
laneCase	2	3	14896	32769	32768
laneCase	2	3	50643	32769	0
laneCase	2	3	20854	32769	32768
laneCase	2	3	11917	32769	0
laneCase	2	3	47664	32769	32768
laneCase	2	3	17875	32770	0
laneCase	2	3	53622	32770	32769
laneCase	2	3	23833	32770	2
laneCase	2	3	31280	32770	49151
laneCase	2	3	14896	32770	65535
laneCase	2	3	50643	32770	32768
laneCase	2	3	20854	32770	1
laneCase	2	3	11917	32770	65534
laneCase	2	3	47664	32770	32767
laneCase	2	3	17875	65535	0
laneCase	2	3	53622	65535	65534
laneCase	2	3	23833	65535	65532
laneCase	2	3	31280	65535	32770
laneCase	2	3	14896	65535	2
laneCase	2	3	50643	65535	0
laneCase	2	3	20854	65535	65534
laneCase	2	3	11917	65535	4
laneCase	2	3	47664	65535	2
laneCase	2	3	17875	0	0
laneCase	2	3	53622	0	65535
laneCase	2	3	23833	0	65534
laneCase	2	3	31280	0	49153
laneCase	2	3	14896	0	32769
laneCase	2	3	50643	0	32768
laneCase	2	3	20854	0	32767
laneCase	2	3	11917	0	2
laneCase	2	3	47664	0	1
laneCase	2	4	32769	32768	0
laneCase	2	4	32769	32769	0
laneCase	2	4	32769	32770	0
laneCase	2	4	32769	49151	0
laneCase	2	4	32769	65535	0
laneCase	2	4	32769	0	0
laneCase	2	4	32769	1	0
laneCase	2	4	32769	32766	0
laneCase	2	4	32769	32767	0
laneCase	2	4	32770	32768	0
laneCase	2	4	32770	32769	1
laneCase	2	4	32770	32770	2
laneCase	2	4	32770	49151	16383
laneCase	2	4	32770	65535	32767
laneCase	2	4	32770	0	32768
laneCase	2	4	32770	1	32769
laneCase	2	4	32770	32766	65534
laneCase	2	4	32770	32767	65535
laneCase	2	4	32771	32768	0
laneCase	2	4	32771	32769	2
laneCase	2	4	32771	32770	4
laneCase	2	4	32771	49151	32766
laneCase	2	4	32771	65535	65534
laneCase	2	4	32771	0	0
laneCase	2	4	32771	1	2
laneCase	2	4	32771	32766	65532
laneCase	2	4	32771	32767	65534
laneCase	2	4	49152	32768	0
laneCase	2	4	49152	32769	16383
laneCase	2	4	49152	32770	32766
laneCase	2	4	49152	49151	32769
laneCase	2	4	49152	65535	16385
laneCase	2	4	49152	0	32768
laneCase	2	4	49152	1	49151
laneCase	2	4	49152	32766	32770
laneCase	2	4	49152	32767	49153
laneCase	2	4	0	32768	0
laneCase	2	4	0	32769	32767
laneCase	2	4	0	32770	65534
laneCase	2	4	0	49151	16385
laneCase	2	4	0	65535	1
laneCase	2	4	0	0	32768
laneCase	2	4	0	1	65535
laneCase	2	4	0	32766	2
laneCase	2	4	0	32767	32769
laneCase	2	4	1	32768	0
laneCase	2	4	1	32769	32768
laneCase	2	4	1	32770	0
laneCase	2	4	1	49151	32768
laneCase	2	4	1	65535	32768
laneCase	2	4	1	0	0
laneCase	2	4	1	1	32768
laneCase	2	4	1	32766	0
laneCase	2	4	1	32767	32768
laneCase	2	4	2	32768	0
laneCase	2	4	2	32769	32769
laneCase	2	4	2	32770	2
laneCase	2	4	2	49151	49151
laneCase	2	4	2	65535	65535
laneCase	2	4	2	0	32768
laneCase	2	4	2	1	1
laneCase	2	4	2	32766	65534
laneCase	2	4	2	32767	32767
laneCase	2	4	32767	32768	0
laneCase	2	4	32767	32769	65534
laneCase	2	4	32767	32770	65532
laneCase	2	4	32767	49151	32770
laneCase	2	4	32767	65535	2
laneCase	2	4	32767	0	0
laneCase	2	4	32767	1	65534
laneCase	2	4	32767	32766	4
laneCase	2	4	32767	32767	2
laneCase	2	4	32768	32768	0
laneCase	2	4	32768	32769	65535
laneCase	2	4	32768	32770	65534
laneCase	2	4	32768	49151	49153
laneCase	2	4	32768	65535	32769
laneCase	2	4	32768	0	32768
laneCase	2	4	32768	1	32767
laneCase	2	4	32768	32766	2
laneCase	2	4	32768	32767	1
laneCase	2	5	32767	32768	0
laneCase	2	5	32768	32768	0
laneCase	2	5	32769	32768	0
laneCase	2	5	49150	32768	0
laneCase	2	5	65534	32768	0
laneCase	2	5	65535	32768	0
laneCase	2	5	0	32768	0
laneCase	2	5	32765	32768	0
laneCase	2	5	32766	32768	0
laneCase	2	5	32767	32769	0
laneCase	2	5	32768	32769	1
laneCase	2	5	32769	32769	2
laneCase	2	5	49150	32769	16383
laneCase	2	5	65534	32769	32767
laneCase	2	5	65535	32769	32768
laneCase	2	5	0	32769	32769
laneCase	2	5	32765	32769	65534
laneCase	2	5	32766	32769	65535
laneCase	2	5	32767	32770	0
laneCase	2	5	32768	32770	2
laneCase	2	5	32769	32770	4
laneCase	2	5	49150	32770	32766
laneCase	2	5	65534	32770	65534
laneCase	2	5	65535	32770	0
laneCase	2	5	0	32770	2
laneCase	2	5	32765	32770	65532
laneCase	2	5	32766	32770	65534
laneCase	2	5	32767	49151	0
laneCase	2	5	32768	49151	16383
laneCase	2	5	32769	49151	32766
laneCase	2	5	49150	49151	32769
laneCase	2	5	65534	49151	16385
laneCase	2	5	65535	49151	32768
laneCase	2	5	0	49151	49151
laneCase	2	5	32765	49151	32770
laneCase	2	5	32766	49151	49153
laneCase	2	5	32767	65535	0
laneCase	2	5	32768	65535	32767
laneCase	2	5	32769	65535	65534
laneCase	2	5	49150	65535	16385
laneCase	2	5	65534	65535	1
laneCase	2	5	65535	65535	32768
laneCase	2	5	0	65535	65535
laneCase	2	5	32765	65535	2
laneCase	2	5	32766	65535	32769
laneCase	2	5	32767	0	0
laneCase	2	5	32768	0	32768
laneCase	2	5	32769	0	0
laneCase	2	5	49150	0	32768
laneCase	2	5	65534	0	32768
laneCase	2	5	65535	0	0
laneCase	2	5	0	0	32768
laneCase	2	5	32765	0	0
laneCase	2	5	32766	0	32768
laneCase	2	5	32767	1	0
laneCase	2	5	32768	1	32769
laneCase	2	5	32769	1	2
laneCase	2	5	49150	1	49151
laneCase	2	5	65534	1	65535
laneCase	2	5	65535	1	32768
laneCase	2	5	0	1	1
laneCase	2	5	32765	1	65534
laneCase	2	5	32766	1	32767
laneCase	2	5	32767	32766	0
laneCase	2	5	32768	32766	65534
laneCase	2	5	32769	32766	65532
laneCase	2	5	49150	32766	32770
laneCase	2	5	65534	32766	2
laneCase	2	5	65535	32766	0
laneCase	2	5	0	32766	65534
laneCase	2	5	32765	32766	4
laneCase	2	5	32766	32766	2
laneCase	2	5	32767	32767	0
laneCase	2	5	32768	32767	65535
laneCase	2	5	32769	32767	65534
laneCase	2	5	49150	32767	49153
laneCase	2	5	65534	32767	32769
laneCase	2	5	65535	32767	32768
laneCase	2	5	0	32767	32767
laneCase	2	5	32765	32767	2
laneCase	2	5	32766	32767	1
laneCase	2	6	21843	10081	0
laneCase	2	6	21843	30246	0
laneCase	2	6	21843	50411	0
laneCase	2	6	21843	6300	0
laneCase	2	6	21843	22684	0
laneCase	2	6	21843	42849	0
laneCase	2	6	21843	63014	0
laneCase	2	6	21843	35287	0
laneCase	2	6	21843	55452	0
laneCase	2	6	65534	10081	0
laneCase	2	6	65534	30246	1
laneCase	2	6	65534	50411	2
laneCase	2	6	65534	6300	16383
laneCase	2	6	65534	22684	32767
laneCase	2	6	65534	42849	32768
laneCase	2	6	65534	63014	32769
laneCase	2	6	65534	35287	65534
laneCase	2	6	65534	55452	65535
laneCase	2	6	43689	10081	0
laneCase	2	6	43689	30246	2
laneCase	2	6	43689	50411	4
laneCase	2	6	43689	6300	32766
laneCase	2	6	43689	22684	65534
laneCase	2	6	43689	42849	0
laneCase	2	6	43689	63014	2
laneCase	2	6	43689	35287	65532
laneCase	2	6	43689	55452	65534
laneCase	2	6	27304	10081	0
laneCase	2	6	27304	30246	16383
laneCase	2	6	27304	50411	32766
laneCase	2	6	27304	6300	32769
laneCase	2	6	27304	22684	16385
laneCase	2	6	27304	42849	32768
laneCase	2	6	27304	63014	49151
laneCase	2	6	27304	35287	32770
laneCase	2	6	27304	55452	49153
laneCase	2	6	10920	10081	0
laneCase	2	6	10920	30246	32767
laneCase	2	6	10920	50411	65534
laneCase	2	6	10920	6300	16385
laneCase	2	6	10920	22684	1
laneCase	2	6	10920	42849	32768
laneCase	2	6	10920	63014	65535
laneCase	2	6	10920	35287	2
laneCase	2	6	10920	55452	32769
laneCase	2	6	54611	10081	0
laneCase	2	6	54611	30246	32768
laneCase	2	6	54611	50411	0
laneCase	2	6	54611	6300	32768
laneCase	2	6	54611	22684	32768
laneCase	2	6	54611	42849	0
laneCase	2	6	54611	63014	32768
laneCase	2	6	54611	35287	0
laneCase	2	6	54611	55452	32768
laneCase	2	6	32766	10081	0
laneCase	2	6	32766	30246	32769
laneCase	2	6	32766	50411	2
laneCase	2	6	32766	6300	49151
laneCase	2	6	32766	22684	65535
laneCase	2	6	32766	42849	32768
laneCase	2	6	32766	63014	1
laneCase	2	6	32766	35287	65534
laneCase	2	6	32766	55452	32767
laneCase	2	6	65533	10081	0
laneCase	2	6	65533	30246	65534
laneCase	2	6	65533	50411	65532
laneCase	2	6	65533	6300	32770
laneCase	2	6	65533	22684	2
laneCase	2	6	65533	42849	0
laneCase	2	6	65533	63014	65534
laneCase	2	6	65533	35287	4
laneCase	2	6	65533	55452	2
laneCase	2	6	43688	10081	0
laneCase	2	6	43688	30246	65535
laneCase	2	6	43688	50411	65534
laneCase	2	6	43688	6300	49153
laneCase	2	6	43688	22684	32769
laneCase	2	6	43688	42849	32768
laneCase	2	6	43688	63014	32767
laneCase	2	6	43688	35287	2
laneCase	2	6	43688	55452	1
laneCase	2	7	42407	52431	0
laneCase	2	7	38552	52431	0
laneCase	2	7	34697	52431	0
laneCase	2	7	62646	52431	0
laneCase	2	7	13494	52431	0
laneCase	2	7	9639	52431	0
laneCase	2	7	5784	52431	0
laneCase	2	7	50117	52431	0
laneCase	2	7	46262	52431	0
laneCase	2	7	42407	39324	0
laneCase	2	7	38552	39324	1
laneCase	2	7	34697	39324	2
laneCase	2	7	62646	39324	16383
laneCase	2	7	13494	39324	32767
laneCase	2	7	9639	39324	32768
laneCase	2	7	5784	39324	32769
laneCase	2	7	50117	39324	65534
laneCase	2	7	46262	39324	65535
laneCase	2	7	42407	26217	0
laneCase	2	7	38552	26217	2
laneCase	2	7	34697	26217	4
laneCase	2	7	62646	26217	32766
laneCase	2	7	13494	26217	65534
laneCase	2	7	9639	26217	0
laneCase	2	7	5784	26217	2
laneCase	2	7	50117	26217	65532
laneCase	2	7	46262	26217	65534
laneCase	2	7	42407	16386	0
laneCase	2	7	38552	16386	16383
laneCase	2	7	34697	16386	32766
laneCase	2	7	62646	16386	32769
laneCase	2	7	13494	16386	16385
laneCase	2	7	9639	16386	32768
laneCase	2	7	5784	16386	49151
laneCase	2	7	50117	16386	32770
laneCase	2	7	46262	16386	49153
laneCase	2	7	42407	32770	0
laneCase	2	7	38552	32770	32767
laneCase	2	7	34697	32770	65534
laneCase	2	7	62646	32770	16385
laneCase	2	7	13494	32770	1
laneCase	2	7	9639	32770	32768
laneCase	2	7	5784	32770	65535
laneCase	2	7	50117	32770	2
laneCase	2	7	46262	32770	32769
laneCase	2	7	42407	19663	0
laneCase	2	7	38552	19663	32768
laneCase	2	7	34697	19663	0
laneCase	2	7	62646	19663	32768
laneCase	2	7	13494	19663	32768
laneCase	2	7	9639	19663	0
laneCase	2	7	5784	19663	32768
laneCase	2	7	50117	19663	0
laneCase	2	7	46262	19663	32768
laneCase	2	7	42407	6556	0
laneCase	2	7	38552	6556	32769
laneCase	2	7	34697	6556	2
laneCase	2	7	62646	6556	49151
laneCase	2	7	13494	6556	65535
laneCase	2	7	9639	6556	32768
laneCase	2	7	5784	6556	1
laneCase	2	7	50117	6556	65534
laneCase	2	7	46262	6556	32767
laneCase	2	7	42407	13109	0
laneCase	2	7	38552	13109	65534
laneCase	2	7	34697	13109	65532
laneCase	2	7	62646	13109	32770
laneCase	2	7	13494	13109	2
laneCase	2	7	9639	13109	0
laneCase	2	7	5784	13109	65534
laneCase	2	7	50117	13109	4
laneCase	2	7	46262	13109	2
laneCase	2	7	42407	2	0
laneCase	2	7	38552	2	65535
laneCase	2	7	34697	2	65534
laneCase	2	7	62646	2	49153
laneCase	2	7	13494	2	32769
laneCase	2	7	9639	2	32768
laneCase	2	7	5784	2	32767
laneCase	2	7	50117	2	2
laneCase	2	7	46262	2	1
laneCase	3	0	0	65534	0
laneCase	3	0	0	65535	0
laneCase	3	0	0	0	0
laneCase	3	0	0	16381	0
laneCase	3	0	0	32765	0
laneCase	3	0	0	32766	0
laneCase	3	0	0	32767	0
laneCase	3	0	0	65532	0
laneCase	3	0	0	65533	0
laneCase	3	0	1	65534	1
laneCase	3	0	1	65535	1
laneCase	3	0	1	0	1
laneCase	3	0	1	16381	1
laneCase	3	0	1	32765	1
laneCase	3	0	1	32766	1
laneCase	3	0	1	32767	1
laneCase	3	0	1	65532	1
laneCase	3	0	1	65533	1
laneCase	3	0	2	65534	2
laneCase	3	0	2	65535	2
laneCase	3	0	2	0	2
laneCase	3	0	2	16381	2
laneCase	3	0	2	32765	2
laneCase	3	0	2	32766	2
laneCase	3	0	2	32767	2
laneCase	3	0	2	65532	2
laneCase	3	0	2	65533	2
laneCase	3	0	16383	65534	16383
laneCase	3	0	16383	65535	16383
laneCase	3	0	16383	0	16383
laneCase	3	0	16383	16381	16383
laneCase	3	0	16383	32765	16383
laneCase	3	0	16383	32766	16383
laneCase	3	0	16383	32767	16383
laneCase	3	0	16383	65532	16383
laneCase	3	0	16383	65533	16383
laneCase	3	0	32767	65534	32767
laneCase	3	0	32767	65535	32767
laneCase	3	0	32767	0	32767
laneCase	3	0	32767	16381	32767
laneCase	3	0	32767	32765	32767
laneCase	3	0	32767	32766	32767
laneCase	3	0	32767	32767	32767
laneCase	3	0	32767	65532	32767
laneCase	3	0	32767	65533	32767
laneCase	3	0	32768	65534	32768
laneCase	3	0	32768	65535	32768
laneCase	3	0	32768	0	32768
laneCase	3	0	32768	16381	32768
laneCase	3	0	32768	32765	32768
laneCase	3	0	32768	32766	32768
laneCase	3	0	32768	32767	32768
laneCase	3	0	32768	65532	32768
laneCase	3	0	32768	65533	32768
laneCase	3	0	32769	65534	32769
laneCase	3	0	32769	65535	32769
laneCase	3	0	32769	0	32769
laneCase	3	0	32769	16381	32769
laneCase	3	0	32769	32765	32769
laneCase	3	0	32769	32766	32769
laneCase	3	0	32769	32767	32769
laneCase	3	0	32769	65532	32769
laneCase	3	0	32769	65533	32769
laneCase	3	0	65534	65534	65534
laneCase	3	0	65534	65535	65534
laneCase	3	0	65534	0	65534
laneCase	3	0	65534	16381	65534
laneCase	3	0	65534	32765	65534
laneCase	3	0	65534	32766	65534
laneCase	3	0	65534	32767	65534
laneCase	3	0	65534	65532	65534
laneCase	3	0	65534	65533	65534
laneCase	3	0	65535	65534	65535
laneCase	3	0	65535	65535	65535
laneCase	3	0	65535	0	65535
laneCase	3	0	65535	16381	65535
laneCase	3	0	65535	32765	65535
laneCase	3	0	65535	32766	65535
laneCase	3	0	65535	32767	65535
laneCase	3	0	65535	65532	65535
laneCase	3	0	65535	65533	65535
laneCase	3	1	3	0	0
laneCase	3	1	4	0	0
laneCase	3	1	5	0	0
laneCase	3	1	16386	0	0
laneCase	3	1	32770	0	0
laneCase	3	1	32771	0	0
laneCase	3	1	32772	0	0
laneCase	3	1	1	0	0
laneCase	3	1	2	0	0
laneCase	3	1	3	1	1
laneCase	3	1	4	1	1
laneCase	3	1	5	1	1
laneCase	3	1	16386	1	1
laneCase	3	1	32770	1	1
laneCase	3	1	32771	1	1
laneCase	3	1	32772	1	1
laneCase	3	1	1	1	1
laneCase	3	1	2	1	1
laneCase	3	1	3	2	2
laneCase	3	1	4	2	2
laneCase	3	1	5	2	2
laneCase	3	1	16386	2	2
laneCase	3	1	32770	2	2
laneCase	3	1	32771	2	2
laneCase	3	1	32772	2	2
laneCase	3	1	1	2	2
laneCase	3	1	2	2	2
laneCase	3	1	3	16383	16383
laneCase	3	1	4	16383	16383
laneCase	3	1	5	16383	16383
laneCase	3	1	16386	16383	16383
laneCase	3	1	32770	16383	16383
laneCase	3	1	32771	16383	16383
laneCase	3	1	32772	16383	16383
laneCase	3	1	1	16383	16383
laneCase	3	1	2	16383	16383
laneCase	3	1	3	32767	32767
laneCase	3	1	4	32767	32767
laneCase	3	1	5	32767	32767
laneCase	3	1	16386	32767	32767
laneCase	3	1	32770	32767	32767
laneCase	3	1	32771	32767	32767
laneCase	3	1	32772	32767	32767
laneCase	3	1	1	32767	32767
laneCase	3	1	2	32767	32767
laneCase	3	1	3	32768	32768
laneCase	3	1	4	32768	32768
laneCase	3	1	5	32768	32768
laneCase	3	1	16386	32768	32768
laneCase	3	1	32770	32768	32768
laneCase	3	1	32771	32768	32768
laneCase	3	1	32772	32768	32768
laneCase	3	1	1	32768	32768
laneCase	3	1	2	32768	32768
laneCase	3	1	3	32769	32769
laneCase	3	1	4	32769	32769
laneCase	3	1	5	32769	32769
laneCase	3	1	16386	32769	32769
laneCase	3	1	32770	32769	32769
laneCase	3	1	32771	32769	32769
laneCase	3	1	32772	32769	32769
laneCase	3	1	1	32769	32769
laneCase	3	1	2	32769	32769
laneCase	3	1	3	65534	65534
laneCase	3	1	4	65534	65534
laneCase	3	1	5	65534	65534
laneCase	3	1	16386	65534	65534
laneCase	3	1	32770	65534	65534
laneCase	3	1	32771	65534	65534
laneCase	3	1	32772	65534	65534
laneCase	3	1	1	65534	65534
laneCase	3	1	2	65534	65534
laneCase	3	1	3	65535	65535
laneCase	3	1	4	65535	65535
laneCase	3	1	5	65535	65535
laneCase	3	1	16386	65535	65535
laneCase	3	1	32770	65535	65535
laneCase	3	1	32771	65535	65535
laneCase	3	1	32772	65535	65535
laneCase	3	1	1	65535	65535
laneCase	3	1	2	65535	65535
laneCase	3	2	65535	28085	0
laneCase	3	2	65535	56172	0
laneCase	3	2	65535	18723	0
laneCase	3	2	65535	49150	0
laneCase	3	2	65535	32766	0
laneCase	3	2	65535	60853	0
laneCase	3	2	65535	23404	0
laneCase	3	2	65535	37447	0
laneCase	3	2	65535	65534	0
laneCase	3	2	0	28085	1
laneCase	3	2	0	56172	1
laneCase	3	2	0	18723	1
laneCase	3	2	0	49150	1
laneCase	3	2	0	32766	1
laneCase	3	2	0	60853	1
laneCase	3	2	0	23404	1
laneCase	3	2	0	37447	1
laneCase	3	2	0	65534	1
laneCase	3	2	1	28085	2
laneCase	3	2	1	56172	2
laneCase	3	2	1	18723	2
laneCase	3	2	1	49150	2
laneCase	3	2	1	32766	2
laneCase	3	2	1	60853	2
laneCase	3	2	1	23404	2
laneCase	3	2	1	37447	2
laneCase	3	2	1	65534	2
laneCase	3	2	16382	28085	16383
laneCase	3	2	16382	56172	16383
laneCase	3	2	16382	18723	16383
laneCase	3	2	16382	49150	16383
laneCase	3	2	16382	32766	16383
laneCase	3	2	16382	60853	16383
laneCase	3	2	16382	23404	16383
laneCase	3	2	16382	37447	16383
laneCase	3	2	16382	65534	16383
laneCase	3	2	32766	28085	32767
laneCase	3	2	32766	56172	32767
laneCase	3	2	32766	18723	32767
laneCase	3	2	32766	49150	32767
laneCase	3	2	32766	32766	32767
laneCase	3	2	32766	60853	32767
laneCase	3	2	32766	23404	32767
laneCase	3	2	32766	37447	32767
laneCase	3	2	32766	65534	32767
laneCase	3	2	32767	28085	32768
laneCase	3	2	32767	56172	32768
laneCase	3	2	32767	18723	32768
laneCase	3	2	32767	49150	32768
laneCase	3	2	32767	32766	32768
laneCase	3	2	32767	60853	32768
laneCase	3	2	32767	23404	32768
laneCase	3	2	32767	37447	32768
laneCase	3	2	32767	65534	32768
laneCase	3	2	32768	28085	32769
laneCase	3	2	32768	56172	32769
laneCase	3	2	32768	18723	32769
laneCase	3	2	32768	49150	32769
laneCase	3	2	32768	32766	32769
laneCase	3	2	32768	60853	32769
laneCase	3	2	32768	23404	32769
laneCase	3	2	32768	37447	32769
laneCase	3	2	32768	65534	32769
laneCase	3	2	65533	28085	65534
laneCase	3	2	65533	56172	65534
laneCase	3	2	65533	18723	65534
laneCase	3	2	65533	49150	65534
laneCase	3	2	65533	32766	65534
laneCase	3	2	65533	60853	65534
laneCase	3	2	65533	23404	65534
laneCase	3	2	65533	37447	65534
laneCase	3	2	65533	65534	65534
laneCase	3	2	65534	28085	65535
laneCase	3	2	65534	56172	65535
laneCase	3	2	65534	18723	65535
laneCase	3	2	65534	49150	65535
laneCase	3	2	65534	32766	65535
laneCase	3	2	65534	60853	65535
laneCase	3	2	65534	23404	65535
laneCase	3	2	65534	37447	65535
laneCase	3	2	65534	65534	65535
laneCase	3	3	17875	1	0
laneCase	3	3	53622	1	0
laneCase	3	3	23833	1	0
laneCase	3	3	31280	1	0
laneCase	3	3	14896	1	0
laneCase	3	3	50643	1	0
laneCase	3	3	20854	1	0
laneCase	3	3	11917	1	0
laneCase	3	3	47664	1	0
laneCase	3	3	17875	2	1
laneCase	3	3	53622	2	1
laneCase	3	3	23833	2	1
laneCase	3	3	31280	2	1
laneCase	3	3	14896	2	1
laneCase	3	3	50643	2	1
laneCase	3	3	20854	2	1
laneCase	3	3	11917	2	1
laneCase	3	3	47664	2	1
laneCase	3	3	17875	3	2
laneCase	3	3	53622	3	2
laneCase	3	3	23833	3	2
laneCase	3	3	31280	3	2
laneCase	3	3	14896	3	2
laneCase	3	3	50643	3	2
laneCase	3	3	20854	3	2
laneCase	3	3	11917	3	2
laneCase	3	3	47664	3	2
laneCase	3	3	17875	16384	16383
laneCase	3	3	53622	16384	16383
laneCase	3	3	23833	16384	16383
laneCase	3	3	31280	16384	16383
laneCase	3	3	14896	16384	16383
laneCase	3	3	50643	16384	16383
laneCase	3	3	20854	16384	16383
laneCase	3	3	11917	16384	16383
laneCase	3	3	47664	16384	16383
laneCase	3	3	17875	32768	32767
laneCase	3	3	53622	32768	32767
laneCase	3	3	23833	32768	32767
laneCase	3	3	31280	32768	32767
laneCase	3	3	14896	32768	32767
laneCase	3	3	50643	32768	32767
laneCase	3	3	20854	32768	32767
laneCase	3	3	11917	32768	32767
laneCase	3	3	47664	32768	32767
laneCase	3	3	17875	32769	32768
laneCase	3	3	53622	32769	32768
laneCase	3	3	23833	32769	32768
laneCase	3	3	31280	32769	32768
laneCase	3	3	14896	32769	32768
laneCase	3	3	50643	32769	32768
laneCase	3	3	20854	32769	32768
laneCase	3	3	11917	32769	32768
laneCase	3	3	47664	32769	32768
laneCase	3	3	17875	32770	32769
laneCase	3	3	53622	32770	32769
laneCase	3	3	23833	32770	32769
laneCase	3	3	31280	32770	32769
laneCase	3	3	14896	32770	32769
laneCase	3	3	50643	32770	32769
laneCase	3	3	20854	32770	32769
laneCase	3	3	11917	32770	32769
laneCase	3	3	47664	32770	32769
laneCase	3	3	17875	65535	65534
laneCase	3	3	53622	65535	65534
laneCase	3	3	23833	65535	65534
laneCase	3	3	31280	65535	65534
laneCase	3	3	14896	65535	65534
laneCase	3	3	50643	65535	65534
laneCase	3	3	20854	65535	65534
laneCase	3	3	11917	65535	65534
laneCase	3	3	47664	65535	65534
laneCase	3	3	17875	0	65535
laneCase	3	3	53622	0	65535
laneCase	3	3	23833	0	65535
laneCase	3	3	31280	0	65535
laneCase	3	3	14896	0	65535
laneCase	3	3	50643	0	65535
laneCase	3	3	20854	0	65535
laneCase	3	3	11917	0	65535
laneCase	3	3	47664	0	65535
laneCase	3	4	32769	32768	0
laneCase	3	4	32769	32769	0
laneCase	3	4	32769	32770	0
laneCase	3	4	32769	49151	0
laneCase	3	4	32769	65535	0
laneCase	3	4	32769	0	0
laneCase	3	4	32769	1	0
laneCase	3	4	32769	32766	0
laneCase	3	4	32769	32767	0
laneCase	3	4	32770	32768	1
laneCase	3	4	32770	32769	1
laneCase	3	4	32770	32770	1
laneCase	3	4	32770	49151	1
laneCase	3	4	32770	65535	1
laneCase	3	4	32770	0	1
laneCase	3	4	32770	1	1
laneCase	3	4	32770	32766	1
laneCase	3	4	32770	32767	1
laneCase	3	4	32771	32768	2
laneCase	3	4	32771	32769	2
laneCase	3	4	32771	32770	2
laneCase	3	4	32771	49151	2
laneCase	3	4	32771	65535	2
laneCase	3	4	32771	0	2
laneCase	3	4	32771	1	2
laneCase	3	4	32771	32766	2
laneCase	3	4	32771	32767	2
laneCase	3	4	49152	32768	16383
laneCase	3	4	49152	32769	16383
laneCase	3	4	49152	32770	16383
laneCase	3	4	49152	49151	16383
laneCase	3	4	49152	65535	16383
laneCase	3	4	49152	0	16383
laneCase	3	4	49152	1	16383
laneCase	3	4	49152	32766	16383
laneCase	3	4	49152	32767	16383
laneCase	3	4	0	32768	32767
laneCase	3	4	0	32769	32767
laneCase	3	4	0	32770	32767
laneCase	3	4	0	49151	32767
laneCase	3	4	0	65535	32767
laneCase	3	4	0	0	32767
laneCase	3	4	0	1	32767
laneCase	3	4	0	32766	32767
laneCase	3	4	0	32767	32767
laneCase	3	4	1	32768	32768
laneCase	3	4	1	32769	32768
laneCase	3	4	1	32770	32768
laneCase	3	4	1	49151	32768
laneCase	3	4	1	65535	32768
laneCase	3	4	1	0	32768
laneCase	3	4	1	1	32768
laneCase	3	4	1	32766	32768
laneCase	3	4	1	32767	32768
laneCase	3	4	2	32768	32769
laneCase	3	4	2	32769	32769
laneCase	3	4	2	32770	32769
laneCase	3	4	2	49151	32769
laneCase	3	4	2	65535	32769
laneCase	3	4	2	0	32769
laneCase	3	4	2	1	32769
laneCase	3	4	2	32766	32769
laneCase	3	4	2	32767	32769
laneCase	3	4	32767	32768	65534
laneCase	3	4	32767	32769	65534
laneCase	3	4	32767	32770	65534
laneCase	3	4	32767	49151	65534
laneCase	3	4	32767	65535	65534
laneCase	3	4	32767	0	65534
laneCase	3	4	32767	1	65534
laneCase	3	4	32767	32766	65534
laneCase	3	4	32767	32767	65534
laneCase	3	4	32768	32768	65535
laneCase	3	4	32768	32769	65535
laneCase	3	4	32768	32770	65535
laneCase	3	4	32768	49151	65535
laneCase	3	4	32768	65535	65535
laneCase	3	4	32768	0	65535
laneCase	3	4	32768	1	65535
laneCase	3	4	32768	32766	65535
laneCase	3	4	32768	32767	65535
laneCase	3	5	32767	32768	0
laneCase	3	5	32768	32768	0
laneCase	3	5	32769	32768	0
laneCase	3	5	49150	32768	0
laneCase	3	5	65534	32768	0
laneCase	3	5	65535	32768	0
laneCase	3	5	0	32768	0
laneCase	3	5	32765	32768	0
laneCase	3	5	32766	32768	0
laneCase	3	5	32767	32769	1
laneCase	3	5	32768	32769	1
laneCase	3	5	32769	32769	1
laneCase	3	5	49150	32769	1
laneCase	3	5	65534	32769	1
laneCase	3	5	65535	32769	1
laneCase	3	5	0	32769	1
laneCase	3	5	32765	32769	1
laneCase	3	5	32766	32769	1
laneCase	3	5	32767	32770	2
laneCase	3	5	32768	32770	2
laneCase	3	5	32769	32770	2
laneCase	3	5	49150	32770	2
laneCase	3	5	65534	32770	2
laneCase	3	5	65535	32770	2
laneCase	3	5	0	32770	2
laneCase	3	5	32765	32770	2
laneCase	3	5	32766	32770	2
laneCase	3	5	32767	49151	16383
laneCase	3	5	32768	49151	16383
laneCase	3	5	32769	49151	16383
laneCase	3	5	49150	49151	16383
laneCase	3	5	65534	49151	16383
laneCase	3	5	65535	49151	16383
laneCase	3	5	0	49151	16383
laneCase	3	5	32765	49151	16383
laneCase	3	5	32766	49151	16383
laneCase	3	5	32767	65535	32767
laneCase	3	5	32768	65535	32767
laneCase	3	5	32769	65535	32767
laneCase	3	5	49150	65535	32767
laneCase	3	5	65534	65535	32767
laneCase	3	5	65535	65535	32767
laneCase	3	5	0	65535	32767
laneCase	3	5	32765	65535	32767
laneCase	3	5	32766	65535	32767
laneCase	3	5	32767	0	32768
laneCase	3	5	32768	0	32768
laneCase	3	5	32769	0	32768
laneCase	3	5	49150	0	32768
laneCase	3	5	65534	0	32768
laneCase	3	5	65535	0	32768
laneCase	3	5	0	0	32768
laneCase	3	5	32765	0	32768
laneCase	3	5	32766	0	32768
laneCase	3	5	32767	1	32769
laneCase	3	5	32768	1	32769
laneCase	3	5	32769	1	32769
laneCase	3	5	49150	1	32769
laneCase	3	5	65534	1	32769
laneCase	3	5	65535	1	32769
laneCase	3	5	0	1	32769
laneCase	3	5	32765	1	32769
laneCase	3	5	32766	1	32769
laneCase	3	5	32767	32766	65534
laneCase	3	5	32768	32766	65534
laneCase	3	5	32769	32766	65534
laneCase	3	5	49150	32766	65534
laneCase	3	5	65534	32766	65534
laneCase	3	5	65535	32766	65534
laneCase	3	5	0	32766	65534
laneCase	3	5	32765	32766	65534
laneCase	3	5	32766	32766	65534
laneCase	3	5	32767	32767	65535
laneCase	3	5	32768	32767	65535
laneCase	3	5	32769	32767	65535
laneCase	3	5	49150	32767	65535
laneCase	3	5	65534	32767	65535
laneCase	3	5	65535	32767	65535
laneCase	3	5	0	32767	65535
laneCase	3	5	32765	32767	65535
laneCase	3	5	32766	32767	65535
laneCase	3	6	21843	10081	0
laneCase	3	6	21843	30246	0
laneCase	3	6	21843	50411	0
laneCase	3	6	21843	6300	0
laneCase	3	6	21843	22684	0
laneCase	3	6	21843	42849	0
laneCase	3	6	21843	63014	0
laneCase	3	6	21843	35287	0
laneCase	3	6	21843	55452	0
laneCase	3	6	65534	10081	1
laneCase	3	6	65534	30246	1
laneCase	3	6	65534	50411	1
laneCase	3	6	65534	6300	1
laneCase	3	6	65534	22684	1
laneCase	3	6	65534	42849	1
laneCase	3	6	65534	63014	1
laneCase	3	6	65534	35287	1
laneCase	3	6	65534	55452	1
laneCase	3	6	43689	10081	2
laneCase	3	6	43689	30246	2
laneCase	3	6	43689	50411	2
laneCase	3	6	43689	6300	2
laneCase	3	6	43689	22684	2
laneCase	3	6	43689	42849	2
laneCase	3	6	43689	63014	2
laneCase	3	6	43689	35287	2
laneCase	3	6	43689	55452	2
laneCase	3	6	27304	10081	16383
laneCase	3	6	27304	30246	16383
laneCase	3	6	27304	50411	16383
laneCase	3	6	27304	6300	16383
laneCase	3	6	27304	22684	16383
laneCase	3	6	27304	42849	16383
laneCase	3	6	27304	63014	16383
laneCase	3	6	27304	35287	16383
laneCase	3	6	27304	55452	16383
laneCase	3	6	10920	10081	32767
laneCase	3	6	10920	30246	32767
laneCase	3	6	10920	50411	32767
laneCase	3	6	10920	6300	32767
laneCase	3	6	10920	22684	32767
laneCase	3	6	10920	42849	32767
laneCase	3	6	10920	63014	32767
laneCase	3	6	10920	35287	32767
laneCase	3	6	10920	55452	32767
laneCase	3	6	54611	10081	32768
laneCase	3	6	54611	30246	32768
laneCase	3	6	54611	50411	32768
laneCase	3	6	54611	6300	32768
laneCase	3	6	54611	22684	32768
laneCase	3	6	54611	42849	32768
laneCase	3	6	54611	63014	32768
laneCase	3	6	54611	35287	32768
laneCase	3	6	54611	55452	32768
laneCase	3	6	32766	10081	32769
laneCase	3	6	32766	30246	32769
laneCase	3	6	32766	50411	32769
laneCase	3	6	32766	6300	32769
laneCase	3	6	32766	22684	32769
laneCase	3	6	32766	42849	32769
laneCase	3	6	32766	63014	32769
laneCase	3	6	32766	35287	32769
laneCase	3	6	32766	55452	32769
laneCase	3	6	65533	10081	65534
laneCase	3	6	65533	30246	65534
laneCase	3	6	65533	50411	65534
laneCase	3	6	65533	6300	65534
laneCase	3	6	65533	22684	65534
laneCase	3	6	65533	42849	65534
laneCase	3	6	65533	63014	65534
laneCase	3	6	65533	35287	65534
laneCase	3	6	65533	55452	65534
laneCase	3	6	43688	10081	65535
laneCase	3	6	43688	30246	65535
laneCase	3	6	43688	50411	65535
laneCase	3	6	43688	6300	65535
laneCase	3	6	43688	22684	65535
laneCase	3	6	43688	42849	65535
laneCase	3	6	43688	63014	65535
laneCase	3	6	43688	35287	65535
laneCase	3	6	43688	55452	65535
laneCase	3	7	42407	52431	0
laneCase	3	7	38552	52431	0
laneCase	3	7	34697	52431	0
laneCase	3	7	62646	52431	0
laneCase	3	7	13494	52431	0
laneCase	3	7	9639	52431	0
laneCase	3	7	5784	52431	0
laneCase	3	7	50117	52431	0
laneCase	3	7	46262	52431	0
laneCase	3	7	42407	39324	1
laneCase	3	7	38552	39324	1
laneCase	3	7	34697	39324	1
laneCase	3	7	62646	39324	1
laneCase	3	7	13494	39324	1
laneCase	3	7	9639	39324	1
laneCase	3	7	5784	39324	1
laneCase	3	7	50117	39324	1
laneCase	3	7	46262	39324	1
laneCase	3	7	42407	26217	2
laneCase	3	7	38552	26217	2
laneCase	3	7	34697	26217	2
laneCase	3	7	62646	26217	2
laneCase	3	7	13494	26217	2
laneCase	3	7	9639	26217	2
laneCase	3	7	5784	26217	2
laneCase	3	7	50117	26217	2
laneCase	3	7	46262	26217	2
laneCase	3	7	42407	16386	16383
laneCase	3	7	38552	16386	16383
laneCase	3	7	34697	16386	16383
laneCase	3	7	62646	16386	16383
laneCase	3	7	13494	16386	16383
laneCase	3	7	9639	16386	16383
laneCase	3	7	5784	16386	16383
laneCase	3	7	50117	16386	16383
laneCase	3	7	46262	16386	16383
laneCase	3	7	42407	32770	32767
laneCase	3	7	38552	32770	32767
laneCase	3	7	34697	32770	32767
laneCase	3	7	62646	32770	32767
laneCase	3	7	13494	32770	32767
laneCase	3	7	9639	32770	32767
laneCase	3	7	5784	32770	32767
laneCase	3	7	50117	32770	32767
laneCase	3	7	46262	32770	32767
laneCase	3	7	42407	19663	32768
laneCase	3	7	38552	19663	32768
laneCase	3	7	34697	19663	32768
laneCase	3	7	62646	19663	32768
laneCase	3	7	13494	19663	32768
laneCase	3	7	9639	19663	32768
laneCase	3	7	5784	19663	32768
laneCase	3	7	50117	19663	32768
laneCase	3	7	46262	19663	32768
laneCase	3	7	42407	6556	32769
laneCase	3	7	38552	6556	32769
laneCase	3	7	34697	6556	32769
laneCase	3	7	62646	6556	32769
laneCase	3	7	13494	6556	32769
laneCase	3	7	9639	6556	32769
laneCase	3	7	5784	6556	32769
laneCase	3	7	50117	6556	32769
laneCase	3	7	46262	6556	32769
laneCase	3	7	42407	13109	65534
laneCase	3	7	38552	13109	65534
laneCase	3	7	34697	13109	65534
laneCase	3	7	62646	13109	65534
laneCase	3	7	13494	13109	65534
laneCase	3	7	9639	13109	65534
laneCase	3	7	5784	13109	65534
laneCase	3	7	50117	13109	65534
laneCase	3	7	46262	13109	65534
laneCase	3	7	42407	2	65535
laneCase	3	7	38552	2	65535
laneCase	3	7	34697	2	65535
laneCase	3	7	62646	2	65535
laneCase	3	7	13494	2	65535
laneCase	3	7	9639	2	65535
laneCase	3	7	5784	2	65535
laneCase	3	7	50117	2	65535
laneCase	3	7	46262	2	65535
laneCase	4	0	-29	0	0
laneCase	4	0	-28	1	0
laneCase	4	0	-27	2	0
laneCase	4	0	16354	16383	0
laneCase	4	0	32738	32767	0
laneCase	4	0	32739	32768	0
laneCase	4	0	32740	32769	0
laneCase	4	0	65505	65534	0
laneCase	4	0	65506	65535	0
laneCase	4	0	-28	0	1
laneCase	4	0	-27	1	1
laneCase	4	0	-26	2	1
laneCase	4	0	16355	16383	1
laneCase	4	0	32739	32767	1
laneCase	4	0	32740	32768	1
laneCase	4	0	32741	32769	1
laneCase	4	0	65506	65534	1
laneCase	4	0	65507	65535	1
laneCase	4	0	-27	0	2
laneCase	4	0	-26	1	2
laneCase	4	0	-25	2	2
laneCase	4	0	16356	16383	2
laneCase	4	0	32740	32767	2
laneCase	4	0	32741	32768	2
laneCase	4	0	32742	32769	2
laneCase	4	0	65507	65534	2
laneCase	4	0	65508	65535	2
laneCase	4	0	16354	0	16383
laneCase	4	0	16355	1	16383
laneCase	4	0	16356	2	16383
laneCase	4	0	32737	16383	16383
laneCase	4	0	49121	32767	16383
laneCase	4	0	49122	32768	16383
laneCase	4	0	49123	32769	16383
laneCase	4	0	81888	65534	16383
laneCase	4	0	81889	65535	16383
laneCase	4	0	32738	0	32767
laneCase	4	0	32739	1	32767
laneCase	4	0	32740	2	32767
laneCase	4	0	49121	16383	32767
laneCase	4	0	65505	32767	32767
laneCase	4	0	65506	32768	32767
laneCase	4	0	65507	32769	32767
laneCase	4	0	98272	65534	32767
laneCase	4	0	98273	65535	32767
laneCase	4	0	32739	0	32768
laneCase	4	0	32740	1	32768
laneCase	4	0	32741	2	32768
laneCase	4	0	49122	16383	32768
laneCase	4	0	65506	32767	32768
laneCase	4	0	65507	32768	32768
laneCase	4	0	65508	32769	32768
laneCase	4	0	98273	65534	32768
laneCase	4	0	98274	65535	32768
laneCase	4	0	32740	0	32769
laneCase	4	0	32741	1	32769
laneCase	4	0	32742	2	32769
laneCase	4	0	49123	16383	32769
laneCase	4	0	65507	32767	32769
laneCase	4	0	65508	32768	32769
laneCase	4	0	65509	32769	32769
laneCase	4	0	98274	65534	32769
laneCase	4	0	98275	65535	32769
laneCase	4	0	65505	0	65534
laneCase	4	0	65506	1	65534
laneCase	4	0	65507	2	65534
laneCase	4	0	81888	16383	65534
laneCase	4	0	98272	32767	65534
laneCase	4	0	98273	32768	65534
laneCase	4	0	98274	32769	65534
laneCase	4	0	131039	65534	65534
laneCase	4	0	131040	65535	65534
laneCase	4	0	65506	0	65535
laneCase	4	0	65507	1	65535
laneCase	4	0	65508	2	65535
laneCase	4	0	81889	16383	65535
laneCase	4	0	98273	32767	65535
laneCase	4	0	98274	32768	65535
laneCase	4	0	98275	32769	65535
laneCase	4	0	131040	65534	65535
laneCase	4	0	131041	65535	65535
laneCase	4	1	-29	0	0
laneCase	4	1	-28	1	0
laneCase	4	1	-27	2	0
laneCase	4	1	16354	16383	0
laneCase	4	1	32738	32767	0
laneCase	4	1	32739	32768	0
laneCase	4	1	32740	32769	0
laneCase	4	1	65505	65534	0
laneCase	4	1	65506	65535	0
laneCase	4	1	-28	0	1
laneCase	4	1	-27	1	1
laneCase	4	1	-26	2	1
laneCase	4	1	16355	16383	1
laneCase	4	1	32739	32767	1
laneCase	4	1	32740	32768	1
laneCase	4	1	32741	32769	1
laneCase	4	1	65506	65534	1
laneCase	4	1	65507	65535	1
laneCase	4	1	-27	0	2
laneCase	4	1	-26	1	2
laneCase	4	1	-25	2	2
laneCase	4	1	16356	16383	2
laneCase	4	1	32740	32767	2
laneCase	4	1	32741	32768	2
laneCase	4	1	32742	32769	2
laneCase	4	1	65507	65534	2
laneCase	4	1	65508	65535	2
laneCase	4	1	16354	0	16383
laneCase	4	1	16355	1	16383
laneCase	4	1	16356	2	16383
laneCase	4	1	32737	16383	16383
laneCase	4	1	49121	32767	16383
laneCase	4	1	49122	32768	16383
laneCase	4	1	49123	32769	16383
laneCase	4	1	81888	65534	16383
laneCase	4	1	81889	65535	16383
laneCase	4	1	32738	0	32767
laneCase	4	1	32739	1	32767
laneCase	4	1	32740	2	32767
laneCase	4	1	49121	16383	32767
laneCase	4	1	65505	32767	32767
laneCase	4	1	65506	32768	32767
laneCase	4	1	65507	32769	32767
laneCase	4	1	98272	65534	32767
laneCase	4	1	98273	65535	32767
laneCase	4	1	32739	0	32768
laneCase	4	1	32740	1	32768
laneCase	4	1	32741	2	32768
laneCase	4	1	49122	16383	32768
laneCase	4	1	65506	32767	32768
laneCase	4	1	65507	32768	32768
laneCase	4	1	65508	32769	32768
laneCase	4	1	98273	65534	32768
laneCase	4	1	98274	65535	32768
laneCase	4	1	32740	0	32769
laneCase	4	1	32741	1	32769
laneCase	4	1	32742	2	32769
laneCase	4	1	49123	16383	32769
laneCase	4	1	65507	32767	32769
laneCase	4	1	65508	32768	32769
laneCase	4	1	65509	32769	32769
laneCase	4	1	98274	65534	32769
laneCase	4	1	98275	65535	32769
laneCase	4	1	65505	0	65534
laneCase	4	1	65506	1	65534
laneCase	4	1	65507	2	65534
laneCase	4	1	81888	16383	65534
laneCase	4	1	98272	32767	65534
laneCase	4	1	98273	32768	65534
laneCase	4	1	98274	32769	65534
laneCase	4	1	131039	65534	65534
laneCase	4	1	131040	65535	65534
laneCase	4	1	65506	0	65535
laneCase	4	1	65507	1	65535
laneCase	4	1	65508	2	65535
laneCase	4	1	81889	16383	65535
laneCase	4	1	98273	32767	65535
laneCase	4	1	98274	32768	65535
laneCase	4	1	98275	32769	65535
laneCase	4	1	131040	65534	65535
laneCase	4	1	131041	65535	65535
laneCase	4	2	-29	0	0
laneCase	4	2	-28	1	0
laneCase	4	2	-27	2	0
laneCase	4	2	16354	16383	0
laneCase	4	2	32738	32767	0
laneCase	4	2	32739	32768	0
laneCase	4	2	32740	32769	0
laneCase	4	2	65505	65534	0
laneCase	4	2	65506	65535	0
laneCase	4	2	-28	0	1
laneCase	4	2	-27	1	1
laneCase	4	2	-26	2	1
laneCase	4	2	16355	16383	1
laneCase	4	2	32739	32767	1
laneCase	4	2	32740	32768	1
laneCase	4	2	32741	32769	1
laneCase	4	2	65506	65534	1
laneCase	4	2	65507	65535	1
laneCase	4	2	-27	0	2
laneCase	4	2	-26	1	2
laneCase	4	2	-25	2	2
laneCase	4	2	16356	16383	2
laneCase	4	2	32740	32767	2
laneCase	4	2	32741	32768	2
laneCase	4	2	32742	32769	2
laneCase	4	2	65507	65534	2
laneCase	4	2	65508	65535	2
laneCase	4	2	16354	0	16383
laneCase	4	2	16355	1	16383
laneCase	4	2	16356	2	16383
laneCase	4	2	32737	16383	16383
laneCase	4	2	49121	32767	16383
laneCase	4	2	49122	32768	16383
laneCase	4	2	49123	32769	16383
laneCase	4	2	81888	65534	16383
laneCase	4	2	81889	65535	16383
laneCase	4	2	32738	0	32767
laneCase	4	2	32739	1	32767
laneCase	4	2	32740	2	32767
laneCase	4	2	49121	16383	32767
laneCase	4	2	65505	32767	32767
laneCase	4	2	65506	32768	32767
laneCase	4	2	65507	32769	32767
laneCase	4	2	98272	65534	32767
laneCase	4	2	98273	65535	32767
laneCase	4	2	32739	0	32768
laneCase	4	2	32740	1	32768
laneCase	4	2	32741	2	32768
laneCase	4	2	49122	16383	32768
laneCase	4	2	65506	32767	32768
laneCase	4	2	65507	32768	32768
laneCase	4	2	65508	32769	32768
laneCase	4	2	98273	65534	32768
laneCase	4	2	98274	65535	32768
laneCase	4	2	32740	0	32769
laneCase	4	2	32741	1	32769
laneCase	4	2	32742	2	32769
laneCase	4	2	49123	16383	32769
laneCase	4	2	65507	32767	32769
laneCase	4	2	65508	32768	32769
laneCase	4	2	65509	32769	32769
laneCase	4	2	98274	65534	32769
laneCase	4	2	98275	65535	32769
laneCase	4	2	65505	0	65534
laneCase	4	2	65506	1	65534
laneCase	4	2	65507	2	65534
laneCase	4	2	81888	16383	65534
laneCase	4	2	98272	32767	65534
laneCase	4	2	98273	32768	65534
laneCase	4	2	98274	32769	65534
laneCase	4	2	131039	65534	65534
laneCase	4	2	131040	65535	65534
laneCase	4	2	65506	0	65535
laneCase	4	2	65507	1	65535
laneCase	4	2	65508	2	65535
laneCase	4	2	81889	16383	65535
laneCase	4	2	98273	32767	65535
laneCase	4	2	98274	32768	65535
laneCase	4	2	98275	32769	65535
laneCase	4	2	131040	65534	65535
laneCase	4	2	131041	65535	65535
laneCase	4	3	-29	0	0
laneCase	4	3	-28	1	0
laneCase	4	3	-27	2	0
laneCase	4	3	16354	16383	0
laneCase	4	3	32738	32767	0
laneCase	4	3	32739	32768	0
laneCase	4	3	32740	32769	0
laneCase	4	3	65505	65534	0
laneCase	4	3	65506	65535	0
laneCase	4	3	-28	0	1
laneCase	4	3	-27	1	1
laneCase	4	3	-26	2	1
laneCase	4	3	16355	16383	1
laneCase	4	3	32739	32767	1
laneCase	4	3	32740	32768	1
laneCase	4	3	32741	32769	1
laneCase	4	3	65506	65534	1
laneCase	4	3	65507	65535	1
laneCase	4	3	-27	0	2
laneCase	4	3	-26	1	2
laneCase	4	3	-25	2	2
laneCase	4	3	16356	16383	2
laneCase	4	3	32740	32767	2
laneCase	4	3	32741	32768	2
laneCase	4	3	32742	32769	2
laneCase	4	3	65507	65534	2
laneCase	4	3	65508	65535	2
laneCase	4	3	16354	0	16383
laneCase	4	3	16355	1	16383
laneCase	4	3	16356	2	16383
laneCase	4	3	32737	16383	16383
laneCase	4	3	49121	32767	16383
laneCase	4	3	49122	32768	16383
laneCase	4	3	49123	32769	16383
laneCase	4	3	81888	65534	16383
laneCase	4	3	81889	65535	16383
laneCase	4	3	32738	0	32767
laneCase	4	3	32739	1	32767
laneCase	4	3	32740	2	32767
laneCase	4	3	49121	16383	32767
laneCase	4	3	65505	32767	32767
laneCase	4	3	65506	32768	32767
laneCase	4	3	65507	32769	32767
laneCase	4	3	98272	65534	32767
laneCase	4	3	98273	65535	32767
laneCase	4	3	32739	0	32768
laneCase	4	3	32740	1	32768
laneCase	4	3	32741	2	32768
laneCase	4	3	49122	16383	32768
laneCase	4	3	65506	32767	32768
laneCase	4	3	65507	32768	32768
laneCase	4	3	65508	32769	32768
laneCase	4	3	98273	65534	32768
laneCase	4	3	98274	65535	32768
laneCase	4	3	32740	0	32769
laneCase	4	3	32741	1	32769
laneCase	4	3	32742	2	32769
laneCase	4	3	49123	16383	32769
laneCase	4	3	65507	32767	32769
laneCase	4	3	65508	32768	32769
laneCase	4	3	65509	32769	32769
laneCase	4	3	98274	65534	32769
laneCase	4	3	98275	65535	32769
laneCase	4	3	65505	0	65534
laneCase	4	3	65506	1	65534
laneCase	4	3	65507	2	65534
laneCase	4	3	81888	16383	65534
laneCase	4	3	98272	32767	65534
laneCase	4	3	98273	32768	65534
laneCase	4	3	98274	32769	65534
laneCase	4	3	131039	65534	65534
laneCase	4	3	131040	65535	65534
laneCase	4	3	65506	0	65535
laneCase	4	3	65507	1	65535
laneCase	4	3	65508	2	65535
laneCase	4	3	81889	16383	65535
laneCase	4	3	98273	32767	65535
laneCase	4	3	98274	32768	65535
laneCase	4	3	98275	32769	65535
laneCase	4	3	131040	65534	65535
laneCase	4	3	131041	65535	65535
laneCase	4	4	-29	0	0
laneCase	4	4	-28	1	0
laneCase	4	4	-27	2	0
laneCase	4	4	16354	16383	0
laneCase	4	4	32738	32767	0
laneCase	4	4	32739	32768	0
laneCase	4	4	32740	32769	0
laneCase	4	4	65505	65534	0
laneCase	4	4	65506	65535	0
laneCase	4	4	-28	0	1
laneCase	4	4	-27	1	1
laneCase	4	4	-26	2	1
laneCase	4	4	16355	16383	1
laneCase	4	4	32739	32767	1
laneCase	4	4	32740	32768	1
laneCase	4	4	32741	32769	1
laneCase	4	4	65506	65534	1
laneCase	4	4	65507	65535	1
laneCase	4	4	-27	0	2
laneCase	4	4	-26	1	2
laneCase	4	4	-25	2	2
laneCase	4	4	16356	16383	2
laneCase	4	4	32740	32767	2
laneCase	4	4	32741	32768	2
laneCase	4	4	32742	32769	2
laneCase	4	4	65507	65534	2
laneCase	4	4	65508	65535	2
laneCase	4	4	16354	0	16383
laneCase	4	4	16355	1	16383
laneCase	4	4	16356	2	16383
laneCase	4	4	32737	16383	16383
laneCase	4	4	49121	32767	16383
laneCase	4	4	49122	32768	16383
laneCase	4	4	49123	32769	16383
laneCase	4	4	81888	65534	16383
laneCase	4	4	81889	65535	16383
laneCase	4	4	32738	0	32767
laneCase	4	4	32739	1	32767
laneCase	4	4	32740	2	32767
laneCase	4	4	49121	16383	32767
laneCase	4	4	65505	32767	32767
laneCase	4	4	65506	32768	32767
laneCase	4	4	65507	32769	32767
laneCase	4	4	98272	65534	32767
laneCase	4	4	98273	65535	32767
laneCase	4	4	32739	0	32768
laneCase	4	4	32740	1	32768
laneCase	4	4	32741	2	32768
laneCase	4	4	49122	16383	32768
laneCase	4	4	65506	32767	32768
laneCase	4	4	65507	32768	32768
laneCase	4	4	65508	32769	32768
laneCase	4	4	98273	65534	32768
laneCase	4	4	98274	65535	32768
laneCase	4	4	32740	0	32769
laneCase	4	4	32741	1	32769
laneCase	4	4	32742	2	32769
laneCase	4	4	49123	16383	32769
laneCase	4	4	65507	32767	32769
laneCase	4	4	65508	32768	32769
laneCase	4	4	65509	32769	32769
laneCase	4	4	98274	65534	32769
laneCase	4	4	98275	65535	32769
laneCase	4	4	65505	0	65534
laneCase	4	4	65506	1	65534
laneCase	4	4	65507	2	65534
laneCase	4	4	81888	16383	65534
laneCase	4	4	98272	32767	65534
laneCase	4	4	98273	32768	65534
laneCase	4	4	98274	32769	65534
laneCase	4	4	131039	65534	65534
laneCase	4	4	131040	65535	65534
laneCase	4	4	65506	0	65535
laneCase	4	4	65507	1	65535
laneCase	4	4	65508	2	65535
laneCase	4	4	81889	16383	65535
laneCase	4	4	98273	32767	65535
laneCase	4	4	98274	32768	65535
laneCase	4	4	98275	32769	65535
laneCase	4	4	131040	65534	65535
laneCase	4	4	131041	65535	65535
laneCase	4	5	-29	0	0
laneCase	4	5	-28	1	0
laneCase	4	5	-27	2	0
laneCase	4	5	16354	16383	0
laneCase	4	5	32738	32767	0
laneCase	4	5	32739	32768	0
laneCase	4	5	32740	32769	0
laneCase	4	5	65505	65534	0
laneCase	4	5	65506	65535	0
laneCase	4	5	-28	0	1
laneCase	4	5	-27	1	1
laneCase	4	5	-26	2	1
laneCase	4	5	16355	16383	1
laneCase	4	5	32739	32767	1
laneCase	4	5	32740	32768	1
laneCase	4	5	32741	32769	1
laneCase	4	5	65506	65534	1
laneCase	4	5	65507	65535	1
laneCase	4	5	-27	0	2
laneCase	4	5	-26	1	2
laneCase	4	5	-25	2	2
laneCase	4	5	16356	16383	2
laneCase	4	5	32740	32767	2
laneCase	4	5	32741	32768	2
laneCase	4	5	32742	32769	2
laneCase	4	5	65507	65534	2
laneCase	4	5	65508	65535	2
laneCase	4	5	16354	0	16383
laneCase	4	5	16355	1	16383
laneCase	4	5	16356	2	16383
laneCase	4	5	32737	16383	16383
laneCase	4	5	49121	32767	16383
laneCase	4	5	49122	32768	16383
laneCase	4	5	49123	32769	16383
laneCase	4	5	81888	65534	16383
laneCase	4	5	81889	65535	16383
laneCase	4	5	32738	0	32767
laneCase	4	5	32739	1	32767
laneCase	4	5	32740	2	32767
laneCase	4	5	49121	16383	32767
laneCase	4	5	65505	32767	32767
laneCase	4	5	65506	32768	32767
laneCase	4	5	65507	32769	32767
laneCase	4	5	98272	65534	32767
laneCase	4	5	98273	65535	32767
laneCase	4	5	32739	0	32768
laneCase	4	5	32740	1	32768
laneCase	4	5	32741	2	32768
laneCase	4	5	49122	16383	32768
laneCase	4	5	65506	32767	32768
laneCase	4	5	65507	32768	32768
laneCase	4	5	65508	32769	32768
laneCase	4	5	98273	65534	32768
laneCase	4	5	98274	65535	32768
laneCase	4	5	32740	0	32769
laneCase	4	5	32741	1	32769
laneCase	4	5	32742	2	32769
laneCase	4	5	49123	16383	32769
laneCase	4	5	65507	32767	32769
laneCase	4	5	65508	32768	32769
laneCase	4	5	65509	32769	32769
laneCase	4	5	98274	65534	32769
laneCase	4	5	98275	65535	32769
laneCase	4	5	65505	0	65534
laneCase	4	5	65506	1	65534
laneCase	4	5	65507	2	65534
laneCase	4	5	81888	16383	65534
laneCase	4	5	98272	32767	65534
laneCase	4	5	98273	32768	65534
laneCase	4	5	98274	32769	65534
laneCase	4	5	131039	65534	65534
laneCase	4	5	131040	65535	65534
laneCase	4	5	65506	0	65535
laneCase	4	5	65507	1	65535
laneCase	4	5	65508	2	65535
laneCase	4	5	81889	16383	65535
laneCase	4	5	98273	32767	65535
laneCase	4	5	98274	32768	65535
laneCase	4	5	98275	32769	65535
laneCase	4	5	131040	65534	65535
laneCase	4	5	131041	65535	65535
laneCase	4	6	-29	0	0
laneCase	4	6	-28	1	0
laneCase	4	6	-27	2	0
laneCase	4	6	16354	16383	0
laneCase	4	6	32738	32767	0
laneCase	4	6	32739	32768	0
laneCase	4	6	32740	32769	0
laneCase	4	6	65505	65534	0
laneCase	4	6	65506	65535	0
laneCase	4	6	-28	0	1
laneCase	4	6	-27	1	1
laneCase	4	6	-26	2	1
laneCase	4	6	16355	16383	1
laneCase	4	6	32739	32767	1
laneCase	4	6	32740	32768	1
laneCase	4	6	32741	32769	1
laneCase	4	6	65506	65534	1
laneCase	4	6	65507	65535	1
laneCase	4	6	-27	0	2
laneCase	4	6	-26	1	2
laneCase	4	6	-25	2	2
laneCase	4	6	16356	16383	2
laneCase	4	6	32740	32767	2
laneCase	4	6	32741	32768	2
laneCase	4	6	32742	32769	2
laneCase	4	6	65507	65534	2
laneCase	4	6	65508	65535	2
laneCase	4	6	16354	0	16383
laneCase	4	6	16355	1	16383
laneCase	4	6	16356	2	16383
laneCase	4	6	32737	16383	16383
laneCase	4	6	49121	32767	16383
laneCase	4	6	49122	32768	16383
laneCase	4	6	49123	32769	16383
laneCase	4	6	81888	65534	16383
laneCase	4	6	81889	65535	16383
laneCase	4	6	32738	0	32767
laneCase	4	6	32739	1	32767
laneCase	4	6	32740	2	32767
laneCase	4	6	49121	16383	32767
laneCase	4	6	65505	32767	32767
laneCase	4	6	65506	32768	32767
laneCase	4	6	65507	32769	32767
laneCase	4	6	98272	65534	32767
laneCase	4	6	98273	65535	32767
laneCase	4	6	32739	0	32768
laneCase	4	6	32740	1	32768
laneCase	4	6	32741	2	32768
laneCase	4	6	49122	16383	32768
laneCase	4	6	65506	32767	32768
laneCase	4	6	65507	32768	32768
laneCase	4	6	65508	32769	32768
laneCase	4	6	98273	65534	32768
laneCase	4	6	98274	65535	32768
laneCase	4	6	32740	0	32769
laneCase	4	6	32741	1	32769
laneCase	4	6	32742	2	32769
laneCase	4	6	49123	16383	32769
laneCase	4	6	65507	32767	32769
laneCase	4	6	65508	32768	32769
laneCase	4	6	65509	32769	32769
laneCase	4	6	98274	65534	32769
laneCase	4	6	98275	65535	32769
laneCase	4	6	65505	0	65534
laneCase	4	6	65506	1	65534
laneCase	4	6	65507	2	65534
laneCase	4	6	81888	16383	65534
laneCase	4	6	98272	32767	65534
laneCase	4	6	98273	32768	65534
laneCase	4	6	98274	32769	65534
laneCase	4	6	131039	65534	65534
laneCase	4	6	131040	65535	65534
laneCase	4	6	65506	0	65535
laneCase	4	6	65507	1	65535
laneCase	4	6	65508	2	65535
laneCase	4	6	81889	16383	65535
laneCase	4	6	98273	32767	65535
laneCase	4	6	98274	32768	65535
laneCase	4	6	98275	32769	65535
laneCase	4	6	131040	65534	65535
laneCase	4	6	131041	65535	65535
laneCase	4	7	-29	0	0
laneCase	4	7	-28	1	0
laneCase	4	7	-27	2	0
laneCase	4	7	16354	16383	0
laneCase	4	7	32738	32767	0
laneCase	4	7	32739	32768	0
laneCase	4	7	32740	32769	0
laneCase	4	7	65505	65534	0
laneCase	4	7	65506	65535	0
laneCase	4	7	-28	0	1
laneCase	4	7	-27	1	1
laneCase	4	7	-26	2	1
laneCase	4	7	16355	16383	1
laneCase	4	7	32739	32767	1
laneCase	4	7	32740	32768	1
laneCase	4	7	32741	32769	1
laneCase	4	7	65506	65534	1
laneCase	4	7	65507	65535	1
laneCase	4	7	-27	0	2
laneCase	4	7	-26	1	2
laneCase	4	7	-25	2	2
laneCase	4	7	16356	16383	2
laneCase	4	7	32740	32767	2
laneCase	4	7	32741	32768	2
laneCase	4	7	32742	32769	2
laneCase	4	7	65507	65534	2
laneCase	4	7	65508	65535	2
laneCase	4	7	16354	0	16383
laneCase	4	7	16355	1	16383
laneCase	4	7	16356	2	16383
laneCase	4	7	32737	16383	16383
laneCase	4	7	49121	32767	16383
laneCase	4	7	49122	32768	16383
laneCase	4	7	49123	32769	16383
laneCase	4	7	81888	65534	16383
laneCase	4	7	81889	65535	16383
laneCase	4	7	32738	0	32767
laneCase	4	7	32739	1	32767
laneCase	4	7	32740	2	32767
laneCase	4	7	49121	16383	32767
laneCase	4	7	65505	32767	32767
laneCase	4	7	65506	32768	32767
laneCase	4	7	65507	32769	32767
laneCase	4	7	98272	65534	32767
laneCase	4	7	98273	65535	32767
laneCase	4	7	32739	0	32768
laneCase	4	7	32740	1	32768
laneCase	4	7	32741	2	32768
laneCase	4	7	49122	16383	32768
laneCase	4	7	65506	32767	32768
laneCase	4	7	65507	32768	32768
laneCase	4	7	65508	32769	32768
laneCase	4	7	98273	65534	32768
laneCase	4	7	98274	65535	32768
laneCase	4	7	32740	0	32769
laneCase	4	7	32741	1	32769
laneCase	4	7	32742	2	32769
laneCase	4	7	49123	16383	32769
laneCase	4	7	65507	32767	32769
laneCase	4	7	65508	32768	32769
laneCase	4	7	65509	32769	32769
laneCase	4	7	98274	65534	32769
laneCase	4	7	98275	65535	32769
laneCase	4	7	65505	0	65534
laneCase	4	7	65506	1	65534
laneCase	4	7	65507	2	65534
laneCase	4	7	81888	16383	65534
laneCase	4	7	98272	32767	65534
laneCase	4	7	98273	32768	65534
laneCase	4	7	98274	32769	65534
laneCase	4	7	131039	65534	65534
laneCase	4	7	131040	65535	65534
laneCase	4	7	65506	0	65535
laneCase	4	7	65507	1	65535
laneCase	4	7	65508	2	65535
laneCase	4	7	81889	16383	65535
laneCase	4	7	98273	32767	65535
laneCase	4	7	98274	32768	65535
laneCase	4	7	98275	32769	65535
laneCase	4	7	131040	65534	65535
laneCase	4	7	131041	65535	65535
scalarHelperCase	-9223372036854775808	-32768	3210919
scalarHelperCase	-9223372036854775808	-512	6186663
scalarHelperCase	-81985529216486895	-513	1669537
scalarHelperCase	-81985529216486895	16	1912877
scalarHelperCase	-65537	-15	6414669
scalarHelperCase	-65537	65534	6420649
scalarHelperCase	-65536	-128	6363303
scalarHelperCase	-65536	9	724691
scalarHelperCase	-32769	64	3239745
scalarHelperCase	-32769	512	3445825
scalarHelperCase	-32768	-9223372036854775808	3210919
scalarHelperCase	-32768	32767	3407067
scalarHelperCase	-32767	-16384	1835277
scalarHelperCase	-32767	-32	3196813
scalarHelperCase	-16385	-257	3714677
scalarHelperCase	-16385	256	3950657
scalarHelperCase	-16384	-32767	2588787
scalarHelperCase	-16384	-7	3830291
scalarHelperCase	-16383	-8	3830445
scalarHelperCase	-16383	17	3841945
scalarHelperCase	-8193	1024	5598273
scalarHelperCase	-8192	-8191	2605171
scalarHelperCase	-8192	65534	5126927
scalarHelperCase	-8191	-8192	2605325
scalarHelperCase	-8191	-1	5128001
scalarHelperCase	-4097	-129	5354613
scalarHelperCase	-4097	4096	2776129
scalarHelperCase	-4096	-2047	4472947
scalarHelperCase	-4096	-3	5413187
scalarHelperCase	-4095	5	5417481
scalarHelperCase	-4095	33	5430361
scalarHelperCase	-2049	2048	3091521
scalarHelperCase	-2049	16384	2804801
scalarHelperCase	-2048	-511	4929651
scalarHelperCase	-2048	65537	5165171
scalarHelperCase	-2047	-4096	3281165
scalarHelperCase	-2047	17	5173145
scalarHelperCase	-1025	-65	5762933
scalarHelperCase	-1025	65535	5792373
scalarHelperCase	-1024	-127	5735027
scalarHelperCase	-1024	0	5793447
scalarHelperCase	-1023	65	5823961
scalarHelperCase	-513	-81985529216486895	2631373
scalarHelperCase	-513	4096	2289729
scalarHelperCase	-512	-9223372036854775808	6107815
scalarHelperCase	-512	-31	6093555
scalarHelperCase	-511	-2048	5166349
scalarHelperCase	-511	257	4522713
scalarHelperCase	-257	-16385	4428917
scalarHelperCase	-257	-33	6249205
scalarHelperCase	-256	-7	6261779
scalarHelperCase	-256	3	6266379
scalarHelperCase	-255	129	4621017
scalarHelperCase	-255	1025	1035481
scalarHelperCase	-129	-4097	4458357
scalarHelperCase	-129	8192	2443585
scalarHelperCase	-128	-65536	6343591
scalarHelperCase	-128	0	6343591
scalarHelperCase	-127	-1024	5873165
scalarHelperCase	-127	4097	1806297
scalarHelperCase	-65	-1025	5910773
scalarHelperCase	-65	-17	6374453
scalarHelperCase	-64	7	6386107
scalarHelperCase	-63	257	800089
scalarHelperCase	-63	16385	1796441
scalarHelperCase	-33	-257	6283701
scalarHelperCase	-33	16384	1814401
scalarHelperCase	-32	-32767	3191731
scalarHelperCase	-32	31	3402139
scalarHelperCase	-31	-512	6167629
scalarHelperCase	-31	65536	6403149
scalarHelperCase	-17	-65	6381845
scalarHelperCase	-17	-9	6407605
scalarHelperCase	-16	15	3404603
scalarHelperCase	-16	127	769147
scalarHelperCase	-15	-65537	6412513
scalarHelperCase	-15	513	226425
scalarHelperCase	-9	-17	6408837
scalarHelperCase	-9	32768	3205393
scalarHelperCase	-8	-16383	4582723
scalarHelperCase	-8	511	229803
scalarHelperCase	-7	-16384	4582877
scalarHelperCase	-7	-256	6300125
scalarHelperCase	-5	-5	6416813
scalarHelperCase	-4	31	732355
scalarHelperCase	-4	2047	938819
scalarHelperCase	-3	-4096	4536181
scalarHelperCase	-3	1025	469313
scalarHelperCase	-2	1	3406759
scalarHelperCase	-2	65535	4716559
scalarHelperCase	-1	-8191	3898893
scalarHelperCase	-1	8191	2521717
scalarHelperCase	0	-1024	5951143
scalarHelperCase	0	-128	6363303
scalarHelperCase	0	0	3407527
scalarHelperCase	0	1	2556019
scalarHelperCase	0	2	2556479
scalarHelperCase	0	16383	1834203
scalarHelperCase	0	32767	3210459
scalarHelperCase	0	32768	3210919
scalarHelperCase	0	32769	3211379
scalarHelperCase	0	65534	4520719
scalarHelperCase	0	65535	3407067
scalarHelperCase	1	-2	3407221
scalarHelperCase	1	0	2556173
scalarHelperCase	1	1	2556633
scalarHelperCase	1	2	2229413
scalarHelperCase	1	8	3949
scalarHelperCase	1	16383	1834817
scalarHelperCase	1	32767	3211073
scalarHelperCase	1	32768	3211533
scalarHelperCase	1	32769	3211993
scalarHelperCase	1	65534	3407221
scalarHelperCase	1	65535	3407681
scalarHelperCase	2	0	328563
scalarHelperCase	2	1	1343
scalarHelperCase	2	2	1803
scalarHelperCase	2	63	29863
scalarHelperCase	2	16383	1835431
scalarHelperCase	2	32767	3211687
scalarHelperCase	2	32768	3212147
scalarHelperCase	2	32769	3212607
scalarHelperCase	2	65534	2686939
scalarHelperCase	2	65535	1835431
scalarHelperCase	3	-256	6306265
scalarHelperCase	3	2049	944037
scalarHelperCase	4	32	16831
scalarHelperCase	4	81985529216486895	3477939
scalarHelperCase	5	-4095	4541553
scalarHelperCase	5	65537	3185
scalarHelperCase	7	-64	6397041
scalarHelperCase	8	1	5027
scalarHelperCase	8	128	63447
scalarHelperCase	9	-65536	5181
scalarHelperCase	9	127	63601
scalarHelperCase	15	-16	2885089
scalarHelperCase	15	4097	1893485
scalarHelperCase	16	-81985529216486895	2956179
scalarHelperCase	16	512	244999
scalarHelperCase	17	-16383	4598073
scalarHelperCase	17	-2047	5491001
scalarHelperCase	31	-32	2887553
scalarHelperCase	31	-4	16849
scalarHelperCase	32	4	21143
scalarHelperCase	32	2048	961383
scalarHelperCase	33	-4095	4558745
scalarHelperCase	33	255	137217
scalarHelperCase	63	2	39257
scalarHelperCase	63	8193	2561933
scalarHelperCase	64	-32769	3249755
scalarHelperCase	64	8192	2562087
scalarHelperCase	65	-1023	5991513
scalarHelperCase	127	-16	70273
scalarHelperCase	127	9	81773
scalarHelperCase	128	8	81927
scalarHelperCase	128	32768	3289511
scalarHelperCase	129	-255	4155865
scalarHelperCase	129	511	313921
scalarHelperCase	255	33	171405
scalarHelperCase	255	16385	1991693
scalarHelperCase	256	-16385	4743899
scalarHelperCase	256	81985529216486895	3632667
scalarHelperCase	257	-511	4116697
scalarHelperCase	257	-63	1832409
scalarHelperCase	511	-8	309729
scalarHelperCase	511	129	372749
scalarHelperCase	512	-32769	3524827
scalarHelperCase	512	16	321383
scalarHelperCase	513	-15	307737
scalarHelperCase	513	1023	785217
scalarHelperCase	1023	513	863757
scalarHelperCase	1023	32769	3839501
scalarHelperCase	1024	-8193	3806427
scalarHelperCase	1025	-255	2215641
scalarHelperCase	1025	-3	627625
scalarHelperCase	2047	-4	1254673
scalarHelperCase	2047	2049	2199053
scalarHelperCase	2048	-2049	3198171
scalarHelperCase	2048	32	1271847
scalarHelperCase	2049	3	1259121
scalarHelperCase	2049	2047	2199361
scalarHelperCase	4095	8193	3530253
scalarHelperCase	4095	65536	1006657
scalarHelperCase	4096	-4097	3513563
scalarHelperCase	4096	-513	771291
scalarHelperCase	4097	-127	949465
scalarHelperCase	4097	15	1014785
scalarHelperCase	8191	-1	1292917
scalarHelperCase	8191	32769	4505101
scalarHelperCase	8192	-129	1234651
scalarHelperCase	8192	64	1323431
scalarHelperCase	8193	63	1323585
scalarHelperCase	8193	4095	1933121
scalarHelperCase	16383	0	2587713
scalarHelperCase	16383	1	2588173
scalarHelperCase	16383	2	2588633
scalarHelperCase	16383	16383	2718325
scalarHelperCase	16383	32767	3832437
scalarHelperCase	16383	32768	3832897
scalarHelperCase	16383	32769	3833357
scalarHelperCase	16383	65534	2586793
scalarHelperCase	16383	65535	2587253
scalarHelperCase	16383	9223372036854775807	2587253
scalarHelperCase	16384	-2049	1645787
scalarHelperCase	16384	-33	2573147
scalarHelperCase	16385	-63	2559961
scalarHelperCase	16385	255	2706241
scalarHelperCase	32767	-32768	3406913
scalarHelperCase	32767	0	3210305
scalarHelperCase	32767	1	3210765
scalarHelperCase	32767	2	3211225
scalarHelperCase	32767	16383	4586101
scalarHelperCase	32767	32767	4520565
scalarHelperCase	32767	32768	3406913
scalarHelperCase	32767	32769	3407373
scalarHelperCase	32767	65534	3209385
scalarHelperCase	32767	65535	3209845
scalarHelperCase	32768	-9	3206779
scalarHelperCase	32768	0	3210919
scalarHelperCase	32768	1	3211379
scalarHelperCase	32768	2	3211839
scalarHelperCase	32768	128	3269799
scalarHelperCase	32768	16383	4586715
scalarHelperCase	32768	32767	3407067
scalarHelperCase	32768	32768	3407527
scalarHelperCase	32768	32769	2556019
scalarHelperCase	32768	65534	3209999
scalarHelperCase	32768	65535	3210459
scalarHelperCase	32769	0	3211533
scalarHelperCase	32769	1	3211993
scalarHelperCase	32769	2	3212453
scalarHelperCase	32769	1023	3682113
scalarHelperCase	32769	8191	2522945
scalarHelperCase	32769	16383	4587329
scalarHelperCase	32769	32767	3407681
scalarHelperCase	32769	32768	2556173
scalarHelperCase	32769	32769	2556633
scalarHelperCase	32769	65534	3210613
scalarHelperCase	32769	65535	3211073
scalarHelperCase	65534	-65537	4716559
scalarHelperCase	65534	-8192	3897819
scalarHelperCase	65534	0	4520411
scalarHelperCase	65534	1	3406759
scalarHelperCase	65534	2	3407219
scalarHelperCase	65534	16383	1832975
scalarHelperCase	65534	32767	3209231
scalarHelperCase	65534	32768	3209691
scalarHelperCase	65534	32769	3210151
scalarHelperCase	65534	65534	6420035
scalarHelperCase	65534	65535	4716559
scalarHelperCase	65535	-1025	5950069
scalarHelperCase	65535	-2	6420649
scalarHelperCase	65535	0	3406913
scalarHelperCase	65535	1	3407373
scalarHelperCase	65535	2	2555865
scalarHelperCase	65535	16383	1833589
scalarHelperCase	65535	32767	3209845
scalarHelperCase	65535	32768	3210305
scalarHelperCase	65535	32769	3210765
scalarHelperCase	65535	65534	6420649
scalarHelperCase	65535	65535	4520565
scalarHelperCase	65536	-31	6407923
scalarHelperCase	65536	4095	1883355
scalarHelperCase	65537	-2048	5480717
scalarHelperCase	65537	5	723465
scalarHelperCase	81985529216486895	4	4518161
scalarHelperCase	81985529216486895	256	4634081
scalarHelperCase	9223372036854775807	16383	1833589
tupleHelperCase	-9223372036854775808	-32768	2138544
tupleHelperCase	-9223372036854775808	-512	3240880
tupleHelperCase	-81985529216486895	-513	2345911
tupleHelperCase	-81985529216486895	16	1630550
tupleHelperCase	-65537	-15	2299625
tupleHelperCase	-65537	65534	1264988
tupleHelperCase	-65536	-128	2831920
tupleHelperCase	-65536	9	3406911
tupleHelperCase	-32769	64	3100186
tupleHelperCase	-32769	512	4336730
tupleHelperCase	-32768	-9223372036854775808	2957744
tupleHelperCase	-32768	32767	3188185
tupleHelperCase	-32767	-16384	873734
tupleHelperCase	-32767	-32	3223334
tupleHelperCase	-16385	-257	3948251
tupleHelperCase	-16385	256	4730202
tupleHelperCase	-16384	-32767	1842567
tupleHelperCase	-16384	-7	4243151
tupleHelperCase	-16383	-8	4152206
tupleHelperCase	-16383	17	2297637
tupleHelperCase	-8193	1024	3369562
tupleHelperCase	-8192	-8191	3243399
tupleHelperCase	-8192	65534	3435010
tupleHelperCase	-8191	-8192	2389254
tupleHelperCase	-8191	-1	3034583
tupleHelperCase	-4097	-129	3481179
tupleHelperCase	-4097	4096	3063386
tupleHelperCase	-4096	-2047	4294023
tupleHelperCase	-4096	-3	3100203
tupleHelperCase	-4095	5	1399025
tupleHelperCase	-4095	33	3023381
tupleHelperCase	-2049	2048	3831386
tupleHelperCase	-2049	16384	2637402
tupleHelperCase	-2048	-511	3145607
tupleHelperCase	-2048	65537	2862471
tupleHelperCase	-2047	-4096	3241222
tupleHelperCase	-2047	17	4595493
tupleHelperCase	-1025	-65	3417627
tupleHelperCase	-1025	65535	3163611
tupleHelperCase	-1024	-127	4422151
tupleHelperCase	-1024	0	3197360
tupleHelperCase	-1023	65	4141045
tupleHelperCase	-513	-81985529216486895	2726089
tupleHelperCase	-513	4096	4289114
tupleHelperCase	-512	-9223372036854775808	3044784
tupleHelperCase	-512	-31	2770599
tupleHelperCase	-511	-2048	2879750
tupleHelperCase	-511	257	4583221
tupleHelperCase	-257	-16385	2392027
tupleHelperCase	-257	-33	4206587
tupleHelperCase	-256	-7	1528015
tupleHelperCase	-256	3	5027637
tupleHelperCase	-255	129	3409333
tupleHelperCase	-255	1025	4270645
tupleHelperCase	-129	-4097	3165915
tupleHelperCase	-129	8192	2843482
tupleHelperCase	-128	-65536	3307184
tupleHelperCase	-128	0	3307184
tupleHelperCase	-127	-1024	4042246
tupleHelperCase	-127	4097	3913013
tupleHelperCase	-65	-1025	2638427
tupleHelperCase	-65	-17	2922091
tupleHelperCase	-64	7	5330193
tupleHelperCase	-63	257	3121077
tupleHelperCase	-63	16385	3748021
tupleHelperCase	-33	-257	3718939
tupleHelperCase	-33	16384	2392986
tupleHelperCase	-32	-32767	3327943
tupleHelperCase	-32	31	5128441
tupleHelperCase	-31	-512	3230790
tupleHelperCase	-31	65536	2009670
tupleHelperCase	-17	-65	2817595
tupleHelperCase	-17	-9	1500675
tupleHelperCase	-16	15	5770089
tupleHelperCase	-16	127	4706681
tupleHelperCase	-15	-65537	2985463
tupleHelperCase	-15	513	2133845
tupleHelperCase	-9	-17	1483259
tupleHelperCase	-9	32768	1840042
tupleHelperCase	-8	-16383	3237911
tupleHelperCase	-8	511	4330473
tupleHelperCase	-7	-16384	2865750
tupleHelperCase	-7	-256	2493270
tupleHelperCase	-5	-5	1085799
tupleHelperCase	-4	31	6051009
tupleHelperCase	-4	2047	4799969
tupleHelperCase	-3	-4096	1988526
tupleHelperCase	-3	1025	2973053
tupleHelperCase	-2	1	2957355
tupleHelperCase	-2	65535	677341
tupleHelperCase	-1	-8191	2375385
tupleHelperCase	-1	8191	2104795
tupleHelperCase	0	-1024	3524016
tupleHelperCase	0	-128	2831920
tupleHelperCase	0	0	991664
tupleHelperCase	0	1	1187207
tupleHelperCase	0	2	2038110
tupleHelperCase	0	16383	3204569
tupleHelperCase	0	32767	3122649
tupleHelperCase	0	32768	2138544
tupleHelperCase	0	32769	3120519
tupleHelperCase	0	65534	2697730
tupleHelperCase	0	65535	1123801
tupleHelperCase	1	-2	2819752
tupleHelperCase	1	0	5382
tupleHelperCase	1	1	1317941
tupleHelperCase	1	2	1057636
tupleHelperCase	1	8	2575998
tupleHelperCase	1	16383	3722711
tupleHelperCase	1	32767	1084887
tupleHelperCase	1	32768	103686
tupleHelperCase	1	32769	1416245
tupleHelperCase	1	65534	2819752
tupleHelperCase	1	65535	986583
tupleHelperCase	2	0	3213404
tupleHelperCase	2	1	1841891
tupleHelperCase	2	2	2829674
tupleHelperCase	2	63	628629
tupleHelperCase	2	16383	3126741
tupleHelperCase	2	32767	3110357
tupleHelperCase	2	32768	2132060
tupleHelperCase	2	32769	3119843
tupleHelperCase	2	65534	4907854
tupleHelperCase	2	65535	4191701
tupleHelperCase	3	-256	4136114
tupleHelperCase	3	2049	3150225
tupleHelperCase	4	32	1316328
tupleHelperCase	4	81985529216486895	3634273
tupleHelperCase	5	-4095	2500333
tupleHelperCase	5	65537	2496237
tupleHelperCase	7	-64	5175626
tupleHelperCase	8	1	1512183
tupleHelperCase	8	128	2295776
tupleHelperCase	9	-65536	2207670
tupleHelperCase	9	127	2639175
tupleHelperCase	15	-16	5702602
tupleHelperCase	15	4097	2554297
tupleHelperCase	16	-81985529216486895	3283927
tupleHelperCase	16	512	3671312
tupleHelperCase	17	-16383	2705173
tupleHelperCase	17	-2047	3051285
tupleHelperCase	31	-32	4991290
tupleHelperCase	31	-4	5974814
tupleHelperCase	32	4	1255372
tupleHelperCase	32	2048	3294320
tupleHelperCase	33	-4095	3801589
tupleHelperCase	33	255	3030167
tupleHelperCase	63	2	1675480
tupleHelperCase	63	8193	3582553
tupleHelperCase	64	-32769	2729305
tupleHelperCase	64	8192	3462960
tupleHelperCase	65	-1023	2231221
tupleHelperCase	127	-16	4395370
tupleHelperCase	127	9	2382289
tupleHelperCase	128	8	3541864
tupleHelperCase	128	32768	1723568
tupleHelperCase	129	-255	2835509
tupleHelperCase	129	511	2452183
tupleHelperCase	255	33	2546873
tupleHelperCase	255	16385	2133209
tupleHelperCase	256	-16385	2974681
tupleHelperCase	256	81985529216486895	3008617
tupleHelperCase	257	-511	3173429
tupleHelperCase	257	-63	2424437
tupleHelperCase	511	-8	3200610
tupleHelperCase	511	129	4373081
tupleHelperCase	512	-32769	2990553
tupleHelperCase	512	16	2591520
tupleHelperCase	513	-15	3736901
tupleHelperCase	513	1023	2803159
tupleHelperCase	1023	513	4445401
tupleHelperCase	1023	32769	2512601
tupleHelperCase	1024	-8193	3161561
tupleHelperCase	1025	-255	3188021
tupleHelperCase	1025	-3	2242425
tupleHelperCase	2047	-4	4594782
tupleHelperCase	2047	2049	3311321
tupleHelperCase	2048	-2049	3169753
tupleHelperCase	2048	32	3165328
tupleHelperCase	2049	3	2497171
tupleHelperCase	2049	2047	3306967
tupleHelperCase	4095	8193	3137241
tupleHelperCase	4095	65536	1805914
tupleHelperCase	4096	-4097	2790873
tupleHelperCase	4096	-513	4741081
tupleHelperCase	4097	-127	3237045
tupleHelperCase	4097	15	3498183
tupleHelperCase	8191	-1	1899995
tupleHelperCase	8191	32769	2055897
tupleHelperCase	8192	-129	3013209
tupleHelperCase	8192	64	3135344
tupleHelperCase	8193	63	3512727
tupleHelperCase	8193	4095	2735575
tupleHelperCase	16383	0	1093210
tupleHelperCase	16383	1	2465497
tupleHelperCase	16383	2	4296536
tupleHelperCase	16383	16383	2588123
tupleHelperCase	16383	32767	2112987
tupleHelperCase	16383	32768	1191514
tupleHelperCase	16383	32769	2367193
tupleHelperCase	16383	65534	4115804
tupleHelperCase	16383	65535	2014683
tupleHelperCase	16383	9223372036854775807	2014683
tupleHelperCase	16384	-2049	3665369
tupleHelperCase	16384	-33	3025657
tupleHelperCase	16385	-63	4051061
tupleHelperCase	16385	255	2735319
tupleHelperCase	32767	-32768	2076250
tupleHelperCase	32767	0	2174554
tupleHelperCase	32767	1	1122009
tupleHelperCase	32767	2	3346264
tupleHelperCase	32767	16383	654811
tupleHelperCase	32767	32767	376283
tupleHelperCase	32767	32768	2076250
tupleHelperCase	32767	32769	1220313
tupleHelperCase	32767	65534	1985884
tupleHelperCase	32767	65535	277979
tupleHelperCase	32768	-9	2967329
tupleHelperCase	32768	0	2957744
tupleHelperCase	32768	1	1252743
tupleHelperCase	32768	2	3283294
tupleHelperCase	32768	128	3149104
tupleHelperCase	32768	16383	3597785
tupleHelperCase	32768	32767	3188185
tupleHelperCase	32768	32768	172464
tupleHelperCase	32768	32769	3251591
tupleHelperCase	32768	65534	2959874
tupleHelperCase	32768	65535	1254873
tupleHelperCase	32769	0	1971462
tupleHelperCase	32769	1	269365
tupleHelperCase	32769	2	2302820
tupleHelperCase	32769	1023	1886679
tupleHelperCase	32769	8191	1699287
tupleHelperCase	32769	16383	2674135
tupleHelperCase	32769	32767	1281495
tupleHelperCase	32769	32768	2069766
tupleHelperCase	32769	32769	171061
tupleHelperCase	32769	65534	3081896
tupleHelperCase	32769	65535	1379799
tupleHelperCase	65534	-65537	677341
tupleHelperCase	65534	-8192	4152068
tupleHelperCase	65534	0	1653508
tupleHelperCase	65534	1	2957355
tupleHelperCase	65534	2	2688338
tupleHelperCase	65534	16383	3151325
tupleHelperCase	65534	32767	3331549
tupleHelperCase	65534	32768	2341636
tupleHelperCase	65534	32769	3317803
tupleHelperCase	65534	65534	2257078
tupleHelperCase	65534	65535	677341
tupleHelperCase	65535	-1025	1786331
tupleHelperCase	65535	-2	1264988
tupleHelperCase	65535	0	208474
tupleHelperCase	65535	1	1515225
tupleHelperCase	65535	2	2101080
tupleHelperCase	65535	16383	720347
tupleHelperCase	65535	32767	1097179
tupleHelperCase	65535	32768	110170
tupleHelperCase	65535	32769	1416921
tupleHelperCase	65535	65534	1264988
tupleHelperCase	65535	65535	1195483
tupleHelperCase	65536	-31	2859687
tupleHelperCase	65536	4095	4101593
tupleHelperCase	65537	-2048	4234502
tupleHelperCase	65537	5	3553521
tupleHelperCase	81985529216486895	4	2054390
tupleHelperCase	81985529216486895	256	4008954
tupleHelperCase	9223372036854775807	16383	720347
