WARNING: A terminally deprecated method in sun.misc.Unsafe has been called
WARNING: sun.misc.Unsafe::objectFieldOffset has been called by com.oracle.truffle.runtime.hotspot.HotSpotTruffleRuntime (file:/Users/ekmett/thc/work/candidates/map-thunk-packets/runtime/lib/truffle-runtime-25.3.4.1.jar)
WARNING: Please consider reporting this to the maintainers of class com.oracle.truffle.runtime.hotspot.HotSpotTruffleRuntime
WARNING: sun.misc.Unsafe::objectFieldOffset will be removed in a future release
[To redirect Truffle log output to a file use one of the following options:
* '--log.file=<path>' if the option is passed using a guest language launcher.
* '-Dpolyglot.log.file=<path>' if the option is passed using the host Java launcher.
* Configure logging using the polyglot embedding API.]
[engine] Inline start lambda sc, x, ds1                                           |Frequency     1.00|Recursion Depth      0|IR Nodes  14194|Graph Size     -1|Truffle Callees      7|Explore/inline ratio     1.00|Depth      0|Forced false|call diff     0.00
[engine] Inlined        lambda sc, x, ds1                                         |Frequency     0.49|Recursion Depth      1|IR Nodes   1262|Graph Size     -1|Truffle Callees      7|Explore/inline ratio      NaN|Depth      1|Forced false|call diff    -0.88
[engine] Inlined          lambda sc, x, ds1                                       |Frequency     0.24|Recursion Depth      2|IR Nodes   1262|Graph Size     -1|Truffle Callees      7|Explore/inline ratio      NaN|Depth      2|Forced false|call diff    -0.21
[engine] Cutoff             lambda sc, x, ds1                                     |Frequency     0.12|Recursion Depth      3|IR Nodes      0|Graph Size      0|Truffle Callees      7|Explore/inline ratio      NaN|Depth      3|Forced false|call diff     0.00
[engine] Cutoff             lambda k, x, l, r                                     |Frequency     0.00|Recursion Depth      0|IR Nodes      0|Graph Size      0|Truffle Callees      0|Explore/inline ratio      NaN|Depth      3|Forced false|call diff     0.00
[engine] Cutoff             lambda k, x, l, r                                     |Frequency     0.02|Recursion Depth      0|IR Nodes      0|Graph Size      0|Truffle Callees      0|Explore/inline ratio      NaN|Depth      3|Forced false|call diff     0.02
[engine] Cutoff             lambda sc, x, ds1                                     |Frequency     0.09|Recursion Depth      3|IR Nodes      0|Graph Size      0|Truffle Callees      7|Explore/inline ratio      NaN|Depth      3|Forced false|call diff     0.00
[engine] Cutoff             lambda k, x, l, r                                     |Frequency     0.00|Recursion Depth      0|IR Nodes      0|Graph Size      0|Truffle Callees      1|Explore/inline ratio      NaN|Depth      3|Forced false|call diff     0.00
[engine] Cutoff             lambda k, x, l, r                                     |Frequency     0.01|Recursion Depth      0|IR Nodes      0|Graph Size      0|Truffle Callees      1|Explore/inline ratio      NaN|Depth      3|Forced false|call diff     0.01
[engine] Cutoff             lvl                                                   |Frequency     0.00|Recursion Depth      0|IR Nodes      0|Graph Size      0|Truffle Callees      0|Explore/inline ratio      NaN|Depth      3|Forced false|call diff     0.00
[engine] Cutoff           lambda k, x, l, r                                       |Frequency     0.00|Recursion Depth      0|IR Nodes      0|Graph Size      0|Truffle Callees      0|Explore/inline ratio      NaN|Depth      2|Forced false|call diff     0.00
[engine] Inlined          lambda k, x, l, r                                       |Frequency     0.04|Recursion Depth      0|IR Nodes   1112|Graph Size     -1|Truffle Callees      0|Explore/inline ratio      NaN|Depth      2|Forced false|call diff    -0.04
[engine] Inlined          lambda sc, x, ds1                                       |Frequency     0.18|Recursion Depth      2|IR Nodes   1262|Graph Size     -1|Truffle Callees      7|Explore/inline ratio      NaN|Depth      2|Forced false|call diff    -0.16
[engine] Cutoff             lambda sc, x, ds1                                     |Frequency     0.09|Recursion Depth      3|IR Nodes      0|Graph Size      0|Truffle Callees      7|Explore/inline ratio      NaN|Depth      3|Forced false|call diff     0.00
[engine] Cutoff             lambda k, x, l, r                                     |Frequency     0.00|Recursion Depth      0|IR Nodes      0|Graph Size      0|Truffle Callees      0|Explore/inline ratio      NaN|Depth      3|Forced false|call diff     0.00
[engine] Cutoff             lambda k, x, l, r                                     |Frequency     0.01|Recursion Depth      0|IR Nodes      0|Graph Size      0|Truffle Callees      0|Explore/inline ratio      NaN|Depth      3|Forced false|call diff     0.01
[engine] Cutoff             lambda sc, x, ds1                                     |Frequency     0.07|Recursion Depth      3|IR Nodes      0|Graph Size      0|Truffle Callees      7|Explore/inline ratio      NaN|Depth      3|Forced false|call diff     0.00
[engine] Cutoff             lambda k, x, l, r                                     |Frequency     0.00|Recursion Depth      0|IR Nodes      0|Graph Size      0|Truffle Callees      1|Explore/inline ratio      NaN|Depth      3|Forced false|call diff     0.00
[engine] Cutoff             lambda k, x, l, r                                     |Frequency     0.01|Recursion Depth      0|IR Nodes      0|Graph Size      0|Truffle Callees      1|Explore/inline ratio      NaN|Depth      3|Forced false|call diff     0.01
[engine] Cutoff             lvl                                                   |Frequency     0.00|Recursion Depth      0|IR Nodes      0|Graph Size      0|Truffle Callees      0|Explore/inline ratio      NaN|Depth      3|Forced false|call diff     0.00
[engine] Cutoff           lambda k, x, l, r                                       |Frequency     0.00|Recursion Depth      0|IR Nodes      0|Graph Size      0|Truffle Callees      1|Explore/inline ratio      NaN|Depth      2|Forced false|call diff     0.00
[engine] Cutoff           lambda k, x, l, r                                       |Frequency     0.02|Recursion Depth      0|IR Nodes      0|Graph Size      0|Truffle Callees      1|Explore/inline ratio      NaN|Depth      2|Forced false|call diff     0.02
[engine] Cutoff           lvl                                                     |Frequency     0.00|Recursion Depth      0|IR Nodes      0|Graph Size      0|Truffle Callees      0|Explore/inline ratio      NaN|Depth      2|Forced false|call diff     0.00
[engine] Cutoff         lambda k, x, l, r                                         |Frequency     0.01|Recursion Depth      0|IR Nodes      0|Graph Size      0|Truffle Callees      0|Explore/inline ratio      NaN|Depth      1|Forced false|call diff     0.01
[engine] Inlined        lambda k, x, l, r                                         |Frequency     0.08|Recursion Depth      0|IR Nodes   1112|Graph Size     -1|Truffle Callees      0|Explore/inline ratio      NaN|Depth      1|Forced false|call diff    -0.08
[engine] Inlined        lambda sc, x, ds1                                         |Frequency     0.37|Recursion Depth      1|IR Nodes   1262|Graph Size     -1|Truffle Callees      7|Explore/inline ratio      NaN|Depth      1|Forced false|call diff    -0.61
[engine] Inlined          lambda sc, x, ds1                                       |Frequency     0.18|Recursion Depth      2|IR Nodes   1262|Graph Size     -1|Truffle Callees      7|Explore/inline ratio      NaN|Depth      2|Forced false|call diff    -0.16
[engine] Cutoff             lambda sc, x, ds1                                     |Frequency     0.09|Recursion Depth      3|IR Nodes      0|Graph Size      0|Truffle Callees      7|Explore/inline ratio      NaN|Depth      3|Forced false|call diff     0.00
[engine] Cutoff             lambda k, x, l, r                                     |Frequency     0.00|Recursion Depth      0|IR Nodes      0|Graph Size      0|Truffle Callees      0|Explore/inline ratio      NaN|Depth      3|Forced false|call diff     0.00
[engine] Cutoff             lambda k, x, l, r                                     |Frequency     0.01|Recursion Depth      0|IR Nodes      0|Graph Size      0|Truffle Callees      0|Explore/inline ratio      NaN|Depth      3|Forced false|call diff     0.01
[engine] Cutoff             lambda sc, x, ds1                                     |Frequency     0.07|Recursion Depth      3|IR Nodes      0|Graph Size      0|Truffle Callees      7|Explore/inline ratio      NaN|Depth      3|Forced false|call diff     0.00
[engine] Cutoff             lambda k, x, l, r                                     |Frequency     0.00|Recursion Depth      0|IR Nodes      0|Graph Size      0|Truffle Callees      1|Explore/inline ratio      NaN|Depth      3|Forced false|call diff     0.00
[engine] Cutoff             lambda k, x, l, r                                     |Frequency     0.01|Recursion Depth      0|IR Nodes      0|Graph Size      0|Truffle Callees      1|Explore/inline ratio      NaN|Depth      3|Forced false|call diff     0.01
[engine] Cutoff             lvl                                                   |Frequency     0.00|Recursion Depth      0|IR Nodes      0|Graph Size      0|Truffle Callees      0|Explore/inline ratio      NaN|Depth      3|Forced false|call diff     0.00
[engine] Cutoff           lambda k, x, l, r                                       |Frequency     0.00|Recursion Depth      0|IR Nodes      0|Graph Size      0|Truffle Callees      0|Explore/inline ratio      NaN|Depth      2|Forced false|call diff     0.00
[engine] Cutoff           lambda k, x, l, r                                       |Frequency     0.03|Recursion Depth      0|IR Nodes      0|Graph Size      0|Truffle Callees      0|Explore/inline ratio      NaN|Depth      2|Forced false|call diff     0.03
[engine] Inlined          lambda sc, x, ds1                                       |Frequency     0.14|Recursion Depth      2|IR Nodes   1262|Graph Size     -1|Truffle Callees      7|Explore/inline ratio      NaN|Depth      2|Forced false|call diff    -0.12
[engine] Cutoff             lambda sc, x, ds1                                     |Frequency     0.07|Recursion Depth      3|IR Nodes      0|Graph Size      0|Truffle Callees      7|Explore/inline ratio      NaN|Depth      3|Forced false|call diff     0.00
[engine] Cutoff             lambda k, x, l, r                                     |Frequency     0.00|Recursion Depth      0|IR Nodes      0|Graph Size      0|Truffle Callees      0|Explore/inline ratio      NaN|Depth      3|Forced false|call diff     0.00
[engine] Cutoff             lambda k, x, l, r                                     |Frequency     0.01|Recursion Depth      0|IR Nodes      0|Graph Size      0|Truffle Callees      0|Explore/inline ratio      NaN|Depth      3|Forced false|call diff     0.01
[engine] Cutoff             lambda sc, x, ds1                                     |Frequency     0.05|Recursion Depth      3|IR Nodes      0|Graph Size      0|Truffle Callees      7|Explore/inline ratio      NaN|Depth      3|Forced false|call diff     0.00
[engine] Cutoff             lambda k, x, l, r                                     |Frequency     0.00|Recursion Depth      0|IR Nodes      0|Graph Size      0|Truffle Callees      1|Explore/inline ratio      NaN|Depth      3|Forced false|call diff     0.00
[engine] Cutoff             lambda k, x, l, r                                     |Frequency     0.00|Recursion Depth      0|IR Nodes      0|Graph Size      0|Truffle Callees      1|Explore/inline ratio      NaN|Depth      3|Forced false|call diff     0.00
[engine] Cutoff             lvl                                                   |Frequency     0.00|Recursion Depth      0|IR Nodes      0|Graph Size      0|Truffle Callees      0|Explore/inline ratio      NaN|Depth      3|Forced false|call diff     0.00
[engine] Cutoff           lambda k, x, l, r                                       |Frequency     0.00|Recursion Depth      0|IR Nodes      0|Graph Size      0|Truffle Callees      1|Explore/inline ratio      NaN|Depth      2|Forced false|call diff     0.00
[engine] Cutoff           lambda k, x, l, r                                       |Frequency     0.01|Recursion Depth      0|IR Nodes      0|Graph Size      0|Truffle Callees      1|Explore/inline ratio      NaN|Depth      2|Forced false|call diff     0.01
[engine] Cutoff           lvl                                                     |Frequency     0.00|Recursion Depth      0|IR Nodes      0|Graph Size      0|Truffle Callees      0|Explore/inline ratio      NaN|Depth      2|Forced false|call diff     0.00
[engine] Cutoff         lambda k, x, l, r                                         |Frequency     0.00|Recursion Depth      0|IR Nodes      0|Graph Size      0|Truffle Callees      1|Explore/inline ratio      NaN|Depth      1|Forced false|call diff     0.00
[engine] Inlined        lambda k, x, l, r                                         |Frequency     0.03|Recursion Depth      0|IR Nodes   1655|Graph Size     -1|Truffle Callees      1|Explore/inline ratio      NaN|Depth      1|Forced false|call diff    -0.00
[engine] Cutoff           argument thunk                                          |Frequency     0.03|Recursion Depth      0|IR Nodes      0|Graph Size      0|Truffle Callees      1|Explore/inline ratio      NaN|Depth      2|Forced false|call diff     0.03
[engine] Cutoff         lvl                                                       |Frequency     0.00|Recursion Depth      0|IR Nodes      0|Graph Size      0|Truffle Callees      0|Explore/inline ratio      NaN|Depth      1|Forced false|call diff     0.00
[engine] Inline done  lambda sc, x, ds1                                           |Frequency     1.00|Recursion Depth      0|IR Nodes  14194|Graph Size     -1|Truffle Callees      7|Explore/inline ratio     1.00|Depth      0|Forced false|call diff     0.00
[engine] opt done   engine=1  id=21    lambda sc, x, ds1                                  |Tier 2|Time   438( 170+268 )ms|AST  772|Inlined   9Y  41N|IR   7277/ 16355|CodeSize   86384|Addr 0x00011b7d1600|CompId 2250   |UTC 2026-09-22T18:42:11.448|Src n/a
[engine] opt deopt  engine=1  id=21    lambda sc, x, ds1                                  |Invalidated  true|                                                                                                            |UTC 2026-09-22T18:42:11.468|Src n/a|Reason uncommon trap
[engine] opt deopt  engine=1  id=21    lambda sc, x, ds1                                  |Invalidated  true|                                                                                                            |UTC 2026-09-22T18:42:11.468|Src n/a|Reason uncommon trap
[engine] opt deopt  engine=1  id=21    lambda sc, x, ds1                                  |Invalidated  true|                                                                                                            |UTC 2026-09-22T18:42:11.468|Src n/a|Reason uncommon trap
[engine] Inline start lambda sc, x, ds1                                           |Frequency     1.00|Recursion Depth      0|IR Nodes  13706|Graph Size     -1|Truffle Callees      7|Explore/inline ratio     1.00|Depth      0|Forced false|call diff     0.00
[engine] Inlined        lambda sc, x, ds1                                         |Frequency     0.49|Recursion Depth      1|IR Nodes   1431|Graph Size     -1|Truffle Callees      7|Explore/inline ratio      NaN|Depth      1|Forced false|call diff    -0.88
[engine] Inlined          lambda sc, x, ds1                                       |Frequency     0.24|Recursion Depth      2|IR Nodes   1431|Graph Size     -1|Truffle Callees      7|Explore/inline ratio      NaN|Depth      2|Forced false|call diff    -0.21
[engine] Cutoff             lambda sc, x, ds1                                     |Frequency     0.12|Recursion Depth      3|IR Nodes      0|Graph Size      0|Truffle Callees      7|Explore/inline ratio      NaN|Depth      3|Forced false|call diff     0.00
[engine] Cutoff             lambda k, x, l, r                                     |Frequency     0.00|Recursion Depth      0|IR Nodes      0|Graph Size      0|Truffle Callees      0|Explore/inline ratio      NaN|Depth      3|Forced false|call diff     0.00
[engine] Cutoff             lambda k, x, l, r                                     |Frequency     0.02|Recursion Depth      0|IR Nodes      0|Graph Size      0|Truffle Callees      0|Explore/inline ratio      NaN|Depth      3|Forced false|call diff     0.02
[engine] Cutoff             lambda sc, x, ds1                                     |Frequency     0.09|Recursion Depth      3|IR Nodes      0|Graph Size      0|Truffle Callees      7|Explore/inline ratio      NaN|Depth      3|Forced false|call diff     0.00
[engine] Cutoff             lambda k, x, l, r                                     |Frequency     0.00|Recursion Depth      0|IR Nodes      0|Graph Size      0|Truffle Callees      1|Explore/inline ratio      NaN|Depth      3|Forced false|call diff     0.00
[engine] Cutoff             lambda k, x, l, r                                     |Frequency     0.01|Recursion Depth      0|IR Nodes      0|Graph Size      0|Truffle Callees      1|Explore/inline ratio      NaN|Depth      3|Forced false|call diff     0.01
[engine] Cutoff             lvl                                                   |Frequency     0.00|Recursion Depth      0|IR Nodes      0|Graph Size      0|Truffle Callees      0|Explore/inline ratio      NaN|Depth      3|Forced false|call diff     0.00
[engine] Cutoff           lambda k, x, l, r                                       |Frequency     0.00|Recursion Depth      0|IR Nodes      0|Graph Size      0|Truffle Callees      0|Explore/inline ratio      NaN|Depth      2|Forced false|call diff     0.00
[engine] Inlined          lambda k, x, l, r                                       |Frequency     0.04|Recursion Depth      0|IR Nodes   1112|Graph Size     -1|Truffle Callees      0|Explore/inline ratio      NaN|Depth      2|Forced false|call diff    -0.04
[engine] Inlined          lambda sc, x, ds1                                       |Frequency     0.18|Recursion Depth      2|IR Nodes   1431|Graph Size     -1|Truffle Callees      7|Explore/inline ratio      NaN|Depth      2|Forced false|call diff    -0.16
[engine] Cutoff             lambda sc, x, ds1                                     |Frequency     0.09|Recursion Depth      3|IR Nodes      0|Graph Size      0|Truffle Callees      7|Explore/inline ratio      NaN|Depth      3|Forced false|call diff     0.00
[engine] Cutoff             lambda k, x, l, r                                     |Frequency     0.00|Recursion Depth      0|IR Nodes      0|Graph Size      0|Truffle Callees      0|Explore/inline ratio      NaN|Depth      3|Forced false|call diff     0.00
[engine] Cutoff             lambda k, x, l, r                                     |Frequency     0.01|Recursion Depth      0|IR Nodes      0|Graph Size      0|Truffle Callees      0|Explore/inline ratio      NaN|Depth      3|Forced false|call diff     0.01
[engine] Cutoff             lambda sc, x, ds1                                     |Frequency     0.07|Recursion Depth      3|IR Nodes      0|Graph Size      0|Truffle Callees      7|Explore/inline ratio      NaN|Depth      3|Forced false|call diff     0.00
[engine] Cutoff             lambda k, x, l, r                                     |Frequency     0.00|Recursion Depth      0|IR Nodes      0|Graph Size      0|Truffle Callees      1|Explore/inline ratio      NaN|Depth      3|Forced false|call diff     0.00
[engine] Cutoff             lambda k, x, l, r                                     |Frequency     0.01|Recursion Depth      0|IR Nodes      0|Graph Size      0|Truffle Callees      1|Explore/inline ratio      NaN|Depth      3|Forced false|call diff     0.01
[engine] Cutoff             lvl                                                   |Frequency     0.00|Recursion Depth      0|IR Nodes      0|Graph Size      0|Truffle Callees      0|Explore/inline ratio      NaN|Depth      3|Forced false|call diff     0.00
[engine] Cutoff           lambda k, x, l, r                                       |Frequency     0.00|Recursion Depth      0|IR Nodes      0|Graph Size      0|Truffle Callees      1|Explore/inline ratio      NaN|Depth      2|Forced false|call diff     0.00
[engine] Cutoff           lambda k, x, l, r                                       |Frequency     0.02|Recursion Depth      0|IR Nodes      0|Graph Size      0|Truffle Callees      1|Explore/inline ratio      NaN|Depth      2|Forced false|call diff     0.02
[engine] Cutoff           lvl                                                     |Frequency     0.00|Recursion Depth      0|IR Nodes      0|Graph Size      0|Truffle Callees      0|Explore/inline ratio      NaN|Depth      2|Forced false|call diff     0.00
[engine] Cutoff         lambda k, x, l, r                                         |Frequency     0.01|Recursion Depth      0|IR Nodes      0|Graph Size      0|Truffle Callees      0|Explore/inline ratio      NaN|Depth      1|Forced false|call diff     0.01
[engine] Inlined        lambda k, x, l, r                                         |Frequency     0.08|Recursion Depth      0|IR Nodes   1112|Graph Size     -1|Truffle Callees      0|Explore/inline ratio      NaN|Depth      1|Forced false|call diff    -0.08
[engine] Inlined        lambda sc, x, ds1                                         |Frequency     0.37|Recursion Depth      1|IR Nodes   1431|Graph Size     -1|Truffle Callees      7|Explore/inline ratio      NaN|Depth      1|Forced false|call diff    -0.61
[engine] Inlined          lambda sc, x, ds1                                       |Frequency     0.18|Recursion Depth      2|IR Nodes   1431|Graph Size     -1|Truffle Callees      7|Explore/inline ratio      NaN|Depth      2|Forced false|call diff    -0.16
[engine] Cutoff             lambda sc, x, ds1                                     |Frequency     0.09|Recursion Depth      3|IR Nodes      0|Graph Size      0|Truffle Callees      7|Explore/inline ratio      NaN|Depth      3|Forced false|call diff     0.00
[engine] Cutoff             lambda k, x, l, r                                     |Frequency     0.00|Recursion Depth      0|IR Nodes      0|Graph Size      0|Truffle Callees      0|Explore/inline ratio      NaN|Depth      3|Forced false|call diff     0.00
[engine] Cutoff             lambda k, x, l, r                                     |Frequency     0.01|Recursion Depth      0|IR Nodes      0|Graph Size      0|Truffle Callees      0|Explore/inline ratio      NaN|Depth      3|Forced false|call diff     0.01
[engine] Cutoff             lambda sc, x, ds1                                     |Frequency     0.07|Recursion Depth      3|IR Nodes      0|Graph Size      0|Truffle Callees      7|Explore/inline ratio      NaN|Depth      3|Forced false|call diff     0.00
[engine] Cutoff             lambda k, x, l, r                                     |Frequency     0.00|Recursion Depth      0|IR Nodes      0|Graph Size      0|Truffle Callees      1|Explore/inline ratio      NaN|Depth      3|Forced false|call diff     0.00
[engine] Cutoff             lambda k, x, l, r                                     |Frequency     0.01|Recursion Depth      0|IR Nodes      0|Graph Size      0|Truffle Callees      1|Explore/inline ratio      NaN|Depth      3|Forced false|call diff     0.01
[engine] Cutoff             lvl                                                   |Frequency     0.00|Recursion Depth      0|IR Nodes      0|Graph Size      0|Truffle Callees      0|Explore/inline ratio      NaN|Depth      3|Forced false|call diff     0.00
[engine] Cutoff           lambda k, x, l, r                                       |Frequency     0.00|Recursion Depth      0|IR Nodes      0|Graph Size      0|Truffle Callees      0|Explore/inline ratio      NaN|Depth      2|Forced false|call diff     0.00
[engine] Cutoff           lambda k, x, l, r                                       |Frequency     0.03|Recursion Depth      0|IR Nodes      0|Graph Size      0|Truffle Callees      0|Explore/inline ratio      NaN|Depth      2|Forced false|call diff     0.03
[engine] Inlined          lambda sc, x, ds1                                       |Frequency     0.14|Recursion Depth      2|IR Nodes   1431|Graph Size     -1|Truffle Callees      7|Explore/inline ratio      NaN|Depth      2|Forced false|call diff    -0.12
[engine] Cutoff             lambda sc, x, ds1                                     |Frequency     0.07|Recursion Depth      3|IR Nodes      0|Graph Size      0|Truffle Callees      7|Explore/inline ratio      NaN|Depth      3|Forced false|call diff     0.00
[engine] Cutoff             lambda k, x, l, r                                     |Frequency     0.00|Recursion Depth      0|IR Nodes      0|Graph Size      0|Truffle Callees      0|Explore/inline ratio      NaN|Depth      3|Forced false|call diff     0.00
[engine] Cutoff             lambda k, x, l, r                                     |Frequency     0.01|Recursion Depth      0|IR Nodes      0|Graph Size      0|Truffle Callees      0|Explore/inline ratio      NaN|Depth      3|Forced false|call diff     0.01
[engine] Cutoff             lambda sc, x, ds1                                     |Frequency     0.05|Recursion Depth      3|IR Nodes      0|Graph Size      0|Truffle Callees      7|Explore/inline ratio      NaN|Depth      3|Forced false|call diff     0.00
[engine] Cutoff             lambda k, x, l, r                                     |Frequency     0.00|Recursion Depth      0|IR Nodes      0|Graph Size      0|Truffle Callees      1|Explore/inline ratio      NaN|Depth      3|Forced false|call diff     0.00
[engine] Cutoff             lambda k, x, l, r                                     |Frequency     0.00|Recursion Depth      0|IR Nodes      0|Graph Size      0|Truffle Callees      1|Explore/inline ratio      NaN|Depth      3|Forced false|call diff     0.00
[engine] Cutoff             lvl                                                   |Frequency     0.00|Recursion Depth      0|IR Nodes      0|Graph Size      0|Truffle Callees      0|Explore/inline ratio      NaN|Depth      3|Forced false|call diff     0.00
[engine] Cutoff           lambda k, x, l, r                                       |Frequency     0.00|Recursion Depth      0|IR Nodes      0|Graph Size      0|Truffle Callees      1|Explore/inline ratio      NaN|Depth      2|Forced false|call diff     0.00
[engine] Cutoff           lambda k, x, l, r                                       |Frequency     0.01|Recursion Depth      0|IR Nodes      0|Graph Size      0|Truffle Callees      1|Explore/inline ratio      NaN|Depth      2|Forced false|call diff     0.01
[engine] Cutoff           lvl                                                     |Frequency     0.00|Recursion Depth      0|IR Nodes      0|Graph Size      0|Truffle Callees      0|Explore/inline ratio      NaN|Depth      2|Forced false|call diff     0.00
[engine] Cutoff         lambda k, x, l, r                                         |Frequency     0.00|Recursion Depth      0|IR Nodes      0|Graph Size      0|Truffle Callees      1|Explore/inline ratio      NaN|Depth      1|Forced false|call diff     0.00
[engine] Cutoff         lambda k, x, l, r                                         |Frequency     0.03|Recursion Depth      0|IR Nodes      0|Graph Size      0|Truffle Callees      1|Explore/inline ratio      NaN|Depth      1|Forced false|call diff     0.03
[engine] Cutoff         lvl                                                       |Frequency     0.00|Recursion Depth      0|IR Nodes      0|Graph Size      0|Truffle Callees      0|Explore/inline ratio      NaN|Depth      1|Forced false|call diff     0.00
[engine] Inline done  lambda sc, x, ds1                                           |Frequency     1.00|Recursion Depth      0|IR Nodes  13706|Graph Size     -1|Truffle Callees      7|Explore/inline ratio     1.00|Depth      0|Forced false|call diff     0.00
[engine] opt done   engine=1  id=21    lambda sc, x, ds1                                  |Tier 2|Time   419( 139+279 )ms|AST  772|Inlined   8Y  41N|IR   7520/ 18363|CodeSize  100020|Addr 0x00011b7fdf40|CompId 2406   |UTC 2026-09-22T18:42:11.888|Src n/a
[engine] Inline start lambda ww, ds2                                              |Frequency     1.00|Recursion Depth      0|IR Nodes   4101|Graph Size     -1|Truffle Callees      2|Explore/inline ratio     1.00|Depth      0|Forced false|call diff     0.00
[engine] Inlined        lambda ww, ds2                                            |Frequency     0.44|Recursion Depth      1|IR Nodes    584|Graph Size     -1|Truffle Callees      2|Explore/inline ratio      NaN|Depth      1|Forced false|call diff    -0.84
[engine] Inlined          lambda ww, ds2                                          |Frequency     0.19|Recursion Depth      2|IR Nodes    584|Graph Size     -1|Truffle Callees      2|Explore/inline ratio      NaN|Depth      2|Forced false|call diff    -0.19
[engine] Cutoff             lambda ww, ds2                                        |Frequency     0.08|Recursion Depth      3|IR Nodes      0|Graph Size      0|Truffle Callees      2|Explore/inline ratio      NaN|Depth      3|Forced false|call diff     0.00
[engine] Cutoff             lambda ww, ds2                                        |Frequency     0.09|Recursion Depth      3|IR Nodes      0|Graph Size      0|Truffle Callees      2|Explore/inline ratio      NaN|Depth      3|Forced false|call diff     0.00
[engine] Inlined          lambda ww, ds2                                          |Frequency     0.21|Recursion Depth      2|IR Nodes    584|Graph Size     -1|Truffle Callees      2|Explore/inline ratio      NaN|Depth      2|Forced false|call diff    -0.21
[engine] Cutoff             lambda ww, ds2                                        |Frequency     0.09|Recursion Depth      3|IR Nodes      0|Graph Size      0|Truffle Callees      2|Explore/inline ratio      NaN|Depth      3|Forced false|call diff     0.00
[engine] Cutoff             lambda ww, ds2                                        |Frequency     0.10|Recursion Depth      3|IR Nodes      0|Graph Size      0|Truffle Callees      2|Explore/inline ratio      NaN|Depth      3|Forced false|call diff     0.00
[engine] Inlined        lambda ww, ds2                                            |Frequency     0.47|Recursion Depth      1|IR Nodes    584|Graph Size     -1|Truffle Callees      2|Explore/inline ratio      NaN|Depth      1|Forced false|call diff    -0.89
[engine] Inlined          lambda ww, ds2                                          |Frequency     0.21|Recursion Depth      2|IR Nodes    584|Graph Size     -1|Truffle Callees      2|Explore/inline ratio      NaN|Depth      2|Forced false|call diff    -0.21
[engine] Cutoff             lambda ww, ds2                                        |Frequency     0.09|Recursion Depth      3|IR Nodes      0|Graph Size      0|Truffle Callees      2|Explore/inline ratio      NaN|Depth      3|Forced false|call diff     0.00
[engine] Cutoff             lambda ww, ds2                                        |Frequency     0.10|Recursion Depth      3|IR Nodes      0|Graph Size      0|Truffle Callees      2|Explore/inline ratio      NaN|Depth      3|Forced false|call diff     0.00
[engine] Inlined          lambda ww, ds2                                          |Frequency     0.22|Recursion Depth      2|IR Nodes    584|Graph Size     -1|Truffle Callees      2|Explore/inline ratio      NaN|Depth      2|Forced false|call diff    -0.22
[engine] Cutoff             lambda ww, ds2                                        |Frequency     0.10|Recursion Depth      3|IR Nodes      0|Graph Size      0|Truffle Callees      2|Explore/inline ratio      NaN|Depth      3|Forced false|call diff     0.00
[engine] Cutoff             lambda ww, ds2                                        |Frequency     0.10|Recursion Depth      3|IR Nodes      0|Graph Size      0|Truffle Callees      2|Explore/inline ratio      NaN|Depth      3|Forced false|call diff     0.00
[engine] Inline done  lambda ww, ds2                                              |Frequency     1.00|Recursion Depth      0|IR Nodes   4101|Graph Size     -1|Truffle Callees      2|Explore/inline ratio     1.00|Depth      0|Forced false|call diff     0.00
[engine] opt done   engine=1  id=22    lambda ww, ds2                                     |Tier 2|Time   128(  44+84  )ms|AST  327|Inlined   6Y   8N|IR   2824/  7161|CodeSize   29676|Addr 0x00011b823000|CompId 2487   |UTC 2026-09-22T18:42:12.042|Src n/a
[engine] Inline start lambda def, ww, ds1                                         |Frequency     1.00|Recursion Depth      0|IR Nodes    952|Graph Size     -1|Truffle Callees      3|Explore/inline ratio     1.00|Depth      0|Forced false|call diff     0.00
[engine] Inlined        lvl                                                       |Frequency     0.00|Recursion Depth      0|IR Nodes     41|Graph Size     -1|Truffle Callees      0|Explore/inline ratio      NaN|Depth      1|Forced false|call diff    -0.00
[engine] Inlined        lvl                                                       |Frequency     0.00|Recursion Depth      0|IR Nodes     41|Graph Size     -1|Truffle Callees      0|Explore/inline ratio      NaN|Depth      1|Forced false|call diff    -0.00
[engine] Inline done  lambda def, ww, ds1                                         |Frequency     1.00|Recursion Depth      0|IR Nodes    952|Graph Size     -1|Truffle Callees      3|Explore/inline ratio     1.00|Depth      0|Forced false|call diff     0.00
[engine] opt done   engine=1  id=17    lambda def, ww, ds1                                |Tier 2|Time    20(   8+11  )ms|AST  167|Inlined   2Y   0N|IR    754/  1274|CodeSize    5992|Addr 0x00011b832e00|CompId 2549   |UTC 2026-09-22T18:42:12.085|Src n/a
[engine] Inline start argument thunk                                              |Frequency     1.00|Recursion Depth      0|IR Nodes  13895|Graph Size     -1|Truffle Callees      1|Explore/inline ratio     1.00|Depth      0|Forced false|call diff     0.00
[engine] Inlined        lambda sc, x, ds1                                         |Frequency     1.00|Recursion Depth      0|IR Nodes   1431|Graph Size     -1|Truffle Callees      7|Explore/inline ratio      NaN|Depth      1|Forced false|call diff    -2.53
[engine] Inlined          lambda sc, x, ds1                                       |Frequency     0.49|Recursion Depth      1|IR Nodes   1431|Graph Size     -1|Truffle Callees      7|Explore/inline ratio      NaN|Depth      2|Forced false|call diff    -0.88
[engine] Inlined            lambda sc, x, ds1                                     |Frequency     0.24|Recursion Depth      2|IR Nodes   1431|Graph Size     -1|Truffle Callees      7|Explore/inline ratio      NaN|Depth      3|Forced false|call diff    -0.21
[engine] Cutoff               lambda sc, x, ds1                                   |Frequency     0.12|Recursion Depth      3|IR Nodes      0|Graph Size      0|Truffle Callees      7|Explore/inline ratio      NaN|Depth      4|Forced false|call diff     0.00
[engine] Cutoff               lambda k, x, l, r                                   |Frequency     0.00|Recursion Depth      0|IR Nodes      0|Graph Size      0|Truffle Callees      0|Explore/inline ratio      NaN|Depth      4|Forced false|call diff     0.00
[engine] Cutoff               lambda k, x, l, r                                   |Frequency     0.02|Recursion Depth      0|IR Nodes      0|Graph Size      0|Truffle Callees      0|Explore/inline ratio      NaN|Depth      4|Forced false|call diff     0.02
[engine] Cutoff               lambda sc, x, ds1                                   |Frequency     0.09|Recursion Depth      3|IR Nodes      0|Graph Size      0|Truffle Callees      7|Explore/inline ratio      NaN|Depth      4|Forced false|call diff     0.00
[engine] Cutoff               lambda k, x, l, r                                   |Frequency     0.00|Recursion Depth      0|IR Nodes      0|Graph Size      0|Truffle Callees      1|Explore/inline ratio      NaN|Depth      4|Forced false|call diff     0.00
[engine] Cutoff               lambda k, x, l, r                                   |Frequency     0.01|Recursion Depth      0|IR Nodes      0|Graph Size      0|Truffle Callees      1|Explore/inline ratio      NaN|Depth      4|Forced false|call diff     0.01
[engine] Cutoff               lvl                                                 |Frequency     0.00|Recursion Depth      0|IR Nodes      0|Graph Size      0|Truffle Callees      0|Explore/inline ratio      NaN|Depth      4|Forced false|call diff     0.00
[engine] Cutoff             lambda k, x, l, r                                     |Frequency     0.00|Recursion Depth      0|IR Nodes      0|Graph Size      0|Truffle Callees      0|Explore/inline ratio      NaN|Depth      3|Forced false|call diff     0.00
[engine] Inlined            lambda k, x, l, r                                     |Frequency     0.04|Recursion Depth      0|IR Nodes   1112|Graph Size     -1|Truffle Callees      0|Explore/inline ratio      NaN|Depth      3|Forced false|call diff    -0.04
[engine] Inlined            lambda sc, x, ds1                                     |Frequency     0.18|Recursion Depth      2|IR Nodes   1431|Graph Size     -1|Truffle Callees      7|Explore/inline ratio      NaN|Depth      3|Forced false|call diff    -0.16
[engine] Cutoff               lambda sc, x, ds1                                   |Frequency     0.09|Recursion Depth      3|IR Nodes      0|Graph Size      0|Truffle Callees      7|Explore/inline ratio      NaN|Depth      4|Forced false|call diff     0.00
[engine] Cutoff               lambda k, x, l, r                                   |Frequency     0.00|Recursion Depth      0|IR Nodes      0|Graph Size      0|Truffle Callees      0|Explore/inline ratio      NaN|Depth      4|Forced false|call diff     0.00
[engine] Cutoff               lambda k, x, l, r                                   |Frequency     0.01|Recursion Depth      0|IR Nodes      0|Graph Size      0|Truffle Callees      0|Explore/inline ratio      NaN|Depth      4|Forced false|call diff     0.01
[engine] Cutoff               lambda sc, x, ds1                                   |Frequency     0.07|Recursion Depth      3|IR Nodes      0|Graph Size      0|Truffle Callees      7|Explore/inline ratio      NaN|Depth      4|Forced false|call diff     0.00
[engine] Cutoff               lambda k, x, l, r                                   |Frequency     0.00|Recursion Depth      0|IR Nodes      0|Graph Size      0|Truffle Callees      1|Explore/inline ratio      NaN|Depth      4|Forced false|call diff     0.00
[engine] Cutoff               lambda k, x, l, r                                   |Frequency     0.01|Recursion Depth      0|IR Nodes      0|Graph Size      0|Truffle Callees      1|Explore/inline ratio      NaN|Depth      4|Forced false|call diff     0.01
[engine] Cutoff               lvl                                                 |Frequency     0.00|Recursion Depth      0|IR Nodes      0|Graph Size      0|Truffle Callees      0|Explore/inline ratio      NaN|Depth      4|Forced false|call diff     0.00
[engine] Cutoff             lambda k, x, l, r                                     |Frequency     0.00|Recursion Depth      0|IR Nodes      0|Graph Size      0|Truffle Callees      1|Explore/inline ratio      NaN|Depth      3|Forced false|call diff     0.00
[engine] Cutoff             lambda k, x, l, r                                     |Frequency     0.02|Recursion Depth      0|IR Nodes      0|Graph Size      0|Truffle Callees      1|Explore/inline ratio      NaN|Depth      3|Forced false|call diff     0.02
[engine] Cutoff             lvl                                                   |Frequency     0.00|Recursion Depth      0|IR Nodes      0|Graph Size      0|Truffle Callees      0|Explore/inline ratio      NaN|Depth      3|Forced false|call diff     0.00
[engine] Cutoff           lambda k, x, l, r                                       |Frequency     0.01|Recursion Depth      0|IR Nodes      0|Graph Size      0|Truffle Callees      0|Explore/inline ratio      NaN|Depth      2|Forced false|call diff     0.01
[engine] Inlined          lambda k, x, l, r                                       |Frequency     0.08|Recursion Depth      0|IR Nodes   1112|Graph Size     -1|Truffle Callees      0|Explore/inline ratio      NaN|Depth      2|Forced false|call diff    -0.08
[engine] Inlined          lambda sc, x, ds1                                       |Frequency     0.37|Recursion Depth      1|IR Nodes   1431|Graph Size     -1|Truffle Callees      7|Explore/inline ratio      NaN|Depth      2|Forced false|call diff    -0.61
[engine] Inlined            lambda sc, x, ds1                                     |Frequency     0.18|Recursion Depth      2|IR Nodes   1431|Graph Size     -1|Truffle Callees      7|Explore/inline ratio      NaN|Depth      3|Forced false|call diff    -0.16
[engine] Cutoff               lambda sc, x, ds1                                   |Frequency     0.09|Recursion Depth      3|IR Nodes      0|Graph Size      0|Truffle Callees      7|Explore/inline ratio      NaN|Depth      4|Forced false|call diff     0.00
[engine] Cutoff               lambda k, x, l, r                                   |Frequency     0.00|Recursion Depth      0|IR Nodes      0|Graph Size      0|Truffle Callees      0|Explore/inline ratio      NaN|Depth      4|Forced false|call diff     0.00
[engine] Cutoff               lambda k, x, l, r                                   |Frequency     0.01|Recursion Depth      0|IR Nodes      0|Graph Size      0|Truffle Callees      0|Explore/inline ratio      NaN|Depth      4|Forced false|call diff     0.01
[engine] Cutoff               lambda sc, x, ds1                                   |Frequency     0.07|Recursion Depth      3|IR Nodes      0|Graph Size      0|Truffle Callees      7|Explore/inline ratio      NaN|Depth      4|Forced false|call diff     0.00
[engine] Cutoff               lambda k, x, l, r                                   |Frequency     0.00|Recursion Depth      0|IR Nodes      0|Graph Size      0|Truffle Callees      1|Explore/inline ratio      NaN|Depth      4|Forced false|call diff     0.00
[engine] Cutoff               lambda k, x, l, r                                   |Frequency     0.01|Recursion Depth      0|IR Nodes      0|Graph Size      0|Truffle Callees      1|Explore/inline ratio      NaN|Depth      4|Forced false|call diff     0.01
[engine] Cutoff               lvl                                                 |Frequency     0.00|Recursion Depth      0|IR Nodes      0|Graph Size      0|Truffle Callees      0|Explore/inline ratio      NaN|Depth      4|Forced false|call diff     0.00
[engine] Cutoff             lambda k, x, l, r                                     |Frequency     0.00|Recursion Depth      0|IR Nodes      0|Graph Size      0|Truffle Callees      0|Explore/inline ratio      NaN|Depth      3|Forced false|call diff     0.00
[engine] Cutoff             lambda k, x, l, r                                     |Frequency     0.03|Recursion Depth      0|IR Nodes      0|Graph Size      0|Truffle Callees      0|Explore/inline ratio      NaN|Depth      3|Forced false|call diff     0.03
[engine] Inlined            lambda sc, x, ds1                                     |Frequency     0.14|Recursion Depth      2|IR Nodes   1431|Graph Size     -1|Truffle Callees      7|Explore/inline ratio      NaN|Depth      3|Forced false|call diff    -0.12
[engine] Cutoff               lambda sc, x, ds1                                   |Frequency     0.07|Recursion Depth      3|IR Nodes      0|Graph Size      0|Truffle Callees      7|Explore/inline ratio      NaN|Depth      4|Forced false|call diff     0.00
[engine] Cutoff               lambda k, x, l, r                                   |Frequency     0.00|Recursion Depth      0|IR Nodes      0|Graph Size      0|Truffle Callees      0|Explore/inline ratio      NaN|Depth      4|Forced false|call diff     0.00
[engine] Cutoff               lambda k, x, l, r                                   |Frequency     0.01|Recursion Depth      0|IR Nodes      0|Graph Size      0|Truffle Callees      0|Explore/inline ratio      NaN|Depth      4|Forced false|call diff     0.01
[engine] Cutoff               lambda sc, x, ds1                                   |Frequency     0.05|Recursion Depth      3|IR Nodes      0|Graph Size      0|Truffle Callees      7|Explore/inline ratio      NaN|Depth      4|Forced false|call diff     0.00
[engine] Cutoff               lambda k, x, l, r                                   |Frequency     0.00|Recursion Depth      0|IR Nodes      0|Graph Size      0|Truffle Callees      1|Explore/inline ratio      NaN|Depth      4|Forced false|call diff     0.00
[engine] Cutoff               lambda k, x, l, r                                   |Frequency     0.00|Recursion Depth      0|IR Nodes      0|Graph Size      0|Truffle Callees      1|Explore/inline ratio      NaN|Depth      4|Forced false|call diff     0.00
[engine] Cutoff               lvl                                                 |Frequency     0.00|Recursion Depth      0|IR Nodes      0|Graph Size      0|Truffle Callees      0|Explore/inline ratio      NaN|Depth      4|Forced false|call diff     0.00
[engine] Cutoff             lambda k, x, l, r                                     |Frequency     0.00|Recursion Depth      0|IR Nodes      0|Graph Size      0|Truffle Callees      1|Explore/inline ratio      NaN|Depth      3|Forced false|call diff     0.00
[engine] Cutoff             lambda k, x, l, r                                     |Frequency     0.01|Recursion Depth      0|IR Nodes      0|Graph Size      0|Truffle Callees      1|Explore/inline ratio      NaN|Depth      3|Forced false|call diff     0.01
[engine] Cutoff             lvl                                                   |Frequency     0.00|Recursion Depth      0|IR Nodes      0|Graph Size      0|Truffle Callees      0|Explore/inline ratio      NaN|Depth      3|Forced false|call diff     0.00
[engine] Cutoff           lambda k, x, l, r                                       |Frequency     0.00|Recursion Depth      0|IR Nodes      0|Graph Size      0|Truffle Callees      1|Explore/inline ratio      NaN|Depth      2|Forced false|call diff     0.00
[engine] Cutoff           lambda k, x, l, r                                       |Frequency     0.03|Recursion Depth      0|IR Nodes      0|Graph Size      0|Truffle Callees      1|Explore/inline ratio      NaN|Depth      2|Forced false|call diff     0.03
[engine] Cutoff           lvl                                                     |Frequency     0.00|Recursion Depth      0|IR Nodes      0|Graph Size      0|Truffle Callees      0|Explore/inline ratio      NaN|Depth      2|Forced false|call diff     0.00
[engine] Inline done  argument thunk                                              |Frequency     1.00|Recursion Depth      0|IR Nodes  13895|Graph Size     -1|Truffle Callees      1|Explore/inline ratio     1.00|Depth      0|Forced false|call diff     0.00
[engine] opt done   engine=1  id=35    argument thunk                                     |Tier 2|Time   458( 113+345 )ms|AST  104|Inlined   9Y  41N|IR   7616/ 18701|CodeSize  101532|Addr 0x00011b840e00|CompId 2574   |UTC 2026-09-22T18:42:12.553|Src n/a
[engine] Inline start lambda ww, ds                                               |Frequency     1.00|Recursion Depth      0|IR Nodes  12396|Graph Size     -1|Truffle Callees      3|Explore/inline ratio     1.00|Depth      0|Forced false|call diff     0.00
[engine] Inlined        argument thunk                                            |Frequency     0.00|Recursion Depth      0|IR Nodes    148|Graph Size     -1|Truffle Callees      1|Explore/inline ratio      NaN|Depth      1|Forced false|call diff    -0.00
[engine] Inlined          lambda ww, ds2                                          |Frequency     0.00|Recursion Depth      0|IR Nodes    584|Graph Size     -1|Truffle Callees      2|Explore/inline ratio      NaN|Depth      2|Forced false|call diff    -0.00
[engine] Cutoff             lambda ww, ds2                                        |Frequency     0.00|Recursion Depth      1|IR Nodes      0|Graph Size      0|Truffle Callees      2|Explore/inline ratio      NaN|Depth      3|Forced false|call diff     0.00
[engine] Cutoff             lambda ww, ds2                                        |Frequency     0.00|Recursion Depth      1|IR Nodes      0|Graph Size      0|Truffle Callees      2|Explore/inline ratio      NaN|Depth      3|Forced false|call diff     0.00
[engine] Inlined        lambda ww, ds                                             |Frequency     1.00|Recursion Depth      1|IR Nodes    922|Graph Size     -1|Truffle Callees      3|Explore/inline ratio      NaN|Depth      1|Forced false|call diff    -3.00
[engine] Inlined          argument thunk                                          |Frequency     0.00|Recursion Depth      0|IR Nodes    148|Graph Size     -1|Truffle Callees      1|Explore/inline ratio      NaN|Depth      2|Forced false|call diff    -0.00
[engine] Inlined            lambda ww, ds2                                        |Frequency     0.00|Recursion Depth      0|IR Nodes    584|Graph Size     -1|Truffle Callees      2|Explore/inline ratio      NaN|Depth      3|Forced false|call diff    -0.00
[engine] Cutoff               lambda ww, ds2                                      |Frequency     0.00|Recursion Depth      1|IR Nodes      0|Graph Size      0|Truffle Callees      2|Explore/inline ratio      NaN|Depth      4|Forced false|call diff     0.00
[engine] Cutoff               lambda ww, ds2                                      |Frequency     0.00|Recursion Depth      1|IR Nodes      0|Graph Size      0|Truffle Callees      2|Explore/inline ratio      NaN|Depth      4|Forced false|call diff     0.00
[engine] Inlined          lambda ww, ds                                           |Frequency     1.00|Recursion Depth      2|IR Nodes    922|Graph Size     -1|Truffle Callees      3|Explore/inline ratio      NaN|Depth      2|Forced false|call diff    -1.00
[engine] Inlined            argument thunk                                        |Frequency     0.00|Recursion Depth      0|IR Nodes    148|Graph Size     -1|Truffle Callees      1|Explore/inline ratio      NaN|Depth      3|Forced false|call diff     0.00
[engine] Cutoff               lambda ww, ds2                                      |Frequency     0.00|Recursion Depth      0|IR Nodes      0|Graph Size      0|Truffle Callees      2|Explore/inline ratio      NaN|Depth      4|Forced false|call diff     0.00
[engine] Cutoff             lambda ww, ds                                         |Frequency     1.00|Recursion Depth      3|IR Nodes      0|Graph Size      0|Truffle Callees      3|Explore/inline ratio      NaN|Depth      3|Forced false|call diff     0.00
[engine] Inlined            argument thunk                                        |Frequency     0.00|Recursion Depth      0|IR Nodes    148|Graph Size     -1|Truffle Callees      1|Explore/inline ratio      NaN|Depth      3|Forced false|call diff     0.00
[engine] Cutoff               lambda ww, ds2                                      |Frequency     0.00|Recursion Depth      0|IR Nodes      0|Graph Size      0|Truffle Callees      2|Explore/inline ratio      NaN|Depth      4|Forced false|call diff     0.00
[engine] Cutoff             lambda ww, ds                                         |Frequency     1.00|Recursion Depth      3|IR Nodes      0|Graph Size      0|Truffle Callees      3|Explore/inline ratio      NaN|Depth      3|Forced false|call diff     0.00
[engine] Inlined          argument thunk                                          |Frequency     0.00|Recursion Depth      0|IR Nodes    148|Graph Size     -1|Truffle Callees      1|Explore/inline ratio      NaN|Depth      2|Forced false|call diff    -0.00
[engine] Inlined            lambda ww, ds2                                        |Frequency     0.00|Recursion Depth      0|IR Nodes    584|Graph Size     -1|Truffle Callees      2|Explore/inline ratio      NaN|Depth      3|Forced false|call diff    -0.00
[engine] Cutoff               lambda ww, ds2                                      |Frequency     0.00|Recursion Depth      1|IR Nodes      0|Graph Size      0|Truffle Callees      2|Explore/inline ratio      NaN|Depth      4|Forced false|call diff     0.00
[engine] Cutoff               lambda ww, ds2                                      |Frequency     0.00|Recursion Depth      1|IR Nodes      0|Graph Size      0|Truffle Callees      2|Explore/inline ratio      NaN|Depth      4|Forced false|call diff     0.00
[engine] Inlined          lambda ww, ds                                           |Frequency     1.00|Recursion Depth      2|IR Nodes    922|Graph Size     -1|Truffle Callees      3|Explore/inline ratio      NaN|Depth      2|Forced false|call diff    -1.00
[engine] Inlined            argument thunk                                        |Frequency     0.00|Recursion Depth      0|IR Nodes    148|Graph Size     -1|Truffle Callees      1|Explore/inline ratio      NaN|Depth      3|Forced false|call diff     0.00
[engine] Cutoff               lambda ww, ds2                                      |Frequency     0.00|Recursion Depth      0|IR Nodes      0|Graph Size      0|Truffle Callees      2|Explore/inline ratio      NaN|Depth      4|Forced false|call diff     0.00
[engine] Cutoff             lambda ww, ds                                         |Frequency     1.00|Recursion Depth      3|IR Nodes      0|Graph Size      0|Truffle Callees      3|Explore/inline ratio      NaN|Depth      3|Forced false|call diff     0.00
[engine] Inlined            argument thunk                                        |Frequency     0.00|Recursion Depth      0|IR Nodes    148|Graph Size     -1|Truffle Callees      1|Explore/inline ratio      NaN|Depth      3|Forced false|call diff     0.00
[engine] Cutoff               lambda ww, ds2                                      |Frequency     0.00|Recursion Depth      0|IR Nodes      0|Graph Size      0|Truffle Callees      2|Explore/inline ratio      NaN|Depth      4|Forced false|call diff     0.00
[engine] Cutoff             lambda ww, ds                                         |Frequency     1.00|Recursion Depth      3|IR Nodes      0|Graph Size      0|Truffle Callees      3|Explore/inline ratio      NaN|Depth      3|Forced false|call diff     0.00
[engine] Inlined        argument thunk                                            |Frequency     0.00|Recursion Depth      0|IR Nodes    148|Graph Size     -1|Truffle Callees      1|Explore/inline ratio      NaN|Depth      1|Forced false|call diff    -0.00
[engine] Inlined          lambda ww, ds2                                          |Frequency     0.00|Recursion Depth      0|IR Nodes    584|Graph Size     -1|Truffle Callees      2|Explore/inline ratio      NaN|Depth      2|Forced false|call diff    -0.00
[engine] Cutoff             lambda ww, ds2                                        |Frequency     0.00|Recursion Depth      1|IR Nodes      0|Graph Size      0|Truffle Callees      2|Explore/inline ratio      NaN|Depth      3|Forced false|call diff     0.00
[engine] Cutoff             lambda ww, ds2                                        |Frequency     0.00|Recursion Depth      1|IR Nodes      0|Graph Size      0|Truffle Callees      2|Explore/inline ratio      NaN|Depth      3|Forced false|call diff     0.00
[engine] Inlined        lambda ww, ds                                             |Frequency     1.00|Recursion Depth      1|IR Nodes    922|Graph Size     -1|Truffle Callees      3|Explore/inline ratio      NaN|Depth      1|Forced false|call diff    -3.00
[engine] Inlined          argument thunk                                          |Frequency     0.00|Recursion Depth      0|IR Nodes    148|Graph Size     -1|Truffle Callees      1|Explore/inline ratio      NaN|Depth      2|Forced false|call diff    -0.00
[engine] Inlined            lambda ww, ds2                                        |Frequency     0.00|Recursion Depth      0|IR Nodes    584|Graph Size     -1|Truffle Callees      2|Explore/inline ratio      NaN|Depth      3|Forced false|call diff    -0.00
[engine] Cutoff               lambda ww, ds2                                      |Frequency     0.00|Recursion Depth      1|IR Nodes      0|Graph Size      0|Truffle Callees      2|Explore/inline ratio      NaN|Depth      4|Forced false|call diff     0.00
[engine] Cutoff               lambda ww, ds2                                      |Frequency     0.00|Recursion Depth      1|IR Nodes      0|Graph Size      0|Truffle Callees      2|Explore/inline ratio      NaN|Depth      4|Forced false|call diff     0.00
[engine] Inlined          lambda ww, ds                                           |Frequency     1.00|Recursion Depth      2|IR Nodes    922|Graph Size     -1|Truffle Callees      3|Explore/inline ratio      NaN|Depth      2|Forced false|call diff    -1.00
[engine] Inlined            argument thunk                                        |Frequency     0.00|Recursion Depth      0|IR Nodes    148|Graph Size     -1|Truffle Callees      1|Explore/inline ratio      NaN|Depth      3|Forced false|call diff     0.00
[engine] Cutoff               lambda ww, ds2                                      |Frequency     0.00|Recursion Depth      0|IR Nodes      0|Graph Size      0|Truffle Callees      2|Explore/inline ratio      NaN|Depth      4|Forced false|call diff     0.00
[engine] Cutoff             lambda ww, ds                                         |Frequency     1.00|Recursion Depth      3|IR Nodes      0|Graph Size      0|Truffle Callees      3|Explore/inline ratio      NaN|Depth      3|Forced false|call diff     0.00
[engine] Inlined            argument thunk                                        |Frequency     0.00|Recursion Depth      0|IR Nodes    148|Graph Size     -1|Truffle Callees      1|Explore/inline ratio      NaN|Depth      3|Forced false|call diff     0.00
[engine] Cutoff               lambda ww, ds2                                      |Frequency     0.00|Recursion Depth      0|IR Nodes      0|Graph Size      0|Truffle Callees      2|Explore/inline ratio      NaN|Depth      4|Forced false|call diff     0.00
[engine] Cutoff             lambda ww, ds                                         |Frequency     1.00|Recursion Depth      3|IR Nodes      0|Graph Size      0|Truffle Callees      3|Explore/inline ratio      NaN|Depth      3|Forced false|call diff     0.00
[engine] Inlined          argument thunk                                          |Frequency     0.00|Recursion Depth      0|IR Nodes    148|Graph Size     -1|Truffle Callees      1|Explore/inline ratio      NaN|Depth      2|Forced false|call diff    -0.00
[engine] Inlined            lambda ww, ds2                                        |Frequency     0.00|Recursion Depth      0|IR Nodes    584|Graph Size     -1|Truffle Callees      2|Explore/inline ratio      NaN|Depth      3|Forced false|call diff    -0.00
[engine] Cutoff               lambda ww, ds2                                      |Frequency     0.00|Recursion Depth      1|IR Nodes      0|Graph Size      0|Truffle Callees      2|Explore/inline ratio      NaN|Depth      4|Forced false|call diff     0.00
[engine] Cutoff               lambda ww, ds2                                      |Frequency     0.00|Recursion Depth      1|IR Nodes      0|Graph Size      0|Truffle Callees      2|Explore/inline ratio      NaN|Depth      4|Forced false|call diff     0.00
[engine] Inlined          lambda ww, ds                                           |Frequency     1.00|Recursion Depth      2|IR Nodes    922|Graph Size     -1|Truffle Callees      3|Explore/inline ratio      NaN|Depth      2|Forced false|call diff    -1.00
[engine] Inlined            argument thunk                                        |Frequency     0.00|Recursion Depth      0|IR Nodes    148|Graph Size     -1|Truffle Callees      1|Explore/inline ratio      NaN|Depth      3|Forced false|call diff     0.00
[engine] Cutoff               lambda ww, ds2                                      |Frequency     0.00|Recursion Depth      0|IR Nodes      0|Graph Size      0|Truffle Callees      2|Explore/inline ratio      NaN|Depth      4|Forced false|call diff     0.00
[engine] Cutoff             lambda ww, ds                                         |Frequency     1.00|Recursion Depth      3|IR Nodes      0|Graph Size      0|Truffle Callees      3|Explore/inline ratio      NaN|Depth      3|Forced false|call diff     0.00
[engine] Inlined            argument thunk                                        |Frequency     0.00|Recursion Depth      0|IR Nodes    148|Graph Size     -1|Truffle Callees      1|Explore/inline ratio      NaN|Depth      3|Forced false|call diff     0.00
[engine] Cutoff               lambda ww, ds2                                      |Frequency     0.00|Recursion Depth      0|IR Nodes      0|Graph Size      0|Truffle Callees      2|Explore/inline ratio      NaN|Depth      4|Forced false|call diff     0.00
[engine] Cutoff             lambda ww, ds                                         |Frequency     1.00|Recursion Depth      3|IR Nodes      0|Graph Size      0|Truffle Callees      3|Explore/inline ratio      NaN|Depth      3|Forced false|call diff     0.00
[engine] Inline done  lambda ww, ds                                               |Frequency     1.00|Recursion Depth      0|IR Nodes  12396|Graph Size     -1|Truffle Callees      3|Explore/inline ratio     1.00|Depth      0|Forced false|call diff     0.00
[engine] opt done   engine=1  id=18    lambda ww, ds                                      |Tier 2|Time   510( 100+410 )ms|AST  181|Inlined  26Y  28N|IR   8737/ 21016|CodeSize   97316|Addr 0x00011b85e380|CompId 2608   |UTC 2026-09-22T18:42:13.091|Src n/a
[engine] Inline start lambda x, v                                                 |Frequency     1.00|Recursion Depth      0|IR Nodes  14768|Graph Size     -1|Truffle Callees      3|Explore/inline ratio     1.00|Depth      0|Forced false|call diff     0.00
[engine] Inlined        argument thunk                                            |Frequency  6666.33|Recursion Depth      0|IR Nodes    164|Graph Size     -1|Truffle Callees      1|Explore/inline ratio      NaN|Depth      1|Forced false|call diff -19022.27
[engine] Inlined          lambda sc, x, ds1                                       |Frequency  6665.67|Recursion Depth      0|IR Nodes   1431|Graph Size     -1|Truffle Callees      7|Explore/inline ratio      NaN|Depth      2|Forced false|call diff -12355.94
[engine] Inlined            lambda sc, x, ds1                                     |Frequency  3265.18|Recursion Depth      1|IR Nodes   1431|Graph Size     -1|Truffle Callees      7|Explore/inline ratio      NaN|Depth      3|Forced false|call diff -4287.75
[engine] Inlined              lambda sc, x, ds1                                   |Frequency  1599.45|Recursion Depth      2|IR Nodes   1431|Graph Size     -1|Truffle Callees      7|Explore/inline ratio      NaN|Depth      4|Forced false|call diff -1409.78
[engine] Cutoff                 lambda sc, x, ds1                                 |Frequency   783.49|Recursion Depth      3|IR Nodes      0|Graph Size      0|Truffle Callees      7|Explore/inline ratio      NaN|Depth      5|Forced false|call diff     0.00
[engine] Cutoff                 lambda k, x, l, r                                 |Frequency    12.95|Recursion Depth      0|IR Nodes      0|Graph Size      0|Truffle Callees      0|Explore/inline ratio      NaN|Depth      5|Forced false|call diff    12.95
[engine] Cutoff                 lambda k, x, l, r                                 |Frequency   122.83|Recursion Depth      0|IR Nodes      0|Graph Size      0|Truffle Callees      0|Explore/inline ratio      NaN|Depth      5|Forced false|call diff   122.83
[engine] Cutoff                 lambda sc, x, ds1                                 |Frequency   597.02|Recursion Depth      3|IR Nodes      0|Graph Size      0|Truffle Callees      7|Explore/inline ratio      NaN|Depth      5|Forced false|call diff     0.00
[engine] Cutoff                 lambda k, x, l, r                                 |Frequency     1.92|Recursion Depth      0|IR Nodes      0|Graph Size      0|Truffle Callees      1|Explore/inline ratio      NaN|Depth      5|Forced false|call diff     1.92
[engine] Cutoff                 lambda k, x, l, r                                 |Frequency    51.82|Recursion Depth      0|IR Nodes      0|Graph Size      0|Truffle Callees      1|Explore/inline ratio      NaN|Depth      5|Forced false|call diff    51.82
[engine] Cutoff                 lvl                                               |Frequency     0.16|Recursion Depth      0|IR Nodes      0|Graph Size      0|Truffle Callees      0|Explore/inline ratio      NaN|Depth      5|Forced false|call diff     0.16
[engine] Cutoff               lambda k, x, l, r                                   |Frequency    26.45|Recursion Depth      0|IR Nodes      0|Graph Size      0|Truffle Callees      0|Explore/inline ratio      NaN|Depth      4|Forced false|call diff    26.45
[engine] Cutoff               lambda k, x, l, r                                   |Frequency   250.74|Recursion Depth      0|IR Nodes      0|Graph Size      0|Truffle Callees      0|Explore/inline ratio      NaN|Depth      4|Forced false|call diff   250.74
[engine] Cutoff               lambda sc, x, ds1                                   |Frequency  1218.77|Recursion Depth      2|IR Nodes      0|Graph Size      0|Truffle Callees      7|Explore/inline ratio      NaN|Depth      4|Forced false|call diff     0.00
[engine] Cutoff               lambda k, x, l, r                                   |Frequency     3.92|Recursion Depth      0|IR Nodes      0|Graph Size      0|Truffle Callees      1|Explore/inline ratio      NaN|Depth      4|Forced false|call diff     3.92
[engine] Cutoff               lambda k, x, l, r                                   |Frequency   105.78|Recursion Depth      0|IR Nodes      0|Graph Size      0|Truffle Callees      1|Explore/inline ratio      NaN|Depth      4|Forced false|call diff   105.78
[engine] Cutoff               lvl                                                 |Frequency     0.33|Recursion Depth      0|IR Nodes      0|Graph Size      0|Truffle Callees      0|Explore/inline ratio      NaN|Depth      4|Forced false|call diff     0.33
[engine] Cutoff             lambda k, x, l, r                                     |Frequency    53.99|Recursion Depth      0|IR Nodes      0|Graph Size      0|Truffle Callees      0|Explore/inline ratio      NaN|Depth      3|Forced false|call diff    53.99
[engine] Cutoff             lambda k, x, l, r                                     |Frequency   511.87|Recursion Depth      0|IR Nodes      0|Graph Size      0|Truffle Callees      0|Explore/inline ratio      NaN|Depth      3|Forced false|call diff   511.87
[engine] Inlined            lambda sc, x, ds1                                     |Frequency  2488.04|Recursion Depth      1|IR Nodes   1431|Graph Size     -1|Truffle Callees      7|Explore/inline ratio      NaN|Depth      3|Forced false|call diff -2192.99
[engine] Cutoff               lambda sc, x, ds1                                   |Frequency  1218.77|Recursion Depth      2|IR Nodes      0|Graph Size      0|Truffle Callees      7|Explore/inline ratio      NaN|Depth      4|Forced false|call diff     0.00
[engine] Cutoff               lambda k, x, l, r                                   |Frequency    20.15|Recursion Depth      0|IR Nodes      0|Graph Size      0|Truffle Callees      0|Explore/inline ratio      NaN|Depth      4|Forced false|call diff    20.15
[engine] Cutoff               lambda k, x, l, r                                   |Frequency   191.06|Recursion Depth      0|IR Nodes      0|Graph Size      0|Truffle Callees      0|Explore/inline ratio      NaN|Depth      4|Forced false|call diff   191.06
[engine] Cutoff               lambda sc, x, ds1                                   |Frequency   928.69|Recursion Depth      2|IR Nodes      0|Graph Size      0|Truffle Callees      7|Explore/inline ratio      NaN|Depth      4|Forced false|call diff     0.00
[engine] Cutoff               lambda k, x, l, r                                   |Frequency     2.99|Recursion Depth      0|IR Nodes      0|Graph Size      0|Truffle Callees      1|Explore/inline ratio      NaN|Depth      4|Forced false|call diff     2.99
[engine] Cutoff               lambda k, x, l, r                                   |Frequency    80.60|Recursion Depth      0|IR Nodes      0|Graph Size      0|Truffle Callees      1|Explore/inline ratio      NaN|Depth      4|Forced false|call diff    80.60
[engine] Cutoff               lvl                                                 |Frequency     0.25|Recursion Depth      0|IR Nodes      0|Graph Size      0|Truffle Callees      0|Explore/inline ratio      NaN|Depth      4|Forced false|call diff     0.25
[engine] Cutoff             lambda k, x, l, r                                     |Frequency     8.00|Recursion Depth      0|IR Nodes      0|Graph Size      0|Truffle Callees      1|Explore/inline ratio      NaN|Depth      3|Forced false|call diff     8.00
[engine] Cutoff             lambda k, x, l, r                                     |Frequency   215.95|Recursion Depth      0|IR Nodes      0|Graph Size      0|Truffle Callees      1|Explore/inline ratio      NaN|Depth      3|Forced false|call diff   215.95
[engine] Cutoff             lvl                                                   |Frequency     0.67|Recursion Depth      0|IR Nodes      0|Graph Size      0|Truffle Callees      0|Explore/inline ratio      NaN|Depth      3|Forced false|call diff     0.67
[engine] Cutoff         lambda x, z                                               |Frequency     0.67|Recursion Depth      0|IR Nodes      0|Graph Size      0|Truffle Callees      1|Explore/inline ratio      NaN|Depth      1|Forced false|call diff     0.67
[engine] Inlined        argument thunk                                            |Frequency  6666.33|Recursion Depth      0|IR Nodes    164|Graph Size     -1|Truffle Callees      1|Explore/inline ratio      NaN|Depth      1|Forced false|call diff -19022.27
[engine] Inlined          lambda sc, x, ds1                                       |Frequency  6665.67|Recursion Depth      0|IR Nodes   1431|Graph Size     -1|Truffle Callees      7|Explore/inline ratio      NaN|Depth      2|Forced false|call diff -12355.94
[engine] Inlined            lambda sc, x, ds1                                     |Frequency  3265.18|Recursion Depth      1|IR Nodes   1431|Graph Size     -1|Truffle Callees      7|Explore/inline ratio      NaN|Depth      3|Forced false|call diff -4287.75
[engine] Inlined              lambda sc, x, ds1                                   |Frequency  1599.45|Recursion Depth      2|IR Nodes   1431|Graph Size     -1|Truffle Callees      7|Explore/inline ratio      NaN|Depth      4|Forced false|call diff -1409.78
[engine] Cutoff                 lambda sc, x, ds1                                 |Frequency   783.49|Recursion Depth      3|IR Nodes      0|Graph Size      0|Truffle Callees      7|Explore/inline ratio      NaN|Depth      5|Forced false|call diff     0.00
[engine] Cutoff                 lambda k, x, l, r                                 |Frequency    12.95|Recursion Depth      0|IR Nodes      0|Graph Size      0|Truffle Callees      0|Explore/inline ratio      NaN|Depth      5|Forced false|call diff    12.95
[engine] Cutoff                 lambda k, x, l, r                                 |Frequency   122.83|Recursion Depth      0|IR Nodes      0|Graph Size      0|Truffle Callees      0|Explore/inline ratio      NaN|Depth      5|Forced false|call diff   122.83
[engine] Cutoff                 lambda sc, x, ds1                                 |Frequency   597.02|Recursion Depth      3|IR Nodes      0|Graph Size      0|Truffle Callees      7|Explore/inline ratio      NaN|Depth      5|Forced false|call diff     0.00
[engine] Cutoff                 lambda k, x, l, r                                 |Frequency     1.92|Recursion Depth      0|IR Nodes      0|Graph Size      0|Truffle Callees      1|Explore/inline ratio      NaN|Depth      5|Forced false|call diff     1.92
[engine] Cutoff                 lambda k, x, l, r                                 |Frequency    51.82|Recursion Depth      0|IR Nodes      0|Graph Size      0|Truffle Callees      1|Explore/inline ratio      NaN|Depth      5|Forced false|call diff    51.82
[engine] Cutoff                 lvl                                               |Frequency     0.16|Recursion Depth      0|IR Nodes      0|Graph Size      0|Truffle Callees      0|Explore/inline ratio      NaN|Depth      5|Forced false|call diff     0.16
[engine] Cutoff               lambda k, x, l, r                                   |Frequency    26.45|Recursion Depth      0|IR Nodes      0|Graph Size      0|Truffle Callees      0|Explore/inline ratio      NaN|Depth      4|Forced false|call diff    26.45
[engine] Cutoff               lambda k, x, l, r                                   |Frequency   250.74|Recursion Depth      0|IR Nodes      0|Graph Size      0|Truffle Callees      0|Explore/inline ratio      NaN|Depth      4|Forced false|call diff   250.74
[engine] Cutoff               lambda sc, x, ds1                                   |Frequency  1218.77|Recursion Depth      2|IR Nodes      0|Graph Size      0|Truffle Callees      7|Explore/inline ratio      NaN|Depth      4|Forced false|call diff     0.00
[engine] Cutoff               lambda k, x, l, r                                   |Frequency     3.92|Recursion Depth      0|IR Nodes      0|Graph Size      0|Truffle Callees      1|Explore/inline ratio      NaN|Depth      4|Forced false|call diff     3.92
[engine] Cutoff               lambda k, x, l, r                                   |Frequency   105.78|Recursion Depth      0|IR Nodes      0|Graph Size      0|Truffle Callees      1|Explore/inline ratio      NaN|Depth      4|Forced false|call diff   105.78
[engine] Cutoff               lvl                                                 |Frequency     0.33|Recursion Depth      0|IR Nodes      0|Graph Size      0|Truffle Callees      0|Explore/inline ratio      NaN|Depth      4|Forced false|call diff     0.33
[engine] Cutoff             lambda k, x, l, r                                     |Frequency    53.99|Recursion Depth      0|IR Nodes      0|Graph Size      0|Truffle Callees      0|Explore/inline ratio      NaN|Depth      3|Forced false|call diff    53.99
[engine] Cutoff             lambda k, x, l, r                                     |Frequency   511.87|Recursion Depth      0|IR Nodes      0|Graph Size      0|Truffle Callees      0|Explore/inline ratio      NaN|Depth      3|Forced false|call diff   511.87
[engine] Inlined            lambda sc, x, ds1                                     |Frequency  2488.04|Recursion Depth      1|IR Nodes   1431|Graph Size     -1|Truffle Callees      7|Explore/inline ratio      NaN|Depth      3|Forced false|call diff -2192.99
[engine] Cutoff               lambda sc, x, ds1                                   |Frequency  1218.77|Recursion Depth      2|IR Nodes      0|Graph Size      0|Truffle Callees      7|Explore/inline ratio      NaN|Depth      4|Forced false|call diff     0.00
[engine] Cutoff               lambda k, x, l, r                                   |Frequency    20.15|Recursion Depth      0|IR Nodes      0|Graph Size      0|Truffle Callees      0|Explore/inline ratio      NaN|Depth      4|Forced false|call diff    20.15
[engine] Cutoff               lambda k, x, l, r                                   |Frequency   191.06|Recursion Depth      0|IR Nodes      0|Graph Size      0|Truffle Callees      0|Explore/inline ratio      NaN|Depth      4|Forced false|call diff   191.06
[engine] Cutoff               lambda sc, x, ds1                                   |Frequency   928.69|Recursion Depth      2|IR Nodes      0|Graph Size      0|Truffle Callees      7|Explore/inline ratio      NaN|Depth      4|Forced false|call diff     0.00
[engine] Cutoff               lambda k, x, l, r                                   |Frequency     2.99|Recursion Depth      0|IR Nodes      0|Graph Size      0|Truffle Callees      1|Explore/inline ratio      NaN|Depth      4|Forced false|call diff     2.99
[engine] Cutoff               lambda k, x, l, r                                   |Frequency    80.60|Recursion Depth      0|IR Nodes      0|Graph Size      0|Truffle Callees      1|Explore/inline ratio      NaN|Depth      4|Forced false|call diff    80.60
[engine] Cutoff               lvl                                                 |Frequency     0.25|Recursion Depth      0|IR Nodes      0|Graph Size      0|Truffle Callees      0|Explore/inline ratio      NaN|Depth      4|Forced false|call diff     0.25
[engine] Cutoff             lambda k, x, l, r                                     |Frequency     8.00|Recursion Depth      0|IR Nodes      0|Graph Size      0|Truffle Callees      1|Explore/inline ratio      NaN|Depth      3|Forced false|call diff     8.00
[engine] Cutoff             lambda k, x, l, r                                     |Frequency   215.95|Recursion Depth      0|IR Nodes      0|Graph Size      0|Truffle Callees      1|Explore/inline ratio      NaN|Depth      3|Forced false|call diff   215.95
[engine] Cutoff             lvl                                                   |Frequency     0.67|Recursion Depth      0|IR Nodes      0|Graph Size      0|Truffle Callees      0|Explore/inline ratio      NaN|Depth      3|Forced false|call diff     0.67
[engine] Cutoff         lambda x, z                                               |Frequency     0.67|Recursion Depth      0|IR Nodes      0|Graph Size      0|Truffle Callees      1|Explore/inline ratio      NaN|Depth      1|Forced false|call diff     0.67
[engine] Inline done  lambda x, v                                                 |Frequency     1.00|Recursion Depth      0|IR Nodes  14768|Graph Size     -1|Truffle Callees      3|Explore/inline ratio     1.00|Depth      0|Forced false|call diff     0.00
[engine] opt done   engine=1  id=36    lambda x, v                                        |Tier 2|Time   620( 128+492 )ms|AST  139|Inlined  10Y  52N|IR   8585/ 21536|CodeSize  115432|Addr 0x00011b877f40|CompId 2630   |UTC 2026-09-22T18:42:13.720|Src n/a
[engine] Inline start lambda x, ww                                                |Frequency     1.00|Recursion Depth      0|IR Nodes   5707|Graph Size     -1|Truffle Callees      3|Explore/inline ratio     1.00|Depth      0|Forced false|call diff     0.00
[engine] Inlined        lambda x, ww                                              |Frequency     0.67|Recursion Depth      0|IR Nodes    256|Graph Size     -1|Truffle Callees      2|Explore/inline ratio      NaN|Depth      1|Forced false|call diff    -2.67
[engine] Inlined          lambda def, ww, ds1                                     |Frequency     0.67|Recursion Depth      0|IR Nodes    968|Graph Size     -1|Truffle Callees      3|Explore/inline ratio      NaN|Depth      2|Forced false|call diff    -0.67
[engine] Inlined            lvl                                                   |Frequency     0.00|Recursion Depth      0|IR Nodes     41|Graph Size     -1|Truffle Callees      0|Explore/inline ratio      NaN|Depth      3|Forced false|call diff    -0.00
[engine] Inlined            lvl                                                   |Frequency     0.00|Recursion Depth      0|IR Nodes     41|Graph Size     -1|Truffle Callees      0|Explore/inline ratio      NaN|Depth      3|Forced false|call diff    -0.00
[engine] Inlined          lambda y                                                |Frequency     0.67|Recursion Depth      0|IR Nodes    246|Graph Size     -1|Truffle Callees      1|Explore/inline ratio      NaN|Depth      2|Forced false|call diff    -1.33
[engine] Inlined            lambda y                                              |Frequency     0.67|Recursion Depth      0|IR Nodes    135|Graph Size     -1|Truffle Callees      0|Explore/inline ratio      NaN|Depth      3|Forced false|call diff    -0.67
[engine] Inlined        lambda def, ww, ds1                                       |Frequency  6666.33|Recursion Depth      0|IR Nodes    968|Graph Size     -1|Truffle Callees      3|Explore/inline ratio      NaN|Depth      1|Forced false|call diff -6680.47
[engine] Inlined          lvl                                                     |Frequency     7.07|Recursion Depth      0|IR Nodes     41|Graph Size     -1|Truffle Callees      0|Explore/inline ratio      NaN|Depth      2|Forced false|call diff    -7.07
[engine] Inlined          lvl                                                     |Frequency     7.07|Recursion Depth      0|IR Nodes     41|Graph Size     -1|Truffle Callees      0|Explore/inline ratio      NaN|Depth      2|Forced false|call diff    -7.07
[engine] Inlined        lambda x, ww                                              |Frequency     0.67|Recursion Depth      0|IR Nodes    256|Graph Size     -1|Truffle Callees      2|Explore/inline ratio      NaN|Depth      1|Forced false|call diff    -2.67
[engine] Inlined          lambda def, ww, ds1                                     |Frequency     0.67|Recursion Depth      0|IR Nodes    968|Graph Size     -1|Truffle Callees      3|Explore/inline ratio      NaN|Depth      2|Forced false|call diff    -0.67
[engine] Inlined            lvl                                                   |Frequency     0.00|Recursion Depth      0|IR Nodes     41|Graph Size     -1|Truffle Callees      0|Explore/inline ratio      NaN|Depth      3|Forced false|call diff    -0.00
[engine] Inlined            lvl                                                   |Frequency     0.00|Recursion Depth      0|IR Nodes     41|Graph Size     -1|Truffle Callees      0|Explore/inline ratio      NaN|Depth      3|Forced false|call diff    -0.00
[engine] Inlined          lambda y                                                |Frequency     0.67|Recursion Depth      0|IR Nodes    246|Graph Size     -1|Truffle Callees      1|Explore/inline ratio      NaN|Depth      2|Forced false|call diff    -1.33
[engine] Inlined            lambda y                                              |Frequency     0.67|Recursion Depth      0|IR Nodes    135|Graph Size     -1|Truffle Callees      0|Explore/inline ratio      NaN|Depth      3|Forced false|call diff    -0.67
[engine] Inlined        lambda def, ww, ds1                                       |Frequency  6666.33|Recursion Depth      0|IR Nodes    968|Graph Size     -1|Truffle Callees      3|Explore/inline ratio      NaN|Depth      1|Forced false|call diff -6680.47
[engine] Inlined          lvl                                                     |Frequency     7.07|Recursion Depth      0|IR Nodes     41|Graph Size     -1|Truffle Callees      0|Explore/inline ratio      NaN|Depth      2|Forced false|call diff    -7.07
[engine] Inlined          lvl                                                     |Frequency     7.07|Recursion Depth      0|IR Nodes     41|Graph Size     -1|Truffle Callees      0|Explore/inline ratio      NaN|Depth      2|Forced false|call diff    -7.07
[engine] Inline done  lambda x, ww                                                |Frequency     1.00|Recursion Depth      0|IR Nodes   5707|Graph Size     -1|Truffle Callees      3|Explore/inline ratio     1.00|Depth      0|Forced false|call diff     0.00
[engine] opt done   engine=1  id=26    lambda x, ww                                       |Tier 2|Time   129(  47+83  )ms|AST  266|Inlined  18Y   0N|IR   3950/  6234|CodeSize   29440|Addr 0x00011b895480|CompId 2652   |UTC 2026-09-22T18:42:13.870|Src n/a
[engine] Inline start argument thunk                                              |Frequency     1.00|Recursion Depth      0|IR Nodes   4284|Graph Size     -1|Truffle Callees      1|Explore/inline ratio     1.00|Depth      0|Forced false|call diff     0.00
[engine] Inlined        lambda ww, ds2                                            |Frequency     1.00|Recursion Depth      0|IR Nodes    584|Graph Size     -1|Truffle Callees      2|Explore/inline ratio      NaN|Depth      1|Forced false|call diff    -2.73
[engine] Inlined          lambda ww, ds2                                          |Frequency     0.44|Recursion Depth      1|IR Nodes    584|Graph Size     -1|Truffle Callees      2|Explore/inline ratio      NaN|Depth      2|Forced false|call diff    -0.84
[engine] Inlined            lambda ww, ds2                                        |Frequency     0.19|Recursion Depth      2|IR Nodes    584|Graph Size     -1|Truffle Callees      2|Explore/inline ratio      NaN|Depth      3|Forced false|call diff    -0.19
[engine] Cutoff               lambda ww, ds2                                      |Frequency     0.08|Recursion Depth      3|IR Nodes      0|Graph Size      0|Truffle Callees      2|Explore/inline ratio      NaN|Depth      4|Forced false|call diff     0.00
[engine] Cutoff               lambda ww, ds2                                      |Frequency     0.09|Recursion Depth      3|IR Nodes      0|Graph Size      0|Truffle Callees      2|Explore/inline ratio      NaN|Depth      4|Forced false|call diff     0.00
[engine] Inlined            lambda ww, ds2                                        |Frequency     0.21|Recursion Depth      2|IR Nodes    584|Graph Size     -1|Truffle Callees      2|Explore/inline ratio      NaN|Depth      3|Forced false|call diff    -0.21
[engine] Cutoff               lambda ww, ds2                                      |Frequency     0.09|Recursion Depth      3|IR Nodes      0|Graph Size      0|Truffle Callees      2|Explore/inline ratio      NaN|Depth      4|Forced false|call diff     0.00
[engine] Cutoff               lambda ww, ds2                                      |Frequency     0.10|Recursion Depth      3|IR Nodes      0|Graph Size      0|Truffle Callees      2|Explore/inline ratio      NaN|Depth      4|Forced false|call diff     0.00
[engine] Inlined          lambda ww, ds2                                          |Frequency     0.47|Recursion Depth      1|IR Nodes    584|Graph Size     -1|Truffle Callees      2|Explore/inline ratio      NaN|Depth      2|Forced false|call diff    -0.89
[engine] Inlined            lambda ww, ds2                                        |Frequency     0.21|Recursion Depth      2|IR Nodes    584|Graph Size     -1|Truffle Callees      2|Explore/inline ratio      NaN|Depth      3|Forced false|call diff    -0.21
[engine] Cutoff               lambda ww, ds2                                      |Frequency     0.09|Recursion Depth      3|IR Nodes      0|Graph Size      0|Truffle Callees      2|Explore/inline ratio      NaN|Depth      4|Forced false|call diff     0.00
[engine] Cutoff               lambda ww, ds2                                      |Frequency     0.10|Recursion Depth      3|IR Nodes      0|Graph Size      0|Truffle Callees      2|Explore/inline ratio      NaN|Depth      4|Forced false|call diff     0.00
[engine] Inlined            lambda ww, ds2                                        |Frequency     0.22|Recursion Depth      2|IR Nodes    584|Graph Size     -1|Truffle Callees      2|Explore/inline ratio      NaN|Depth      3|Forced false|call diff    -0.22
[engine] Cutoff               lambda ww, ds2                                      |Frequency     0.10|Recursion Depth      3|IR Nodes      0|Graph Size      0|Truffle Callees      2|Explore/inline ratio      NaN|Depth      4|Forced false|call diff     0.00
[engine] Cutoff               lambda ww, ds2                                      |Frequency     0.10|Recursion Depth      3|IR Nodes      0|Graph Size      0|Truffle Callees      2|Explore/inline ratio      NaN|Depth      4|Forced false|call diff     0.00
[engine] Inline done  argument thunk                                              |Frequency     1.00|Recursion Depth      0|IR Nodes   4284|Graph Size     -1|Truffle Callees      1|Explore/inline ratio     1.00|Depth      0|Forced false|call diff     0.00
[engine] opt done   engine=1  id=30    argument thunk                                     |Tier 2|Time   136(  33+102 )ms|AST  103|Inlined   7Y   8N|IR   2974/  7500|CodeSize   31056|Addr 0x00011b89d4c0|CompId 2653   |UTC 2026-09-22T18:42:14.026|Src n/a
[engine] Inline start lambda k, x, l, r                                           |Frequency     1.00|Recursion Depth      0|IR Nodes    788|Graph Size     -1|Truffle Callees      0|Explore/inline ratio     1.00|Depth      0|Forced false|call diff     0.00
[engine] Inline done  lambda k, x, l, r                                           |Frequency     1.00|Recursion Depth      0|IR Nodes    788|Graph Size     -1|Truffle Callees      0|Explore/inline ratio     1.00|Depth      0|Forced false|call diff     0.00
[engine] opt done   engine=1  id=10    lambda k, x, l, r                                  |Tier 2|Time    18(   8+10  )ms|AST 2557|Inlined   0Y   0N|IR    788/  1552|CodeSize    6312|Addr 0x00011b8a5640|CompId 2656   |UTC 2026-09-22T18:42:14.048|Src n/a
[engine] Inline start lambda x, v                                                 |Frequency     1.00|Recursion Depth      0|IR Nodes  13584|Graph Size     -1|Truffle Callees      4|Explore/inline ratio     1.04|Depth      0|Forced false|call diff     0.00
[engine] Inlined        argument thunk                                            |Frequency  2082.67|Recursion Depth      0|IR Nodes    162|Graph Size     -1|Truffle Callees      1|Explore/inline ratio      NaN|Depth      1|Forced false|call diff -7767.05
[engine] Inlined          lambda ww, ds2                                          |Frequency  2082.46|Recursion Depth      0|IR Nodes    584|Graph Size     -1|Truffle Callees      2|Explore/inline ratio      NaN|Depth      2|Forced false|call diff -5684.38
[engine] Inlined            lambda ww, ds2                                        |Frequency   915.24|Recursion Depth      1|IR Nodes    584|Graph Size     -1|Truffle Callees      2|Explore/inline ratio      NaN|Depth      3|Forced false|call diff -1745.36
[engine] Inlined              lambda ww, ds2                                      |Frequency   402.25|Recursion Depth      2|IR Nodes    584|Graph Size     -1|Truffle Callees      2|Explore/inline ratio      NaN|Depth      4|Forced false|call diff  -402.25
[engine] Cutoff                 lambda ww, ds2                                    |Frequency   176.79|Recursion Depth      3|IR Nodes      0|Graph Size      0|Truffle Callees      2|Explore/inline ratio      NaN|Depth      5|Forced false|call diff     0.00
[engine] Cutoff                 lambda ww, ds2                                    |Frequency   188.05|Recursion Depth      3|IR Nodes      0|Graph Size      0|Truffle Callees      2|Explore/inline ratio      NaN|Depth      5|Forced false|call diff     0.00
[engine] Inlined              lambda ww, ds2                                      |Frequency   427.87|Recursion Depth      2|IR Nodes    584|Graph Size     -1|Truffle Callees      2|Explore/inline ratio      NaN|Depth      4|Forced false|call diff  -427.87
[engine] Cutoff                 lambda ww, ds2                                    |Frequency   188.05|Recursion Depth      3|IR Nodes      0|Graph Size      0|Truffle Callees      2|Explore/inline ratio      NaN|Depth      5|Forced false|call diff     0.00
[engine] Cutoff                 lambda ww, ds2                                    |Frequency   200.03|Recursion Depth      3|IR Nodes      0|Graph Size      0|Truffle Callees      2|Explore/inline ratio      NaN|Depth      5|Forced false|call diff     0.00
[engine] Inlined            lambda ww, ds2                                        |Frequency   973.55|Recursion Depth      1|IR Nodes    584|Graph Size     -1|Truffle Callees      2|Explore/inline ratio      NaN|Depth      3|Forced false|call diff -1856.56
[engine] Inlined              lambda ww, ds2                                      |Frequency   427.87|Recursion Depth      2|IR Nodes    584|Graph Size     -1|Truffle Callees      2|Explore/inline ratio      NaN|Depth      4|Forced false|call diff  -427.87
[engine] Cutoff                 lambda ww, ds2                                    |Frequency   188.05|Recursion Depth      3|IR Nodes      0|Graph Size      0|Truffle Callees      2|Explore/inline ratio      NaN|Depth      5|Forced false|call diff     0.00
[engine] Cutoff                 lambda ww, ds2                                    |Frequency   200.03|Recursion Depth      3|IR Nodes      0|Graph Size      0|Truffle Callees      2|Explore/inline ratio      NaN|Depth      5|Forced false|call diff     0.00
[engine] Inlined              lambda ww, ds2                                      |Frequency   455.13|Recursion Depth      2|IR Nodes    584|Graph Size     -1|Truffle Callees      2|Explore/inline ratio      NaN|Depth      4|Forced false|call diff  -455.13
[engine] Cutoff                 lambda ww, ds2                                    |Frequency   200.03|Recursion Depth      3|IR Nodes      0|Graph Size      0|Truffle Callees      2|Explore/inline ratio      NaN|Depth      5|Forced false|call diff     0.00
[engine] Cutoff                 lambda ww, ds2                                    |Frequency   212.78|Recursion Depth      3|IR Nodes      0|Graph Size      0|Truffle Callees      2|Explore/inline ratio      NaN|Depth      5|Forced false|call diff     0.00
[engine] Inlined        argument thunk                                            |Frequency     0.83|Recursion Depth      0|IR Nodes    150|Graph Size     -1|Truffle Callees      1|Explore/inline ratio      NaN|Depth      1|Forced false|call diff    -1.57
[engine] Inlined          lambda sc, x, ds1                                       |Frequency     0.83|Recursion Depth      0|IR Nodes   1431|Graph Size     -1|Truffle Callees      7|Explore/inline ratio      NaN|Depth      2|Forced false|call diff    -0.73
[engine] Cutoff             lambda sc, x, ds1                                     |Frequency     0.41|Recursion Depth      1|IR Nodes      0|Graph Size      0|Truffle Callees      7|Explore/inline ratio      NaN|Depth      3|Forced false|call diff     0.00
[engine] Cutoff             lambda k, x, l, r                                     |Frequency     0.01|Recursion Depth      0|IR Nodes      0|Graph Size      0|Truffle Callees      0|Explore/inline ratio      NaN|Depth      3|Forced false|call diff     0.01
[engine] Cutoff             lambda k, x, l, r                                     |Frequency     0.06|Recursion Depth      0|IR Nodes      0|Graph Size      0|Truffle Callees      0|Explore/inline ratio      NaN|Depth      3|Forced false|call diff     0.06
[engine] Cutoff             lambda sc, x, ds1                                     |Frequency     0.31|Recursion Depth      1|IR Nodes      0|Graph Size      0|Truffle Callees      7|Explore/inline ratio      NaN|Depth      3|Forced false|call diff     0.00
[engine] Cutoff             lambda k, x, l, r                                     |Frequency     0.00|Recursion Depth      0|IR Nodes      0|Graph Size      0|Truffle Callees      1|Explore/inline ratio      NaN|Depth      3|Forced false|call diff     0.00
[engine] Cutoff             lambda k, x, l, r                                     |Frequency     0.03|Recursion Depth      0|IR Nodes      0|Graph Size      0|Truffle Callees      1|Explore/inline ratio      NaN|Depth      3|Forced false|call diff     0.03
[engine] Cutoff             lvl                                                   |Frequency     0.00|Recursion Depth      0|IR Nodes      0|Graph Size      0|Truffle Callees      0|Explore/inline ratio      NaN|Depth      3|Forced false|call diff     0.00
[engine] Inlined        lambda x, z                                               |Frequency     0.83|Recursion Depth      0|IR Nodes    173|Graph Size     -1|Truffle Callees      1|Explore/inline ratio      NaN|Depth      1|Forced false|call diff     0.00
[engine] Expanded         lambda adjusted                                         |Frequency     0.83|Recursion Depth      0|IR Nodes    253|Graph Size     -1|Truffle Callees      2|Explore/inline ratio      NaN|Depth      2|Forced false|call diff     0.83
[engine] Cutoff             lambda ww, ds                                         |Frequency     0.83|Recursion Depth      0|IR Nodes      0|Graph Size      0|Truffle Callees      3|Explore/inline ratio      NaN|Depth      3|Forced false|call diff     0.83
[engine] Cutoff             lambda x, ww                                          |Frequency     0.83|Recursion Depth      0|IR Nodes      0|Graph Size      0|Truffle Callees      3|Explore/inline ratio      NaN|Depth      3|Forced false|call diff     0.83
[engine] Inlined        argument thunk                                            |Frequency  2082.67|Recursion Depth      0|IR Nodes    162|Graph Size     -1|Truffle Callees      1|Explore/inline ratio      NaN|Depth      1|Forced false|call diff -7767.05
[engine] Inlined          lambda ww, ds2                                          |Frequency  2082.46|Recursion Depth      0|IR Nodes    584|Graph Size     -1|Truffle Callees      2|Explore/inline ratio      NaN|Depth      2|Forced false|call diff -5684.38
[engine] Inlined            lambda ww, ds2                                        |Frequency   915.24|Recursion Depth      1|IR Nodes    584|Graph Size     -1|Truffle Callees      2|Explore/inline ratio      NaN|Depth      3|Forced false|call diff -1745.36
[engine] Inlined              lambda ww, ds2                                      |Frequency   402.25|Recursion Depth      2|IR Nodes    584|Graph Size     -1|Truffle Callees      2|Explore/inline ratio      NaN|Depth      4|Forced false|call diff  -402.25
[engine] Cutoff                 lambda ww, ds2                                    |Frequency   176.79|Recursion Depth      3|IR Nodes      0|Graph Size      0|Truffle Callees      2|Explore/inline ratio      NaN|Depth      5|Forced false|call diff     0.00
[engine] Cutoff                 lambda ww, ds2                                    |Frequency   188.05|Recursion Depth      3|IR Nodes      0|Graph Size      0|Truffle Callees      2|Explore/inline ratio      NaN|Depth      5|Forced false|call diff     0.00
[engine] Inlined              lambda ww, ds2                                      |Frequency   427.87|Recursion Depth      2|IR Nodes    584|Graph Size     -1|Truffle Callees      2|Explore/inline ratio      NaN|Depth      4|Forced false|call diff  -427.87
[engine] Cutoff                 lambda ww, ds2                                    |Frequency   188.05|Recursion Depth      3|IR Nodes      0|Graph Size      0|Truffle Callees      2|Explore/inline ratio      NaN|Depth      5|Forced false|call diff     0.00
[engine] Cutoff                 lambda ww, ds2                                    |Frequency   200.03|Recursion Depth      3|IR Nodes      0|Graph Size      0|Truffle Callees      2|Explore/inline ratio      NaN|Depth      5|Forced false|call diff     0.00
[engine] Inlined            lambda ww, ds2                                        |Frequency   973.55|Recursion Depth      1|IR Nodes    584|Graph Size     -1|Truffle Callees      2|Explore/inline ratio      NaN|Depth      3|Forced false|call diff -1856.56
[engine] Inlined              lambda ww, ds2                                      |Frequency   427.87|Recursion Depth      2|IR Nodes    584|Graph Size     -1|Truffle Callees      2|Explore/inline ratio      NaN|Depth      4|Forced false|call diff  -427.87
[engine] Cutoff                 lambda ww, ds2                                    |Frequency   188.05|Recursion Depth      3|IR Nodes      0|Graph Size      0|Truffle Callees      2|Explore/inline ratio      NaN|Depth      5|Forced false|call diff     0.00
[engine] Cutoff                 lambda ww, ds2                                    |Frequency   200.03|Recursion Depth      3|IR Nodes      0|Graph Size      0|Truffle Callees      2|Explore/inline ratio      NaN|Depth      5|Forced false|call diff     0.00
[engine] Inlined              lambda ww, ds2                                      |Frequency   455.13|Recursion Depth      2|IR Nodes    584|Graph Size     -1|Truffle Callees      2|Explore/inline ratio      NaN|Depth      4|Forced false|call diff  -455.13
[engine] Cutoff                 lambda ww, ds2                                    |Frequency   200.03|Recursion Depth      3|IR Nodes      0|Graph Size      0|Truffle Callees      2|Explore/inline ratio      NaN|Depth      5|Forced false|call diff     0.00
[engine] Cutoff                 lambda ww, ds2                                    |Frequency   212.78|Recursion Depth      3|IR Nodes      0|Graph Size      0|Truffle Callees      2|Explore/inline ratio      NaN|Depth      5|Forced false|call diff     0.00
[engine] Inlined        argument thunk                                            |Frequency     0.83|Recursion Depth      0|IR Nodes    150|Graph Size     -1|Truffle Callees      1|Explore/inline ratio      NaN|Depth      1|Forced false|call diff    -1.57
[engine] Inlined          lambda sc, x, ds1                                       |Frequency     0.83|Recursion Depth      0|IR Nodes   1431|Graph Size     -1|Truffle Callees      7|Explore/inline ratio      NaN|Depth      2|Forced false|call diff    -0.73
[engine] Cutoff             lambda sc, x, ds1                                     |Frequency     0.41|Recursion Depth      1|IR Nodes      0|Graph Size      0|Truffle Callees      7|Explore/inline ratio      NaN|Depth      3|Forced false|call diff     0.00
[engine] Cutoff             lambda k, x, l, r                                     |Frequency     0.01|Recursion Depth      0|IR Nodes      0|Graph Size      0|Truffle Callees      0|Explore/inline ratio      NaN|Depth      3|Forced false|call diff     0.01
[engine] Cutoff             lambda k, x, l, r                                     |Frequency     0.06|Recursion Depth      0|IR Nodes      0|Graph Size      0|Truffle Callees      0|Explore/inline ratio      NaN|Depth      3|Forced false|call diff     0.06
[engine] Cutoff             lambda sc, x, ds1                                     |Frequency     0.31|Recursion Depth      1|IR Nodes      0|Graph Size      0|Truffle Callees      7|Explore/inline ratio      NaN|Depth      3|Forced false|call diff     0.00
[engine] Cutoff             lambda k, x, l, r                                     |Frequency     0.00|Recursion Depth      0|IR Nodes      0|Graph Size      0|Truffle Callees      1|Explore/inline ratio      NaN|Depth      3|Forced false|call diff     0.00
[engine] Cutoff             lambda k, x, l, r                                     |Frequency     0.03|Recursion Depth      0|IR Nodes      0|Graph Size      0|Truffle Callees      1|Explore/inline ratio      NaN|Depth      3|Forced false|call diff     0.03
[engine] Cutoff             lvl                                                   |Frequency     0.00|Recursion Depth      0|IR Nodes      0|Graph Size      0|Truffle Callees      0|Explore/inline ratio      NaN|Depth      3|Forced false|call diff     0.00
[engine] Inlined        lambda x, z                                               |Frequency     0.83|Recursion Depth      0|IR Nodes    173|Graph Size     -1|Truffle Callees      1|Explore/inline ratio      NaN|Depth      1|Forced false|call diff     0.00
[engine] Cutoff           lambda adjusted                                         |Frequency     0.83|Recursion Depth      0|IR Nodes      0|Graph Size      0|Truffle Callees      2|Explore/inline ratio      NaN|Depth      2|Forced false|call diff     0.83
[engine] Inline done  lambda x, v                                                 |Frequency     1.00|Recursion Depth      0|IR Nodes  13584|Graph Size     -1|Truffle Callees      4|Explore/inline ratio     1.04|Depth      0|Forced false|call diff     0.00
[engine] opt done   engine=1  id=31    lambda x, v                                        |Tier 2|Time   569( 112+457 )ms|AST  141|Inlined  22Y  32N|IR   8744/ 21119|CodeSize   95356|Addr 0x00011b8a78c0|CompId 2658   |UTC 2026-09-22T18:42:14.621|Src n/a
[engine] Inline start argument thunk                                              |Frequency     1.00|Recursion Depth      0|IR Nodes  13891|Graph Size     -1|Truffle Callees      1|Explore/inline ratio     1.00|Depth      0|Forced false|call diff     0.00
[engine] Inlined        lambda sc, x, ds1                                         |Frequency     1.00|Recursion Depth      0|IR Nodes   1431|Graph Size     -1|Truffle Callees      7|Explore/inline ratio      NaN|Depth      1|Forced false|call diff    -2.53
[engine] Inlined          lambda sc, x, ds1                                       |Frequency     0.49|Recursion Depth      1|IR Nodes   1431|Graph Size     -1|Truffle Callees      7|Explore/inline ratio      NaN|Depth      2|Forced false|call diff    -0.88
[engine] Inlined            lambda sc, x, ds1                                     |Frequency     0.24|Recursion Depth      2|IR Nodes   1431|Graph Size     -1|Truffle Callees      7|Explore/inline ratio      NaN|Depth      3|Forced false|call diff    -0.21
[engine] Cutoff               lambda sc, x, ds1                                   |Frequency     0.12|Recursion Depth      3|IR Nodes      0|Graph Size      0|Truffle Callees      7|Explore/inline ratio      NaN|Depth      4|Forced false|call diff     0.00
[engine] Cutoff               lambda k, x, l, r                                   |Frequency     0.00|Recursion Depth      0|IR Nodes      0|Graph Size      0|Truffle Callees      0|Explore/inline ratio      NaN|Depth      4|Forced false|call diff     0.00
[engine] Cutoff               lambda k, x, l, r                                   |Frequency     0.02|Recursion Depth      0|IR Nodes      0|Graph Size      0|Truffle Callees      0|Explore/inline ratio      NaN|Depth      4|Forced false|call diff     0.02
[engine] Cutoff               lambda sc, x, ds1                                   |Frequency     0.09|Recursion Depth      3|IR Nodes      0|Graph Size      0|Truffle Callees      7|Explore/inline ratio      NaN|Depth      4|Forced false|call diff     0.00
[engine] Cutoff               lambda k, x, l, r                                   |Frequency     0.00|Recursion Depth      0|IR Nodes      0|Graph Size      0|Truffle Callees      1|Explore/inline ratio      NaN|Depth      4|Forced false|call diff     0.00
[engine] Cutoff               lambda k, x, l, r                                   |Frequency     0.01|Recursion Depth      0|IR Nodes      0|Graph Size      0|Truffle Callees      1|Explore/inline ratio      NaN|Depth      4|Forced false|call diff     0.01
[engine] Cutoff               lvl                                                 |Frequency     0.00|Recursion Depth      0|IR Nodes      0|Graph Size      0|Truffle Callees      0|Explore/inline ratio      NaN|Depth      4|Forced false|call diff     0.00
[engine] Cutoff             lambda k, x, l, r                                     |Frequency     0.00|Recursion Depth      0|IR Nodes      0|Graph Size      0|Truffle Callees      0|Explore/inline ratio      NaN|Depth      3|Forced false|call diff     0.00
[engine] Inlined            lambda k, x, l, r                                     |Frequency     0.04|Recursion Depth      0|IR Nodes   1112|Graph Size     -1|Truffle Callees      0|Explore/inline ratio      NaN|Depth      3|Forced false|call diff    -0.04
[engine] Inlined            lambda sc, x, ds1                                     |Frequency     0.18|Recursion Depth      2|IR Nodes   1431|Graph Size     -1|Truffle Callees      7|Explore/inline ratio      NaN|Depth      3|Forced false|call diff    -0.16
[engine] Cutoff               lambda sc, x, ds1                                   |Frequency     0.09|Recursion Depth      3|IR Nodes      0|Graph Size      0|Truffle Callees      7|Explore/inline ratio      NaN|Depth      4|Forced false|call diff     0.00
[engine] Cutoff               lambda k, x, l, r                                   |Frequency     0.00|Recursion Depth      0|IR Nodes      0|Graph Size      0|Truffle Callees      0|Explore/inline ratio      NaN|Depth      4|Forced false|call diff     0.00
[engine] Cutoff               lambda k, x, l, r                                   |Frequency     0.01|Recursion Depth      0|IR Nodes      0|Graph Size      0|Truffle Callees      0|Explore/inline ratio      NaN|Depth      4|Forced false|call diff     0.01
[engine] Cutoff               lambda sc, x, ds1                                   |Frequency     0.07|Recursion Depth      3|IR Nodes      0|Graph Size      0|Truffle Callees      7|Explore/inline ratio      NaN|Depth      4|Forced false|call diff     0.00
[engine] Cutoff               lambda k, x, l, r                                   |Frequency     0.00|Recursion Depth      0|IR Nodes      0|Graph Size      0|Truffle Callees      1|Explore/inline ratio      NaN|Depth      4|Forced false|call diff     0.00
[engine] Cutoff               lambda k, x, l, r                                   |Frequency     0.01|Recursion Depth      0|IR Nodes      0|Graph Size      0|Truffle Callees      1|Explore/inline ratio      NaN|Depth      4|Forced false|call diff     0.01
[engine] Cutoff               lvl                                                 |Frequency     0.00|Recursion Depth      0|IR Nodes      0|Graph Size      0|Truffle Callees      0|Explore/inline ratio      NaN|Depth      4|Forced false|call diff     0.00
[engine] Cutoff             lambda k, x, l, r                                     |Frequency     0.00|Recursion Depth      0|IR Nodes      0|Graph Size      0|Truffle Callees      1|Explore/inline ratio      NaN|Depth      3|Forced false|call diff     0.00
[engine] Cutoff             lambda k, x, l, r                                     |Frequency     0.02|Recursion Depth      0|IR Nodes      0|Graph Size      0|Truffle Callees      1|Explore/inline ratio      NaN|Depth      3|Forced false|call diff     0.02
[engine] Cutoff             lvl                                                   |Frequency     0.00|Recursion Depth      0|IR Nodes      0|Graph Size      0|Truffle Callees      0|Explore/inline ratio      NaN|Depth      3|Forced false|call diff     0.00
[engine] Cutoff           lambda k, x, l, r                                       |Frequency     0.01|Recursion Depth      0|IR Nodes      0|Graph Size      0|Truffle Callees      0|Explore/inline ratio      NaN|Depth      2|Forced false|call diff     0.01
[engine] Inlined          lambda k, x, l, r                                       |Frequency     0.08|Recursion Depth      0|IR Nodes   1112|Graph Size     -1|Truffle Callees      0|Explore/inline ratio      NaN|Depth      2|Forced false|call diff    -0.08
[engine] Inlined          lambda sc, x, ds1                                       |Frequency     0.37|Recursion Depth      1|IR Nodes   1431|Graph Size     -1|Truffle Callees      7|Explore/inline ratio      NaN|Depth      2|Forced false|call diff    -0.61
[engine] Inlined            lambda sc, x, ds1                                     |Frequency     0.18|Recursion Depth      2|IR Nodes   1431|Graph Size     -1|Truffle Callees      7|Explore/inline ratio      NaN|Depth      3|Forced false|call diff    -0.16
[engine] Cutoff               lambda sc, x, ds1                                   |Frequency     0.09|Recursion Depth      3|IR Nodes      0|Graph Size      0|Truffle Callees      7|Explore/inline ratio      NaN|Depth      4|Forced false|call diff     0.00
[engine] Cutoff               lambda k, x, l, r                                   |Frequency     0.00|Recursion Depth      0|IR Nodes      0|Graph Size      0|Truffle Callees      0|Explore/inline ratio      NaN|Depth      4|Forced false|call diff     0.00
[engine] Cutoff               lambda k, x, l, r                                   |Frequency     0.01|Recursion Depth      0|IR Nodes      0|Graph Size      0|Truffle Callees      0|Explore/inline ratio      NaN|Depth      4|Forced false|call diff     0.01
[engine] Cutoff               lambda sc, x, ds1                                   |Frequency     0.07|Recursion Depth      3|IR Nodes      0|Graph Size      0|Truffle Callees      7|Explore/inline ratio      NaN|Depth      4|Forced false|call diff     0.00
[engine] Cutoff               lambda k, x, l, r                                   |Frequency     0.00|Recursion Depth      0|IR Nodes      0|Graph Size      0|Truffle Callees      1|Explore/inline ratio      NaN|Depth      4|Forced false|call diff     0.00
[engine] Cutoff               lambda k, x, l, r                                   |Frequency     0.01|Recursion Depth      0|IR Nodes      0|Graph Size      0|Truffle Callees      1|Explore/inline ratio      NaN|Depth      4|Forced false|call diff     0.01
[engine] Cutoff               lvl                                                 |Frequency     0.00|Recursion Depth      0|IR Nodes      0|Graph Size      0|Truffle Callees      0|Explore/inline ratio      NaN|Depth      4|Forced false|call diff     0.00
[engine] Cutoff             lambda k, x, l, r                                     |Frequency     0.00|Recursion Depth      0|IR Nodes      0|Graph Size      0|Truffle Callees      0|Explore/inline ratio      NaN|Depth      3|Forced false|call diff     0.00
[engine] Cutoff             lambda k, x, l, r                                     |Frequency     0.03|Recursion Depth      0|IR Nodes      0|Graph Size      0|Truffle Callees      0|Explore/inline ratio      NaN|Depth      3|Forced false|call diff     0.03
[engine] Inlined            lambda sc, x, ds1                                     |Frequency     0.14|Recursion Depth      2|IR Nodes   1431|Graph Size     -1|Truffle Callees      7|Explore/inline ratio      NaN|Depth      3|Forced false|call diff    -0.12
[engine] Cutoff               lambda sc, x, ds1                                   |Frequency     0.07|Recursion Depth      3|IR Nodes      0|Graph Size      0|Truffle Callees      7|Explore/inline ratio      NaN|Depth      4|Forced false|call diff     0.00
[engine] Cutoff               lambda k, x, l, r                                   |Frequency     0.00|Recursion Depth      0|IR Nodes      0|Graph Size      0|Truffle Callees      0|Explore/inline ratio      NaN|Depth      4|Forced false|call diff     0.00
[engine] Cutoff               lambda k, x, l, r                                   |Frequency     0.01|Recursion Depth      0|IR Nodes      0|Graph Size      0|Truffle Callees      0|Explore/inline ratio      NaN|Depth      4|Forced false|call diff     0.01
[engine] Cutoff               lambda sc, x, ds1                                   |Frequency     0.05|Recursion Depth      3|IR Nodes      0|Graph Size      0|Truffle Callees      7|Explore/inline ratio      NaN|Depth      4|Forced false|call diff     0.00
[engine] Cutoff               lambda k, x, l, r                                   |Frequency     0.00|Recursion Depth      0|IR Nodes      0|Graph Size      0|Truffle Callees      1|Explore/inline ratio      NaN|Depth      4|Forced false|call diff     0.00
[engine] Cutoff               lambda k, x, l, r                                   |Frequency     0.00|Recursion Depth      0|IR Nodes      0|Graph Size      0|Truffle Callees      1|Explore/inline ratio      NaN|Depth      4|Forced false|call diff     0.00
[engine] Cutoff               lvl                                                 |Frequency     0.00|Recursion Depth      0|IR Nodes      0|Graph Size      0|Truffle Callees      0|Explore/inline ratio      NaN|Depth      4|Forced false|call diff     0.00
[engine] Cutoff             lambda k, x, l, r                                     |Frequency     0.00|Recursion Depth      0|IR Nodes      0|Graph Size      0|Truffle Callees      1|Explore/inline ratio      NaN|Depth      3|Forced false|call diff     0.00
[engine] Cutoff             lambda k, x, l, r                                     |Frequency     0.01|Recursion Depth      0|IR Nodes      0|Graph Size      0|Truffle Callees      1|Explore/inline ratio      NaN|Depth      3|Forced false|call diff     0.01
[engine] Cutoff             lvl                                                   |Frequency     0.00|Recursion Depth      0|IR Nodes      0|Graph Size      0|Truffle Callees      0|Explore/inline ratio      NaN|Depth      3|Forced false|call diff     0.00
[engine] Cutoff           lambda k, x, l, r                                       |Frequency     0.00|Recursion Depth      0|IR Nodes      0|Graph Size      0|Truffle Callees      1|Explore/inline ratio      NaN|Depth      2|Forced false|call diff     0.00
[engine] Cutoff           lambda k, x, l, r                                       |Frequency     0.03|Recursion Depth      0|IR Nodes      0|Graph Size      0|Truffle Callees      1|Explore/inline ratio      NaN|Depth      2|Forced false|call diff     0.03
[engine] Cutoff           lvl                                                     |Frequency     0.00|Recursion Depth      0|IR Nodes      0|Graph Size      0|Truffle Callees      0|Explore/inline ratio      NaN|Depth      2|Forced false|call diff     0.00
[engine] Inline done  argument thunk                                              |Frequency     1.00|Recursion Depth      0|IR Nodes  13891|Graph Size     -1|Truffle Callees      1|Explore/inline ratio     1.00|Depth      0|Forced false|call diff     0.00
[engine] opt done   engine=1  id=20    argument thunk                                     |Tier 2|Time   490( 123+366 )ms|AST   44|Inlined   9Y  41N|IR   8072/ 19305|CodeSize  104016|Addr 0x00011b8c0740|CompId 2683   |UTC 2026-09-22T18:42:15.137|Src n/a
[engine] Inline start lambda k, x, l, r                                           |Frequency     1.00|Recursion Depth      0|IR Nodes  13298|Graph Size     -1|Truffle Callees      1|Explore/inline ratio     1.11|Depth      0|Forced false|call diff     0.00
[engine] Inlined        argument thunk                                            |Frequency     0.98|Recursion Depth      0|IR Nodes    161|Graph Size     -1|Truffle Callees      1|Explore/inline ratio      NaN|Depth      1|Forced false|call diff    -3.46
[engine] Inlined          lambda sc, x, ds1                                       |Frequency     0.98|Recursion Depth      0|IR Nodes   1431|Graph Size     -1|Truffle Callees      7|Explore/inline ratio      NaN|Depth      2|Forced false|call diff    -2.49
[engine] Inlined            lambda sc, x, ds1                                     |Frequency     0.48|Recursion Depth      1|IR Nodes   1431|Graph Size     -1|Truffle Callees      7|Explore/inline ratio      NaN|Depth      3|Forced false|call diff    -0.82
[engine] Inlined              lambda sc, x, ds1                                   |Frequency     0.23|Recursion Depth      2|IR Nodes   1431|Graph Size     -1|Truffle Callees      7|Explore/inline ratio      NaN|Depth      4|Forced false|call diff    -0.21
[engine] Cutoff                 lambda sc, x, ds1                                 |Frequency     0.12|Recursion Depth      3|IR Nodes      0|Graph Size      0|Truffle Callees      7|Explore/inline ratio      NaN|Depth      5|Forced false|call diff     0.00
[engine] Cutoff                 lambda k, x, l, r                                 |Frequency     0.00|Recursion Depth      0|IR Nodes      0|Graph Size      0|Truffle Callees      0|Explore/inline ratio      NaN|Depth      5|Forced false|call diff     0.00
[engine] Cutoff                 lambda k, x, l, r                                 |Frequency     0.02|Recursion Depth      0|IR Nodes      0|Graph Size      0|Truffle Callees      0|Explore/inline ratio      NaN|Depth      5|Forced false|call diff     0.02
[engine] Cutoff                 lambda sc, x, ds1                                 |Frequency     0.09|Recursion Depth      3|IR Nodes      0|Graph Size      0|Truffle Callees      7|Explore/inline ratio      NaN|Depth      5|Forced false|call diff     0.00
[engine] Cutoff                 lambda k, x, l, r                                 |Frequency     0.00|Recursion Depth      1|IR Nodes      0|Graph Size      0|Truffle Callees      1|Explore/inline ratio      NaN|Depth      5|Forced false|call diff     0.00
[engine] Cutoff                 lambda k, x, l, r                                 |Frequency     0.01|Recursion Depth      1|IR Nodes      0|Graph Size      0|Truffle Callees      1|Explore/inline ratio      NaN|Depth      5|Forced false|call diff     0.00
[engine] Cutoff                 lvl                                               |Frequency     0.00|Recursion Depth      0|IR Nodes      0|Graph Size      0|Truffle Callees      0|Explore/inline ratio      NaN|Depth      5|Forced false|call diff     0.00
[engine] Cutoff               lambda k, x, l, r                                   |Frequency     0.00|Recursion Depth      0|IR Nodes      0|Graph Size      0|Truffle Callees      0|Explore/inline ratio      NaN|Depth      4|Forced false|call diff     0.00
[engine] Cutoff               lambda k, x, l, r                                   |Frequency     0.04|Recursion Depth      0|IR Nodes      0|Graph Size      0|Truffle Callees      0|Explore/inline ratio      NaN|Depth      4|Forced false|call diff     0.04
[engine] Inlined              lambda sc, x, ds1                                   |Frequency     0.18|Recursion Depth      2|IR Nodes   1431|Graph Size     -1|Truffle Callees      7|Explore/inline ratio      NaN|Depth      4|Forced false|call diff    -0.16
[engine] Cutoff                 lambda sc, x, ds1                                 |Frequency     0.09|Recursion Depth      3|IR Nodes      0|Graph Size      0|Truffle Callees      7|Explore/inline ratio      NaN|Depth      5|Forced false|call diff     0.00
[engine] Cutoff                 lambda k, x, l, r                                 |Frequency     0.00|Recursion Depth      0|IR Nodes      0|Graph Size      0|Truffle Callees      0|Explore/inline ratio      NaN|Depth      5|Forced false|call diff     0.00
[engine] Cutoff                 lambda k, x, l, r                                 |Frequency     0.01|Recursion Depth      0|IR Nodes      0|Graph Size      0|Truffle Callees      0|Explore/inline ratio      NaN|Depth      5|Forced false|call diff     0.01
[engine] Cutoff                 lambda sc, x, ds1                                 |Frequency     0.07|Recursion Depth      3|IR Nodes      0|Graph Size      0|Truffle Callees      7|Explore/inline ratio      NaN|Depth      5|Forced false|call diff     0.00
[engine] Cutoff                 lambda k, x, l, r                                 |Frequency     0.00|Recursion Depth      1|IR Nodes      0|Graph Size      0|Truffle Callees      1|Explore/inline ratio      NaN|Depth      5|Forced false|call diff     0.00
[engine] Cutoff                 lambda k, x, l, r                                 |Frequency     0.01|Recursion Depth      1|IR Nodes      0|Graph Size      0|Truffle Callees      1|Explore/inline ratio      NaN|Depth      5|Forced false|call diff     0.00
[engine] Cutoff                 lvl                                               |Frequency     0.00|Recursion Depth      0|IR Nodes      0|Graph Size      0|Truffle Callees      0|Explore/inline ratio      NaN|Depth      5|Forced false|call diff     0.00
[engine] Cutoff               lambda k, x, l, r                                   |Frequency     0.00|Recursion Depth      1|IR Nodes      0|Graph Size      0|Truffle Callees      1|Explore/inline ratio      NaN|Depth      4|Forced false|call diff     0.00
[engine] Cutoff               lambda k, x, l, r                                   |Frequency     0.02|Recursion Depth      1|IR Nodes      0|Graph Size      0|Truffle Callees      1|Explore/inline ratio      NaN|Depth      4|Forced false|call diff     0.00
[engine] Cutoff               lvl                                                 |Frequency     0.00|Recursion Depth      0|IR Nodes      0|Graph Size      0|Truffle Callees      0|Explore/inline ratio      NaN|Depth      4|Forced false|call diff     0.00
[engine] Cutoff             lambda k, x, l, r                                     |Frequency     0.01|Recursion Depth      0|IR Nodes      0|Graph Size      0|Truffle Callees      0|Explore/inline ratio      NaN|Depth      3|Forced false|call diff     0.01
[engine] Expanded           lambda k, x, l, r                                     |Frequency     0.08|Recursion Depth      0|IR Nodes   1112|Graph Size     -1|Truffle Callees      0|Explore/inline ratio      NaN|Depth      3|Forced false|call diff    -0.08
[engine] Inlined            lambda sc, x, ds1                                     |Frequency     0.37|Recursion Depth      1|IR Nodes   1431|Graph Size     -1|Truffle Callees      7|Explore/inline ratio      NaN|Depth      3|Forced false|call diff    -0.62
[engine] Inlined              lambda sc, x, ds1                                   |Frequency     0.18|Recursion Depth      2|IR Nodes   1431|Graph Size     -1|Truffle Callees      7|Explore/inline ratio      NaN|Depth      4|Forced false|call diff    -0.16
[engine] Cutoff                 lambda sc, x, ds1                                 |Frequency     0.09|Recursion Depth      3|IR Nodes      0|Graph Size      0|Truffle Callees      7|Explore/inline ratio      NaN|Depth      5|Forced false|call diff     0.00
[engine] Cutoff                 lambda k, x, l, r                                 |Frequency     0.00|Recursion Depth      0|IR Nodes      0|Graph Size      0|Truffle Callees      0|Explore/inline ratio      NaN|Depth      5|Forced false|call diff     0.00
[engine] Cutoff                 lambda k, x, l, r                                 |Frequency     0.01|Recursion Depth      0|IR Nodes      0|Graph Size      0|Truffle Callees      0|Explore/inline ratio      NaN|Depth      5|Forced false|call diff     0.01
[engine] Cutoff                 lambda sc, x, ds1                                 |Frequency     0.07|Recursion Depth      3|IR Nodes      0|Graph Size      0|Truffle Callees      7|Explore/inline ratio      NaN|Depth      5|Forced false|call diff     0.00
[engine] Cutoff                 lambda k, x, l, r                                 |Frequency     0.00|Recursion Depth      1|IR Nodes      0|Graph Size      0|Truffle Callees      1|Explore/inline ratio      NaN|Depth      5|Forced false|call diff     0.00
[engine] Cutoff                 lambda k, x, l, r                                 |Frequency     0.01|Recursion Depth      1|IR Nodes      0|Graph Size      0|Truffle Callees      1|Explore/inline ratio      NaN|Depth      5|Forced false|call diff     0.00
[engine] Cutoff                 lvl                                               |Frequency     0.00|Recursion Depth      0|IR Nodes      0|Graph Size      0|Truffle Callees      0|Explore/inline ratio      NaN|Depth      5|Forced false|call diff     0.00
[engine] Cutoff               lambda k, x, l, r                                   |Frequency     0.00|Recursion Depth      0|IR Nodes      0|Graph Size      0|Truffle Callees      0|Explore/inline ratio      NaN|Depth      4|Forced false|call diff     0.00
[engine] Cutoff               lambda k, x, l, r                                   |Frequency     0.03|Recursion Depth      0|IR Nodes      0|Graph Size      0|Truffle Callees      0|Explore/inline ratio      NaN|Depth      4|Forced false|call diff     0.03
[engine] Inlined              lambda sc, x, ds1                                   |Frequency     0.14|Recursion Depth      2|IR Nodes   1431|Graph Size     -1|Truffle Callees      7|Explore/inline ratio      NaN|Depth      4|Forced false|call diff    -0.12
[engine] Cutoff                 lambda sc, x, ds1                                 |Frequency     0.07|Recursion Depth      3|IR Nodes      0|Graph Size      0|Truffle Callees      7|Explore/inline ratio      NaN|Depth      5|Forced false|call diff     0.00
[engine] Cutoff                 lambda k, x, l, r                                 |Frequency     0.00|Recursion Depth      0|IR Nodes      0|Graph Size      0|Truffle Callees      0|Explore/inline ratio      NaN|Depth      5|Forced false|call diff     0.00
[engine] Cutoff                 lambda k, x, l, r                                 |Frequency     0.01|Recursion Depth      0|IR Nodes      0|Graph Size      0|Truffle Callees      0|Explore/inline ratio      NaN|Depth      5|Forced false|call diff     0.01
[engine] Cutoff                 lambda sc, x, ds1                                 |Frequency     0.05|Recursion Depth      3|IR Nodes      0|Graph Size      0|Truffle Callees      7|Explore/inline ratio      NaN|Depth      5|Forced false|call diff     0.00
[engine] Cutoff                 lambda k, x, l, r                                 |Frequency     0.00|Recursion Depth      1|IR Nodes      0|Graph Size      0|Truffle Callees      1|Explore/inline ratio      NaN|Depth      5|Forced false|call diff     0.00
[engine] Cutoff                 lambda k, x, l, r                                 |Frequency     0.00|Recursion Depth      1|IR Nodes      0|Graph Size      0|Truffle Callees      1|Explore/inline ratio      NaN|Depth      5|Forced false|call diff     0.00
[engine] Cutoff                 lvl                                               |Frequency     0.00|Recursion Depth      0|IR Nodes      0|Graph Size      0|Truffle Callees      0|Explore/inline ratio      NaN|Depth      5|Forced false|call diff     0.00
[engine] Cutoff               lambda k, x, l, r                                   |Frequency     0.00|Recursion Depth      1|IR Nodes      0|Graph Size      0|Truffle Callees      1|Explore/inline ratio      NaN|Depth      4|Forced false|call diff     0.00
[engine] Cutoff               lambda k, x, l, r                                   |Frequency     0.01|Recursion Depth      1|IR Nodes      0|Graph Size      0|Truffle Callees      1|Explore/inline ratio      NaN|Depth      4|Forced false|call diff     0.00
[engine] Cutoff               lvl                                                 |Frequency     0.00|Recursion Depth      0|IR Nodes      0|Graph Size      0|Truffle Callees      0|Explore/inline ratio      NaN|Depth      4|Forced false|call diff     0.00
[engine] Cutoff             lambda k, x, l, r                                     |Frequency     0.00|Recursion Depth      1|IR Nodes      0|Graph Size      0|Truffle Callees      1|Explore/inline ratio      NaN|Depth      3|Forced false|call diff     0.00
[engine] Cutoff             lambda k, x, l, r                                     |Frequency     0.03|Recursion Depth      1|IR Nodes      0|Graph Size      0|Truffle Callees      1|Explore/inline ratio      NaN|Depth      3|Forced false|call diff     0.00
[engine] Cutoff             lvl                                                   |Frequency     0.00|Recursion Depth      0|IR Nodes      0|Graph Size      0|Truffle Callees      0|Explore/inline ratio      NaN|Depth      3|Forced false|call diff     0.00
[engine] Inline done  lambda k, x, l, r                                           |Frequency     1.00|Recursion Depth      0|IR Nodes  13298|Graph Size     -1|Truffle Callees      1|Explore/inline ratio     1.11|Depth      0|Forced false|call diff     0.00
[engine] opt done   engine=1  id=15    lambda k, x, l, r                                  |Tier 2|Time   601( 124+477 )ms|AST 2559|Inlined   8Y  43N|IR   8621/ 21020|CodeSize  108480|Addr 0x00011b8db100|CompId 2691   |UTC 2026-09-22T18:42:15.751|Src n/a
[engine] Inline start lambda n                                                    |Frequency     1.00|Recursion Depth      0|IR Nodes  13434|Graph Size     -1|Truffle Callees      1|Explore/inline ratio     1.08|Depth      0|Forced false|call diff     0.00
[engine] Inlined        lambda ww                                                 |Frequency     1.00|Recursion Depth      0|IR Nodes     95|Graph Size     -1|Truffle Callees      1|Explore/inline ratio      NaN|Depth      1|Forced false|call diff -38046.21
[engine] Inlined          lambda ww                                               |Frequency     1.00|Recursion Depth      0|IR Nodes    179|Graph Size     -1|Truffle Callees      1|Explore/inline ratio      NaN|Depth      2|Forced false|call diff -38045.21
[engine] Inlined            lambda x, v                                           |Frequency     1.00|Recursion Depth      0|IR Nodes    895|Graph Size     -1|Truffle Callees      3|Explore/inline ratio      NaN|Depth      3|Forced false|call diff -38044.21
[engine] Inlined              argument thunk                                      |Frequency  6666.33|Recursion Depth      0|IR Nodes    164|Graph Size     -1|Truffle Callees      1|Explore/inline ratio      NaN|Depth      4|Forced false|call diff -19022.27
[engine] Inlined                lambda sc, x, ds1                                 |Frequency  6665.67|Recursion Depth      0|IR Nodes   1431|Graph Size     -1|Truffle Callees      7|Explore/inline ratio      NaN|Depth      5|Forced false|call diff -12355.94
[engine] Inlined                  lambda sc, x, ds1                               |Frequency  3265.18|Recursion Depth      1|IR Nodes   1431|Graph Size     -1|Truffle Callees      7|Explore/inline ratio      NaN|Depth      6|Forced false|call diff -4287.75
[engine] Inlined                    lambda sc, x, ds1                             |Frequency  1599.45|Recursion Depth      2|IR Nodes   1431|Graph Size     -1|Truffle Callees      7|Explore/inline ratio      NaN|Depth      7|Forced false|call diff -1409.78
[engine] Cutoff                       lambda sc, x, ds1                           |Frequency   783.49|Recursion Depth      3|IR Nodes      0|Graph Size      0|Truffle Callees      7|Explore/inline ratio      NaN|Depth      8|Forced false|call diff     0.00
[engine] Cutoff                       lambda k, x, l, r                           |Frequency    12.95|Recursion Depth      0|IR Nodes      0|Graph Size      0|Truffle Callees      0|Explore/inline ratio      NaN|Depth      8|Forced false|call diff    12.95
[engine] Cutoff                       lambda k, x, l, r                           |Frequency   122.83|Recursion Depth      0|IR Nodes      0|Graph Size      0|Truffle Callees      0|Explore/inline ratio      NaN|Depth      8|Forced false|call diff   122.83
[engine] Cutoff                       lambda sc, x, ds1                           |Frequency   597.02|Recursion Depth      3|IR Nodes      0|Graph Size      0|Truffle Callees      7|Explore/inline ratio      NaN|Depth      8|Forced false|call diff     0.00
[engine] Cutoff                       lambda k, x, l, r                           |Frequency     1.92|Recursion Depth      0|IR Nodes      0|Graph Size      0|Truffle Callees      1|Explore/inline ratio      NaN|Depth      8|Forced false|call diff     1.92
[engine] Cutoff                       lambda k, x, l, r                           |Frequency    51.82|Recursion Depth      0|IR Nodes      0|Graph Size      0|Truffle Callees      1|Explore/inline ratio      NaN|Depth      8|Forced false|call diff    51.82
[engine] Cutoff                       lvl                                         |Frequency     0.16|Recursion Depth      0|IR Nodes      0|Graph Size      0|Truffle Callees      0|Explore/inline ratio      NaN|Depth      8|Forced false|call diff     0.16
[engine] Cutoff                     lambda k, x, l, r                             |Frequency    26.45|Recursion Depth      0|IR Nodes      0|Graph Size      0|Truffle Callees      0|Explore/inline ratio      NaN|Depth      7|Forced false|call diff    26.45
[engine] Cutoff                     lambda k, x, l, r                             |Frequency   250.74|Recursion Depth      0|IR Nodes      0|Graph Size      0|Truffle Callees      0|Explore/inline ratio      NaN|Depth      7|Forced false|call diff   250.74
[engine] Cutoff                     lambda sc, x, ds1                             |Frequency  1218.77|Recursion Depth      2|IR Nodes      0|Graph Size      0|Truffle Callees      7|Explore/inline ratio      NaN|Depth      7|Forced false|call diff     0.00
[engine] Cutoff                     lambda k, x, l, r                             |Frequency     3.92|Recursion Depth      0|IR Nodes      0|Graph Size      0|Truffle Callees      1|Explore/inline ratio      NaN|Depth      7|Forced false|call diff     3.92
[engine] Cutoff                     lambda k, x, l, r                             |Frequency   105.78|Recursion Depth      0|IR Nodes      0|Graph Size      0|Truffle Callees      1|Explore/inline ratio      NaN|Depth      7|Forced false|call diff   105.78
[engine] Cutoff                     lvl                                           |Frequency     0.33|Recursion Depth      0|IR Nodes      0|Graph Size      0|Truffle Callees      0|Explore/inline ratio      NaN|Depth      7|Forced false|call diff     0.33
[engine] Cutoff                   lambda k, x, l, r                               |Frequency    53.99|Recursion Depth      0|IR Nodes      0|Graph Size      0|Truffle Callees      0|Explore/inline ratio      NaN|Depth      6|Forced false|call diff    53.99
[engine] Cutoff                   lambda k, x, l, r                               |Frequency   511.87|Recursion Depth      0|IR Nodes      0|Graph Size      0|Truffle Callees      0|Explore/inline ratio      NaN|Depth      6|Forced false|call diff   511.87
[engine] Inlined                  lambda sc, x, ds1                               |Frequency  2488.04|Recursion Depth      1|IR Nodes   1431|Graph Size     -1|Truffle Callees      7|Explore/inline ratio      NaN|Depth      6|Forced false|call diff -2192.99
[engine] Cutoff                     lambda sc, x, ds1                             |Frequency  1218.77|Recursion Depth      2|IR Nodes      0|Graph Size      0|Truffle Callees      7|Explore/inline ratio      NaN|Depth      7|Forced false|call diff     0.00
[engine] Cutoff                     lambda k, x, l, r                             |Frequency    20.15|Recursion Depth      0|IR Nodes      0|Graph Size      0|Truffle Callees      0|Explore/inline ratio      NaN|Depth      7|Forced false|call diff    20.15
[engine] Cutoff                     lambda k, x, l, r                             |Frequency   191.06|Recursion Depth      0|IR Nodes      0|Graph Size      0|Truffle Callees      0|Explore/inline ratio      NaN|Depth      7|Forced false|call diff   191.06
[engine] Cutoff                     lambda sc, x, ds1                             |Frequency   928.69|Recursion Depth      2|IR Nodes      0|Graph Size      0|Truffle Callees      7|Explore/inline ratio      NaN|Depth      7|Forced false|call diff     0.00
[engine] Cutoff                     lambda k, x, l, r                             |Frequency     2.99|Recursion Depth      0|IR Nodes      0|Graph Size      0|Truffle Callees      1|Explore/inline ratio      NaN|Depth      7|Forced false|call diff     2.99
[engine] Cutoff                     lambda k, x, l, r                             |Frequency    80.60|Recursion Depth      0|IR Nodes      0|Graph Size      0|Truffle Callees      1|Explore/inline ratio      NaN|Depth      7|Forced false|call diff    80.60
[engine] Cutoff                     lvl                                           |Frequency     0.25|Recursion Depth      0|IR Nodes      0|Graph Size      0|Truffle Callees      0|Explore/inline ratio      NaN|Depth      7|Forced false|call diff     0.25
[engine] Cutoff                   lambda k, x, l, r                               |Frequency     8.00|Recursion Depth      0|IR Nodes      0|Graph Size      0|Truffle Callees      1|Explore/inline ratio      NaN|Depth      6|Forced false|call diff     8.00
[engine] Cutoff                   lambda k, x, l, r                               |Frequency   215.95|Recursion Depth      0|IR Nodes      0|Graph Size      0|Truffle Callees      1|Explore/inline ratio      NaN|Depth      6|Forced false|call diff   215.95
[engine] Cutoff                   lvl                                             |Frequency     0.67|Recursion Depth      0|IR Nodes      0|Graph Size      0|Truffle Callees      0|Explore/inline ratio      NaN|Depth      6|Forced false|call diff     0.67
[engine] Cutoff               lambda x, z                                         |Frequency     0.67|Recursion Depth      0|IR Nodes      0|Graph Size      0|Truffle Callees      1|Explore/inline ratio      NaN|Depth      4|Forced false|call diff     0.67
[engine] Inlined              argument thunk                                      |Frequency  6666.33|Recursion Depth      0|IR Nodes    164|Graph Size     -1|Truffle Callees      1|Explore/inline ratio      NaN|Depth      4|Forced false|call diff -19022.27
[engine] Inlined                lambda sc, x, ds1                                 |Frequency  6665.67|Recursion Depth      0|IR Nodes   1431|Graph Size     -1|Truffle Callees      7|Explore/inline ratio      NaN|Depth      5|Forced false|call diff -12355.94
[engine] Inlined                  lambda sc, x, ds1                               |Frequency  3265.18|Recursion Depth      1|IR Nodes   1431|Graph Size     -1|Truffle Callees      7|Explore/inline ratio      NaN|Depth      6|Forced false|call diff -4287.75
[engine] Expanded                   lambda sc, x, ds1                             |Frequency  1599.45|Recursion Depth      2|IR Nodes   1431|Graph Size     -1|Truffle Callees      7|Explore/inline ratio      NaN|Depth      7|Forced false|call diff -1409.78
[engine] Cutoff                       lambda sc, x, ds1                           |Frequency   783.49|Recursion Depth      3|IR Nodes      0|Graph Size      0|Truffle Callees      7|Explore/inline ratio      NaN|Depth      8|Forced false|call diff     0.00
[engine] Cutoff                       lambda k, x, l, r                           |Frequency    12.95|Recursion Depth      0|IR Nodes      0|Graph Size      0|Truffle Callees      0|Explore/inline ratio      NaN|Depth      8|Forced false|call diff    12.95
[engine] Cutoff                       lambda k, x, l, r                           |Frequency   122.83|Recursion Depth      0|IR Nodes      0|Graph Size      0|Truffle Callees      0|Explore/inline ratio      NaN|Depth      8|Forced false|call diff   122.83
[engine] Cutoff                       lambda sc, x, ds1                           |Frequency   597.02|Recursion Depth      3|IR Nodes      0|Graph Size      0|Truffle Callees      7|Explore/inline ratio      NaN|Depth      8|Forced false|call diff     0.00
[engine] Cutoff                       lambda k, x, l, r                           |Frequency     1.92|Recursion Depth      0|IR Nodes      0|Graph Size      0|Truffle Callees      1|Explore/inline ratio      NaN|Depth      8|Forced false|call diff     1.92
[engine] Cutoff                       lambda k, x, l, r                           |Frequency    51.82|Recursion Depth      0|IR Nodes      0|Graph Size      0|Truffle Callees      1|Explore/inline ratio      NaN|Depth      8|Forced false|call diff    51.82
[engine] Cutoff                       lvl                                         |Frequency     0.16|Recursion Depth      0|IR Nodes      0|Graph Size      0|Truffle Callees      0|Explore/inline ratio      NaN|Depth      8|Forced false|call diff     0.16
[engine] Cutoff                     lambda k, x, l, r                             |Frequency    26.45|Recursion Depth      0|IR Nodes      0|Graph Size      0|Truffle Callees      0|Explore/inline ratio      NaN|Depth      7|Forced false|call diff    26.45
[engine] Cutoff                     lambda k, x, l, r                             |Frequency   250.74|Recursion Depth      0|IR Nodes      0|Graph Size      0|Truffle Callees      0|Explore/inline ratio      NaN|Depth      7|Forced false|call diff   250.74
[engine] Cutoff                     lambda sc, x, ds1                             |Frequency  1218.77|Recursion Depth      2|IR Nodes      0|Graph Size      0|Truffle Callees      7|Explore/inline ratio      NaN|Depth      7|Forced false|call diff     0.00
[engine] Cutoff                     lambda k, x, l, r                             |Frequency     3.92|Recursion Depth      0|IR Nodes      0|Graph Size      0|Truffle Callees      1|Explore/inline ratio      NaN|Depth      7|Forced false|call diff     3.92
[engine] Cutoff                     lambda k, x, l, r                             |Frequency   105.78|Recursion Depth      0|IR Nodes      0|Graph Size      0|Truffle Callees      1|Explore/inline ratio      NaN|Depth      7|Forced false|call diff   105.78
[engine] Cutoff                     lvl                                           |Frequency     0.33|Recursion Depth      0|IR Nodes      0|Graph Size      0|Truffle Callees      0|Explore/inline ratio      NaN|Depth      7|Forced false|call diff     0.33
[engine] Cutoff                   lambda k, x, l, r                               |Frequency    53.99|Recursion Depth      0|IR Nodes      0|Graph Size      0|Truffle Callees      0|Explore/inline ratio      NaN|Depth      6|Forced false|call diff    53.99
[engine] Cutoff                   lambda k, x, l, r                               |Frequency   511.87|Recursion Depth      0|IR Nodes      0|Graph Size      0|Truffle Callees      0|Explore/inline ratio      NaN|Depth      6|Forced false|call diff   511.87
[engine] Inlined                  lambda sc, x, ds1                               |Frequency  2488.04|Recursion Depth      1|IR Nodes   1431|Graph Size     -1|Truffle Callees      7|Explore/inline ratio      NaN|Depth      6|Forced false|call diff -2192.99
[engine] Cutoff                     lambda sc, x, ds1                             |Frequency  1218.77|Recursion Depth      2|IR Nodes      0|Graph Size      0|Truffle Callees      7|Explore/inline ratio      NaN|Depth      7|Forced false|call diff     0.00
[engine] Cutoff                     lambda k, x, l, r                             |Frequency    20.15|Recursion Depth      0|IR Nodes      0|Graph Size      0|Truffle Callees      0|Explore/inline ratio      NaN|Depth      7|Forced false|call diff    20.15
[engine] Cutoff                     lambda k, x, l, r                             |Frequency   191.06|Recursion Depth      0|IR Nodes      0|Graph Size      0|Truffle Callees      0|Explore/inline ratio      NaN|Depth      7|Forced false|call diff   191.06
[engine] Cutoff                     lambda sc, x, ds1                             |Frequency   928.69|Recursion Depth      2|IR Nodes      0|Graph Size      0|Truffle Callees      7|Explore/inline ratio      NaN|Depth      7|Forced false|call diff     0.00
[engine] Cutoff                     lambda k, x, l, r                             |Frequency     2.99|Recursion Depth      0|IR Nodes      0|Graph Size      0|Truffle Callees      1|Explore/inline ratio      NaN|Depth      7|Forced false|call diff     2.99
[engine] Cutoff                     lambda k, x, l, r                             |Frequency    80.60|Recursion Depth      0|IR Nodes      0|Graph Size      0|Truffle Callees      1|Explore/inline ratio      NaN|Depth      7|Forced false|call diff    80.60
[engine] Cutoff                     lvl                                           |Frequency     0.25|Recursion Depth      0|IR Nodes      0|Graph Size      0|Truffle Callees      0|Explore/inline ratio      NaN|Depth      7|Forced false|call diff     0.25
[engine] Cutoff                   lambda k, x, l, r                               |Frequency     8.00|Recursion Depth      0|IR Nodes      0|Graph Size      0|Truffle Callees      1|Explore/inline ratio      NaN|Depth      6|Forced false|call diff     8.00
[engine] Cutoff                   lambda k, x, l, r                               |Frequency   215.95|Recursion Depth      0|IR Nodes      0|Graph Size      0|Truffle Callees      1|Explore/inline ratio      NaN|Depth      6|Forced false|call diff   215.95
[engine] Cutoff                   lvl                                             |Frequency     0.67|Recursion Depth      0|IR Nodes      0|Graph Size      0|Truffle Callees      0|Explore/inline ratio      NaN|Depth      6|Forced false|call diff     0.67
[engine] Cutoff               lambda x, z                                         |Frequency     0.67|Recursion Depth      0|IR Nodes      0|Graph Size      0|Truffle Callees      1|Explore/inline ratio      NaN|Depth      4|Forced false|call diff     0.67
[engine] Inline done  lambda n                                                    |Frequency     1.00|Recursion Depth      0|IR Nodes  13434|Graph Size     -1|Truffle Callees      1|Explore/inline ratio     1.08|Depth      0|Forced false|call diff     0.00
[engine] opt done   engine=1  id=40    lambda n                                           |Tier 2|Time   756( 126+630 )ms|AST   42|Inlined  12Y  46N|IR   7502/ 19484|CodeSize  101552|Addr 0x00011b8f7ec0|CompId 2742   |UTC 2026-09-22T18:42:17.162|Src n/a
PHASE WARM BEGIN
PHASE WARM END calls=3328 elapsedNs=10740439167 checksum=187635702384
PHASE MEASURE 1 BEGIN
PHASE MEASURE 1 END
PHASE VERIFY BEGIN
PHASE VERIFY END guestLastTierInstalled=true
diagnostics={"instrumented":false,"thunkEvaluationsByLabel":{},"compiledEntries":0,"thunkEvaluations":0,"thunkHits":0,"blackholes":0,"directCacheMisses":0,"indirectCalls":0,"tailBounces":0,"papAllocations":0,"unsupportedPolicy":"diagnostic-traps","deferredUnsupported":["Unsupported constructor representation unboxed-tuple: ghc-internal:GHC.Internal.Types.(#,#)","Unresolved external binding ghc-internal:GHC.Internal.Stack.withFrozenCallStack1","Unresolved external binding ghc-internal:GHC.Internal.Exception.Backtrace.collectExceptionAnnotationMechanismRef"],"unsupportedTraps":0,"frames":"indexed primitive slots; selective StaticShape captures","stackPolicy":"tail-safe; non-tail calls and nested thunk forcing use host stack","threadPolicy":"single guest thread"}
