plusCase	-9223372036854775808	-128	65591
plusCase	-81985529216486895	-2	55245
plusCase	-257	63	40405
plusCase	-256	-128	65591
plusCase	-129	-2	72689
plusCase	-128	-9223372036854775808	65591
plusCase	-128	-256	65591
plusCase	-128	-127	59675
plusCase	-128	-63	57883
plusCase	-128	-31	52379
plusCase	-128	-15	48603
plusCase	-128	-7	40443
plusCase	-128	-3	65163
plusCase	-128	0	65591
plusCase	-128	3	35043
plusCase	-128	7	54131
plusCase	-128	15	58003
plusCase	-128	31	48851
plusCase	-128	63	50259
plusCase	-128	127	46675
plusCase	-128	254	73327
plusCase	-128	257	41243
plusCase	-127	-128	60085
plusCase	-65	-2	57713
plusCase	-64	63	48595
plusCase	-63	-128	61237
plusCase	-33	-2	60465
plusCase	-32	63	63379
plusCase	-31	-128	49909
plusCase	-17	-2	58129
plusCase	-16	63	51315
plusCase	-15	-128	51925
plusCase	-9	-2	75265
plusCase	-8	63	60771
plusCase	-7	-128	58565
plusCase	-5	-2	79097
plusCase	-4	63	69723
plusCase	-3	-128	71869
plusCase	-2	-81985529216486895	44895
plusCase	-2	-129	72279
plusCase	-2	-65	60247
plusCase	-2	-33	55255
plusCase	-2	-17	54295
plusCase	-2	-9	55095
plusCase	-2	-5	77255
plusCase	-2	-2	48243
plusCase	-2	1	45855
plusCase	-2	4	67019
plusCase	-2	8	56923
plusCase	-2	16	44667
plusCase	-2	32	61883
plusCase	-2	64	38459
plusCase	-2	128	80443
plusCase	-2	255	34647
plusCase	-2	81985529216486895	54295
plusCase	-1	63	40405
plusCase	0	-128	65591
plusCase	0	0	54839
plusCase	0	1	59675
plusCase	0	2	67839
plusCase	0	63	41555
plusCase	0	127	70995
plusCase	0	128	65591
plusCase	0	129	41243
plusCase	0	254	42863
plusCase	0	255	46675
plusCase	1	-2	47085
plusCase	1	0	60085
plusCase	1	1	68249
plusCase	1	2	75133
plusCase	1	63	50129
plusCase	1	127	67537
plusCase	1	128	36021
plusCase	1	129	34713
plusCase	1	254	47085
plusCase	1	255	55249
plusCase	2	0	59955
plusCase	2	1	66839
plusCase	2	2	75003
plusCase	2	63	50767
plusCase	2	127	47439
plusCase	2	128	35123
plusCase	2	129	43287
plusCase	2	254	52843
plusCase	2	255	57679
plusCase	3	-128	43697
plusCase	4	-2	60775
plusCase	5	63	38857
plusCase	7	-128	70569
plusCase	8	-2	48223
plusCase	9	63	73153
plusCase	15	-128	56217
plusCase	16	-2	46671
plusCase	17	63	50609
plusCase	31	-128	62329
plusCase	32	-2	50479
plusCase	33	63	53905
plusCase	63	-257	43349
plusCase	63	-128	62009
plusCase	63	-64	48185
plusCase	63	-32	55225
plusCase	63	-16	41721
plusCase	63	-8	41241
plusCase	63	-4	58793
plusCase	63	-1	43349
plusCase	63	0	44089
plusCase	63	1	52253
plusCase	63	2	60417
plusCase	63	5	80045
plusCase	63	9	33085
plusCase	63	17	66397
plusCase	63	33	54685
plusCase	63	63	78933
plusCase	63	65	62749
plusCase	63	127	53845
plusCase	63	128	62009
plusCase	63	129	55069
plusCase	63	254	69233
plusCase	63	255	43349
plusCase	63	256	44089
plusCase	63	9223372036854775807	43349
plusCase	64	-2	64239
plusCase	65	63	65617
plusCase	127	-128	46265
plusCase	127	0	81081
plusCase	127	1	64669
plusCase	127	2	45441
plusCase	127	63	56789
plusCase	127	127	42453
plusCase	127	128	46265
plusCase	127	129	54429
plusCase	127	254	72689
plusCase	127	255	80853
plusCase	128	-2	73327
plusCase	128	0	65591
plusCase	128	1	41243
plusCase	128	2	26879
plusCase	128	63	50259
plusCase	128	127	46675
plusCase	128	128	54839
plusCase	128	129	59675
plusCase	128	254	73327
plusCase	128	255	70995
plusCase	129	0	36021
plusCase	129	1	34713
plusCase	129	2	35453
plusCase	129	63	58833
plusCase	129	127	55249
plusCase	129	128	60085
plusCase	129	129	68249
plusCase	129	254	71405
plusCase	129	255	67537
plusCase	254	-128	80443
plusCase	254	0	42043
plusCase	254	1	45855
plusCase	254	2	54019
plusCase	254	63	58199
plusCase	254	127	72279
plusCase	254	128	80443
plusCase	254	129	75039
plusCase	254	254	48243
plusCase	254	255	34647
plusCase	255	-2	41713
plusCase	255	0	46265
plusCase	255	1	54429
plusCase	255	2	59265
plusCase	255	63	40405
plusCase	255	127	80853
plusCase	255	128	81081
plusCase	255	129	64669
plusCase	255	254	41713
plusCase	255	255	42453
plusCase	256	63	41555
plusCase	257	-128	36021
plusCase	81985529216486895	-2	58129
plusCase	9223372036854775807	63	40405
minusCase	-9223372036854775808	-128	56903
minusCase	-81985529216486895	-2	52965
minusCase	-257	63	39409
minusCase	-256	-128	56903
minusCase	-129	-2	65129
minusCase	-128	-9223372036854775808	56903
minusCase	-128	-256	56903
minusCase	-128	-127	50895
minusCase	-128	-63	55759
minusCase	-128	-31	42191
minusCase	-128	-15	56143
minusCase	-128	-7	30607
minusCase	-128	-3	63407
minusCase	-128	0	56903
minusCase	-128	3	74975
minusCase	-128	7	56063
minusCase	-128	15	59199
minusCase	-128	31	46015
minusCase	-128	63	82623
minusCase	-128	127	51391
minusCase	-128	254	61239
minusCase	-128	257	54735
minusCase	-127	-128	56085
minusCase	-65	-2	41449
minusCase	-64	63	56127
minusCase	-63	-128	76693
minusCase	-33	-2	54953
minusCase	-32	63	70655
minusCase	-31	-128	39509
minusCase	-17	-2	58505
minusCase	-16	63	50143
minusCase	-15	-128	56885
minusCase	-9	-2	54777
minusCase	-8	63	62543
minusCase	-7	-128	57253
minusCase	-5	-2	76849
minusCase	-4	63	75655
minusCase	-3	-128	41437
minusCase	-2	-81985529216486895	61875
minusCase	-2	-129	66851
minusCase	-2	-65	44835
minusCase	-2	-33	54563
minusCase	-2	-17	47523
minusCase	-2	-9	71395
minusCase	-2	-5	23811
minusCase	-2	-2	55451
minusCase	-2	1	58675
minusCase	-2	4	52171
minusCase	-2	8	62443
minusCase	-2	16	54571
minusCase	-2	32	57515
minusCase	-2	64	65707
minusCase	-2	128	64683
minusCase	-2	255	63011
minusCase	-2	81985529216486895	47523
minusCase	-1	63	39409
minusCase	0	-128	56903
minusCase	0	0	57415
minusCase	0	1	50895
minusCase	0	2	48727
minusCase	0	63	35519
minusCase	0	127	59071
minusCase	0	128	56903
minusCase	0	129	54735
minusCase	0	254	24631
minusCase	0	255	51391
minusCase	1	-2	57093
minusCase	1	0	56085
minusCase	1	1	51357
minusCase	1	2	44837
minusCase	1	63	31629
minusCase	1	127	55181
minusCase	1	128	53013
minusCase	1	129	50845
minusCase	1	254	57093
minusCase	1	255	56205
minusCase	2	0	86243
minusCase	2	1	98411
minusCase	2	2	54003
minusCase	2	63	27739
minusCase	2	127	51291
minusCase	2	128	49123
minusCase	2	129	46955
minusCase	2	254	57299
minusCase	2	255	55643
minusCase	3	-128	45233
minusCase	4	-2	49519
minusCase	5	63	67525
minusCase	7	-128	75241
minusCase	8	-2	61095
minusCase	9	63	54781
minusCase	15	-128	56409
minusCase	16	-2	56855
minusCase	17	63	59757
minusCase	31	-128	48697
minusCase	32	-2	71415
minusCase	33	63	43085
minusCase	63	-257	86641
minusCase	63	-128	37113
minusCase	63	-64	62713
minusCase	63	-32	66041
minusCase	63	-16	58489
minusCase	63	-8	55481
minusCase	63	-4	68569
minusCase	63	-1	86641
minusCase	63	0	57337
minusCase	63	1	36737
minusCase	63	2	34569
minusCase	63	5	52641
minusCase	63	9	56769
minusCase	63	17	51201
minusCase	63	33	44417
minusCase	63	63	61553
minusCase	63	65	52865
minusCase	63	127	39281
minusCase	63	128	37113
minusCase	63	129	68993
minusCase	63	254	88809
minusCase	63	255	86641
minusCase	63	256	57337
minusCase	63	9223372036854775807	86641
minusCase	64	-2	84919
minusCase	65	63	59149
minusCase	127	-128	56953
minusCase	127	0	60793
minusCase	127	1	58625
minusCase	127	2	56457
minusCase	127	63	86513
minusCase	127	127	63473
minusCase	127	128	56953
minusCase	127	129	54785
minusCase	127	254	65129
minusCase	127	255	62961
minusCase	128	-2	61239
minusCase	128	0	56903
minusCase	128	1	54735
minusCase	128	2	52567
minusCase	128	63	82623
minusCase	128	127	51391
minusCase	128	128	57415
minusCase	128	129	50895
minusCase	128	254	61239
minusCase	128	255	59071
minusCase	129	0	53013
minusCase	129	1	50845
minusCase	129	2	48677
minusCase	129	63	78733
minusCase	129	127	56205
minusCase	129	128	56085
minusCase	129	129	51357
minusCase	129	254	57349
minusCase	129	255	55181
minusCase	254	-128	64683
minusCase	254	0	60843
minusCase	254	1	58675
minusCase	254	2	56507
minusCase	254	63	43299
minusCase	254	127	66851
minusCase	254	128	64683
minusCase	254	129	47411
minusCase	254	254	55451
minusCase	254	255	63011
minusCase	255	-2	14185
minusCase	255	0	56953
minusCase	255	1	54785
minusCase	255	2	52617
minusCase	255	63	39409
minusCase	255	127	62961
minusCase	255	128	60793
minusCase	255	129	58625
minusCase	255	254	14185
minusCase	255	255	63473
minusCase	256	63	35519
minusCase	257	-128	53013
minusCase	81985529216486895	-2	58505
minusCase	9223372036854775807	63	39409
timesCase	-9223372036854775808	-128	66164
timesCase	-81985529216486895	-2	62182
timesCase	-257	63	42343
timesCase	-256	-128	66164
timesCase	-129	-2	33006
timesCase	-128	-9223372036854775808	69364
timesCase	-128	-256	69364
timesCase	-128	-127	52393
timesCase	-128	-63	54505
timesCase	-128	-31	46729
timesCase	-128	-15	64729
timesCase	-128	-7	63617
timesCase	-128	-3	56661
timesCase	-128	0	69364
timesCase	-128	3	62867
timesCase	-128	7	58983
timesCase	-128	15	45839
timesCase	-128	31	48479
timesCase	-128	63	43519
timesCase	-128	127	78143
timesCase	-128	254	60554
timesCase	-128	257	63273
timesCase	-127	-128	51976
timesCase	-65	-2	49646
timesCase	-64	63	38911
timesCase	-63	-128	53512
timesCase	-33	-2	69230
timesCase	-32	63	55295
timesCase	-31	-128	60296
timesCase	-17	-2	54318
timesCase	-16	63	43135
timesCase	-15	-128	47816
timesCase	-9	-2	52494
timesCase	-8	63	63039
timesCase	-7	-128	43368
timesCase	-5	-2	59006
timesCase	-4	63	53919
timesCase	-3	-128	55224
timesCase	-2	-81985529216486895	59353
timesCase	-2	-129	67599
timesCase	-2	-65	61775
timesCase	-2	-33	53487
timesCase	-2	-17	43967
timesCase	-2	-9	65191
timesCase	-2	-5	56987
timesCase	-2	-2	55890
timesCase	-2	1	53001
timesCase	-2	4	60096
timesCase	-2	8	55476
timesCase	-2	16	47260
timesCase	-2	32	62828
timesCase	-2	64	54796
timesCase	-2	128	68940
timesCase	-2	255	39567
timesCase	-2	81985529216486895	43967
timesCase	-1	63	42343
timesCase	0	-128	66164
timesCase	0	0	46836
timesCase	0	1	63017
timesCase	0	2	46430
timesCase	0	63	41983
timesCase	0	127	77887
timesCase	0	128	66164
timesCase	0	129	51881
timesCase	0	254	61834
timesCase	0	255	38591
timesCase	1	-2	55078
timesCase	1	0	38792
timesCase	1	1	76473
timesCase	1	2	61418
timesCase	1	63	44439
timesCase	1	127	49623
timesCase	1	128	39176
timesCase	1	129	76857
timesCase	1	254	55078
timesCase	1	255	49239
timesCase	2	0	45084
timesCase	2	1	49225
timesCase	2	2	71542
timesCase	2	63	43055
timesCase	2	127	67183
timesCase	2	128	54940
timesCase	2	129	60873
timesCase	2	254	61378
timesCase	2	255	40943
timesCase	3	-128	45360
timesCase	4	-2	68346
timesCase	5	63	52983
timesCase	7	-128	64640
timesCase	8	-2	58474
timesCase	9	63	49239
timesCase	15	-128	46112
timesCase	16	-2	52810
timesCase	17	63	58135
timesCase	31	-128	46176
timesCase	32	-2	41738
timesCase	33	63	57495
timesCase	63	-257	50215
timesCase	63	-128	52448
timesCase	63	-64	60960
timesCase	63	-32	68160
timesCase	63	-16	45008
timesCase	63	-8	38296
timesCase	63	-4	46460
timesCase	63	-1	50215
timesCase	63	0	52064
timesCase	63	1	41625
timesCase	63	2	53458
timesCase	63	5	36221
timesCase	63	9	52577
timesCase	63	17	72489
timesCase	63	33	47289
timesCase	63	63	44391
timesCase	63	65	67801
timesCase	63	127	50599
timesCase	63	128	52448
timesCase	63	129	41241
timesCase	63	254	62702
timesCase	63	255	50215
timesCase	63	256	52064
timesCase	63	9223372036854775807	50215
timesCase	64	-2	42378
timesCase	65	63	53399
timesCase	127	-128	55520
timesCase	127	0	55904
timesCase	127	1	59033
timesCase	127	2	54738
timesCase	127	63	42087
timesCase	127	127	38567
timesCase	127	128	55520
timesCase	127	129	59417
timesCase	127	254	33006
timesCase	127	255	38183
timesCase	128	-2	60554
timesCase	128	0	69364
timesCase	128	1	63273
timesCase	128	2	70238
timesCase	128	63	43519
timesCase	128	127	78143
timesCase	128	128	43636
timesCase	128	129	52393
timesCase	128	254	60554
timesCase	128	255	39103
timesCase	129	0	51592
timesCase	129	1	72377
timesCase	129	2	42730
timesCase	129	63	40343
timesCase	129	127	50391
timesCase	129	128	51976
timesCase	129	129	71993
timesCase	129	254	50982
timesCase	129	255	50775
timesCase	254	-128	68940
timesCase	254	0	40652
timesCase	254	1	53001
timesCase	254	2	49734
timesCase	254	63	49615
timesCase	254	127	67599
timesCase	254	128	68940
timesCase	254	129	70025
timesCase	254	254	55890
timesCase	254	255	39567
timesCase	255	-2	66286
timesCase	255	0	50272
timesCase	255	1	60569
timesCase	255	2	66258
timesCase	255	63	42343
timesCase	255	127	41383
timesCase	255	128	49888
timesCase	255	129	60185
timesCase	255	254	66286
timesCase	255	255	41767
timesCase	256	63	41983
timesCase	257	-128	39176
timesCase	81985529216486895	-2	54318
timesCase	9223372036854775807	63	42343
packCase	-9223372036854775808	-128	27839
packCase	-81985529216486895	-2	67033
packCase	-257	63	27747
packCase	-256	-128	27839
packCase	-129	-2	75565
packCase	-128	-9223372036854775808	82623
packCase	-128	-256	82623
packCase	-128	-127	56949
packCase	-128	-63	71925
packCase	-128	-31	63669
packCase	-128	-15	66069
packCase	-128	-7	62917
packCase	-128	-3	74909
packCase	-128	0	82623
packCase	-128	3	55777
packCase	-128	7	49337
packCase	-128	15	58217
packCase	-128	31	68553
packCase	-128	63	55433
packCase	-128	127	55305
packCase	-128	254	77907
packCase	-128	257	82805
packCase	-127	-128	52965
packCase	-65	-2	62125
packCase	-64	63	41993
packCase	-63	-128	42853
packCase	-33	-2	71021
packCase	-32	63	50889
packCase	-31	-128	51749
packCase	-17	-2	74445
packCase	-16	63	40745
packCase	-15	-128	41605
packCase	-9	-2	79613
packCase	-8	63	59481
packCase	-7	-128	60341
packCase	-5	-2	88981
packCase	-4	63	61425
packCase	-3	-128	52813
packCase	-2	-81985529216486895	35977
packCase	-2	-129	27069
packCase	-2	-65	37693
packCase	-2	-33	29437
packCase	-2	-17	42333
packCase	-2	-9	28685
packCase	-2	-5	40677
packCase	-2	-2	49671
packCase	-2	1	54569
packCase	-2	4	12107
packCase	-2	8	24099
packCase	-2	16	32979
packCase	-2	32	35379
packCase	-2	64	15091
packCase	-2	128	25715
packCase	-2	255	52669
packCase	-2	81985529216486895	42333
packCase	-1	63	27747
packCase	0	-128	27839
packCase	0	0	56511
packCase	0	1	56693
packCase	0	2	59691
packCase	0	63	29321
packCase	0	127	29193
packCase	0	128	27839
packCase	0	129	30837
packCase	0	254	51795
packCase	0	255	54793
packCase	1	-2	54137
packCase	1	0	58853
packCase	1	1	59035
packCase	1	2	62033
packCase	1	63	31663
packCase	1	127	31535
packCase	1	128	30181
packCase	1	129	33179
packCase	1	254	54137
packCase	1	255	57135
packCase	2	0	61195
packCase	2	1	61377
packCase	2	2	64375
packCase	2	63	34005
packCase	2	127	33877
packCase	2	128	32523
packCase	2	129	35521
packCase	2	254	56479
packCase	2	255	59477
packCase	3	-128	34865
packCase	4	-2	61163
packCase	5	63	41031
packCase	7	-128	44233
packCase	8	-2	70531
packCase	9	63	50399
packCase	15	-128	38393
packCase	16	-2	64691
packCase	17	63	44559
packCase	31	-128	52825
packCase	32	-2	68115
packCase	33	63	40559
packCase	63	-257	88675
packCase	63	-128	61721
packCase	63	-64	76697
packCase	63	-32	68441
packCase	63	-16	70841
packCase	63	-8	67689
packCase	63	-4	79681
packCase	63	-1	88675
packCase	63	0	90393
packCase	63	1	90575
packCase	63	2	93573
packCase	63	5	51111
packCase	63	9	63103
packCase	63	17	71983
packCase	63	33	62351
packCase	63	63	63203
packCase	63	65	54095
packCase	63	127	63075
packCase	63	128	61721
packCase	63	129	64719
packCase	63	254	85677
packCase	63	255	88675
packCase	63	256	90393
packCase	63	9223372036854775807	88675
packCase	64	-2	88019
packCase	65	63	54319
packCase	127	-128	51609
packCase	127	0	80281
packCase	127	1	80463
packCase	127	2	83461
packCase	127	63	53091
packCase	127	127	52963
packCase	127	128	51609
packCase	127	129	54607
packCase	127	254	75565
packCase	127	255	78563
packCase	128	-2	77907
packCase	128	0	82623
packCase	128	1	82805
packCase	128	2	85803
packCase	128	63	55433
packCase	128	127	55305
packCase	128	128	53951
packCase	128	129	56949
packCase	128	254	77907
packCase	128	255	80905
packCase	129	0	81637
packCase	129	1	81819
packCase	129	2	84817
packCase	129	63	54447
packCase	129	127	54319
packCase	129	128	52965
packCase	129	129	55963
packCase	129	254	76921
packCase	129	255	79919
packCase	254	-128	25715
packCase	254	0	54387
packCase	254	1	54569
packCase	254	2	57567
packCase	254	63	27197
packCase	254	127	27069
packCase	254	128	25715
packCase	254	129	28713
packCase	254	254	49671
packCase	254	255	52669
packCase	255	-2	50221
packCase	255	0	54937
packCase	255	1	55119
packCase	255	2	58117
packCase	255	63	27747
packCase	255	127	27619
packCase	255	128	26265
packCase	255	129	29263
packCase	255	254	50221
packCase	255	255	53219
packCase	256	63	29321
packCase	257	-128	30181
packCase	81985529216486895	-2	74445
packCase	9223372036854775807	63	27747
broadcastCase	-9223372036854775808	-128	68766
broadcastCase	-81985529216486895	-2	21024
broadcastCase	-257	63	96798
broadcastCase	-256	-128	68766
broadcastCase	-129	-2	69204
broadcastCase	-128	-9223372036854775808	68766
broadcastCase	-128	-256	68766
broadcastCase	-128	-127	12264
broadcastCase	-128	-63	96360
broadcastCase	-128	-31	82344
broadcastCase	-128	-15	75336
broadcastCase	-128	-7	71832
broadcastCase	-128	-3	70080
broadcastCase	-128	0	68766
broadcastCase	-128	3	67452
broadcastCase	-128	7	65700
broadcastCase	-128	15	62196
broadcastCase	-128	31	55188
broadcastCase	-128	63	41172
broadcastCase	-128	127	13140
broadcastCase	-128	254	69642
broadcastCase	-128	257	68328
broadcastCase	-127	-128	13140
broadcastCase	-65	-2	97236
broadcastCase	-64	63	69204
broadcastCase	-63	-128	41172
broadcastCase	-33	-2	111252
broadcastCase	-32	63	83220
broadcastCase	-31	-128	55188
broadcastCase	-17	-2	6132
broadcastCase	-16	63	90228
broadcastCase	-15	-128	62196
broadcastCase	-9	-2	9636
broadcastCase	-8	63	93732
broadcastCase	-7	-128	65700
broadcastCase	-5	-2	11388
broadcastCase	-4	63	95484
broadcastCase	-3	-128	67452
broadcastCase	-2	-81985529216486895	4380
broadcastCase	-2	-129	68328
broadcastCase	-2	-65	40296
broadcastCase	-2	-33	26280
broadcastCase	-2	-17	19272
broadcastCase	-2	-9	15768
broadcastCase	-2	-5	14016
broadcastCase	-2	-2	12702
broadcastCase	-2	1	11388
broadcastCase	-2	4	10074
broadcastCase	-2	8	8322
broadcastCase	-2	16	4818
broadcastCase	-2	32	109938
broadcastCase	-2	64	95922
broadcastCase	-2	128	67890
broadcastCase	-2	255	12264
broadcastCase	-2	81985529216486895	19272
broadcastCase	-1	63	96798
broadcastCase	0	-128	68766
broadcastCase	0	0	12702
broadcastCase	0	1	12264
broadcastCase	0	2	11826
broadcastCase	0	63	97236
broadcastCase	0	127	69204
broadcastCase	0	128	68766
broadcastCase	0	129	68328
broadcastCase	0	254	13578
broadcastCase	0	255	13140
broadcastCase	1	-2	14016
broadcastCase	1	0	13140
broadcastCase	1	1	12702
broadcastCase	1	2	12264
broadcastCase	1	63	97674
broadcastCase	1	127	69642
broadcastCase	1	128	69204
broadcastCase	1	129	68766
broadcastCase	1	254	14016
broadcastCase	1	255	13578
broadcastCase	2	0	13578
broadcastCase	2	1	13140
broadcastCase	2	2	12702
broadcastCase	2	63	98112
broadcastCase	2	127	70080
broadcastCase	2	128	69642
broadcastCase	2	129	69204
broadcastCase	2	254	14454
broadcastCase	2	255	14016
broadcastCase	3	-128	70080
broadcastCase	4	-2	15330
broadcastCase	5	63	99426
broadcastCase	7	-128	71832
broadcastCase	8	-2	17082
broadcastCase	9	63	101178
broadcastCase	15	-128	75336
broadcastCase	16	-2	20586
broadcastCase	17	63	104682
broadcastCase	31	-128	82344
broadcastCase	32	-2	27594
broadcastCase	33	63	111690
broadcastCase	63	-257	40734
broadcastCase	63	-128	96360
broadcastCase	63	-64	68328
broadcastCase	63	-32	54312
broadcastCase	63	-16	47304
broadcastCase	63	-8	43800
broadcastCase	63	-4	42048
broadcastCase	63	-1	40734
broadcastCase	63	0	40296
broadcastCase	63	1	39858
broadcastCase	63	2	39420
broadcastCase	63	5	38106
broadcastCase	63	9	36354
broadcastCase	63	17	32850
broadcastCase	63	33	25842
broadcastCase	63	63	12702
broadcastCase	63	65	11826
broadcastCase	63	127	96798
broadcastCase	63	128	96360
broadcastCase	63	129	95922
broadcastCase	63	254	41172
broadcastCase	63	255	40734
broadcastCase	63	256	40296
broadcastCase	63	9223372036854775807	40734
broadcastCase	64	-2	41610
broadcastCase	65	63	13578
broadcastCase	127	-128	12264
broadcastCase	127	0	68328
broadcastCase	127	1	67890
broadcastCase	127	2	67452
broadcastCase	127	63	40734
broadcastCase	127	127	12702
broadcastCase	127	128	12264
broadcastCase	127	129	11826
broadcastCase	127	254	69204
broadcastCase	127	255	68766
broadcastCase	128	-2	69642
broadcastCase	128	0	68766
broadcastCase	128	1	68328
broadcastCase	128	2	67890
broadcastCase	128	63	41172
broadcastCase	128	127	13140
broadcastCase	128	128	12702
broadcastCase	128	129	12264
broadcastCase	128	254	69642
broadcastCase	128	255	69204
broadcastCase	129	0	69204
broadcastCase	129	1	68766
broadcastCase	129	2	68328
broadcastCase	129	63	41610
broadcastCase	129	127	13578
broadcastCase	129	128	13140
broadcastCase	129	129	12702
broadcastCase	129	254	70080
broadcastCase	129	255	69642
broadcastCase	254	-128	67890
broadcastCase	254	0	11826
broadcastCase	254	1	11388
broadcastCase	254	2	10950
broadcastCase	254	63	96360
broadcastCase	254	127	68328
broadcastCase	254	128	67890
broadcastCase	254	129	67452
broadcastCase	254	254	12702
broadcastCase	254	255	12264
broadcastCase	255	-2	13140
broadcastCase	255	0	12264
broadcastCase	255	1	11826
broadcastCase	255	2	11388
broadcastCase	255	63	96798
broadcastCase	255	127	68766
broadcastCase	255	128	68328
broadcastCase	255	129	67890
broadcastCase	255	254	13140
broadcastCase	255	255	12702
broadcastCase	256	63	97236
broadcastCase	257	-128	69204
broadcastCase	81985529216486895	-2	6132
broadcastCase	9223372036854775807	63	96798
laneCase	0	0	0	254	0
laneCase	0	0	0	255	1
laneCase	0	0	0	0	2
laneCase	0	0	0	61	63
laneCase	0	0	0	125	127
laneCase	0	0	0	126	128
laneCase	0	0	0	127	129
laneCase	0	0	0	252	254
laneCase	0	0	0	253	255
laneCase	0	0	1	254	1
laneCase	0	0	1	255	2
laneCase	0	0	1	0	3
laneCase	0	0	1	61	64
laneCase	0	0	1	125	128
laneCase	0	0	1	126	129
laneCase	0	0	1	127	130
laneCase	0	0	1	252	255
laneCase	0	0	1	253	0
laneCase	0	0	2	254	2
laneCase	0	0	2	255	3
laneCase	0	0	2	0	4
laneCase	0	0	2	61	65
laneCase	0	0	2	125	129
laneCase	0	0	2	126	130
laneCase	0	0	2	127	131
laneCase	0	0	2	252	0
laneCase	0	0	2	253	1
laneCase	0	0	63	254	63
laneCase	0	0	63	255	64
laneCase	0	0	63	0	65
laneCase	0	0	63	61	126
laneCase	0	0	63	125	190
laneCase	0	0	63	126	191
laneCase	0	0	63	127	192
laneCase	0	0	63	252	61
laneCase	0	0	63	253	62
laneCase	0	0	127	254	127
laneCase	0	0	127	255	128
laneCase	0	0	127	0	129
laneCase	0	0	127	61	190
laneCase	0	0	127	125	254
laneCase	0	0	127	126	255
laneCase	0	0	127	127	0
laneCase	0	0	127	252	125
laneCase	0	0	127	253	126
laneCase	0	0	128	254	128
laneCase	0	0	128	255	129
laneCase	0	0	128	0	130
laneCase	0	0	128	61	191
laneCase	0	0	128	125	255
laneCase	0	0	128	126	0
laneCase	0	0	128	127	1
laneCase	0	0	128	252	126
laneCase	0	0	128	253	127
laneCase	0	0	129	254	129
laneCase	0	0	129	255	130
laneCase	0	0	129	0	131
laneCase	0	0	129	61	192
laneCase	0	0	129	125	0
laneCase	0	0	129	126	1
laneCase	0	0	129	127	2
laneCase	0	0	129	252	127
laneCase	0	0	129	253	128
laneCase	0	0	254	254	254
laneCase	0	0	254	255	255
laneCase	0	0	254	0	0
laneCase	0	0	254	61	61
laneCase	0	0	254	125	125
laneCase	0	0	254	126	126
laneCase	0	0	254	127	127
laneCase	0	0	254	252	252
laneCase	0	0	254	253	253
laneCase	0	0	255	254	255
laneCase	0	0	255	255	0
laneCase	0	0	255	0	1
laneCase	0	0	255	61	62
laneCase	0	0	255	125	126
laneCase	0	0	255	126	127
laneCase	0	0	255	127	128
laneCase	0	0	255	252	253
laneCase	0	0	255	253	254
laneCase	0	1	3	0	0
laneCase	0	1	4	0	1
laneCase	0	1	5	0	2
laneCase	0	1	66	0	63
laneCase	0	1	130	0	127
laneCase	0	1	131	0	128
laneCase	0	1	132	0	129
laneCase	0	1	1	0	254
laneCase	0	1	2	0	255
laneCase	0	1	3	1	1
laneCase	0	1	4	1	2
laneCase	0	1	5	1	3
laneCase	0	1	66	1	64
laneCase	0	1	130	1	128
laneCase	0	1	131	1	129
laneCase	0	1	132	1	130
laneCase	0	1	1	1	255
laneCase	0	1	2	1	0
laneCase	0	1	3	2	2
laneCase	0	1	4	2	3
laneCase	0	1	5	2	4
laneCase	0	1	66	2	65
laneCase	0	1	130	2	129
laneCase	0	1	131	2	130
laneCase	0	1	132	2	131
laneCase	0	1	1	2	0
laneCase	0	1	2	2	1
laneCase	0	1	3	63	63
laneCase	0	1	4	63	64
laneCase	0	1	5	63	65
laneCase	0	1	66	63	126
laneCase	0	1	130	63	190
laneCase	0	1	131	63	191
laneCase	0	1	132	63	192
laneCase	0	1	1	63	61
laneCase	0	1	2	63	62
laneCase	0	1	3	127	127
laneCase	0	1	4	127	128
laneCase	0	1	5	127	129
laneCase	0	1	66	127	190
laneCase	0	1	130	127	254
laneCase	0	1	131	127	255
laneCase	0	1	132	127	0
laneCase	0	1	1	127	125
laneCase	0	1	2	127	126
laneCase	0	1	3	128	128
laneCase	0	1	4	128	129
laneCase	0	1	5	128	130
laneCase	0	1	66	128	191
laneCase	0	1	130	128	255
laneCase	0	1	131	128	0
laneCase	0	1	132	128	1
laneCase	0	1	1	128	126
laneCase	0	1	2	128	127
laneCase	0	1	3	129	129
laneCase	0	1	4	129	130
laneCase	0	1	5	129	131
laneCase	0	1	66	129	192
laneCase	0	1	130	129	0
laneCase	0	1	131	129	1
laneCase	0	1	132	129	2
laneCase	0	1	1	129	127
laneCase	0	1	2	129	128
laneCase	0	1	3	254	254
laneCase	0	1	4	254	255
laneCase	0	1	5	254	0
laneCase	0	1	66	254	61
laneCase	0	1	130	254	125
laneCase	0	1	131	254	126
laneCase	0	1	132	254	127
laneCase	0	1	1	254	252
laneCase	0	1	2	254	253
laneCase	0	1	3	255	255
laneCase	0	1	4	255	0
laneCase	0	1	5	255	1
laneCase	0	1	66	255	62
laneCase	0	1	130	255	126
laneCase	0	1	131	255	127
laneCase	0	1	132	255	128
laneCase	0	1	1	255	253
laneCase	0	1	2	255	254
laneCase	0	2	255	181	0
laneCase	0	2	255	108	1
laneCase	0	2	255	35	2
laneCase	0	2	255	190	63
laneCase	0	2	255	126	127
laneCase	0	2	255	53	128
laneCase	0	2	255	236	129
laneCase	0	2	255	71	254
laneCase	0	2	255	254	255
laneCase	0	2	0	181	1
laneCase	0	2	0	108	2
laneCase	0	2	0	35	3
laneCase	0	2	0	190	64
laneCase	0	2	0	126	128
laneCase	0	2	0	53	129
laneCase	0	2	0	236	130
laneCase	0	2	0	71	255
laneCase	0	2	0	254	0
laneCase	0	2	1	181	2
laneCase	0	2	1	108	3
laneCase	0	2	1	35	4
laneCase	0	2	1	190	65
laneCase	0	2	1	126	129
laneCase	0	2	1	53	130
laneCase	0	2	1	236	131
laneCase	0	2	1	71	0
laneCase	0	2	1	254	1
laneCase	0	2	62	181	63
laneCase	0	2	62	108	64
laneCase	0	2	62	35	65
laneCase	0	2	62	190	126
laneCase	0	2	62	126	190
laneCase	0	2	62	53	191
laneCase	0	2	62	236	192
laneCase	0	2	62	71	61
laneCase	0	2	62	254	62
laneCase	0	2	126	181	127
laneCase	0	2	126	108	128
laneCase	0	2	126	35	129
laneCase	0	2	126	190	190
laneCase	0	2	126	126	254
laneCase	0	2	126	53	255
laneCase	0	2	126	236	0
laneCase	0	2	126	71	125
laneCase	0	2	126	254	126
laneCase	0	2	127	181	128
laneCase	0	2	127	108	129
laneCase	0	2	127	35	130
laneCase	0	2	127	190	191
laneCase	0	2	127	126	255
laneCase	0	2	127	53	0
laneCase	0	2	127	236	1
laneCase	0	2	127	71	126
laneCase	0	2	127	254	127
laneCase	0	2	128	181	129
laneCase	0	2	128	108	130
laneCase	0	2	128	35	131
laneCase	0	2	128	190	192
laneCase	0	2	128	126	0
laneCase	0	2	128	53	1
laneCase	0	2	128	236	2
laneCase	0	2	128	71	127
laneCase	0	2	128	254	128
laneCase	0	2	253	181	254
laneCase	0	2	253	108	255
laneCase	0	2	253	35	0
laneCase	0	2	253	190	61
laneCase	0	2	253	126	125
laneCase	0	2	253	53	126
laneCase	0	2	253	236	127
laneCase	0	2	253	71	252
laneCase	0	2	253	254	253
laneCase	0	2	254	181	255
laneCase	0	2	254	108	0
laneCase	0	2	254	35	1
laneCase	0	2	254	190	62
laneCase	0	2	254	126	126
laneCase	0	2	254	53	127
laneCase	0	2	254	236	128
laneCase	0	2	254	71	253
laneCase	0	2	254	254	254
laneCase	0	3	211	1	0
laneCase	0	3	118	1	1
laneCase	0	3	25	1	2
laneCase	0	3	240	1	63
laneCase	0	3	176	1	127
laneCase	0	3	83	1	128
laneCase	0	3	246	1	129
laneCase	0	3	141	1	254
laneCase	0	3	48	1	255
laneCase	0	3	211	2	1
laneCase	0	3	118	2	2
laneCase	0	3	25	2	3
laneCase	0	3	240	2	64
laneCase	0	3	176	2	128
laneCase	0	3	83	2	129
laneCase	0	3	246	2	130
laneCase	0	3	141	2	255
laneCase	0	3	48	2	0
laneCase	0	3	211	3	2
laneCase	0	3	118	3	3
laneCase	0	3	25	3	4
laneCase	0	3	240	3	65
laneCase	0	3	176	3	129
laneCase	0	3	83	3	130
laneCase	0	3	246	3	131
laneCase	0	3	141	3	0
laneCase	0	3	48	3	1
laneCase	0	3	211	64	63
laneCase	0	3	118	64	64
laneCase	0	3	25	64	65
laneCase	0	3	240	64	126
laneCase	0	3	176	64	190
laneCase	0	3	83	64	191
laneCase	0	3	246	64	192
laneCase	0	3	141	64	61
laneCase	0	3	48	64	62
laneCase	0	3	211	128	127
laneCase	0	3	118	128	128
laneCase	0	3	25	128	129
laneCase	0	3	240	128	190
laneCase	0	3	176	128	254
laneCase	0	3	83	128	255
laneCase	0	3	246	128	0
laneCase	0	3	141	128	125
laneCase	0	3	48	128	126
laneCase	0	3	211	129	128
laneCase	0	3	118	129	129
laneCase	0	3	25	129	130
laneCase	0	3	240	129	191
laneCase	0	3	176	129	255
laneCase	0	3	83	129	0
laneCase	0	3	246	129	1
laneCase	0	3	141	129	126
laneCase	0	3	48	129	127
laneCase	0	3	211	130	129
laneCase	0	3	118	130	130
laneCase	0	3	25	130	131
laneCase	0	3	240	130	192
laneCase	0	3	176	130	0
laneCase	0	3	83	130	1
laneCase	0	3	246	130	2
laneCase	0	3	141	130	127
laneCase	0	3	48	130	128
laneCase	0	3	211	255	254
laneCase	0	3	118	255	255
laneCase	0	3	25	255	0
laneCase	0	3	240	255	61
laneCase	0	3	176	255	125
laneCase	0	3	83	255	126
laneCase	0	3	246	255	127
laneCase	0	3	141	255	252
laneCase	0	3	48	255	253
laneCase	0	3	211	0	255
laneCase	0	3	118	0	0
laneCase	0	3	25	0	1
laneCase	0	3	240	0	62
laneCase	0	3	176	0	126
laneCase	0	3	83	0	127
laneCase	0	3	246	0	128
laneCase	0	3	141	0	253
laneCase	0	3	48	0	254
laneCase	0	4	129	128	0
laneCase	0	4	129	129	1
laneCase	0	4	129	130	2
laneCase	0	4	129	191	63
laneCase	0	4	129	255	127
laneCase	0	4	129	0	128
laneCase	0	4	129	1	129
laneCase	0	4	129	126	254
laneCase	0	4	129	127	255
laneCase	0	4	130	128	1
laneCase	0	4	130	129	2
laneCase	0	4	130	130	3
laneCase	0	4	130	191	64
laneCase	0	4	130	255	128
laneCase	0	4	130	0	129
laneCase	0	4	130	1	130
laneCase	0	4	130	126	255
laneCase	0	4	130	127	0
laneCase	0	4	131	128	2
laneCase	0	4	131	129	3
laneCase	0	4	131	130	4
laneCase	0	4	131	191	65
laneCase	0	4	131	255	129
laneCase	0	4	131	0	130
laneCase	0	4	131	1	131
laneCase	0	4	131	126	0
laneCase	0	4	131	127	1
laneCase	0	4	192	128	63
laneCase	0	4	192	129	64
laneCase	0	4	192	130	65
laneCase	0	4	192	191	126
laneCase	0	4	192	255	190
laneCase	0	4	192	0	191
laneCase	0	4	192	1	192
laneCase	0	4	192	126	61
laneCase	0	4	192	127	62
laneCase	0	4	0	128	127
laneCase	0	4	0	129	128
laneCase	0	4	0	130	129
laneCase	0	4	0	191	190
laneCase	0	4	0	255	254
laneCase	0	4	0	0	255
laneCase	0	4	0	1	0
laneCase	0	4	0	126	125
laneCase	0	4	0	127	126
laneCase	0	4	1	128	128
laneCase	0	4	1	129	129
laneCase	0	4	1	130	130
laneCase	0	4	1	191	191
laneCase	0	4	1	255	255
laneCase	0	4	1	0	0
laneCase	0	4	1	1	1
laneCase	0	4	1	126	126
laneCase	0	4	1	127	127
laneCase	0	4	2	128	129
laneCase	0	4	2	129	130
laneCase	0	4	2	130	131
laneCase	0	4	2	191	192
laneCase	0	4	2	255	0
laneCase	0	4	2	0	1
laneCase	0	4	2	1	2
laneCase	0	4	2	126	127
laneCase	0	4	2	127	128
laneCase	0	4	127	128	254
laneCase	0	4	127	129	255
laneCase	0	4	127	130	0
laneCase	0	4	127	191	61
laneCase	0	4	127	255	125
laneCase	0	4	127	0	126
laneCase	0	4	127	1	127
laneCase	0	4	127	126	252
laneCase	0	4	127	127	253
laneCase	0	4	128	128	255
laneCase	0	4	128	129	0
laneCase	0	4	128	130	1
laneCase	0	4	128	191	62
laneCase	0	4	128	255	126
laneCase	0	4	128	0	127
laneCase	0	4	128	1	128
laneCase	0	4	128	126	253
laneCase	0	4	128	127	254
laneCase	0	5	127	128	0
laneCase	0	5	128	128	1
laneCase	0	5	129	128	2
laneCase	0	5	190	128	63
laneCase	0	5	254	128	127
laneCase	0	5	255	128	128
laneCase	0	5	0	128	129
laneCase	0	5	125	128	254
laneCase	0	5	126	128	255
laneCase	0	5	127	129	1
laneCase	0	5	128	129	2
laneCase	0	5	129	129	3
laneCase	0	5	190	129	64
laneCase	0	5	254	129	128
laneCase	0	5	255	129	129
laneCase	0	5	0	129	130
laneCase	0	5	125	129	255
laneCase	0	5	126	129	0
laneCase	0	5	127	130	2
laneCase	0	5	128	130	3
laneCase	0	5	129	130	4
laneCase	0	5	190	130	65
laneCase	0	5	254	130	129
laneCase	0	5	255	130	130
laneCase	0	5	0	130	131
laneCase	0	5	125	130	0
laneCase	0	5	126	130	1
laneCase	0	5	127	191	63
laneCase	0	5	128	191	64
laneCase	0	5	129	191	65
laneCase	0	5	190	191	126
laneCase	0	5	254	191	190
laneCase	0	5	255	191	191
laneCase	0	5	0	191	192
laneCase	0	5	125	191	61
laneCase	0	5	126	191	62
laneCase	0	5	127	255	127
laneCase	0	5	128	255	128
laneCase	0	5	129	255	129
laneCase	0	5	190	255	190
laneCase	0	5	254	255	254
laneCase	0	5	255	255	255
laneCase	0	5	0	255	0
laneCase	0	5	125	255	125
laneCase	0	5	126	255	126
laneCase	0	5	127	0	128
laneCase	0	5	128	0	129
laneCase	0	5	129	0	130
laneCase	0	5	190	0	191
laneCase	0	5	254	0	255
laneCase	0	5	255	0	0
laneCase	0	5	0	0	1
laneCase	0	5	125	0	126
laneCase	0	5	126	0	127
laneCase	0	5	127	1	129
laneCase	0	5	128	1	130
laneCase	0	5	129	1	131
laneCase	0	5	190	1	192
laneCase	0	5	254	1	0
laneCase	0	5	255	1	1
laneCase	0	5	0	1	2
laneCase	0	5	125	1	127
laneCase	0	5	126	1	128
laneCase	0	5	127	126	254
laneCase	0	5	128	126	255
laneCase	0	5	129	126	0
laneCase	0	5	190	126	61
laneCase	0	5	254	126	125
laneCase	0	5	255	126	126
laneCase	0	5	0	126	127
laneCase	0	5	125	126	252
laneCase	0	5	126	126	253
laneCase	0	5	127	127	255
laneCase	0	5	128	127	0
laneCase	0	5	129	127	1
laneCase	0	5	190	127	62
laneCase	0	5	254	127	126
laneCase	0	5	255	127	127
laneCase	0	5	0	127	128
laneCase	0	5	125	127	253
laneCase	0	5	126	127	254
laneCase	0	6	83	97	0
laneCase	0	6	83	38	1
laneCase	0	6	83	235	2
laneCase	0	6	83	220	63
laneCase	0	6	83	28	127
laneCase	0	6	83	225	128
laneCase	0	6	83	166	129
laneCase	0	6	83	215	254
laneCase	0	6	83	156	255
laneCase	0	6	254	97	1
laneCase	0	6	254	38	2
laneCase	0	6	254	235	3
laneCase	0	6	254	220	64
laneCase	0	6	254	28	128
laneCase	0	6	254	225	129
laneCase	0	6	254	166	130
laneCase	0	6	254	215	255
laneCase	0	6	254	156	0
laneCase	0	6	169	97	2
laneCase	0	6	169	38	3
laneCase	0	6	169	235	4
laneCase	0	6	169	220	65
laneCase	0	6	169	28	129
laneCase	0	6	169	225	130
laneCase	0	6	169	166	131
laneCase	0	6	169	215	0
laneCase	0	6	169	156	1
laneCase	0	6	104	97	63
laneCase	0	6	104	38	64
laneCase	0	6	104	235	65
laneCase	0	6	104	220	126
laneCase	0	6	104	28	190
laneCase	0	6	104	225	191
laneCase	0	6	104	166	192
laneCase	0	6	104	215	61
laneCase	0	6	104	156	62
laneCase	0	6	40	97	127
laneCase	0	6	40	38	128
laneCase	0	6	40	235	129
laneCase	0	6	40	220	190
laneCase	0	6	40	28	254
laneCase	0	6	40	225	255
laneCase	0	6	40	166	0
laneCase	0	6	40	215	125
laneCase	0	6	40	156	126
laneCase	0	6	211	97	128
laneCase	0	6	211	38	129
laneCase	0	6	211	235	130
laneCase	0	6	211	220	191
laneCase	0	6	211	28	255
laneCase	0	6	211	225	0
laneCase	0	6	211	166	1
laneCase	0	6	211	215	126
laneCase	0	6	211	156	127
laneCase	0	6	126	97	129
laneCase	0	6	126	38	130
laneCase	0	6	126	235	131
laneCase	0	6	126	220	192
laneCase	0	6	126	28	0
laneCase	0	6	126	225	1
laneCase	0	6	126	166	2
laneCase	0	6	126	215	127
laneCase	0	6	126	156	128
laneCase	0	6	253	97	254
laneCase	0	6	253	38	255
laneCase	0	6	253	235	0
laneCase	0	6	253	220	61
laneCase	0	6	253	28	125
laneCase	0	6	253	225	126
laneCase	0	6	253	166	127
laneCase	0	6	253	215	252
laneCase	0	6	253	156	253
laneCase	0	6	168	97	255
laneCase	0	6	168	38	0
laneCase	0	6	168	235	1
laneCase	0	6	168	220	62
laneCase	0	6	168	28	126
laneCase	0	6	168	225	127
laneCase	0	6	168	166	128
laneCase	0	6	168	215	253
laneCase	0	6	168	156	254
laneCase	0	7	167	207	0
laneCase	0	7	152	207	1
laneCase	0	7	137	207	2
laneCase	0	7	246	207	63
laneCase	0	7	54	207	127
laneCase	0	7	39	207	128
laneCase	0	7	24	207	129
laneCase	0	7	197	207	254
laneCase	0	7	182	207	255
laneCase	0	7	167	156	1
laneCase	0	7	152	156	2
laneCase	0	7	137	156	3
laneCase	0	7	246	156	64
laneCase	0	7	54	156	128
laneCase	0	7	39	156	129
laneCase	0	7	24	156	130
laneCase	0	7	197	156	255
laneCase	0	7	182	156	0
laneCase	0	7	167	105	2
laneCase	0	7	152	105	3
laneCase	0	7	137	105	4
laneCase	0	7	246	105	65
laneCase	0	7	54	105	129
laneCase	0	7	39	105	130
laneCase	0	7	24	105	131
laneCase	0	7	197	105	0
laneCase	0	7	182	105	1
laneCase	0	7	167	66	63
laneCase	0	7	152	66	64
laneCase	0	7	137	66	65
laneCase	0	7	246	66	126
laneCase	0	7	54	66	190
laneCase	0	7	39	66	191
laneCase	0	7	24	66	192
laneCase	0	7	197	66	61
laneCase	0	7	182	66	62
laneCase	0	7	167	130	127
laneCase	0	7	152	130	128
laneCase	0	7	137	130	129
laneCase	0	7	246	130	190
laneCase	0	7	54	130	254
laneCase	0	7	39	130	255
laneCase	0	7	24	130	0
laneCase	0	7	197	130	125
laneCase	0	7	182	130	126
laneCase	0	7	167	79	128
laneCase	0	7	152	79	129
laneCase	0	7	137	79	130
laneCase	0	7	246	79	191
laneCase	0	7	54	79	255
laneCase	0	7	39	79	0
laneCase	0	7	24	79	1
laneCase	0	7	197	79	126
laneCase	0	7	182	79	127
laneCase	0	7	167	28	129
laneCase	0	7	152	28	130
laneCase	0	7	137	28	131
laneCase	0	7	246	28	192
laneCase	0	7	54	28	0
laneCase	0	7	39	28	1
laneCase	0	7	24	28	2
laneCase	0	7	197	28	127
laneCase	0	7	182	28	128
laneCase	0	7	167	53	254
laneCase	0	7	152	53	255
laneCase	0	7	137	53	0
laneCase	0	7	246	53	61
laneCase	0	7	54	53	125
laneCase	0	7	39	53	126
laneCase	0	7	24	53	127
laneCase	0	7	197	53	252
laneCase	0	7	182	53	253
laneCase	0	7	167	2	255
laneCase	0	7	152	2	0
laneCase	0	7	137	2	1
laneCase	0	7	246	2	62
laneCase	0	7	54	2	126
laneCase	0	7	39	2	127
laneCase	0	7	24	2	128
laneCase	0	7	197	2	253
laneCase	0	7	182	2	254
laneCase	0	8	69	53	0
laneCase	0	8	69	220	1
laneCase	0	8	69	131	2
laneCase	0	8	69	78	63
laneCase	0	8	69	14	127
laneCase	0	8	69	181	128
laneCase	0	8	69	92	129
laneCase	0	8	69	231	254
laneCase	0	8	69	142	255
laneCase	0	8	252	53	1
laneCase	0	8	252	220	2
laneCase	0	8	252	131	3
laneCase	0	8	252	78	64
laneCase	0	8	252	14	128
laneCase	0	8	252	181	129
laneCase	0	8	252	92	130
laneCase	0	8	252	231	255
laneCase	0	8	252	142	0
laneCase	0	8	179	53	2
laneCase	0	8	179	220	3
laneCase	0	8	179	131	4
laneCase	0	8	179	78	65
laneCase	0	8	179	14	129
laneCase	0	8	179	181	130
laneCase	0	8	179	92	131
laneCase	0	8	179	231	0
laneCase	0	8	179	142	1
laneCase	0	8	78	53	63
laneCase	0	8	78	220	64
laneCase	0	8	78	131	65
laneCase	0	8	78	78	126
laneCase	0	8	78	14	190
laneCase	0	8	78	181	191
laneCase	0	8	78	92	192
laneCase	0	8	78	231	61
laneCase	0	8	78	142	62
laneCase	0	8	14	53	127
laneCase	0	8	14	220	128
laneCase	0	8	14	131	129
laneCase	0	8	14	78	190
laneCase	0	8	14	14	254
laneCase	0	8	14	181	255
laneCase	0	8	14	92	0
laneCase	0	8	14	231	125
laneCase	0	8	14	142	126
laneCase	0	8	197	53	128
laneCase	0	8	197	220	129
laneCase	0	8	197	131	130
laneCase	0	8	197	78	191
laneCase	0	8	197	14	255
laneCase	0	8	197	181	0
laneCase	0	8	197	92	1
laneCase	0	8	197	231	126
laneCase	0	8	197	142	127
laneCase	0	8	124	53	129
laneCase	0	8	124	220	130
laneCase	0	8	124	131	131
laneCase	0	8	124	78	192
laneCase	0	8	124	14	0
laneCase	0	8	124	181	1
laneCase	0	8	124	92	2
laneCase	0	8	124	231	127
laneCase	0	8	124	142	128
laneCase	0	8	215	53	254
laneCase	0	8	215	220	255
laneCase	0	8	215	131	0
laneCase	0	8	215	78	61
laneCase	0	8	215	14	125
laneCase	0	8	215	181	126
laneCase	0	8	215	92	127
laneCase	0	8	215	231	252
laneCase	0	8	215	142	253
laneCase	0	8	142	53	255
laneCase	0	8	142	220	0
laneCase	0	8	142	131	1
laneCase	0	8	142	78	62
laneCase	0	8	142	14	126
laneCase	0	8	142	181	127
laneCase	0	8	142	92	128
laneCase	0	8	142	231	253
laneCase	0	8	142	142	254
laneCase	0	9	187	231	0
laneCase	0	9	228	231	1
laneCase	0	9	13	231	2
laneCase	0	9	210	231	63
laneCase	0	9	18	231	127
laneCase	0	9	59	231	128
laneCase	0	9	100	231	129
laneCase	0	9	105	231	254
laneCase	0	9	146	231	255
laneCase	0	9	187	32	1
laneCase	0	9	228	32	2
laneCase	0	9	13	32	3
laneCase	0	9	210	32	64
laneCase	0	9	18	32	128
laneCase	0	9	59	32	129
laneCase	0	9	100	32	130
laneCase	0	9	105	32	255
laneCase	0	9	146	32	0
laneCase	0	9	187	89	2
laneCase	0	9	228	89	3
laneCase	0	9	13	89	4
laneCase	0	9	210	89	65
laneCase	0	9	18	89	129
laneCase	0	9	59	89	130
laneCase	0	9	100	89	131
laneCase	0	9	105	89	0
laneCase	0	9	146	89	1
laneCase	0	9	187	238	63
laneCase	0	9	228	238	64
laneCase	0	9	13	238	65
laneCase	0	9	210	238	126
laneCase	0	9	18	238	190
laneCase	0	9	59	238	191
laneCase	0	9	100	238	192
laneCase	0	9	105	238	61
laneCase	0	9	146	238	62
laneCase	0	9	187	46	127
laneCase	0	9	228	46	128
laneCase	0	9	13	46	129
laneCase	0	9	210	46	190
laneCase	0	9	18	46	254
laneCase	0	9	59	46	255
laneCase	0	9	100	46	0
laneCase	0	9	105	46	125
laneCase	0	9	146	46	126
laneCase	0	9	187	103	128
laneCase	0	9	228	103	129
laneCase	0	9	13	103	130
laneCase	0	9	210	103	191
laneCase	0	9	18	103	255
laneCase	0	9	59	103	0
laneCase	0	9	100	103	1
laneCase	0	9	105	103	126
laneCase	0	9	146	103	127
laneCase	0	9	187	160	129
laneCase	0	9	228	160	130
laneCase	0	9	13	160	131
laneCase	0	9	210	160	192
laneCase	0	9	18	160	0
laneCase	0	9	59	160	1
laneCase	0	9	100	160	2
laneCase	0	9	105	160	127
laneCase	0	9	146	160	128
laneCase	0	9	187	117	254
laneCase	0	9	228	117	255
laneCase	0	9	13	117	0
laneCase	0	9	210	117	61
laneCase	0	9	18	117	125
laneCase	0	9	59	117	126
laneCase	0	9	100	117	127
laneCase	0	9	105	117	252
laneCase	0	9	146	117	253
laneCase	0	9	187	174	255
laneCase	0	9	228	174	0
laneCase	0	9	13	174	1
laneCase	0	9	210	174	62
laneCase	0	9	18	174	126
laneCase	0	9	59	174	127
laneCase	0	9	100	174	128
laneCase	0	9	105	174	253
laneCase	0	9	146	174	254
laneCase	0	10	113	187	0
laneCase	0	10	113	206	1
laneCase	0	10	113	225	2
laneCase	0	10	113	104	63
laneCase	0	10	113	40	127
laneCase	0	10	113	59	128
laneCase	0	10	113	78	129
laneCase	0	10	113	149	254
laneCase	0	10	113	168	255
laneCase	0	10	20	187	1
laneCase	0	10	20	206	2
laneCase	0	10	20	225	3
laneCase	0	10	20	104	64
laneCase	0	10	20	40	128
laneCase	0	10	20	59	129
laneCase	0	10	20	78	130
laneCase	0	10	20	149	255
laneCase	0	10	20	168	0
laneCase	0	10	183	187	2
laneCase	0	10	183	206	3
laneCase	0	10	183	225	4
laneCase	0	10	183	104	65
laneCase	0	10	183	40	129
laneCase	0	10	183	59	130
laneCase	0	10	183	78	131
laneCase	0	10	183	149	0
laneCase	0	10	183	168	1
laneCase	0	10	142	187	63
laneCase	0	10	142	206	64
laneCase	0	10	142	225	65
laneCase	0	10	142	104	126
laneCase	0	10	142	40	190
laneCase	0	10	142	59	191
laneCase	0	10	142	78	192
laneCase	0	10	142	149	61
laneCase	0	10	142	168	62
laneCase	0	10	78	187	127
laneCase	0	10	78	206	128
laneCase	0	10	78	225	129
laneCase	0	10	78	104	190
laneCase	0	10	78	40	254
laneCase	0	10	78	59	255
laneCase	0	10	78	78	0
laneCase	0	10	78	149	125
laneCase	0	10	78	168	126
laneCase	0	10	241	187	128
laneCase	0	10	241	206	129
laneCase	0	10	241	225	130
laneCase	0	10	241	104	191
laneCase	0	10	241	40	255
laneCase	0	10	241	59	0
laneCase	0	10	241	78	1
laneCase	0	10	241	149	126
laneCase	0	10	241	168	127
laneCase	0	10	148	187	129
laneCase	0	10	148	206	130
laneCase	0	10	148	225	131
laneCase	0	10	148	104	192
laneCase	0	10	148	40	0
laneCase	0	10	148	59	1
laneCase	0	10	148	78	2
laneCase	0	10	148	149	127
laneCase	0	10	148	168	128
laneCase	0	10	43	187	254
laneCase	0	10	43	206	255
laneCase	0	10	43	225	0
laneCase	0	10	43	104	61
laneCase	0	10	43	40	125
laneCase	0	10	43	59	126
laneCase	0	10	43	78	127
laneCase	0	10	43	149	252
laneCase	0	10	43	168	253
laneCase	0	10	206	187	255
laneCase	0	10	206	206	0
laneCase	0	10	206	225	1
laneCase	0	10	206	104	62
laneCase	0	10	206	40	126
laneCase	0	10	206	59	127
laneCase	0	10	206	78	128
laneCase	0	10	206	149	253
laneCase	0	10	206	168	254
laneCase	0	11	29	141	0
laneCase	0	11	82	141	1
laneCase	0	11	135	141	2
laneCase	0	11	40	141	63
laneCase	0	11	104	141	127
laneCase	0	11	157	141	128
laneCase	0	11	210	141	129
laneCase	0	11	179	141	254
laneCase	0	11	232	141	255
laneCase	0	11	29	82	1
laneCase	0	11	82	82	2
laneCase	0	11	135	82	3
laneCase	0	11	40	82	64
laneCase	0	11	104	82	128
laneCase	0	11	157	82	129
laneCase	0	11	210	82	130
laneCase	0	11	179	82	255
laneCase	0	11	232	82	0
laneCase	0	11	29	23	2
laneCase	0	11	82	23	3
laneCase	0	11	135	23	4
laneCase	0	11	40	23	65
laneCase	0	11	104	23	129
laneCase	0	11	157	23	130
laneCase	0	11	210	23	131
laneCase	0	11	179	23	0
laneCase	0	11	232	23	1
laneCase	0	11	29	8	63
laneCase	0	11	82	8	64
laneCase	0	11	135	8	65
laneCase	0	11	40	8	126
laneCase	0	11	104	8	190
laneCase	0	11	157	8	191
laneCase	0	11	210	8	192
laneCase	0	11	179	8	61
laneCase	0	11	232	8	62
laneCase	0	11	29	72	127
laneCase	0	11	82	72	128
laneCase	0	11	135	72	129
laneCase	0	11	40	72	190
laneCase	0	11	104	72	254
laneCase	0	11	157	72	255
laneCase	0	11	210	72	0
laneCase	0	11	179	72	125
laneCase	0	11	232	72	126
laneCase	0	11	29	13	128
laneCase	0	11	82	13	129
laneCase	0	11	135	13	130
laneCase	0	11	40	13	191
laneCase	0	11	104	13	255
laneCase	0	11	157	13	0
laneCase	0	11	210	13	1
laneCase	0	11	179	13	126
laneCase	0	11	232	13	127
laneCase	0	11	29	210	129
laneCase	0	11	82	210	130
laneCase	0	11	135	210	131
laneCase	0	11	40	210	192
laneCase	0	11	104	210	0
laneCase	0	11	157	210	1
laneCase	0	11	210	210	2
laneCase	0	11	179	210	127
laneCase	0	11	232	210	128
laneCase	0	11	29	3	254
laneCase	0	11	82	3	255
laneCase	0	11	135	3	0
laneCase	0	11	40	3	61
laneCase	0	11	104	3	125
laneCase	0	11	157	3	126
laneCase	0	11	210	3	127
laneCase	0	11	179	3	252
laneCase	0	11	232	3	253
laneCase	0	11	29	200	255
laneCase	0	11	82	200	0
laneCase	0	11	135	200	1
laneCase	0	11	40	200	62
laneCase	0	11	104	200	126
laneCase	0	11	157	200	127
laneCase	0	11	210	200	128
laneCase	0	11	179	200	253
laneCase	0	11	232	200	254
laneCase	0	12	219	47	0
laneCase	0	12	219	14	1
laneCase	0	12	219	237	2
laneCase	0	12	219	16	63
laneCase	0	12	219	208	127
laneCase	0	12	219	175	128
laneCase	0	12	219	142	129
laneCase	0	12	219	113	254
laneCase	0	12	219	80	255
laneCase	0	12	202	47	1
laneCase	0	12	202	14	2
laneCase	0	12	202	237	3
laneCase	0	12	202	16	64
laneCase	0	12	202	208	128
laneCase	0	12	202	175	129
laneCase	0	12	202	142	130
laneCase	0	12	202	113	255
laneCase	0	12	202	80	0
laneCase	0	12	185	47	2
laneCase	0	12	185	14	3
laneCase	0	12	185	237	4
laneCase	0	12	185	16	65
laneCase	0	12	185	208	129
laneCase	0	12	185	175	130
laneCase	0	12	185	142	131
laneCase	0	12	185	113	0
laneCase	0	12	185	80	1
laneCase	0	12	172	47	63
laneCase	0	12	172	14	64
laneCase	0	12	172	237	65
laneCase	0	12	172	16	126
laneCase	0	12	172	208	190
laneCase	0	12	172	175	191
laneCase	0	12	172	142	192
laneCase	0	12	172	113	61
laneCase	0	12	172	80	62
laneCase	0	12	108	47	127
laneCase	0	12	108	14	128
laneCase	0	12	108	237	129
laneCase	0	12	108	16	190
laneCase	0	12	108	208	254
laneCase	0	12	108	175	255
laneCase	0	12	108	142	0
laneCase	0	12	108	113	125
laneCase	0	12	108	80	126
laneCase	0	12	91	47	128
laneCase	0	12	91	14	129
laneCase	0	12	91	237	130
laneCase	0	12	91	16	191
laneCase	0	12	91	208	255
laneCase	0	12	91	175	0
laneCase	0	12	91	142	1
laneCase	0	12	91	113	126
laneCase	0	12	91	80	127
laneCase	0	12	74	47	129
laneCase	0	12	74	14	130
laneCase	0	12	74	237	131
laneCase	0	12	74	16	192
laneCase	0	12	74	208	0
laneCase	0	12	74	175	1
laneCase	0	12	74	142	2
laneCase	0	12	74	113	127
laneCase	0	12	74	80	128
laneCase	0	12	253	47	254
laneCase	0	12	253	14	255
laneCase	0	12	253	237	0
laneCase	0	12	253	16	61
laneCase	0	12	253	208	125
laneCase	0	12	253	175	126
laneCase	0	12	253	142	127
laneCase	0	12	253	113	252
laneCase	0	12	253	80	253
laneCase	0	12	236	47	255
laneCase	0	12	236	14	0
laneCase	0	12	236	237	1
laneCase	0	12	236	16	62
laneCase	0	12	236	208	126
laneCase	0	12	236	175	127
laneCase	0	12	236	142	128
laneCase	0	12	236	113	253
laneCase	0	12	236	80	254
laneCase	0	13	243	63	0
laneCase	0	13	212	63	1
laneCase	0	13	181	63	2
laneCase	0	13	82	63	63
laneCase	0	13	146	63	127
laneCase	0	13	115	63	128
laneCase	0	13	84	63	129
laneCase	0	13	49	63	254
laneCase	0	13	18	63	255
laneCase	0	13	243	48	1
laneCase	0	13	212	48	2
laneCase	0	13	181	48	3
laneCase	0	13	82	48	64
laneCase	0	13	146	48	128
laneCase	0	13	115	48	129
laneCase	0	13	84	48	130
laneCase	0	13	49	48	255
laneCase	0	13	18	48	0
laneCase	0	13	243	33	2
laneCase	0	13	212	33	3
laneCase	0	13	181	33	4
laneCase	0	13	82	33	65
laneCase	0	13	146	33	129
laneCase	0	13	115	33	130
laneCase	0	13	84	33	131
laneCase	0	13	49	33	0
laneCase	0	13	18	33	1
laneCase	0	13	243	142	63
laneCase	0	13	212	142	64
laneCase	0	13	181	142	65
laneCase	0	13	82	142	126
laneCase	0	13	146	142	190
laneCase	0	13	115	142	191
laneCase	0	13	84	142	192
laneCase	0	13	49	142	61
laneCase	0	13	18	142	62
laneCase	0	13	243	206	127
laneCase	0	13	212	206	128
laneCase	0	13	181	206	129
laneCase	0	13	82	206	190
laneCase	0	13	146	206	254
laneCase	0	13	115	206	255
laneCase	0	13	84	206	0
laneCase	0	13	49	206	125
laneCase	0	13	18	206	126
laneCase	0	13	243	191	128
laneCase	0	13	212	191	129
laneCase	0	13	181	191	130
laneCase	0	13	82	191	191
laneCase	0	13	146	191	255
laneCase	0	13	115	191	0
laneCase	0	13	84	191	1
laneCase	0	13	49	191	126
laneCase	0	13	18	191	127
laneCase	0	13	243	176	129
laneCase	0	13	212	176	130
laneCase	0	13	181	176	131
laneCase	0	13	82	176	192
laneCase	0	13	146	176	0
laneCase	0	13	115	176	1
laneCase	0	13	84	176	2
laneCase	0	13	49	176	127
laneCase	0	13	18	176	128
laneCase	0	13	243	93	254
laneCase	0	13	212	93	255
laneCase	0	13	181	93	0
laneCase	0	13	82	93	61
laneCase	0	13	146	93	125
laneCase	0	13	115	93	126
laneCase	0	13	84	93	127
laneCase	0	13	49	93	252
laneCase	0	13	18	93	253
laneCase	0	13	243	78	255
laneCase	0	13	212	78	0
laneCase	0	13	181	78	1
laneCase	0	13	82	78	62
laneCase	0	13	146	78	126
laneCase	0	13	115	78	127
laneCase	0	13	84	78	128
laneCase	0	13	49	78	253
laneCase	0	13	18	78	254
laneCase	0	14	105	173	0
laneCase	0	14	105	56	1
laneCase	0	14	105	195	2
laneCase	0	14	105	226	63
laneCase	0	14	105	162	127
laneCase	0	14	105	45	128
laneCase	0	14	105	184	129
laneCase	0	14	105	151	254
laneCase	0	14	105	34	255
laneCase	0	14	132	173	1
laneCase	0	14	132	56	2
laneCase	0	14	132	195	3
laneCase	0	14	132	226	64
laneCase	0	14	132	162	128
laneCase	0	14	132	45	129
laneCase	0	14	132	184	130
laneCase	0	14	132	151	255
laneCase	0	14	132	34	0
laneCase	0	14	159	173	2
laneCase	0	14	159	56	3
laneCase	0	14	159	195	4
laneCase	0	14	159	226	65
laneCase	0	14	159	162	129
laneCase	0	14	159	45	130
laneCase	0	14	159	184	131
laneCase	0	14	159	151	0
laneCase	0	14	159	34	1
laneCase	0	14	14	173	63
laneCase	0	14	14	56	64
laneCase	0	14	14	195	65
laneCase	0	14	14	226	126
laneCase	0	14	14	162	190
laneCase	0	14	14	45	191
laneCase	0	14	14	184	192
laneCase	0	14	14	151	61
laneCase	0	14	14	34	62
laneCase	0	14	206	173	127
laneCase	0	14	206	56	128
laneCase	0	14	206	195	129
laneCase	0	14	206	226	190
laneCase	0	14	206	162	254
laneCase	0	14	206	45	255
laneCase	0	14	206	184	0
laneCase	0	14	206	151	125
laneCase	0	14	206	34	126
laneCase	0	14	233	173	128
laneCase	0	14	233	56	129
laneCase	0	14	233	195	130
laneCase	0	14	233	226	191
laneCase	0	14	233	162	255
laneCase	0	14	233	45	0
laneCase	0	14	233	184	1
laneCase	0	14	233	151	126
laneCase	0	14	233	34	127
laneCase	0	14	4	173	129
laneCase	0	14	4	56	130
laneCase	0	14	4	195	131
laneCase	0	14	4	226	192
laneCase	0	14	4	162	0
laneCase	0	14	4	45	1
laneCase	0	14	4	184	2
laneCase	0	14	4	151	127
laneCase	0	14	4	34	128
laneCase	0	14	51	173	254
laneCase	0	14	51	56	255
laneCase	0	14	51	195	0
laneCase	0	14	51	226	61
laneCase	0	14	51	162	125
laneCase	0	14	51	45	126
laneCase	0	14	51	184	127
laneCase	0	14	51	151	252
laneCase	0	14	51	34	253
laneCase	0	14	78	173	255
laneCase	0	14	78	56	0
laneCase	0	14	78	195	1
laneCase	0	14	78	226	62
laneCase	0	14	78	162	126
laneCase	0	14	78	45	127
laneCase	0	14	78	184	128
laneCase	0	14	78	151	253
laneCase	0	14	78	34	254
laneCase	0	15	141	15	0
laneCase	0	15	58	15	1
laneCase	0	15	231	15	2
laneCase	0	15	32	15	63
laneCase	0	15	96	15	127
laneCase	0	15	13	15	128
laneCase	0	15	186	15	129
laneCase	0	15	51	15	254
laneCase	0	15	224	15	255
laneCase	0	15	141	76	1
laneCase	0	15	58	76	2
laneCase	0	15	231	76	3
laneCase	0	15	32	76	64
laneCase	0	15	96	76	128
laneCase	0	15	13	76	129
laneCase	0	15	186	76	130
laneCase	0	15	51	76	255
laneCase	0	15	224	76	0
laneCase	0	15	141	137	2
laneCase	0	15	58	137	3
laneCase	0	15	231	137	4
laneCase	0	15	32	137	65
laneCase	0	15	96	137	129
laneCase	0	15	13	137	130
laneCase	0	15	186	137	131
laneCase	0	15	51	137	0
laneCase	0	15	224	137	1
laneCase	0	15	141	18	63
laneCase	0	15	58	18	64
laneCase	0	15	231	18	65
laneCase	0	15	32	18	126
laneCase	0	15	96	18	190
laneCase	0	15	13	18	191
laneCase	0	15	186	18	192
laneCase	0	15	51	18	61
laneCase	0	15	224	18	62
laneCase	0	15	141	82	127
laneCase	0	15	58	82	128
laneCase	0	15	231	82	129
laneCase	0	15	32	82	190
laneCase	0	15	96	82	254
laneCase	0	15	13	82	255
laneCase	0	15	186	82	0
laneCase	0	15	51	82	125
laneCase	0	15	224	82	126
laneCase	0	15	141	143	128
laneCase	0	15	58	143	129
laneCase	0	15	231	143	130
laneCase	0	15	32	143	191
laneCase	0	15	96	143	255
laneCase	0	15	13	143	0
laneCase	0	15	186	143	1
laneCase	0	15	51	143	126
laneCase	0	15	224	143	127
laneCase	0	15	141	204	129
laneCase	0	15	58	204	130
laneCase	0	15	231	204	131
laneCase	0	15	32	204	192
laneCase	0	15	96	204	0
laneCase	0	15	13	204	1
laneCase	0	15	186	204	2
laneCase	0	15	51	204	127
laneCase	0	15	224	204	128
laneCase	0	15	141	149	254
laneCase	0	15	58	149	255
laneCase	0	15	231	149	0
laneCase	0	15	32	149	61
laneCase	0	15	96	149	125
laneCase	0	15	13	149	126
laneCase	0	15	186	149	127
laneCase	0	15	51	149	252
laneCase	0	15	224	149	253
laneCase	0	15	141	210	255
laneCase	0	15	58	210	0
laneCase	0	15	231	210	1
laneCase	0	15	32	210	62
laneCase	0	15	96	210	126
laneCase	0	15	13	210	127
laneCase	0	15	186	210	128
laneCase	0	15	51	210	253
laneCase	0	15	224	210	254
laneCase	1	0	0	254	0
laneCase	1	0	0	255	255
laneCase	1	0	0	0	254
laneCase	1	0	0	61	193
laneCase	1	0	0	125	129
laneCase	1	0	0	126	128
laneCase	1	0	0	127	127
laneCase	1	0	0	252	2
laneCase	1	0	0	253	1
laneCase	1	0	1	254	1
laneCase	1	0	1	255	0
laneCase	1	0	1	0	255
laneCase	1	0	1	61	194
laneCase	1	0	1	125	130
laneCase	1	0	1	126	129
laneCase	1	0	1	127	128
laneCase	1	0	1	252	3
laneCase	1	0	1	253	2
laneCase	1	0	2	254	2
laneCase	1	0	2	255	1
laneCase	1	0	2	0	0
laneCase	1	0	2	61	195
laneCase	1	0	2	125	131
laneCase	1	0	2	126	130
laneCase	1	0	2	127	129
laneCase	1	0	2	252	4
laneCase	1	0	2	253	3
laneCase	1	0	63	254	63
laneCase	1	0	63	255	62
laneCase	1	0	63	0	61
laneCase	1	0	63	61	0
laneCase	1	0	63	125	192
laneCase	1	0	63	126	191
laneCase	1	0	63	127	190
laneCase	1	0	63	252	65
laneCase	1	0	63	253	64
laneCase	1	0	127	254	127
laneCase	1	0	127	255	126
laneCase	1	0	127	0	125
laneCase	1	0	127	61	64
laneCase	1	0	127	125	0
laneCase	1	0	127	126	255
laneCase	1	0	127	127	254
laneCase	1	0	127	252	129
laneCase	1	0	127	253	128
laneCase	1	0	128	254	128
laneCase	1	0	128	255	127
laneCase	1	0	128	0	126
laneCase	1	0	128	61	65
laneCase	1	0	128	125	1
laneCase	1	0	128	126	0
laneCase	1	0	128	127	255
laneCase	1	0	128	252	130
laneCase	1	0	128	253	129
laneCase	1	0	129	254	129
laneCase	1	0	129	255	128
laneCase	1	0	129	0	127
laneCase	1	0	129	61	66
laneCase	1	0	129	125	2
laneCase	1	0	129	126	1
laneCase	1	0	129	127	0
laneCase	1	0	129	252	131
laneCase	1	0	129	253	130
laneCase	1	0	254	254	254
laneCase	1	0	254	255	253
laneCase	1	0	254	0	252
laneCase	1	0	254	61	191
laneCase	1	0	254	125	127
laneCase	1	0	254	126	126
laneCase	1	0	254	127	125
laneCase	1	0	254	252	0
laneCase	1	0	254	253	255
laneCase	1	0	255	254	255
laneCase	1	0	255	255	254
laneCase	1	0	255	0	253
laneCase	1	0	255	61	192
laneCase	1	0	255	125	128
laneCase	1	0	255	126	127
laneCase	1	0	255	127	126
laneCase	1	0	255	252	1
laneCase	1	0	255	253	0
laneCase	1	1	3	0	0
laneCase	1	1	4	0	255
laneCase	1	1	5	0	254
laneCase	1	1	66	0	193
laneCase	1	1	130	0	129
laneCase	1	1	131	0	128
laneCase	1	1	132	0	127
laneCase	1	1	1	0	2
laneCase	1	1	2	0	1
laneCase	1	1	3	1	1
laneCase	1	1	4	1	0
laneCase	1	1	5	1	255
laneCase	1	1	66	1	194
laneCase	1	1	130	1	130
laneCase	1	1	131	1	129
laneCase	1	1	132	1	128
laneCase	1	1	1	1	3
laneCase	1	1	2	1	2
laneCase	1	1	3	2	2
laneCase	1	1	4	2	1
laneCase	1	1	5	2	0
laneCase	1	1	66	2	195
laneCase	1	1	130	2	131
laneCase	1	1	131	2	130
laneCase	1	1	132	2	129
laneCase	1	1	1	2	4
laneCase	1	1	2	2	3
laneCase	1	1	3	63	63
laneCase	1	1	4	63	62
laneCase	1	1	5	63	61
laneCase	1	1	66	63	0
laneCase	1	1	130	63	192
laneCase	1	1	131	63	191
laneCase	1	1	132	63	190
laneCase	1	1	1	63	65
laneCase	1	1	2	63	64
laneCase	1	1	3	127	127
laneCase	1	1	4	127	126
laneCase	1	1	5	127	125
laneCase	1	1	66	127	64
laneCase	1	1	130	127	0
laneCase	1	1	131	127	255
laneCase	1	1	132	127	254
laneCase	1	1	1	127	129
laneCase	1	1	2	127	128
laneCase	1	1	3	128	128
laneCase	1	1	4	128	127
laneCase	1	1	5	128	126
laneCase	1	1	66	128	65
laneCase	1	1	130	128	1
laneCase	1	1	131	128	0
laneCase	1	1	132	128	255
laneCase	1	1	1	128	130
laneCase	1	1	2	128	129
laneCase	1	1	3	129	129
laneCase	1	1	4	129	128
laneCase	1	1	5	129	127
laneCase	1	1	66	129	66
laneCase	1	1	130	129	2
laneCase	1	1	131	129	1
laneCase	1	1	132	129	0
laneCase	1	1	1	129	131
laneCase	1	1	2	129	130
laneCase	1	1	3	254	254
laneCase	1	1	4	254	253
laneCase	1	1	5	254	252
laneCase	1	1	66	254	191
laneCase	1	1	130	254	127
laneCase	1	1	131	254	126
laneCase	1	1	132	254	125
laneCase	1	1	1	254	0
laneCase	1	1	2	254	255
laneCase	1	1	3	255	255
laneCase	1	1	4	255	254
laneCase	1	1	5	255	253
laneCase	1	1	66	255	192
laneCase	1	1	130	255	128
laneCase	1	1	131	255	127
laneCase	1	1	132	255	126
laneCase	1	1	1	255	1
laneCase	1	1	2	255	0
laneCase	1	2	255	181	0
laneCase	1	2	255	108	255
laneCase	1	2	255	35	254
laneCase	1	2	255	190	193
laneCase	1	2	255	126	129
laneCase	1	2	255	53	128
laneCase	1	2	255	236	127
laneCase	1	2	255	71	2
laneCase	1	2	255	254	1
laneCase	1	2	0	181	1
laneCase	1	2	0	108	0
laneCase	1	2	0	35	255
laneCase	1	2	0	190	194
laneCase	1	2	0	126	130
laneCase	1	2	0	53	129
laneCase	1	2	0	236	128
laneCase	1	2	0	71	3
laneCase	1	2	0	254	2
laneCase	1	2	1	181	2
laneCase	1	2	1	108	1
laneCase	1	2	1	35	0
laneCase	1	2	1	190	195
laneCase	1	2	1	126	131
laneCase	1	2	1	53	130
laneCase	1	2	1	236	129
laneCase	1	2	1	71	4
laneCase	1	2	1	254	3
laneCase	1	2	62	181	63
laneCase	1	2	62	108	62
laneCase	1	2	62	35	61
laneCase	1	2	62	190	0
laneCase	1	2	62	126	192
laneCase	1	2	62	53	191
laneCase	1	2	62	236	190
laneCase	1	2	62	71	65
laneCase	1	2	62	254	64
laneCase	1	2	126	181	127
laneCase	1	2	126	108	126
laneCase	1	2	126	35	125
laneCase	1	2	126	190	64
laneCase	1	2	126	126	0
laneCase	1	2	126	53	255
laneCase	1	2	126	236	254
laneCase	1	2	126	71	129
laneCase	1	2	126	254	128
laneCase	1	2	127	181	128
laneCase	1	2	127	108	127
laneCase	1	2	127	35	126
laneCase	1	2	127	190	65
laneCase	1	2	127	126	1
laneCase	1	2	127	53	0
laneCase	1	2	127	236	255
laneCase	1	2	127	71	130
laneCase	1	2	127	254	129
laneCase	1	2	128	181	129
laneCase	1	2	128	108	128
laneCase	1	2	128	35	127
laneCase	1	2	128	190	66
laneCase	1	2	128	126	2
laneCase	1	2	128	53	1
laneCase	1	2	128	236	0
laneCase	1	2	128	71	131
laneCase	1	2	128	254	130
laneCase	1	2	253	181	254
laneCase	1	2	253	108	253
laneCase	1	2	253	35	252
laneCase	1	2	253	190	191
laneCase	1	2	253	126	127
laneCase	1	2	253	53	126
laneCase	1	2	253	236	125
laneCase	1	2	253	71	0
laneCase	1	2	253	254	255
laneCase	1	2	254	181	255
laneCase	1	2	254	108	254
laneCase	1	2	254	35	253
laneCase	1	2	254	190	192
laneCase	1	2	254	126	128
laneCase	1	2	254	53	127
laneCase	1	2	254	236	126
laneCase	1	2	254	71	1
laneCase	1	2	254	254	0
laneCase	1	3	211	1	0
laneCase	1	3	118	1	255
laneCase	1	3	25	1	254
laneCase	1	3	240	1	193
laneCase	1	3	176	1	129
laneCase	1	3	83	1	128
laneCase	1	3	246	1	127
laneCase	1	3	141	1	2
laneCase	1	3	48	1	1
laneCase	1	3	211	2	1
laneCase	1	3	118	2	0
laneCase	1	3	25	2	255
laneCase	1	3	240	2	194
laneCase	1	3	176	2	130
laneCase	1	3	83	2	129
laneCase	1	3	246	2	128
laneCase	1	3	141	2	3
laneCase	1	3	48	2	2
laneCase	1	3	211	3	2
laneCase	1	3	118	3	1
laneCase	1	3	25	3	0
laneCase	1	3	240	3	195
laneCase	1	3	176	3	131
laneCase	1	3	83	3	130
laneCase	1	3	246	3	129
laneCase	1	3	141	3	4
laneCase	1	3	48	3	3
laneCase	1	3	211	64	63
laneCase	1	3	118	64	62
laneCase	1	3	25	64	61
laneCase	1	3	240	64	0
laneCase	1	3	176	64	192
laneCase	1	3	83	64	191
laneCase	1	3	246	64	190
laneCase	1	3	141	64	65
laneCase	1	3	48	64	64
laneCase	1	3	211	128	127
laneCase	1	3	118	128	126
laneCase	1	3	25	128	125
laneCase	1	3	240	128	64
laneCase	1	3	176	128	0
laneCase	1	3	83	128	255
laneCase	1	3	246	128	254
laneCase	1	3	141	128	129
laneCase	1	3	48	128	128
laneCase	1	3	211	129	128
laneCase	1	3	118	129	127
laneCase	1	3	25	129	126
laneCase	1	3	240	129	65
laneCase	1	3	176	129	1
laneCase	1	3	83	129	0
laneCase	1	3	246	129	255
laneCase	1	3	141	129	130
laneCase	1	3	48	129	129
laneCase	1	3	211	130	129
laneCase	1	3	118	130	128
laneCase	1	3	25	130	127
laneCase	1	3	240	130	66
laneCase	1	3	176	130	2
laneCase	1	3	83	130	1
laneCase	1	3	246	130	0
laneCase	1	3	141	130	131
laneCase	1	3	48	130	130
laneCase	1	3	211	255	254
laneCase	1	3	118	255	253
laneCase	1	3	25	255	252
laneCase	1	3	240	255	191
laneCase	1	3	176	255	127
laneCase	1	3	83	255	126
laneCase	1	3	246	255	125
laneCase	1	3	141	255	0
laneCase	1	3	48	255	255
laneCase	1	3	211	0	255
laneCase	1	3	118	0	254
laneCase	1	3	25	0	253
laneCase	1	3	240	0	192
laneCase	1	3	176	0	128
laneCase	1	3	83	0	127
laneCase	1	3	246	0	126
laneCase	1	3	141	0	1
laneCase	1	3	48	0	0
laneCase	1	4	129	128	0
laneCase	1	4	129	129	255
laneCase	1	4	129	130	254
laneCase	1	4	129	191	193
laneCase	1	4	129	255	129
laneCase	1	4	129	0	128
laneCase	1	4	129	1	127
laneCase	1	4	129	126	2
laneCase	1	4	129	127	1
laneCase	1	4	130	128	1
laneCase	1	4	130	129	0
laneCase	1	4	130	130	255
laneCase	1	4	130	191	194
laneCase	1	4	130	255	130
laneCase	1	4	130	0	129
laneCase	1	4	130	1	128
laneCase	1	4	130	126	3
laneCase	1	4	130	127	2
laneCase	1	4	131	128	2
laneCase	1	4	131	129	1
laneCase	1	4	131	130	0
laneCase	1	4	131	191	195
laneCase	1	4	131	255	131
laneCase	1	4	131	0	130
laneCase	1	4	131	1	129
laneCase	1	4	131	126	4
laneCase	1	4	131	127	3
laneCase	1	4	192	128	63
laneCase	1	4	192	129	62
laneCase	1	4	192	130	61
laneCase	1	4	192	191	0
laneCase	1	4	192	255	192
laneCase	1	4	192	0	191
laneCase	1	4	192	1	190
laneCase	1	4	192	126	65
laneCase	1	4	192	127	64
laneCase	1	4	0	128	127
laneCase	1	4	0	129	126
laneCase	1	4	0	130	125
laneCase	1	4	0	191	64
laneCase	1	4	0	255	0
laneCase	1	4	0	0	255
laneCase	1	4	0	1	254
laneCase	1	4	0	126	129
laneCase	1	4	0	127	128
laneCase	1	4	1	128	128
laneCase	1	4	1	129	127
laneCase	1	4	1	130	126
laneCase	1	4	1	191	65
laneCase	1	4	1	255	1
laneCase	1	4	1	0	0
laneCase	1	4	1	1	255
laneCase	1	4	1	126	130
laneCase	1	4	1	127	129
laneCase	1	4	2	128	129
laneCase	1	4	2	129	128
laneCase	1	4	2	130	127
laneCase	1	4	2	191	66
laneCase	1	4	2	255	2
laneCase	1	4	2	0	1
laneCase	1	4	2	1	0
laneCase	1	4	2	126	131
laneCase	1	4	2	127	130
laneCase	1	4	127	128	254
laneCase	1	4	127	129	253
laneCase	1	4	127	130	252
laneCase	1	4	127	191	191
laneCase	1	4	127	255	127
laneCase	1	4	127	0	126
laneCase	1	4	127	1	125
laneCase	1	4	127	126	0
laneCase	1	4	127	127	255
laneCase	1	4	128	128	255
laneCase	1	4	128	129	254
laneCase	1	4	128	130	253
laneCase	1	4	128	191	192
laneCase	1	4	128	255	128
laneCase	1	4	128	0	127
laneCase	1	4	128	1	126
laneCase	1	4	128	126	1
laneCase	1	4	128	127	0
laneCase	1	5	127	128	0
laneCase	1	5	128	128	255
laneCase	1	5	129	128	254
laneCase	1	5	190	128	193
laneCase	1	5	254	128	129
laneCase	1	5	255	128	128
laneCase	1	5	0	128	127
laneCase	1	5	125	128	2
laneCase	1	5	126	128	1
laneCase	1	5	127	129	1
laneCase	1	5	128	129	0
laneCase	1	5	129	129	255
laneCase	1	5	190	129	194
laneCase	1	5	254	129	130
laneCase	1	5	255	129	129
laneCase	1	5	0	129	128
laneCase	1	5	125	129	3
laneCase	1	5	126	129	2
laneCase	1	5	127	130	2
laneCase	1	5	128	130	1
laneCase	1	5	129	130	0
laneCase	1	5	190	130	195
laneCase	1	5	254	130	131
laneCase	1	5	255	130	130
laneCase	1	5	0	130	129
laneCase	1	5	125	130	4
laneCase	1	5	126	130	3
laneCase	1	5	127	191	63
laneCase	1	5	128	191	62
laneCase	1	5	129	191	61
laneCase	1	5	190	191	0
laneCase	1	5	254	191	192
laneCase	1	5	255	191	191
laneCase	1	5	0	191	190
laneCase	1	5	125	191	65
laneCase	1	5	126	191	64
laneCase	1	5	127	255	127
laneCase	1	5	128	255	126
laneCase	1	5	129	255	125
laneCase	1	5	190	255	64
laneCase	1	5	254	255	0
laneCase	1	5	255	255	255
laneCase	1	5	0	255	254
laneCase	1	5	125	255	129
laneCase	1	5	126	255	128
laneCase	1	5	127	0	128
laneCase	1	5	128	0	127
laneCase	1	5	129	0	126
laneCase	1	5	190	0	65
laneCase	1	5	254	0	1
laneCase	1	5	255	0	0
laneCase	1	5	0	0	255
laneCase	1	5	125	0	130
laneCase	1	5	126	0	129
laneCase	1	5	127	1	129
laneCase	1	5	128	1	128
laneCase	1	5	129	1	127
laneCase	1	5	190	1	66
laneCase	1	5	254	1	2
laneCase	1	5	255	1	1
laneCase	1	5	0	1	0
laneCase	1	5	125	1	131
laneCase	1	5	126	1	130
laneCase	1	5	127	126	254
laneCase	1	5	128	126	253
laneCase	1	5	129	126	252
laneCase	1	5	190	126	191
laneCase	1	5	254	126	127
laneCase	1	5	255	126	126
laneCase	1	5	0	126	125
laneCase	1	5	125	126	0
laneCase	1	5	126	126	255
laneCase	1	5	127	127	255
laneCase	1	5	128	127	254
laneCase	1	5	129	127	253
laneCase	1	5	190	127	192
laneCase	1	5	254	127	128
laneCase	1	5	255	127	127
laneCase	1	5	0	127	126
laneCase	1	5	125	127	1
laneCase	1	5	126	127	0
laneCase	1	6	83	97	0
laneCase	1	6	83	38	255
laneCase	1	6	83	235	254
laneCase	1	6	83	220	193
laneCase	1	6	83	28	129
laneCase	1	6	83	225	128
laneCase	1	6	83	166	127
laneCase	1	6	83	215	2
laneCase	1	6	83	156	1
laneCase	1	6	254	97	1
laneCase	1	6	254	38	0
laneCase	1	6	254	235	255
laneCase	1	6	254	220	194
laneCase	1	6	254	28	130
laneCase	1	6	254	225	129
laneCase	1	6	254	166	128
laneCase	1	6	254	215	3
laneCase	1	6	254	156	2
laneCase	1	6	169	97	2
laneCase	1	6	169	38	1
laneCase	1	6	169	235	0
laneCase	1	6	169	220	195
laneCase	1	6	169	28	131
laneCase	1	6	169	225	130
laneCase	1	6	169	166	129
laneCase	1	6	169	215	4
laneCase	1	6	169	156	3
laneCase	1	6	104	97	63
laneCase	1	6	104	38	62
laneCase	1	6	104	235	61
laneCase	1	6	104	220	0
laneCase	1	6	104	28	192
laneCase	1	6	104	225	191
laneCase	1	6	104	166	190
laneCase	1	6	104	215	65
laneCase	1	6	104	156	64
laneCase	1	6	40	97	127
laneCase	1	6	40	38	126
laneCase	1	6	40	235	125
laneCase	1	6	40	220	64
laneCase	1	6	40	28	0
laneCase	1	6	40	225	255
laneCase	1	6	40	166	254
laneCase	1	6	40	215	129
laneCase	1	6	40	156	128
laneCase	1	6	211	97	128
laneCase	1	6	211	38	127
laneCase	1	6	211	235	126
laneCase	1	6	211	220	65
laneCase	1	6	211	28	1
laneCase	1	6	211	225	0
laneCase	1	6	211	166	255
laneCase	1	6	211	215	130
laneCase	1	6	211	156	129
laneCase	1	6	126	97	129
laneCase	1	6	126	38	128
laneCase	1	6	126	235	127
laneCase	1	6	126	220	66
laneCase	1	6	126	28	2
laneCase	1	6	126	225	1
laneCase	1	6	126	166	0
laneCase	1	6	126	215	131
laneCase	1	6	126	156	130
laneCase	1	6	253	97	254
laneCase	1	6	253	38	253
laneCase	1	6	253	235	252
laneCase	1	6	253	220	191
laneCase	1	6	253	28	127
laneCase	1	6	253	225	126
laneCase	1	6	253	166	125
laneCase	1	6	253	215	0
laneCase	1	6	253	156	255
laneCase	1	6	168	97	255
laneCase	1	6	168	38	254
laneCase	1	6	168	235	253
laneCase	1	6	168	220	192
laneCase	1	6	168	28	128
laneCase	1	6	168	225	127
laneCase	1	6	168	166	126
laneCase	1	6	168	215	1
laneCase	1	6	168	156	0
laneCase	1	7	167	207	0
laneCase	1	7	152	207	255
laneCase	1	7	137	207	254
laneCase	1	7	246	207	193
laneCase	1	7	54	207	129
laneCase	1	7	39	207	128
laneCase	1	7	24	207	127
laneCase	1	7	197	207	2
laneCase	1	7	182	207	1
laneCase	1	7	167	156	1
laneCase	1	7	152	156	0
laneCase	1	7	137	156	255
laneCase	1	7	246	156	194
laneCase	1	7	54	156	130
laneCase	1	7	39	156	129
laneCase	1	7	24	156	128
laneCase	1	7	197	156	3
laneCase	1	7	182	156	2
laneCase	1	7	167	105	2
laneCase	1	7	152	105	1
laneCase	1	7	137	105	0
laneCase	1	7	246	105	195
laneCase	1	7	54	105	131
laneCase	1	7	39	105	130
laneCase	1	7	24	105	129
laneCase	1	7	197	105	4
laneCase	1	7	182	105	3
laneCase	1	7	167	66	63
laneCase	1	7	152	66	62
laneCase	1	7	137	66	61
laneCase	1	7	246	66	0
laneCase	1	7	54	66	192
laneCase	1	7	39	66	191
laneCase	1	7	24	66	190
laneCase	1	7	197	66	65
laneCase	1	7	182	66	64
laneCase	1	7	167	130	127
laneCase	1	7	152	130	126
laneCase	1	7	137	130	125
laneCase	1	7	246	130	64
laneCase	1	7	54	130	0
laneCase	1	7	39	130	255
laneCase	1	7	24	130	254
laneCase	1	7	197	130	129
laneCase	1	7	182	130	128
laneCase	1	7	167	79	128
laneCase	1	7	152	79	127
laneCase	1	7	137	79	126
laneCase	1	7	246	79	65
laneCase	1	7	54	79	1
laneCase	1	7	39	79	0
laneCase	1	7	24	79	255
laneCase	1	7	197	79	130
laneCase	1	7	182	79	129
laneCase	1	7	167	28	129
laneCase	1	7	152	28	128
laneCase	1	7	137	28	127
laneCase	1	7	246	28	66
laneCase	1	7	54	28	2
laneCase	1	7	39	28	1
laneCase	1	7	24	28	0
laneCase	1	7	197	28	131
laneCase	1	7	182	28	130
laneCase	1	7	167	53	254
laneCase	1	7	152	53	253
laneCase	1	7	137	53	252
laneCase	1	7	246	53	191
laneCase	1	7	54	53	127
laneCase	1	7	39	53	126
laneCase	1	7	24	53	125
laneCase	1	7	197	53	0
laneCase	1	7	182	53	255
laneCase	1	7	167	2	255
laneCase	1	7	152	2	254
laneCase	1	7	137	2	253
laneCase	1	7	246	2	192
laneCase	1	7	54	2	128
laneCase	1	7	39	2	127
laneCase	1	7	24	2	126
laneCase	1	7	197	2	1
laneCase	1	7	182	2	0
laneCase	1	8	69	53	0
laneCase	1	8	69	220	255
laneCase	1	8	69	131	254
laneCase	1	8	69	78	193
laneCase	1	8	69	14	129
laneCase	1	8	69	181	128
laneCase	1	8	69	92	127
laneCase	1	8	69	231	2
laneCase	1	8	69	142	1
laneCase	1	8	252	53	1
laneCase	1	8	252	220	0
laneCase	1	8	252	131	255
laneCase	1	8	252	78	194
laneCase	1	8	252	14	130
laneCase	1	8	252	181	129
laneCase	1	8	252	92	128
laneCase	1	8	252	231	3
laneCase	1	8	252	142	2
laneCase	1	8	179	53	2
laneCase	1	8	179	220	1
laneCase	1	8	179	131	0
laneCase	1	8	179	78	195
laneCase	1	8	179	14	131
laneCase	1	8	179	181	130
laneCase	1	8	179	92	129
laneCase	1	8	179	231	4
laneCase	1	8	179	142	3
laneCase	1	8	78	53	63
laneCase	1	8	78	220	62
laneCase	1	8	78	131	61
laneCase	1	8	78	78	0
laneCase	1	8	78	14	192
laneCase	1	8	78	181	191
laneCase	1	8	78	92	190
laneCase	1	8	78	231	65
laneCase	1	8	78	142	64
laneCase	1	8	14	53	127
laneCase	1	8	14	220	126
laneCase	1	8	14	131	125
laneCase	1	8	14	78	64
laneCase	1	8	14	14	0
laneCase	1	8	14	181	255
laneCase	1	8	14	92	254
laneCase	1	8	14	231	129
laneCase	1	8	14	142	128
laneCase	1	8	197	53	128
laneCase	1	8	197	220	127
laneCase	1	8	197	131	126
laneCase	1	8	197	78	65
laneCase	1	8	197	14	1
laneCase	1	8	197	181	0
laneCase	1	8	197	92	255
laneCase	1	8	197	231	130
laneCase	1	8	197	142	129
laneCase	1	8	124	53	129
laneCase	1	8	124	220	128
laneCase	1	8	124	131	127
laneCase	1	8	124	78	66
laneCase	1	8	124	14	2
laneCase	1	8	124	181	1
laneCase	1	8	124	92	0
laneCase	1	8	124	231	131
laneCase	1	8	124	142	130
laneCase	1	8	215	53	254
laneCase	1	8	215	220	253
laneCase	1	8	215	131	252
laneCase	1	8	215	78	191
laneCase	1	8	215	14	127
laneCase	1	8	215	181	126
laneCase	1	8	215	92	125
laneCase	1	8	215	231	0
laneCase	1	8	215	142	255
laneCase	1	8	142	53	255
laneCase	1	8	142	220	254
laneCase	1	8	142	131	253
laneCase	1	8	142	78	192
laneCase	1	8	142	14	128
laneCase	1	8	142	181	127
laneCase	1	8	142	92	126
laneCase	1	8	142	231	1
laneCase	1	8	142	142	0
laneCase	1	9	187	231	0
laneCase	1	9	228	231	255
laneCase	1	9	13	231	254
laneCase	1	9	210	231	193
laneCase	1	9	18	231	129
laneCase	1	9	59	231	128
laneCase	1	9	100	231	127
laneCase	1	9	105	231	2
laneCase	1	9	146	231	1
laneCase	1	9	187	32	1
laneCase	1	9	228	32	0
laneCase	1	9	13	32	255
laneCase	1	9	210	32	194
laneCase	1	9	18	32	130
laneCase	1	9	59	32	129
laneCase	1	9	100	32	128
laneCase	1	9	105	32	3
laneCase	1	9	146	32	2
laneCase	1	9	187	89	2
laneCase	1	9	228	89	1
laneCase	1	9	13	89	0
laneCase	1	9	210	89	195
laneCase	1	9	18	89	131
laneCase	1	9	59	89	130
laneCase	1	9	100	89	129
laneCase	1	9	105	89	4
laneCase	1	9	146	89	3
laneCase	1	9	187	238	63
laneCase	1	9	228	238	62
laneCase	1	9	13	238	61
laneCase	1	9	210	238	0
laneCase	1	9	18	238	192
laneCase	1	9	59	238	191
laneCase	1	9	100	238	190
laneCase	1	9	105	238	65
laneCase	1	9	146	238	64
laneCase	1	9	187	46	127
laneCase	1	9	228	46	126
laneCase	1	9	13	46	125
laneCase	1	9	210	46	64
laneCase	1	9	18	46	0
laneCase	1	9	59	46	255
laneCase	1	9	100	46	254
laneCase	1	9	105	46	129
laneCase	1	9	146	46	128
laneCase	1	9	187	103	128
laneCase	1	9	228	103	127
laneCase	1	9	13	103	126
laneCase	1	9	210	103	65
laneCase	1	9	18	103	1
laneCase	1	9	59	103	0
laneCase	1	9	100	103	255
laneCase	1	9	105	103	130
laneCase	1	9	146	103	129
laneCase	1	9	187	160	129
laneCase	1	9	228	160	128
laneCase	1	9	13	160	127
laneCase	1	9	210	160	66
laneCase	1	9	18	160	2
laneCase	1	9	59	160	1
laneCase	1	9	100	160	0
laneCase	1	9	105	160	131
laneCase	1	9	146	160	130
laneCase	1	9	187	117	254
laneCase	1	9	228	117	253
laneCase	1	9	13	117	252
laneCase	1	9	210	117	191
laneCase	1	9	18	117	127
laneCase	1	9	59	117	126
laneCase	1	9	100	117	125
laneCase	1	9	105	117	0
laneCase	1	9	146	117	255
laneCase	1	9	187	174	255
laneCase	1	9	228	174	254
laneCase	1	9	13	174	253
laneCase	1	9	210	174	192
laneCase	1	9	18	174	128
laneCase	1	9	59	174	127
laneCase	1	9	100	174	126
laneCase	1	9	105	174	1
laneCase	1	9	146	174	0
laneCase	1	10	113	187	0
laneCase	1	10	113	206	255
laneCase	1	10	113	225	254
laneCase	1	10	113	104	193
laneCase	1	10	113	40	129
laneCase	1	10	113	59	128
laneCase	1	10	113	78	127
laneCase	1	10	113	149	2
laneCase	1	10	113	168	1
laneCase	1	10	20	187	1
laneCase	1	10	20	206	0
laneCase	1	10	20	225	255
laneCase	1	10	20	104	194
laneCase	1	10	20	40	130
laneCase	1	10	20	59	129
laneCase	1	10	20	78	128
laneCase	1	10	20	149	3
laneCase	1	10	20	168	2
laneCase	1	10	183	187	2
laneCase	1	10	183	206	1
laneCase	1	10	183	225	0
laneCase	1	10	183	104	195
laneCase	1	10	183	40	131
laneCase	1	10	183	59	130
laneCase	1	10	183	78	129
laneCase	1	10	183	149	4
laneCase	1	10	183	168	3
laneCase	1	10	142	187	63
laneCase	1	10	142	206	62
laneCase	1	10	142	225	61
laneCase	1	10	142	104	0
laneCase	1	10	142	40	192
laneCase	1	10	142	59	191
laneCase	1	10	142	78	190
laneCase	1	10	142	149	65
laneCase	1	10	142	168	64
laneCase	1	10	78	187	127
laneCase	1	10	78	206	126
laneCase	1	10	78	225	125
laneCase	1	10	78	104	64
laneCase	1	10	78	40	0
laneCase	1	10	78	59	255
laneCase	1	10	78	78	254
laneCase	1	10	78	149	129
laneCase	1	10	78	168	128
laneCase	1	10	241	187	128
laneCase	1	10	241	206	127
laneCase	1	10	241	225	126
laneCase	1	10	241	104	65
laneCase	1	10	241	40	1
laneCase	1	10	241	59	0
laneCase	1	10	241	78	255
laneCase	1	10	241	149	130
laneCase	1	10	241	168	129
laneCase	1	10	148	187	129
laneCase	1	10	148	206	128
laneCase	1	10	148	225	127
laneCase	1	10	148	104	66
laneCase	1	10	148	40	2
laneCase	1	10	148	59	1
laneCase	1	10	148	78	0
laneCase	1	10	148	149	131
laneCase	1	10	148	168	130
laneCase	1	10	43	187	254
laneCase	1	10	43	206	253
laneCase	1	10	43	225	252
laneCase	1	10	43	104	191
laneCase	1	10	43	40	127
laneCase	1	10	43	59	126
laneCase	1	10	43	78	125
laneCase	1	10	43	149	0
laneCase	1	10	43	168	255
laneCase	1	10	206	187	255
laneCase	1	10	206	206	254
laneCase	1	10	206	225	253
laneCase	1	10	206	104	192
laneCase	1	10	206	40	128
laneCase	1	10	206	59	127
laneCase	1	10	206	78	126
laneCase	1	10	206	149	1
laneCase	1	10	206	168	0
laneCase	1	11	29	141	0
laneCase	1	11	82	141	255
laneCase	1	11	135	141	254
laneCase	1	11	40	141	193
laneCase	1	11	104	141	129
laneCase	1	11	157	141	128
laneCase	1	11	210	141	127
laneCase	1	11	179	141	2
laneCase	1	11	232	141	1
laneCase	1	11	29	82	1
laneCase	1	11	82	82	0
laneCase	1	11	135	82	255
laneCase	1	11	40	82	194
laneCase	1	11	104	82	130
laneCase	1	11	157	82	129
laneCase	1	11	210	82	128
laneCase	1	11	179	82	3
laneCase	1	11	232	82	2
laneCase	1	11	29	23	2
laneCase	1	11	82	23	1
laneCase	1	11	135	23	0
laneCase	1	11	40	23	195
laneCase	1	11	104	23	131
laneCase	1	11	157	23	130
laneCase	1	11	210	23	129
laneCase	1	11	179	23	4
laneCase	1	11	232	23	3
laneCase	1	11	29	8	63
laneCase	1	11	82	8	62
laneCase	1	11	135	8	61
laneCase	1	11	40	8	0
laneCase	1	11	104	8	192
laneCase	1	11	157	8	191
laneCase	1	11	210	8	190
laneCase	1	11	179	8	65
laneCase	1	11	232	8	64
laneCase	1	11	29	72	127
laneCase	1	11	82	72	126
laneCase	1	11	135	72	125
laneCase	1	11	40	72	64
laneCase	1	11	104	72	0
laneCase	1	11	157	72	255
laneCase	1	11	210	72	254
laneCase	1	11	179	72	129
laneCase	1	11	232	72	128
laneCase	1	11	29	13	128
laneCase	1	11	82	13	127
laneCase	1	11	135	13	126
laneCase	1	11	40	13	65
laneCase	1	11	104	13	1
laneCase	1	11	157	13	0
laneCase	1	11	210	13	255
laneCase	1	11	179	13	130
laneCase	1	11	232	13	129
laneCase	1	11	29	210	129
laneCase	1	11	82	210	128
laneCase	1	11	135	210	127
laneCase	1	11	40	210	66
laneCase	1	11	104	210	2
laneCase	1	11	157	210	1
laneCase	1	11	210	210	0
laneCase	1	11	179	210	131
laneCase	1	11	232	210	130
laneCase	1	11	29	3	254
laneCase	1	11	82	3	253
laneCase	1	11	135	3	252
laneCase	1	11	40	3	191
laneCase	1	11	104	3	127
laneCase	1	11	157	3	126
laneCase	1	11	210	3	125
laneCase	1	11	179	3	0
laneCase	1	11	232	3	255
laneCase	1	11	29	200	255
laneCase	1	11	82	200	254
laneCase	1	11	135	200	253
laneCase	1	11	40	200	192
laneCase	1	11	104	200	128
laneCase	1	11	157	200	127
laneCase	1	11	210	200	126
laneCase	1	11	179	200	1
laneCase	1	11	232	200	0
laneCase	1	12	219	47	0
laneCase	1	12	219	14	255
laneCase	1	12	219	237	254
laneCase	1	12	219	16	193
laneCase	1	12	219	208	129
laneCase	1	12	219	175	128
laneCase	1	12	219	142	127
laneCase	1	12	219	113	2
laneCase	1	12	219	80	1
laneCase	1	12	202	47	1
laneCase	1	12	202	14	0
laneCase	1	12	202	237	255
laneCase	1	12	202	16	194
laneCase	1	12	202	208	130
laneCase	1	12	202	175	129
laneCase	1	12	202	142	128
laneCase	1	12	202	113	3
laneCase	1	12	202	80	2
laneCase	1	12	185	47	2
laneCase	1	12	185	14	1
laneCase	1	12	185	237	0
laneCase	1	12	185	16	195
laneCase	1	12	185	208	131
laneCase	1	12	185	175	130
laneCase	1	12	185	142	129
laneCase	1	12	185	113	4
laneCase	1	12	185	80	3
laneCase	1	12	172	47	63
laneCase	1	12	172	14	62
laneCase	1	12	172	237	61
laneCase	1	12	172	16	0
laneCase	1	12	172	208	192
laneCase	1	12	172	175	191
laneCase	1	12	172	142	190
laneCase	1	12	172	113	65
laneCase	1	12	172	80	64
laneCase	1	12	108	47	127
laneCase	1	12	108	14	126
laneCase	1	12	108	237	125
laneCase	1	12	108	16	64
laneCase	1	12	108	208	0
laneCase	1	12	108	175	255
laneCase	1	12	108	142	254
laneCase	1	12	108	113	129
laneCase	1	12	108	80	128
laneCase	1	12	91	47	128
laneCase	1	12	91	14	127
laneCase	1	12	91	237	126
laneCase	1	12	91	16	65
laneCase	1	12	91	208	1
laneCase	1	12	91	175	0
laneCase	1	12	91	142	255
laneCase	1	12	91	113	130
laneCase	1	12	91	80	129
laneCase	1	12	74	47	129
laneCase	1	12	74	14	128
laneCase	1	12	74	237	127
laneCase	1	12	74	16	66
laneCase	1	12	74	208	2
laneCase	1	12	74	175	1
laneCase	1	12	74	142	0
laneCase	1	12	74	113	131
laneCase	1	12	74	80	130
laneCase	1	12	253	47	254
laneCase	1	12	253	14	253
laneCase	1	12	253	237	252
laneCase	1	12	253	16	191
laneCase	1	12	253	208	127
laneCase	1	12	253	175	126
laneCase	1	12	253	142	125
laneCase	1	12	253	113	0
laneCase	1	12	253	80	255
laneCase	1	12	236	47	255
laneCase	1	12	236	14	254
laneCase	1	12	236	237	253
laneCase	1	12	236	16	192
laneCase	1	12	236	208	128
laneCase	1	12	236	175	127
laneCase	1	12	236	142	126
laneCase	1	12	236	113	1
laneCase	1	12	236	80	0
laneCase	1	13	243	63	0
laneCase	1	13	212	63	255
laneCase	1	13	181	63	254
laneCase	1	13	82	63	193
laneCase	1	13	146	63	129
laneCase	1	13	115	63	128
laneCase	1	13	84	63	127
laneCase	1	13	49	63	2
laneCase	1	13	18	63	1
laneCase	1	13	243	48	1
laneCase	1	13	212	48	0
laneCase	1	13	181	48	255
laneCase	1	13	82	48	194
laneCase	1	13	146	48	130
laneCase	1	13	115	48	129
laneCase	1	13	84	48	128
laneCase	1	13	49	48	3
laneCase	1	13	18	48	2
laneCase	1	13	243	33	2
laneCase	1	13	212	33	1
laneCase	1	13	181	33	0
laneCase	1	13	82	33	195
laneCase	1	13	146	33	131
laneCase	1	13	115	33	130
laneCase	1	13	84	33	129
laneCase	1	13	49	33	4
laneCase	1	13	18	33	3
laneCase	1	13	243	142	63
laneCase	1	13	212	142	62
laneCase	1	13	181	142	61
laneCase	1	13	82	142	0
laneCase	1	13	146	142	192
laneCase	1	13	115	142	191
laneCase	1	13	84	142	190
laneCase	1	13	49	142	65
laneCase	1	13	18	142	64
laneCase	1	13	243	206	127
laneCase	1	13	212	206	126
laneCase	1	13	181	206	125
laneCase	1	13	82	206	64
laneCase	1	13	146	206	0
laneCase	1	13	115	206	255
laneCase	1	13	84	206	254
laneCase	1	13	49	206	129
laneCase	1	13	18	206	128
laneCase	1	13	243	191	128
laneCase	1	13	212	191	127
laneCase	1	13	181	191	126
laneCase	1	13	82	191	65
laneCase	1	13	146	191	1
laneCase	1	13	115	191	0
laneCase	1	13	84	191	255
laneCase	1	13	49	191	130
laneCase	1	13	18	191	129
laneCase	1	13	243	176	129
laneCase	1	13	212	176	128
laneCase	1	13	181	176	127
laneCase	1	13	82	176	66
laneCase	1	13	146	176	2
laneCase	1	13	115	176	1
laneCase	1	13	84	176	0
laneCase	1	13	49	176	131
laneCase	1	13	18	176	130
laneCase	1	13	243	93	254
laneCase	1	13	212	93	253
laneCase	1	13	181	93	252
laneCase	1	13	82	93	191
laneCase	1	13	146	93	127
laneCase	1	13	115	93	126
laneCase	1	13	84	93	125
laneCase	1	13	49	93	0
laneCase	1	13	18	93	255
laneCase	1	13	243	78	255
laneCase	1	13	212	78	254
laneCase	1	13	181	78	253
laneCase	1	13	82	78	192
laneCase	1	13	146	78	128
laneCase	1	13	115	78	127
laneCase	1	13	84	78	126
laneCase	1	13	49	78	1
laneCase	1	13	18	78	0
laneCase	1	14	105	173	0
laneCase	1	14	105	56	255
laneCase	1	14	105	195	254
laneCase	1	14	105	226	193
laneCase	1	14	105	162	129
laneCase	1	14	105	45	128
laneCase	1	14	105	184	127
laneCase	1	14	105	151	2
laneCase	1	14	105	34	1
laneCase	1	14	132	173	1
laneCase	1	14	132	56	0
laneCase	1	14	132	195	255
laneCase	1	14	132	226	194
laneCase	1	14	132	162	130
laneCase	1	14	132	45	129
laneCase	1	14	132	184	128
laneCase	1	14	132	151	3
laneCase	1	14	132	34	2
laneCase	1	14	159	173	2
laneCase	1	14	159	56	1
laneCase	1	14	159	195	0
laneCase	1	14	159	226	195
laneCase	1	14	159	162	131
laneCase	1	14	159	45	130
laneCase	1	14	159	184	129
laneCase	1	14	159	151	4
laneCase	1	14	159	34	3
laneCase	1	14	14	173	63
laneCase	1	14	14	56	62
laneCase	1	14	14	195	61
laneCase	1	14	14	226	0
laneCase	1	14	14	162	192
laneCase	1	14	14	45	191
laneCase	1	14	14	184	190
laneCase	1	14	14	151	65
laneCase	1	14	14	34	64
laneCase	1	14	206	173	127
laneCase	1	14	206	56	126
laneCase	1	14	206	195	125
laneCase	1	14	206	226	64
laneCase	1	14	206	162	0
laneCase	1	14	206	45	255
laneCase	1	14	206	184	254
laneCase	1	14	206	151	129
laneCase	1	14	206	34	128
laneCase	1	14	233	173	128
laneCase	1	14	233	56	127
laneCase	1	14	233	195	126
laneCase	1	14	233	226	65
laneCase	1	14	233	162	1
laneCase	1	14	233	45	0
laneCase	1	14	233	184	255
laneCase	1	14	233	151	130
laneCase	1	14	233	34	129
laneCase	1	14	4	173	129
laneCase	1	14	4	56	128
laneCase	1	14	4	195	127
laneCase	1	14	4	226	66
laneCase	1	14	4	162	2
laneCase	1	14	4	45	1
laneCase	1	14	4	184	0
laneCase	1	14	4	151	131
laneCase	1	14	4	34	130
laneCase	1	14	51	173	254
laneCase	1	14	51	56	253
laneCase	1	14	51	195	252
laneCase	1	14	51	226	191
laneCase	1	14	51	162	127
laneCase	1	14	51	45	126
laneCase	1	14	51	184	125
laneCase	1	14	51	151	0
laneCase	1	14	51	34	255
laneCase	1	14	78	173	255
laneCase	1	14	78	56	254
laneCase	1	14	78	195	253
laneCase	1	14	78	226	192
laneCase	1	14	78	162	128
laneCase	1	14	78	45	127
laneCase	1	14	78	184	126
laneCase	1	14	78	151	1
laneCase	1	14	78	34	0
laneCase	1	15	141	15	0
laneCase	1	15	58	15	255
laneCase	1	15	231	15	254
laneCase	1	15	32	15	193
laneCase	1	15	96	15	129
laneCase	1	15	13	15	128
laneCase	1	15	186	15	127
laneCase	1	15	51	15	2
laneCase	1	15	224	15	1
laneCase	1	15	141	76	1
laneCase	1	15	58	76	0
laneCase	1	15	231	76	255
laneCase	1	15	32	76	194
laneCase	1	15	96	76	130
laneCase	1	15	13	76	129
laneCase	1	15	186	76	128
laneCase	1	15	51	76	3
laneCase	1	15	224	76	2
laneCase	1	15	141	137	2
laneCase	1	15	58	137	1
laneCase	1	15	231	137	0
laneCase	1	15	32	137	195
laneCase	1	15	96	137	131
laneCase	1	15	13	137	130
laneCase	1	15	186	137	129
laneCase	1	15	51	137	4
laneCase	1	15	224	137	3
laneCase	1	15	141	18	63
laneCase	1	15	58	18	62
laneCase	1	15	231	18	61
laneCase	1	15	32	18	0
laneCase	1	15	96	18	192
laneCase	1	15	13	18	191
laneCase	1	15	186	18	190
laneCase	1	15	51	18	65
laneCase	1	15	224	18	64
laneCase	1	15	141	82	127
laneCase	1	15	58	82	126
laneCase	1	15	231	82	125
laneCase	1	15	32	82	64
laneCase	1	15	96	82	0
laneCase	1	15	13	82	255
laneCase	1	15	186	82	254
laneCase	1	15	51	82	129
laneCase	1	15	224	82	128
laneCase	1	15	141	143	128
laneCase	1	15	58	143	127
laneCase	1	15	231	143	126
laneCase	1	15	32	143	65
laneCase	1	15	96	143	1
laneCase	1	15	13	143	0
laneCase	1	15	186	143	255
laneCase	1	15	51	143	130
laneCase	1	15	224	143	129
laneCase	1	15	141	204	129
laneCase	1	15	58	204	128
laneCase	1	15	231	204	127
laneCase	1	15	32	204	66
laneCase	1	15	96	204	2
laneCase	1	15	13	204	1
laneCase	1	15	186	204	0
laneCase	1	15	51	204	131
laneCase	1	15	224	204	130
laneCase	1	15	141	149	254
laneCase	1	15	58	149	253
laneCase	1	15	231	149	252
laneCase	1	15	32	149	191
laneCase	1	15	96	149	127
laneCase	1	15	13	149	126
laneCase	1	15	186	149	125
laneCase	1	15	51	149	0
laneCase	1	15	224	149	255
laneCase	1	15	141	210	255
laneCase	1	15	58	210	254
laneCase	1	15	231	210	253
laneCase	1	15	32	210	192
laneCase	1	15	96	210	128
laneCase	1	15	13	210	127
laneCase	1	15	186	210	126
laneCase	1	15	51	210	1
laneCase	1	15	224	210	0
laneCase	2	0	0	254	0
laneCase	2	0	0	255	0
laneCase	2	0	0	0	0
laneCase	2	0	0	61	0
laneCase	2	0	0	125	0
laneCase	2	0	0	126	0
laneCase	2	0	0	127	0
laneCase	2	0	0	252	0
laneCase	2	0	0	253	0
laneCase	2	0	1	254	0
laneCase	2	0	1	255	1
laneCase	2	0	1	0	2
laneCase	2	0	1	61	63
laneCase	2	0	1	125	127
laneCase	2	0	1	126	128
laneCase	2	0	1	127	129
laneCase	2	0	1	252	254
laneCase	2	0	1	253	255
laneCase	2	0	2	254	0
laneCase	2	0	2	255	2
laneCase	2	0	2	0	4
laneCase	2	0	2	61	126
laneCase	2	0	2	125	254
laneCase	2	0	2	126	0
laneCase	2	0	2	127	2
laneCase	2	0	2	252	252
laneCase	2	0	2	253	254
laneCase	2	0	63	254	0
laneCase	2	0	63	255	63
laneCase	2	0	63	0	126
laneCase	2	0	63	61	129
laneCase	2	0	63	125	65
laneCase	2	0	63	126	128
laneCase	2	0	63	127	191
laneCase	2	0	63	252	130
laneCase	2	0	63	253	193
laneCase	2	0	127	254	0
laneCase	2	0	127	255	127
laneCase	2	0	127	0	254
laneCase	2	0	127	61	65
laneCase	2	0	127	125	1
laneCase	2	0	127	126	128
laneCase	2	0	127	127	255
laneCase	2	0	127	252	2
laneCase	2	0	127	253	129
laneCase	2	0	128	254	0
laneCase	2	0	128	255	128
laneCase	2	0	128	0	0
laneCase	2	0	128	61	128
laneCase	2	0	128	125	128
laneCase	2	0	128	126	0
laneCase	2	0	128	127	128
laneCase	2	0	128	252	0
laneCase	2	0	128	253	128
laneCase	2	0	129	254	0
laneCase	2	0	129	255	129
laneCase	2	0	129	0	2
laneCase	2	0	129	61	191
laneCase	2	0	129	125	255
laneCase	2	0	129	126	128
laneCase	2	0	129	127	1
laneCase	2	0	129	252	254
laneCase	2	0	129	253	127
laneCase	2	0	254	254	0
laneCase	2	0	254	255	254
laneCase	2	0	254	0	252
laneCase	2	0	254	61	130
laneCase	2	0	254	125	2
laneCase	2	0	254	126	0
laneCase	2	0	254	127	254
laneCase	2	0	254	252	4
laneCase	2	0	254	253	2
laneCase	2	0	255	254	0
laneCase	2	0	255	255	255
laneCase	2	0	255	0	254
laneCase	2	0	255	61	193
laneCase	2	0	255	125	129
laneCase	2	0	255	126	128
laneCase	2	0	255	127	127
laneCase	2	0	255	252	2
laneCase	2	0	255	253	1
laneCase	2	1	3	0	0
laneCase	2	1	4	0	0
laneCase	2	1	5	0	0
laneCase	2	1	66	0	0
laneCase	2	1	130	0	0
laneCase	2	1	131	0	0
laneCase	2	1	132	0	0
laneCase	2	1	1	0	0
laneCase	2	1	2	0	0
laneCase	2	1	3	1	0
laneCase	2	1	4	1	1
laneCase	2	1	5	1	2
laneCase	2	1	66	1	63
laneCase	2	1	130	1	127
laneCase	2	1	131	1	128
laneCase	2	1	132	1	129
laneCase	2	1	1	1	254
laneCase	2	1	2	1	255
laneCase	2	1	3	2	0
laneCase	2	1	4	2	2
laneCase	2	1	5	2	4
laneCase	2	1	66	2	126
laneCase	2	1	130	2	254
laneCase	2	1	131	2	0
laneCase	2	1	132	2	2
laneCase	2	1	1	2	252
laneCase	2	1	2	2	254
laneCase	2	1	3	63	0
laneCase	2	1	4	63	63
laneCase	2	1	5	63	126
laneCase	2	1	66	63	129
laneCase	2	1	130	63	65
laneCase	2	1	131	63	128
laneCase	2	1	132	63	191
laneCase	2	1	1	63	130
laneCase	2	1	2	63	193
laneCase	2	1	3	127	0
laneCase	2	1	4	127	127
laneCase	2	1	5	127	254
laneCase	2	1	66	127	65
laneCase	2	1	130	127	1
laneCase	2	1	131	127	128
laneCase	2	1	132	127	255
laneCase	2	1	1	127	2
laneCase	2	1	2	127	129
laneCase	2	1	3	128	0
laneCase	2	1	4	128	128
laneCase	2	1	5	128	0
laneCase	2	1	66	128	128
laneCase	2	1	130	128	128
laneCase	2	1	131	128	0
laneCase	2	1	132	128	128
laneCase	2	1	1	128	0
laneCase	2	1	2	128	128
laneCase	2	1	3	129	0
laneCase	2	1	4	129	129
laneCase	2	1	5	129	2
laneCase	2	1	66	129	191
laneCase	2	1	130	129	255
laneCase	2	1	131	129	128
laneCase	2	1	132	129	1
laneCase	2	1	1	129	254
laneCase	2	1	2	129	127
laneCase	2	1	3	254	0
laneCase	2	1	4	254	254
laneCase	2	1	5	254	252
laneCase	2	1	66	254	130
laneCase	2	1	130	254	2
laneCase	2	1	131	254	0
laneCase	2	1	132	254	254
laneCase	2	1	1	254	4
laneCase	2	1	2	254	2
laneCase	2	1	3	255	0
laneCase	2	1	4	255	255
laneCase	2	1	5	255	254
laneCase	2	1	66	255	193
laneCase	2	1	130	255	129
laneCase	2	1	131	255	128
laneCase	2	1	132	255	127
laneCase	2	1	1	255	2
laneCase	2	1	2	255	1
laneCase	2	2	255	181	0
laneCase	2	2	255	108	0
laneCase	2	2	255	35	0
laneCase	2	2	255	190	0
laneCase	2	2	255	126	0
laneCase	2	2	255	53	0
laneCase	2	2	255	236	0
laneCase	2	2	255	71	0
laneCase	2	2	255	254	0
laneCase	2	2	0	181	0
laneCase	2	2	0	108	1
laneCase	2	2	0	35	2
laneCase	2	2	0	190	63
laneCase	2	2	0	126	127
laneCase	2	2	0	53	128
laneCase	2	2	0	236	129
laneCase	2	2	0	71	254
laneCase	2	2	0	254	255
laneCase	2	2	1	181	0
laneCase	2	2	1	108	2
laneCase	2	2	1	35	4
laneCase	2	2	1	190	126
laneCase	2	2	1	126	254
laneCase	2	2	1	53	0
laneCase	2	2	1	236	2
laneCase	2	2	1	71	252
laneCase	2	2	1	254	254
laneCase	2	2	62	181	0
laneCase	2	2	62	108	63
laneCase	2	2	62	35	126
laneCase	2	2	62	190	129
laneCase	2	2	62	126	65
laneCase	2	2	62	53	128
laneCase	2	2	62	236	191
laneCase	2	2	62	71	130
laneCase	2	2	62	254	193
laneCase	2	2	126	181	0
laneCase	2	2	126	108	127
laneCase	2	2	126	35	254
laneCase	2	2	126	190	65
laneCase	2	2	126	126	1
laneCase	2	2	126	53	128
laneCase	2	2	126	236	255
laneCase	2	2	126	71	2
laneCase	2	2	126	254	129
laneCase	2	2	127	181	0
laneCase	2	2	127	108	128
laneCase	2	2	127	35	0
laneCase	2	2	127	190	128
laneCase	2	2	127	126	128
laneCase	2	2	127	53	0
laneCase	2	2	127	236	128
laneCase	2	2	127	71	0
laneCase	2	2	127	254	128
laneCase	2	2	128	181	0
laneCase	2	2	128	108	129
laneCase	2	2	128	35	2
laneCase	2	2	128	190	191
laneCase	2	2	128	126	255
laneCase	2	2	128	53	128
laneCase	2	2	128	236	1
laneCase	2	2	128	71	254
laneCase	2	2	128	254	127
laneCase	2	2	253	181	0
laneCase	2	2	253	108	254
laneCase	2	2	253	35	252
laneCase	2	2	253	190	130
laneCase	2	2	253	126	2
laneCase	2	2	253	53	0
laneCase	2	2	253	236	254
laneCase	2	2	253	71	4
laneCase	2	2	253	254	2
laneCase	2	2	254	181	0
laneCase	2	2	254	108	255
laneCase	2	2	254	35	254
laneCase	2	2	254	190	193
laneCase	2	2	254	126	129
laneCase	2	2	254	53	128
laneCase	2	2	254	236	127
laneCase	2	2	254	71	2
laneCase	2	2	254	254	1
laneCase	2	3	211	1	0
laneCase	2	3	118	1	0
laneCase	2	3	25	1	0
laneCase	2	3	240	1	0
laneCase	2	3	176	1	0
laneCase	2	3	83	1	0
laneCase	2	3	246	1	0
laneCase	2	3	141	1	0
laneCase	2	3	48	1	0
laneCase	2	3	211	2	0
laneCase	2	3	118	2	1
laneCase	2	3	25	2	2
laneCase	2	3	240	2	63
laneCase	2	3	176	2	127
laneCase	2	3	83	2	128
laneCase	2	3	246	2	129
laneCase	2	3	141	2	254
laneCase	2	3	48	2	255
laneCase	2	3	211	3	0
laneCase	2	3	118	3	2
laneCase	2	3	25	3	4
laneCase	2	3	240	3	126
laneCase	2	3	176	3	254
laneCase	2	3	83	3	0
laneCase	2	3	246	3	2
laneCase	2	3	141	3	252
laneCase	2	3	48	3	254
laneCase	2	3	211	64	0
laneCase	2	3	118	64	63
laneCase	2	3	25	64	126
laneCase	2	3	240	64	129
laneCase	2	3	176	64	65
laneCase	2	3	83	64	128
laneCase	2	3	246	64	191
laneCase	2	3	141	64	130
laneCase	2	3	48	64	193
laneCase	2	3	211	128	0
laneCase	2	3	118	128	127
laneCase	2	3	25	128	254
laneCase	2	3	240	128	65
laneCase	2	3	176	128	1
laneCase	2	3	83	128	128
laneCase	2	3	246	128	255
laneCase	2	3	141	128	2
laneCase	2	3	48	128	129
laneCase	2	3	211	129	0
laneCase	2	3	118	129	128
laneCase	2	3	25	129	0
laneCase	2	3	240	129	128
laneCase	2	3	176	129	128
laneCase	2	3	83	129	0
laneCase	2	3	246	129	128
laneCase	2	3	141	129	0
laneCase	2	3	48	129	128
laneCase	2	3	211	130	0
laneCase	2	3	118	130	129
laneCase	2	3	25	130	2
laneCase	2	3	240	130	191
laneCase	2	3	176	130	255
laneCase	2	3	83	130	128
laneCase	2	3	246	130	1
laneCase	2	3	141	130	254
laneCase	2	3	48	130	127
laneCase	2	3	211	255	0
laneCase	2	3	118	255	254
laneCase	2	3	25	255	252
laneCase	2	3	240	255	130
laneCase	2	3	176	255	2
laneCase	2	3	83	255	0
laneCase	2	3	246	255	254
laneCase	2	3	141	255	4
laneCase	2	3	48	255	2
laneCase	2	3	211	0	0
laneCase	2	3	118	0	255
laneCase	2	3	25	0	254
laneCase	2	3	240	0	193
laneCase	2	3	176	0	129
laneCase	2	3	83	0	128
laneCase	2	3	246	0	127
laneCase	2	3	141	0	2
laneCase	2	3	48	0	1
laneCase	2	4	129	128	0
laneCase	2	4	129	129	0
laneCase	2	4	129	130	0
laneCase	2	4	129	191	0
laneCase	2	4	129	255	0
laneCase	2	4	129	0	0
laneCase	2	4	129	1	0
laneCase	2	4	129	126	0
laneCase	2	4	129	127	0
laneCase	2	4	130	128	0
laneCase	2	4	130	129	1
laneCase	2	4	130	130	2
laneCase	2	4	130	191	63
laneCase	2	4	130	255	127
laneCase	2	4	130	0	128
laneCase	2	4	130	1	129
laneCase	2	4	130	126	254
laneCase	2	4	130	127	255
laneCase	2	4	131	128	0
laneCase	2	4	131	129	2
laneCase	2	4	131	130	4
laneCase	2	4	131	191	126
laneCase	2	4	131	255	254
laneCase	2	4	131	0	0
laneCase	2	4	131	1	2
laneCase	2	4	131	126	252
laneCase	2	4	131	127	254
laneCase	2	4	192	128	0
laneCase	2	4	192	129	63
laneCase	2	4	192	130	126
laneCase	2	4	192	191	129
laneCase	2	4	192	255	65
laneCase	2	4	192	0	128
laneCase	2	4	192	1	191
laneCase	2	4	192	126	130
laneCase	2	4	192	127	193
laneCase	2	4	0	128	0
laneCase	2	4	0	129	127
laneCase	2	4	0	130	254
laneCase	2	4	0	191	65
laneCase	2	4	0	255	1
laneCase	2	4	0	0	128
laneCase	2	4	0	1	255
laneCase	2	4	0	126	2
laneCase	2	4	0	127	129
laneCase	2	4	1	128	0
laneCase	2	4	1	129	128
laneCase	2	4	1	130	0
laneCase	2	4	1	191	128
laneCase	2	4	1	255	128
laneCase	2	4	1	0	0
laneCase	2	4	1	1	128
laneCase	2	4	1	126	0
laneCase	2	4	1	127	128
laneCase	2	4	2	128	0
laneCase	2	4	2	129	129
laneCase	2	4	2	130	2
laneCase	2	4	2	191	191
laneCase	2	4	2	255	255
laneCase	2	4	2	0	128
laneCase	2	4	2	1	1
laneCase	2	4	2	126	254
laneCase	2	4	2	127	127
laneCase	2	4	127	128	0
laneCase	2	4	127	129	254
laneCase	2	4	127	130	252
laneCase	2	4	127	191	130
laneCase	2	4	127	255	2
laneCase	2	4	127	0	0
laneCase	2	4	127	1	254
laneCase	2	4	127	126	4
laneCase	2	4	127	127	2
laneCase	2	4	128	128	0
laneCase	2	4	128	129	255
laneCase	2	4	128	130	254
laneCase	2	4	128	191	193
laneCase	2	4	128	255	129
laneCase	2	4	128	0	128
laneCase	2	4	128	1	127
laneCase	2	4	128	126	2
laneCase	2	4	128	127	1
laneCase	2	5	127	128	0
laneCase	2	5	128	128	0
laneCase	2	5	129	128	0
laneCase	2	5	190	128	0
laneCase	2	5	254	128	0
laneCase	2	5	255	128	0
laneCase	2	5	0	128	0
laneCase	2	5	125	128	0
laneCase	2	5	126	128	0
laneCase	2	5	127	129	0
laneCase	2	5	128	129	1
laneCase	2	5	129	129	2
laneCase	2	5	190	129	63
laneCase	2	5	254	129	127
laneCase	2	5	255	129	128
laneCase	2	5	0	129	129
laneCase	2	5	125	129	254
laneCase	2	5	126	129	255
laneCase	2	5	127	130	0
laneCase	2	5	128	130	2
laneCase	2	5	129	130	4
laneCase	2	5	190	130	126
laneCase	2	5	254	130	254
laneCase	2	5	255	130	0
laneCase	2	5	0	130	2
laneCase	2	5	125	130	252
laneCase	2	5	126	130	254
laneCase	2	5	127	191	0
laneCase	2	5	128	191	63
laneCase	2	5	129	191	126
laneCase	2	5	190	191	129
laneCase	2	5	254	191	65
laneCase	2	5	255	191	128
laneCase	2	5	0	191	191
laneCase	2	5	125	191	130
laneCase	2	5	126	191	193
laneCase	2	5	127	255	0
laneCase	2	5	128	255	127
laneCase	2	5	129	255	254
laneCase	2	5	190	255	65
laneCase	2	5	254	255	1
laneCase	2	5	255	255	128
laneCase	2	5	0	255	255
laneCase	2	5	125	255	2
laneCase	2	5	126	255	129
laneCase	2	5	127	0	0
laneCase	2	5	128	0	128
laneCase	2	5	129	0	0
laneCase	2	5	190	0	128
laneCase	2	5	254	0	128
laneCase	2	5	255	0	0
laneCase	2	5	0	0	128
laneCase	2	5	125	0	0
laneCase	2	5	126	0	128
laneCase	2	5	127	1	0
laneCase	2	5	128	1	129
laneCase	2	5	129	1	2
laneCase	2	5	190	1	191
laneCase	2	5	254	1	255
laneCase	2	5	255	1	128
laneCase	2	5	0	1	1
laneCase	2	5	125	1	254
laneCase	2	5	126	1	127
laneCase	2	5	127	126	0
laneCase	2	5	128	126	254
laneCase	2	5	129	126	252
laneCase	2	5	190	126	130
laneCase	2	5	254	126	2
laneCase	2	5	255	126	0
laneCase	2	5	0	126	254
laneCase	2	5	125	126	4
laneCase	2	5	126	126	2
laneCase	2	5	127	127	0
laneCase	2	5	128	127	255
laneCase	2	5	129	127	254
laneCase	2	5	190	127	193
laneCase	2	5	254	127	129
laneCase	2	5	255	127	128
laneCase	2	5	0	127	127
laneCase	2	5	125	127	2
laneCase	2	5	126	127	1
laneCase	2	6	83	97	0
laneCase	2	6	83	38	0
laneCase	2	6	83	235	0
laneCase	2	6	83	220	0
laneCase	2	6	83	28	0
laneCase	2	6	83	225	0
laneCase	2	6	83	166	0
laneCase	2	6	83	215	0
laneCase	2	6	83	156	0
laneCase	2	6	254	97	0
laneCase	2	6	254	38	1
laneCase	2	6	254	235	2
laneCase	2	6	254	220	63
laneCase	2	6	254	28	127
laneCase	2	6	254	225	128
laneCase	2	6	254	166	129
laneCase	2	6	254	215	254
laneCase	2	6	254	156	255
laneCase	2	6	169	97	0
laneCase	2	6	169	38	2
laneCase	2	6	169	235	4
laneCase	2	6	169	220	126
laneCase	2	6	169	28	254
laneCase	2	6	169	225	0
laneCase	2	6	169	166	2
laneCase	2	6	169	215	252
laneCase	2	6	169	156	254
laneCase	2	6	104	97	0
laneCase	2	6	104	38	63
laneCase	2	6	104	235	126
laneCase	2	6	104	220	129
laneCase	2	6	104	28	65
laneCase	2	6	104	225	128
laneCase	2	6	104	166	191
laneCase	2	6	104	215	130
laneCase	2	6	104	156	193
laneCase	2	6	40	97	0
laneCase	2	6	40	38	127
laneCase	2	6	40	235	254
laneCase	2	6	40	220	65
laneCase	2	6	40	28	1
laneCase	2	6	40	225	128
laneCase	2	6	40	166	255
laneCase	2	6	40	215	2
laneCase	2	6	40	156	129
laneCase	2	6	211	97	0
laneCase	2	6	211	38	128
laneCase	2	6	211	235	0
laneCase	2	6	211	220	128
laneCase	2	6	211	28	128
laneCase	2	6	211	225	0
laneCase	2	6	211	166	128
laneCase	2	6	211	215	0
laneCase	2	6	211	156	128
laneCase	2	6	126	97	0
laneCase	2	6	126	38	129
laneCase	2	6	126	235	2
laneCase	2	6	126	220	191
laneCase	2	6	126	28	255
laneCase	2	6	126	225	128
laneCase	2	6	126	166	1
laneCase	2	6	126	215	254
laneCase	2	6	126	156	127
laneCase	2	6	253	97	0
laneCase	2	6	253	38	254
laneCase	2	6	253	235	252
laneCase	2	6	253	220	130
laneCase	2	6	253	28	2
laneCase	2	6	253	225	0
laneCase	2	6	253	166	254
laneCase	2	6	253	215	4
laneCase	2	6	253	156	2
laneCase	2	6	168	97	0
laneCase	2	6	168	38	255
laneCase	2	6	168	235	254
laneCase	2	6	168	220	193
laneCase	2	6	168	28	129
laneCase	2	6	168	225	128
laneCase	2	6	168	166	127
laneCase	2	6	168	215	2
laneCase	2	6	168	156	1
laneCase	2	7	167	207	0
laneCase	2	7	152	207	0
laneCase	2	7	137	207	0
laneCase	2	7	246	207	0
laneCase	2	7	54	207	0
laneCase	2	7	39	207	0
laneCase	2	7	24	207	0
laneCase	2	7	197	207	0
laneCase	2	7	182	207	0
laneCase	2	7	167	156	0
laneCase	2	7	152	156	1
laneCase	2	7	137	156	2
laneCase	2	7	246	156	63
laneCase	2	7	54	156	127
laneCase	2	7	39	156	128
laneCase	2	7	24	156	129
laneCase	2	7	197	156	254
laneCase	2	7	182	156	255
laneCase	2	7	167	105	0
laneCase	2	7	152	105	2
laneCase	2	7	137	105	4
laneCase	2	7	246	105	126
laneCase	2	7	54	105	254
laneCase	2	7	39	105	0
laneCase	2	7	24	105	2
laneCase	2	7	197	105	252
laneCase	2	7	182	105	254
laneCase	2	7	167	66	0
laneCase	2	7	152	66	63
laneCase	2	7	137	66	126
laneCase	2	7	246	66	129
laneCase	2	7	54	66	65
laneCase	2	7	39	66	128
laneCase	2	7	24	66	191
laneCase	2	7	197	66	130
laneCase	2	7	182	66	193
laneCase	2	7	167	130	0
laneCase	2	7	152	130	127
laneCase	2	7	137	130	254
laneCase	2	7	246	130	65
laneCase	2	7	54	130	1
laneCase	2	7	39	130	128
laneCase	2	7	24	130	255
laneCase	2	7	197	130	2
laneCase	2	7	182	130	129
laneCase	2	7	167	79	0
laneCase	2	7	152	79	128
laneCase	2	7	137	79	0
laneCase	2	7	246	79	128
laneCase	2	7	54	79	128
laneCase	2	7	39	79	0
laneCase	2	7	24	79	128
laneCase	2	7	197	79	0
laneCase	2	7	182	79	128
laneCase	2	7	167	28	0
laneCase	2	7	152	28	129
laneCase	2	7	137	28	2
laneCase	2	7	246	28	191
laneCase	2	7	54	28	255
laneCase	2	7	39	28	128
laneCase	2	7	24	28	1
laneCase	2	7	197	28	254
laneCase	2	7	182	28	127
laneCase	2	7	167	53	0
laneCase	2	7	152	53	254
laneCase	2	7	137	53	252
laneCase	2	7	246	53	130
laneCase	2	7	54	53	2
laneCase	2	7	39	53	0
laneCase	2	7	24	53	254
laneCase	2	7	197	53	4
laneCase	2	7	182	53	2
laneCase	2	7	167	2	0
laneCase	2	7	152	2	255
laneCase	2	7	137	2	254
laneCase	2	7	246	2	193
laneCase	2	7	54	2	129
laneCase	2	7	39	2	128
laneCase	2	7	24	2	127
laneCase	2	7	197	2	2
laneCase	2	7	182	2	1
laneCase	2	8	69	53	0
laneCase	2	8	69	220	0
laneCase	2	8	69	131	0
laneCase	2	8	69	78	0
laneCase	2	8	69	14	0
laneCase	2	8	69	181	0
laneCase	2	8	69	92	0
laneCase	2	8	69	231	0
laneCase	2	8	69	142	0
laneCase	2	8	252	53	0
laneCase	2	8	252	220	1
laneCase	2	8	252	131	2
laneCase	2	8	252	78	63
laneCase	2	8	252	14	127
laneCase	2	8	252	181	128
laneCase	2	8	252	92	129
laneCase	2	8	252	231	254
laneCase	2	8	252	142	255
laneCase	2	8	179	53	0
laneCase	2	8	179	220	2
laneCase	2	8	179	131	4
laneCase	2	8	179	78	126
laneCase	2	8	179	14	254
laneCase	2	8	179	181	0
laneCase	2	8	179	92	2
laneCase	2	8	179	231	252
laneCase	2	8	179	142	254
laneCase	2	8	78	53	0
laneCase	2	8	78	220	63
laneCase	2	8	78	131	126
laneCase	2	8	78	78	129
laneCase	2	8	78	14	65
laneCase	2	8	78	181	128
laneCase	2	8	78	92	191
laneCase	2	8	78	231	130
laneCase	2	8	78	142	193
laneCase	2	8	14	53	0
laneCase	2	8	14	220	127
laneCase	2	8	14	131	254
laneCase	2	8	14	78	65
laneCase	2	8	14	14	1
laneCase	2	8	14	181	128
laneCase	2	8	14	92	255
laneCase	2	8	14	231	2
laneCase	2	8	14	142	129
laneCase	2	8	197	53	0
laneCase	2	8	197	220	128
laneCase	2	8	197	131	0
laneCase	2	8	197	78	128
laneCase	2	8	197	14	128
laneCase	2	8	197	181	0
laneCase	2	8	197	92	128
laneCase	2	8	197	231	0
laneCase	2	8	197	142	128
laneCase	2	8	124	53	0
laneCase	2	8	124	220	129
laneCase	2	8	124	131	2
laneCase	2	8	124	78	191
laneCase	2	8	124	14	255
laneCase	2	8	124	181	128
laneCase	2	8	124	92	1
laneCase	2	8	124	231	254
laneCase	2	8	124	142	127
laneCase	2	8	215	53	0
laneCase	2	8	215	220	254
laneCase	2	8	215	131	252
laneCase	2	8	215	78	130
laneCase	2	8	215	14	2
laneCase	2	8	215	181	0
laneCase	2	8	215	92	254
laneCase	2	8	215	231	4
laneCase	2	8	215	142	2
laneCase	2	8	142	53	0
laneCase	2	8	142	220	255
laneCase	2	8	142	131	254
laneCase	2	8	142	78	193
laneCase	2	8	142	14	129
laneCase	2	8	142	181	128
laneCase	2	8	142	92	127
laneCase	2	8	142	231	2
laneCase	2	8	142	142	1
laneCase	2	9	187	231	0
laneCase	2	9	228	231	0
laneCase	2	9	13	231	0
laneCase	2	9	210	231	0
laneCase	2	9	18	231	0
laneCase	2	9	59	231	0
laneCase	2	9	100	231	0
laneCase	2	9	105	231	0
laneCase	2	9	146	231	0
laneCase	2	9	187	32	0
laneCase	2	9	228	32	1
laneCase	2	9	13	32	2
laneCase	2	9	210	32	63
laneCase	2	9	18	32	127
laneCase	2	9	59	32	128
laneCase	2	9	100	32	129
laneCase	2	9	105	32	254
laneCase	2	9	146	32	255
laneCase	2	9	187	89	0
laneCase	2	9	228	89	2
laneCase	2	9	13	89	4
laneCase	2	9	210	89	126
laneCase	2	9	18	89	254
laneCase	2	9	59	89	0
laneCase	2	9	100	89	2
laneCase	2	9	105	89	252
laneCase	2	9	146	89	254
laneCase	2	9	187	238	0
laneCase	2	9	228	238	63
laneCase	2	9	13	238	126
laneCase	2	9	210	238	129
laneCase	2	9	18	238	65
laneCase	2	9	59	238	128
laneCase	2	9	100	238	191
laneCase	2	9	105	238	130
laneCase	2	9	146	238	193
laneCase	2	9	187	46	0
laneCase	2	9	228	46	127
laneCase	2	9	13	46	254
laneCase	2	9	210	46	65
laneCase	2	9	18	46	1
laneCase	2	9	59	46	128
laneCase	2	9	100	46	255
laneCase	2	9	105	46	2
laneCase	2	9	146	46	129
laneCase	2	9	187	103	0
laneCase	2	9	228	103	128
laneCase	2	9	13	103	0
laneCase	2	9	210	103	128
laneCase	2	9	18	103	128
laneCase	2	9	59	103	0
laneCase	2	9	100	103	128
laneCase	2	9	105	103	0
laneCase	2	9	146	103	128
laneCase	2	9	187	160	0
laneCase	2	9	228	160	129
laneCase	2	9	13	160	2
laneCase	2	9	210	160	191
laneCase	2	9	18	160	255
laneCase	2	9	59	160	128
laneCase	2	9	100	160	1
laneCase	2	9	105	160	254
laneCase	2	9	146	160	127
laneCase	2	9	187	117	0
laneCase	2	9	228	117	254
laneCase	2	9	13	117	252
laneCase	2	9	210	117	130
laneCase	2	9	18	117	2
laneCase	2	9	59	117	0
laneCase	2	9	100	117	254
laneCase	2	9	105	117	4
laneCase	2	9	146	117	2
laneCase	2	9	187	174	0
laneCase	2	9	228	174	255
laneCase	2	9	13	174	254
laneCase	2	9	210	174	193
laneCase	2	9	18	174	129
laneCase	2	9	59	174	128
laneCase	2	9	100	174	127
laneCase	2	9	105	174	2
laneCase	2	9	146	174	1
laneCase	2	10	113	187	0
laneCase	2	10	113	206	0
laneCase	2	10	113	225	0
laneCase	2	10	113	104	0
laneCase	2	10	113	40	0
laneCase	2	10	113	59	0
laneCase	2	10	113	78	0
laneCase	2	10	113	149	0
laneCase	2	10	113	168	0
laneCase	2	10	20	187	0
laneCase	2	10	20	206	1
laneCase	2	10	20	225	2
laneCase	2	10	20	104	63
laneCase	2	10	20	40	127
laneCase	2	10	20	59	128
laneCase	2	10	20	78	129
laneCase	2	10	20	149	254
laneCase	2	10	20	168	255
laneCase	2	10	183	187	0
laneCase	2	10	183	206	2
laneCase	2	10	183	225	4
laneCase	2	10	183	104	126
laneCase	2	10	183	40	254
laneCase	2	10	183	59	0
laneCase	2	10	183	78	2
laneCase	2	10	183	149	252
laneCase	2	10	183	168	254
laneCase	2	10	142	187	0
laneCase	2	10	142	206	63
laneCase	2	10	142	225	126
laneCase	2	10	142	104	129
laneCase	2	10	142	40	65
laneCase	2	10	142	59	128
laneCase	2	10	142	78	191
laneCase	2	10	142	149	130
laneCase	2	10	142	168	193
laneCase	2	10	78	187	0
laneCase	2	10	78	206	127
laneCase	2	10	78	225	254
laneCase	2	10	78	104	65
laneCase	2	10	78	40	1
laneCase	2	10	78	59	128
laneCase	2	10	78	78	255
laneCase	2	10	78	149	2
laneCase	2	10	78	168	129
laneCase	2	10	241	187	0
laneCase	2	10	241	206	128
laneCase	2	10	241	225	0
laneCase	2	10	241	104	128
laneCase	2	10	241	40	128
laneCase	2	10	241	59	0
laneCase	2	10	241	78	128
laneCase	2	10	241	149	0
laneCase	2	10	241	168	128
laneCase	2	10	148	187	0
laneCase	2	10	148	206	129
laneCase	2	10	148	225	2
laneCase	2	10	148	104	191
laneCase	2	10	148	40	255
laneCase	2	10	148	59	128
laneCase	2	10	148	78	1
laneCase	2	10	148	149	254
laneCase	2	10	148	168	127
laneCase	2	10	43	187	0
laneCase	2	10	43	206	254
laneCase	2	10	43	225	252
laneCase	2	10	43	104	130
laneCase	2	10	43	40	2
laneCase	2	10	43	59	0
laneCase	2	10	43	78	254
laneCase	2	10	43	149	4
laneCase	2	10	43	168	2
laneCase	2	10	206	187	0
laneCase	2	10	206	206	255
laneCase	2	10	206	225	254
laneCase	2	10	206	104	193
laneCase	2	10	206	40	129
laneCase	2	10	206	59	128
laneCase	2	10	206	78	127
laneCase	2	10	206	149	2
laneCase	2	10	206	168	1
laneCase	2	11	29	141	0
laneCase	2	11	82	141	0
laneCase	2	11	135	141	0
laneCase	2	11	40	141	0
laneCase	2	11	104	141	0
laneCase	2	11	157	141	0
laneCase	2	11	210	141	0
laneCase	2	11	179	141	0
laneCase	2	11	232	141	0
laneCase	2	11	29	82	0
laneCase	2	11	82	82	1
laneCase	2	11	135	82	2
laneCase	2	11	40	82	63
laneCase	2	11	104	82	127
laneCase	2	11	157	82	128
laneCase	2	11	210	82	129
laneCase	2	11	179	82	254
laneCase	2	11	232	82	255
laneCase	2	11	29	23	0
laneCase	2	11	82	23	2
laneCase	2	11	135	23	4
laneCase	2	11	40	23	126
laneCase	2	11	104	23	254
laneCase	2	11	157	23	0
laneCase	2	11	210	23	2
laneCase	2	11	179	23	252
laneCase	2	11	232	23	254
laneCase	2	11	29	8	0
laneCase	2	11	82	8	63
laneCase	2	11	135	8	126
laneCase	2	11	40	8	129
laneCase	2	11	104	8	65
laneCase	2	11	157	8	128
laneCase	2	11	210	8	191
laneCase	2	11	179	8	130
laneCase	2	11	232	8	193
laneCase	2	11	29	72	0
laneCase	2	11	82	72	127
laneCase	2	11	135	72	254
laneCase	2	11	40	72	65
laneCase	2	11	104	72	1
laneCase	2	11	157	72	128
laneCase	2	11	210	72	255
laneCase	2	11	179	72	2
laneCase	2	11	232	72	129
laneCase	2	11	29	13	0
laneCase	2	11	82	13	128
laneCase	2	11	135	13	0
laneCase	2	11	40	13	128
laneCase	2	11	104	13	128
laneCase	2	11	157	13	0
laneCase	2	11	210	13	128
laneCase	2	11	179	13	0
laneCase	2	11	232	13	128
laneCase	2	11	29	210	0
laneCase	2	11	82	210	129
laneCase	2	11	135	210	2
laneCase	2	11	40	210	191
laneCase	2	11	104	210	255
laneCase	2	11	157	210	128
laneCase	2	11	210	210	1
laneCase	2	11	179	210	254
laneCase	2	11	232	210	127
laneCase	2	11	29	3	0
laneCase	2	11	82	3	254
laneCase	2	11	135	3	252
laneCase	2	11	40	3	130
laneCase	2	11	104	3	2
laneCase	2	11	157	3	0
laneCase	2	11	210	3	254
laneCase	2	11	179	3	4
laneCase	2	11	232	3	2
laneCase	2	11	29	200	0
laneCase	2	11	82	200	255
laneCase	2	11	135	200	254
laneCase	2	11	40	200	193
laneCase	2	11	104	200	129
laneCase	2	11	157	200	128
laneCase	2	11	210	200	127
laneCase	2	11	179	200	2
laneCase	2	11	232	200	1
laneCase	2	12	219	47	0
laneCase	2	12	219	14	0
laneCase	2	12	219	237	0
laneCase	2	12	219	16	0
laneCase	2	12	219	208	0
laneCase	2	12	219	175	0
laneCase	2	12	219	142	0
laneCase	2	12	219	113	0
laneCase	2	12	219	80	0
laneCase	2	12	202	47	0
laneCase	2	12	202	14	1
laneCase	2	12	202	237	2
laneCase	2	12	202	16	63
laneCase	2	12	202	208	127
laneCase	2	12	202	175	128
laneCase	2	12	202	142	129
laneCase	2	12	202	113	254
laneCase	2	12	202	80	255
laneCase	2	12	185	47	0
laneCase	2	12	185	14	2
laneCase	2	12	185	237	4
laneCase	2	12	185	16	126
laneCase	2	12	185	208	254
laneCase	2	12	185	175	0
laneCase	2	12	185	142	2
laneCase	2	12	185	113	252
laneCase	2	12	185	80	254
laneCase	2	12	172	47	0
laneCase	2	12	172	14	63
laneCase	2	12	172	237	126
laneCase	2	12	172	16	129
laneCase	2	12	172	208	65
laneCase	2	12	172	175	128
laneCase	2	12	172	142	191
laneCase	2	12	172	113	130
laneCase	2	12	172	80	193
laneCase	2	12	108	47	0
laneCase	2	12	108	14	127
laneCase	2	12	108	237	254
laneCase	2	12	108	16	65
laneCase	2	12	108	208	1
laneCase	2	12	108	175	128
laneCase	2	12	108	142	255
laneCase	2	12	108	113	2
laneCase	2	12	108	80	129
laneCase	2	12	91	47	0
laneCase	2	12	91	14	128
laneCase	2	12	91	237	0
laneCase	2	12	91	16	128
laneCase	2	12	91	208	128
laneCase	2	12	91	175	0
laneCase	2	12	91	142	128
laneCase	2	12	91	113	0
laneCase	2	12	91	80	128
laneCase	2	12	74	47	0
laneCase	2	12	74	14	129
laneCase	2	12	74	237	2
laneCase	2	12	74	16	191
laneCase	2	12	74	208	255
laneCase	2	12	74	175	128
laneCase	2	12	74	142	1
laneCase	2	12	74	113	254
laneCase	2	12	74	80	127
laneCase	2	12	253	47	0
laneCase	2	12	253	14	254
laneCase	2	12	253	237	252
laneCase	2	12	253	16	130
laneCase	2	12	253	208	2
laneCase	2	12	253	175	0
laneCase	2	12	253	142	254
laneCase	2	12	253	113	4
laneCase	2	12	253	80	2
laneCase	2	12	236	47	0
laneCase	2	12	236	14	255
laneCase	2	12	236	237	254
laneCase	2	12	236	16	193
laneCase	2	12	236	208	129
laneCase	2	12	236	175	128
laneCase	2	12	236	142	127
laneCase	2	12	236	113	2
laneCase	2	12	236	80	1
laneCase	2	13	243	63	0
laneCase	2	13	212	63	0
laneCase	2	13	181	63	0
laneCase	2	13	82	63	0
laneCase	2	13	146	63	0
laneCase	2	13	115	63	0
laneCase	2	13	84	63	0
laneCase	2	13	49	63	0
laneCase	2	13	18	63	0
laneCase	2	13	243	48	0
laneCase	2	13	212	48	1
laneCase	2	13	181	48	2
laneCase	2	13	82	48	63
laneCase	2	13	146	48	127
laneCase	2	13	115	48	128
laneCase	2	13	84	48	129
laneCase	2	13	49	48	254
laneCase	2	13	18	48	255
laneCase	2	13	243	33	0
laneCase	2	13	212	33	2
laneCase	2	13	181	33	4
laneCase	2	13	82	33	126
laneCase	2	13	146	33	254
laneCase	2	13	115	33	0
laneCase	2	13	84	33	2
laneCase	2	13	49	33	252
laneCase	2	13	18	33	254
laneCase	2	13	243	142	0
laneCase	2	13	212	142	63
laneCase	2	13	181	142	126
laneCase	2	13	82	142	129
laneCase	2	13	146	142	65
laneCase	2	13	115	142	128
laneCase	2	13	84	142	191
laneCase	2	13	49	142	130
laneCase	2	13	18	142	193
laneCase	2	13	243	206	0
laneCase	2	13	212	206	127
laneCase	2	13	181	206	254
laneCase	2	13	82	206	65
laneCase	2	13	146	206	1
laneCase	2	13	115	206	128
laneCase	2	13	84	206	255
laneCase	2	13	49	206	2
laneCase	2	13	18	206	129
laneCase	2	13	243	191	0
laneCase	2	13	212	191	128
laneCase	2	13	181	191	0
laneCase	2	13	82	191	128
laneCase	2	13	146	191	128
laneCase	2	13	115	191	0
laneCase	2	13	84	191	128
laneCase	2	13	49	191	0
laneCase	2	13	18	191	128
laneCase	2	13	243	176	0
laneCase	2	13	212	176	129
laneCase	2	13	181	176	2
laneCase	2	13	82	176	191
laneCase	2	13	146	176	255
laneCase	2	13	115	176	128
laneCase	2	13	84	176	1
laneCase	2	13	49	176	254
laneCase	2	13	18	176	127
laneCase	2	13	243	93	0
laneCase	2	13	212	93	254
laneCase	2	13	181	93	252
laneCase	2	13	82	93	130
laneCase	2	13	146	93	2
laneCase	2	13	115	93	0
laneCase	2	13	84	93	254
laneCase	2	13	49	93	4
laneCase	2	13	18	93	2
laneCase	2	13	243	78	0
laneCase	2	13	212	78	255
laneCase	2	13	181	78	254
laneCase	2	13	82	78	193
laneCase	2	13	146	78	129
laneCase	2	13	115	78	128
laneCase	2	13	84	78	127
laneCase	2	13	49	78	2
laneCase	2	13	18	78	1
laneCase	2	14	105	173	0
laneCase	2	14	105	56	0
laneCase	2	14	105	195	0
laneCase	2	14	105	226	0
laneCase	2	14	105	162	0
laneCase	2	14	105	45	0
laneCase	2	14	105	184	0
laneCase	2	14	105	151	0
laneCase	2	14	105	34	0
laneCase	2	14	132	173	0
laneCase	2	14	132	56	1
laneCase	2	14	132	195	2
laneCase	2	14	132	226	63
laneCase	2	14	132	162	127
laneCase	2	14	132	45	128
laneCase	2	14	132	184	129
laneCase	2	14	132	151	254
laneCase	2	14	132	34	255
laneCase	2	14	159	173	0
laneCase	2	14	159	56	2
laneCase	2	14	159	195	4
laneCase	2	14	159	226	126
laneCase	2	14	159	162	254
laneCase	2	14	159	45	0
laneCase	2	14	159	184	2
laneCase	2	14	159	151	252
laneCase	2	14	159	34	254
laneCase	2	14	14	173	0
laneCase	2	14	14	56	63
laneCase	2	14	14	195	126
laneCase	2	14	14	226	129
laneCase	2	14	14	162	65
laneCase	2	14	14	45	128
laneCase	2	14	14	184	191
laneCase	2	14	14	151	130
laneCase	2	14	14	34	193
laneCase	2	14	206	173	0
laneCase	2	14	206	56	127
laneCase	2	14	206	195	254
laneCase	2	14	206	226	65
laneCase	2	14	206	162	1
laneCase	2	14	206	45	128
laneCase	2	14	206	184	255
laneCase	2	14	206	151	2
laneCase	2	14	206	34	129
laneCase	2	14	233	173	0
laneCase	2	14	233	56	128
laneCase	2	14	233	195	0
laneCase	2	14	233	226	128
laneCase	2	14	233	162	128
laneCase	2	14	233	45	0
laneCase	2	14	233	184	128
laneCase	2	14	233	151	0
laneCase	2	14	233	34	128
laneCase	2	14	4	173	0
laneCase	2	14	4	56	129
laneCase	2	14	4	195	2
laneCase	2	14	4	226	191
laneCase	2	14	4	162	255
laneCase	2	14	4	45	128
laneCase	2	14	4	184	1
laneCase	2	14	4	151	254
laneCase	2	14	4	34	127
laneCase	2	14	51	173	0
laneCase	2	14	51	56	254
laneCase	2	14	51	195	252
laneCase	2	14	51	226	130
laneCase	2	14	51	162	2
laneCase	2	14	51	45	0
laneCase	2	14	51	184	254
laneCase	2	14	51	151	4
laneCase	2	14	51	34	2
laneCase	2	14	78	173	0
laneCase	2	14	78	56	255
laneCase	2	14	78	195	254
laneCase	2	14	78	226	193
laneCase	2	14	78	162	129
laneCase	2	14	78	45	128
laneCase	2	14	78	184	127
laneCase	2	14	78	151	2
laneCase	2	14	78	34	1
laneCase	2	15	141	15	0
laneCase	2	15	58	15	0
laneCase	2	15	231	15	0
laneCase	2	15	32	15	0
laneCase	2	15	96	15	0
laneCase	2	15	13	15	0
laneCase	2	15	186	15	0
laneCase	2	15	51	15	0
laneCase	2	15	224	15	0
laneCase	2	15	141	76	0
laneCase	2	15	58	76	1
laneCase	2	15	231	76	2
laneCase	2	15	32	76	63
laneCase	2	15	96	76	127
laneCase	2	15	13	76	128
laneCase	2	15	186	76	129
laneCase	2	15	51	76	254
laneCase	2	15	224	76	255
laneCase	2	15	141	137	0
laneCase	2	15	58	137	2
laneCase	2	15	231	137	4
laneCase	2	15	32	137	126
laneCase	2	15	96	137	254
laneCase	2	15	13	137	0
laneCase	2	15	186	137	2
laneCase	2	15	51	137	252
laneCase	2	15	224	137	254
laneCase	2	15	141	18	0
laneCase	2	15	58	18	63
laneCase	2	15	231	18	126
laneCase	2	15	32	18	129
laneCase	2	15	96	18	65
laneCase	2	15	13	18	128
laneCase	2	15	186	18	191
laneCase	2	15	51	18	130
laneCase	2	15	224	18	193
laneCase	2	15	141	82	0
laneCase	2	15	58	82	127
laneCase	2	15	231	82	254
laneCase	2	15	32	82	65
laneCase	2	15	96	82	1
laneCase	2	15	13	82	128
laneCase	2	15	186	82	255
laneCase	2	15	51	82	2
laneCase	2	15	224	82	129
laneCase	2	15	141	143	0
laneCase	2	15	58	143	128
laneCase	2	15	231	143	0
laneCase	2	15	32	143	128
laneCase	2	15	96	143	128
laneCase	2	15	13	143	0
laneCase	2	15	186	143	128
laneCase	2	15	51	143	0
laneCase	2	15	224	143	128
laneCase	2	15	141	204	0
laneCase	2	15	58	204	129
laneCase	2	15	231	204	2
laneCase	2	15	32	204	191
laneCase	2	15	96	204	255
laneCase	2	15	13	204	128
laneCase	2	15	186	204	1
laneCase	2	15	51	204	254
laneCase	2	15	224	204	127
laneCase	2	15	141	149	0
laneCase	2	15	58	149	254
laneCase	2	15	231	149	252
laneCase	2	15	32	149	130
laneCase	2	15	96	149	2
laneCase	2	15	13	149	0
laneCase	2	15	186	149	254
laneCase	2	15	51	149	4
laneCase	2	15	224	149	2
laneCase	2	15	141	210	0
laneCase	2	15	58	210	255
laneCase	2	15	231	210	254
laneCase	2	15	32	210	193
laneCase	2	15	96	210	129
laneCase	2	15	13	210	128
laneCase	2	15	186	210	127
laneCase	2	15	51	210	2
laneCase	2	15	224	210	1
laneCase	3	0	0	254	0
laneCase	3	0	0	255	0
laneCase	3	0	0	0	0
laneCase	3	0	0	61	0
laneCase	3	0	0	125	0
laneCase	3	0	0	126	0
laneCase	3	0	0	127	0
laneCase	3	0	0	252	0
laneCase	3	0	0	253	0
laneCase	3	0	1	254	1
laneCase	3	0	1	255	1
laneCase	3	0	1	0	1
laneCase	3	0	1	61	1
laneCase	3	0	1	125	1
laneCase	3	0	1	126	1
laneCase	3	0	1	127	1
laneCase	3	0	1	252	1
laneCase	3	0	1	253	1
laneCase	3	0	2	254	2
laneCase	3	0	2	255	2
laneCase	3	0	2	0	2
laneCase	3	0	2	61	2
laneCase	3	0	2	125	2
laneCase	3	0	2	126	2
laneCase	3	0	2	127	2
laneCase	3	0	2	252	2
laneCase	3	0	2	253	2
laneCase	3	0	63	254	63
laneCase	3	0	63	255	63
laneCase	3	0	63	0	63
laneCase	3	0	63	61	63
laneCase	3	0	63	125	63
laneCase	3	0	63	126	63
laneCase	3	0	63	127	63
laneCase	3	0	63	252	63
laneCase	3	0	63	253	63
laneCase	3	0	127	254	127
laneCase	3	0	127	255	127
laneCase	3	0	127	0	127
laneCase	3	0	127	61	127
laneCase	3	0	127	125	127
laneCase	3	0	127	126	127
laneCase	3	0	127	127	127
laneCase	3	0	127	252	127
laneCase	3	0	127	253	127
laneCase	3	0	128	254	128
laneCase	3	0	128	255	128
laneCase	3	0	128	0	128
laneCase	3	0	128	61	128
laneCase	3	0	128	125	128
laneCase	3	0	128	126	128
laneCase	3	0	128	127	128
laneCase	3	0	128	252	128
laneCase	3	0	128	253	128
laneCase	3	0	129	254	129
laneCase	3	0	129	255	129
laneCase	3	0	129	0	129
laneCase	3	0	129	61	129
laneCase	3	0	129	125	129
laneCase	3	0	129	126	129
laneCase	3	0	129	127	129
laneCase	3	0	129	252	129
laneCase	3	0	129	253	129
laneCase	3	0	254	254	254
laneCase	3	0	254	255	254
laneCase	3	0	254	0	254
laneCase	3	0	254	61	254
laneCase	3	0	254	125	254
laneCase	3	0	254	126	254
laneCase	3	0	254	127	254
laneCase	3	0	254	252	254
laneCase	3	0	254	253	254
laneCase	3	0	255	254	255
laneCase	3	0	255	255	255
laneCase	3	0	255	0	255
laneCase	3	0	255	61	255
laneCase	3	0	255	125	255
laneCase	3	0	255	126	255
laneCase	3	0	255	127	255
laneCase	3	0	255	252	255
laneCase	3	0	255	253	255
laneCase	3	1	3	0	0
laneCase	3	1	4	0	0
laneCase	3	1	5	0	0
laneCase	3	1	66	0	0
laneCase	3	1	130	0	0
laneCase	3	1	131	0	0
laneCase	3	1	132	0	0
laneCase	3	1	1	0	0
laneCase	3	1	2	0	0
laneCase	3	1	3	1	1
laneCase	3	1	4	1	1
laneCase	3	1	5	1	1
laneCase	3	1	66	1	1
laneCase	3	1	130	1	1
laneCase	3	1	131	1	1
laneCase	3	1	132	1	1
laneCase	3	1	1	1	1
laneCase	3	1	2	1	1
laneCase	3	1	3	2	2
laneCase	3	1	4	2	2
laneCase	3	1	5	2	2
laneCase	3	1	66	2	2
laneCase	3	1	130	2	2
laneCase	3	1	131	2	2
laneCase	3	1	132	2	2
laneCase	3	1	1	2	2
laneCase	3	1	2	2	2
laneCase	3	1	3	63	63
laneCase	3	1	4	63	63
laneCase	3	1	5	63	63
laneCase	3	1	66	63	63
laneCase	3	1	130	63	63
laneCase	3	1	131	63	63
laneCase	3	1	132	63	63
laneCase	3	1	1	63	63
laneCase	3	1	2	63	63
laneCase	3	1	3	127	127
laneCase	3	1	4	127	127
laneCase	3	1	5	127	127
laneCase	3	1	66	127	127
laneCase	3	1	130	127	127
laneCase	3	1	131	127	127
laneCase	3	1	132	127	127
laneCase	3	1	1	127	127
laneCase	3	1	2	127	127
laneCase	3	1	3	128	128
laneCase	3	1	4	128	128
laneCase	3	1	5	128	128
laneCase	3	1	66	128	128
laneCase	3	1	130	128	128
laneCase	3	1	131	128	128
laneCase	3	1	132	128	128
laneCase	3	1	1	128	128
laneCase	3	1	2	128	128
laneCase	3	1	3	129	129
laneCase	3	1	4	129	129
laneCase	3	1	5	129	129
laneCase	3	1	66	129	129
laneCase	3	1	130	129	129
laneCase	3	1	131	129	129
laneCase	3	1	132	129	129
laneCase	3	1	1	129	129
laneCase	3	1	2	129	129
laneCase	3	1	3	254	254
laneCase	3	1	4	254	254
laneCase	3	1	5	254	254
laneCase	3	1	66	254	254
laneCase	3	1	130	254	254
laneCase	3	1	131	254	254
laneCase	3	1	132	254	254
laneCase	3	1	1	254	254
laneCase	3	1	2	254	254
laneCase	3	1	3	255	255
laneCase	3	1	4	255	255
laneCase	3	1	5	255	255
laneCase	3	1	66	255	255
laneCase	3	1	130	255	255
laneCase	3	1	131	255	255
laneCase	3	1	132	255	255
laneCase	3	1	1	255	255
laneCase	3	1	2	255	255
laneCase	3	2	255	181	0
laneCase	3	2	255	108	0
laneCase	3	2	255	35	0
laneCase	3	2	255	190	0
laneCase	3	2	255	126	0
laneCase	3	2	255	53	0
laneCase	3	2	255	236	0
laneCase	3	2	255	71	0
laneCase	3	2	255	254	0
laneCase	3	2	0	181	1
laneCase	3	2	0	108	1
laneCase	3	2	0	35	1
laneCase	3	2	0	190	1
laneCase	3	2	0	126	1
laneCase	3	2	0	53	1
laneCase	3	2	0	236	1
laneCase	3	2	0	71	1
laneCase	3	2	0	254	1
laneCase	3	2	1	181	2
laneCase	3	2	1	108	2
laneCase	3	2	1	35	2
laneCase	3	2	1	190	2
laneCase	3	2	1	126	2
laneCase	3	2	1	53	2
laneCase	3	2	1	236	2
laneCase	3	2	1	71	2
laneCase	3	2	1	254	2
laneCase	3	2	62	181	63
laneCase	3	2	62	108	63
laneCase	3	2	62	35	63
laneCase	3	2	62	190	63
laneCase	3	2	62	126	63
laneCase	3	2	62	53	63
laneCase	3	2	62	236	63
laneCase	3	2	62	71	63
laneCase	3	2	62	254	63
laneCase	3	2	126	181	127
laneCase	3	2	126	108	127
laneCase	3	2	126	35	127
laneCase	3	2	126	190	127
laneCase	3	2	126	126	127
laneCase	3	2	126	53	127
laneCase	3	2	126	236	127
laneCase	3	2	126	71	127
laneCase	3	2	126	254	127
laneCase	3	2	127	181	128
laneCase	3	2	127	108	128
laneCase	3	2	127	35	128
laneCase	3	2	127	190	128
laneCase	3	2	127	126	128
laneCase	3	2	127	53	128
laneCase	3	2	127	236	128
laneCase	3	2	127	71	128
laneCase	3	2	127	254	128
laneCase	3	2	128	181	129
laneCase	3	2	128	108	129
laneCase	3	2	128	35	129
laneCase	3	2	128	190	129
laneCase	3	2	128	126	129
laneCase	3	2	128	53	129
laneCase	3	2	128	236	129
laneCase	3	2	128	71	129
laneCase	3	2	128	254	129
laneCase	3	2	253	181	254
laneCase	3	2	253	108	254
laneCase	3	2	253	35	254
laneCase	3	2	253	190	254
laneCase	3	2	253	126	254
laneCase	3	2	253	53	254
laneCase	3	2	253	236	254
laneCase	3	2	253	71	254
laneCase	3	2	253	254	254
laneCase	3	2	254	181	255
laneCase	3	2	254	108	255
laneCase	3	2	254	35	255
laneCase	3	2	254	190	255
laneCase	3	2	254	126	255
laneCase	3	2	254	53	255
laneCase	3	2	254	236	255
laneCase	3	2	254	71	255
laneCase	3	2	254	254	255
laneCase	3	3	211	1	0
laneCase	3	3	118	1	0
laneCase	3	3	25	1	0
laneCase	3	3	240	1	0
laneCase	3	3	176	1	0
laneCase	3	3	83	1	0
laneCase	3	3	246	1	0
laneCase	3	3	141	1	0
laneCase	3	3	48	1	0
laneCase	3	3	211	2	1
laneCase	3	3	118	2	1
laneCase	3	3	25	2	1
laneCase	3	3	240	2	1
laneCase	3	3	176	2	1
laneCase	3	3	83	2	1
laneCase	3	3	246	2	1
laneCase	3	3	141	2	1
laneCase	3	3	48	2	1
laneCase	3	3	211	3	2
laneCase	3	3	118	3	2
laneCase	3	3	25	3	2
laneCase	3	3	240	3	2
laneCase	3	3	176	3	2
laneCase	3	3	83	3	2
laneCase	3	3	246	3	2
laneCase	3	3	141	3	2
laneCase	3	3	48	3	2
laneCase	3	3	211	64	63
laneCase	3	3	118	64	63
laneCase	3	3	25	64	63
laneCase	3	3	240	64	63
laneCase	3	3	176	64	63
laneCase	3	3	83	64	63
laneCase	3	3	246	64	63
laneCase	3	3	141	64	63
laneCase	3	3	48	64	63
laneCase	3	3	211	128	127
laneCase	3	3	118	128	127
laneCase	3	3	25	128	127
laneCase	3	3	240	128	127
laneCase	3	3	176	128	127
laneCase	3	3	83	128	127
laneCase	3	3	246	128	127
laneCase	3	3	141	128	127
laneCase	3	3	48	128	127
laneCase	3	3	211	129	128
laneCase	3	3	118	129	128
laneCase	3	3	25	129	128
laneCase	3	3	240	129	128
laneCase	3	3	176	129	128
laneCase	3	3	83	129	128
laneCase	3	3	246	129	128
laneCase	3	3	141	129	128
laneCase	3	3	48	129	128
laneCase	3	3	211	130	129
laneCase	3	3	118	130	129
laneCase	3	3	25	130	129
laneCase	3	3	240	130	129
laneCase	3	3	176	130	129
laneCase	3	3	83	130	129
laneCase	3	3	246	130	129
laneCase	3	3	141	130	129
laneCase	3	3	48	130	129
laneCase	3	3	211	255	254
laneCase	3	3	118	255	254
laneCase	3	3	25	255	254
laneCase	3	3	240	255	254
laneCase	3	3	176	255	254
laneCase	3	3	83	255	254
laneCase	3	3	246	255	254
laneCase	3	3	141	255	254
laneCase	3	3	48	255	254
laneCase	3	3	211	0	255
laneCase	3	3	118	0	255
laneCase	3	3	25	0	255
laneCase	3	3	240	0	255
laneCase	3	3	176	0	255
laneCase	3	3	83	0	255
laneCase	3	3	246	0	255
laneCase	3	3	141	0	255
laneCase	3	3	48	0	255
laneCase	3	4	129	128	0
laneCase	3	4	129	129	0
laneCase	3	4	129	130	0
laneCase	3	4	129	191	0
laneCase	3	4	129	255	0
laneCase	3	4	129	0	0
laneCase	3	4	129	1	0
laneCase	3	4	129	126	0
laneCase	3	4	129	127	0
laneCase	3	4	130	128	1
laneCase	3	4	130	129	1
laneCase	3	4	130	130	1
laneCase	3	4	130	191	1
laneCase	3	4	130	255	1
laneCase	3	4	130	0	1
laneCase	3	4	130	1	1
laneCase	3	4	130	126	1
laneCase	3	4	130	127	1
laneCase	3	4	131	128	2
laneCase	3	4	131	129	2
laneCase	3	4	131	130	2
laneCase	3	4	131	191	2
laneCase	3	4	131	255	2
laneCase	3	4	131	0	2
laneCase	3	4	131	1	2
laneCase	3	4	131	126	2
laneCase	3	4	131	127	2
laneCase	3	4	192	128	63
laneCase	3	4	192	129	63
laneCase	3	4	192	130	63
laneCase	3	4	192	191	63
laneCase	3	4	192	255	63
laneCase	3	4	192	0	63
laneCase	3	4	192	1	63
laneCase	3	4	192	126	63
laneCase	3	4	192	127	63
laneCase	3	4	0	128	127
laneCase	3	4	0	129	127
laneCase	3	4	0	130	127
laneCase	3	4	0	191	127
laneCase	3	4	0	255	127
laneCase	3	4	0	0	127
laneCase	3	4	0	1	127
laneCase	3	4	0	126	127
laneCase	3	4	0	127	127
laneCase	3	4	1	128	128
laneCase	3	4	1	129	128
laneCase	3	4	1	130	128
laneCase	3	4	1	191	128
laneCase	3	4	1	255	128
laneCase	3	4	1	0	128
laneCase	3	4	1	1	128
laneCase	3	4	1	126	128
laneCase	3	4	1	127	128
laneCase	3	4	2	128	129
laneCase	3	4	2	129	129
laneCase	3	4	2	130	129
laneCase	3	4	2	191	129
laneCase	3	4	2	255	129
laneCase	3	4	2	0	129
laneCase	3	4	2	1	129
laneCase	3	4	2	126	129
laneCase	3	4	2	127	129
laneCase	3	4	127	128	254
laneCase	3	4	127	129	254
laneCase	3	4	127	130	254
laneCase	3	4	127	191	254
laneCase	3	4	127	255	254
laneCase	3	4	127	0	254
laneCase	3	4	127	1	254
laneCase	3	4	127	126	254
laneCase	3	4	127	127	254
laneCase	3	4	128	128	255
laneCase	3	4	128	129	255
laneCase	3	4	128	130	255
laneCase	3	4	128	191	255
laneCase	3	4	128	255	255
laneCase	3	4	128	0	255
laneCase	3	4	128	1	255
laneCase	3	4	128	126	255
laneCase	3	4	128	127	255
laneCase	3	5	127	128	0
laneCase	3	5	128	128	0
laneCase	3	5	129	128	0
laneCase	3	5	190	128	0
laneCase	3	5	254	128	0
laneCase	3	5	255	128	0
laneCase	3	5	0	128	0
laneCase	3	5	125	128	0
laneCase	3	5	126	128	0
laneCase	3	5	127	129	1
laneCase	3	5	128	129	1
laneCase	3	5	129	129	1
laneCase	3	5	190	129	1
laneCase	3	5	254	129	1
laneCase	3	5	255	129	1
laneCase	3	5	0	129	1
laneCase	3	5	125	129	1
laneCase	3	5	126	129	1
laneCase	3	5	127	130	2
laneCase	3	5	128	130	2
laneCase	3	5	129	130	2
laneCase	3	5	190	130	2
laneCase	3	5	254	130	2
laneCase	3	5	255	130	2
laneCase	3	5	0	130	2
laneCase	3	5	125	130	2
laneCase	3	5	126	130	2
laneCase	3	5	127	191	63
laneCase	3	5	128	191	63
laneCase	3	5	129	191	63
laneCase	3	5	190	191	63
laneCase	3	5	254	191	63
laneCase	3	5	255	191	63
laneCase	3	5	0	191	63
laneCase	3	5	125	191	63
laneCase	3	5	126	191	63
laneCase	3	5	127	255	127
laneCase	3	5	128	255	127
laneCase	3	5	129	255	127
laneCase	3	5	190	255	127
laneCase	3	5	254	255	127
laneCase	3	5	255	255	127
laneCase	3	5	0	255	127
laneCase	3	5	125	255	127
laneCase	3	5	126	255	127
laneCase	3	5	127	0	128
laneCase	3	5	128	0	128
laneCase	3	5	129	0	128
laneCase	3	5	190	0	128
laneCase	3	5	254	0	128
laneCase	3	5	255	0	128
laneCase	3	5	0	0	128
laneCase	3	5	125	0	128
laneCase	3	5	126	0	128
laneCase	3	5	127	1	129
laneCase	3	5	128	1	129
laneCase	3	5	129	1	129
laneCase	3	5	190	1	129
laneCase	3	5	254	1	129
laneCase	3	5	255	1	129
laneCase	3	5	0	1	129
laneCase	3	5	125	1	129
laneCase	3	5	126	1	129
laneCase	3	5	127	126	254
laneCase	3	5	128	126	254
laneCase	3	5	129	126	254
laneCase	3	5	190	126	254
laneCase	3	5	254	126	254
laneCase	3	5	255	126	254
laneCase	3	5	0	126	254
laneCase	3	5	125	126	254
laneCase	3	5	126	126	254
laneCase	3	5	127	127	255
laneCase	3	5	128	127	255
laneCase	3	5	129	127	255
laneCase	3	5	190	127	255
laneCase	3	5	254	127	255
laneCase	3	5	255	127	255
laneCase	3	5	0	127	255
laneCase	3	5	125	127	255
laneCase	3	5	126	127	255
laneCase	3	6	83	97	0
laneCase	3	6	83	38	0
laneCase	3	6	83	235	0
laneCase	3	6	83	220	0
laneCase	3	6	83	28	0
laneCase	3	6	83	225	0
laneCase	3	6	83	166	0
laneCase	3	6	83	215	0
laneCase	3	6	83	156	0
laneCase	3	6	254	97	1
laneCase	3	6	254	38	1
laneCase	3	6	254	235	1
laneCase	3	6	254	220	1
laneCase	3	6	254	28	1
laneCase	3	6	254	225	1
laneCase	3	6	254	166	1
laneCase	3	6	254	215	1
laneCase	3	6	254	156	1
laneCase	3	6	169	97	2
laneCase	3	6	169	38	2
laneCase	3	6	169	235	2
laneCase	3	6	169	220	2
laneCase	3	6	169	28	2
laneCase	3	6	169	225	2
laneCase	3	6	169	166	2
laneCase	3	6	169	215	2
laneCase	3	6	169	156	2
laneCase	3	6	104	97	63
laneCase	3	6	104	38	63
laneCase	3	6	104	235	63
laneCase	3	6	104	220	63
laneCase	3	6	104	28	63
laneCase	3	6	104	225	63
laneCase	3	6	104	166	63
laneCase	3	6	104	215	63
laneCase	3	6	104	156	63
laneCase	3	6	40	97	127
laneCase	3	6	40	38	127
laneCase	3	6	40	235	127
laneCase	3	6	40	220	127
laneCase	3	6	40	28	127
laneCase	3	6	40	225	127
laneCase	3	6	40	166	127
laneCase	3	6	40	215	127
laneCase	3	6	40	156	127
laneCase	3	6	211	97	128
laneCase	3	6	211	38	128
laneCase	3	6	211	235	128
laneCase	3	6	211	220	128
laneCase	3	6	211	28	128
laneCase	3	6	211	225	128
laneCase	3	6	211	166	128
laneCase	3	6	211	215	128
laneCase	3	6	211	156	128
laneCase	3	6	126	97	129
laneCase	3	6	126	38	129
laneCase	3	6	126	235	129
laneCase	3	6	126	220	129
laneCase	3	6	126	28	129
laneCase	3	6	126	225	129
laneCase	3	6	126	166	129
laneCase	3	6	126	215	129
laneCase	3	6	126	156	129
laneCase	3	6	253	97	254
laneCase	3	6	253	38	254
laneCase	3	6	253	235	254
laneCase	3	6	253	220	254
laneCase	3	6	253	28	254
laneCase	3	6	253	225	254
laneCase	3	6	253	166	254
laneCase	3	6	253	215	254
laneCase	3	6	253	156	254
laneCase	3	6	168	97	255
laneCase	3	6	168	38	255
laneCase	3	6	168	235	255
laneCase	3	6	168	220	255
laneCase	3	6	168	28	255
laneCase	3	6	168	225	255
laneCase	3	6	168	166	255
laneCase	3	6	168	215	255
laneCase	3	6	168	156	255
laneCase	3	7	167	207	0
laneCase	3	7	152	207	0
laneCase	3	7	137	207	0
laneCase	3	7	246	207	0
laneCase	3	7	54	207	0
laneCase	3	7	39	207	0
laneCase	3	7	24	207	0
laneCase	3	7	197	207	0
laneCase	3	7	182	207	0
laneCase	3	7	167	156	1
laneCase	3	7	152	156	1
laneCase	3	7	137	156	1
laneCase	3	7	246	156	1
laneCase	3	7	54	156	1
laneCase	3	7	39	156	1
laneCase	3	7	24	156	1
laneCase	3	7	197	156	1
laneCase	3	7	182	156	1
laneCase	3	7	167	105	2
laneCase	3	7	152	105	2
laneCase	3	7	137	105	2
laneCase	3	7	246	105	2
laneCase	3	7	54	105	2
laneCase	3	7	39	105	2
laneCase	3	7	24	105	2
laneCase	3	7	197	105	2
laneCase	3	7	182	105	2
laneCase	3	7	167	66	63
laneCase	3	7	152	66	63
laneCase	3	7	137	66	63
laneCase	3	7	246	66	63
laneCase	3	7	54	66	63
laneCase	3	7	39	66	63
laneCase	3	7	24	66	63
laneCase	3	7	197	66	63
laneCase	3	7	182	66	63
laneCase	3	7	167	130	127
laneCase	3	7	152	130	127
laneCase	3	7	137	130	127
laneCase	3	7	246	130	127
laneCase	3	7	54	130	127
laneCase	3	7	39	130	127
laneCase	3	7	24	130	127
laneCase	3	7	197	130	127
laneCase	3	7	182	130	127
laneCase	3	7	167	79	128
laneCase	3	7	152	79	128
laneCase	3	7	137	79	128
laneCase	3	7	246	79	128
laneCase	3	7	54	79	128
laneCase	3	7	39	79	128
laneCase	3	7	24	79	128
laneCase	3	7	197	79	128
laneCase	3	7	182	79	128
laneCase	3	7	167	28	129
laneCase	3	7	152	28	129
laneCase	3	7	137	28	129
laneCase	3	7	246	28	129
laneCase	3	7	54	28	129
laneCase	3	7	39	28	129
laneCase	3	7	24	28	129
laneCase	3	7	197	28	129
laneCase	3	7	182	28	129
laneCase	3	7	167	53	254
laneCase	3	7	152	53	254
laneCase	3	7	137	53	254
laneCase	3	7	246	53	254
laneCase	3	7	54	53	254
laneCase	3	7	39	53	254
laneCase	3	7	24	53	254
laneCase	3	7	197	53	254
laneCase	3	7	182	53	254
laneCase	3	7	167	2	255
laneCase	3	7	152	2	255
laneCase	3	7	137	2	255
laneCase	3	7	246	2	255
laneCase	3	7	54	2	255
laneCase	3	7	39	2	255
laneCase	3	7	24	2	255
laneCase	3	7	197	2	255
laneCase	3	7	182	2	255
laneCase	3	8	69	53	0
laneCase	3	8	69	220	0
laneCase	3	8	69	131	0
laneCase	3	8	69	78	0
laneCase	3	8	69	14	0
laneCase	3	8	69	181	0
laneCase	3	8	69	92	0
laneCase	3	8	69	231	0
laneCase	3	8	69	142	0
laneCase	3	8	252	53	1
laneCase	3	8	252	220	1
laneCase	3	8	252	131	1
laneCase	3	8	252	78	1
laneCase	3	8	252	14	1
laneCase	3	8	252	181	1
laneCase	3	8	252	92	1
laneCase	3	8	252	231	1
laneCase	3	8	252	142	1
laneCase	3	8	179	53	2
laneCase	3	8	179	220	2
laneCase	3	8	179	131	2
laneCase	3	8	179	78	2
laneCase	3	8	179	14	2
laneCase	3	8	179	181	2
laneCase	3	8	179	92	2
laneCase	3	8	179	231	2
laneCase	3	8	179	142	2
laneCase	3	8	78	53	63
laneCase	3	8	78	220	63
laneCase	3	8	78	131	63
laneCase	3	8	78	78	63
laneCase	3	8	78	14	63
laneCase	3	8	78	181	63
laneCase	3	8	78	92	63
laneCase	3	8	78	231	63
laneCase	3	8	78	142	63
laneCase	3	8	14	53	127
laneCase	3	8	14	220	127
laneCase	3	8	14	131	127
laneCase	3	8	14	78	127
laneCase	3	8	14	14	127
laneCase	3	8	14	181	127
laneCase	3	8	14	92	127
laneCase	3	8	14	231	127
laneCase	3	8	14	142	127
laneCase	3	8	197	53	128
laneCase	3	8	197	220	128
laneCase	3	8	197	131	128
laneCase	3	8	197	78	128
laneCase	3	8	197	14	128
laneCase	3	8	197	181	128
laneCase	3	8	197	92	128
laneCase	3	8	197	231	128
laneCase	3	8	197	142	128
laneCase	3	8	124	53	129
laneCase	3	8	124	220	129
laneCase	3	8	124	131	129
laneCase	3	8	124	78	129
laneCase	3	8	124	14	129
laneCase	3	8	124	181	129
laneCase	3	8	124	92	129
laneCase	3	8	124	231	129
laneCase	3	8	124	142	129
laneCase	3	8	215	53	254
laneCase	3	8	215	220	254
laneCase	3	8	215	131	254
laneCase	3	8	215	78	254
laneCase	3	8	215	14	254
laneCase	3	8	215	181	254
laneCase	3	8	215	92	254
laneCase	3	8	215	231	254
laneCase	3	8	215	142	254
laneCase	3	8	142	53	255
laneCase	3	8	142	220	255
laneCase	3	8	142	131	255
laneCase	3	8	142	78	255
laneCase	3	8	142	14	255
laneCase	3	8	142	181	255
laneCase	3	8	142	92	255
laneCase	3	8	142	231	255
laneCase	3	8	142	142	255
laneCase	3	9	187	231	0
laneCase	3	9	228	231	0
laneCase	3	9	13	231	0
laneCase	3	9	210	231	0
laneCase	3	9	18	231	0
laneCase	3	9	59	231	0
laneCase	3	9	100	231	0
laneCase	3	9	105	231	0
laneCase	3	9	146	231	0
laneCase	3	9	187	32	1
laneCase	3	9	228	32	1
laneCase	3	9	13	32	1
laneCase	3	9	210	32	1
laneCase	3	9	18	32	1
laneCase	3	9	59	32	1
laneCase	3	9	100	32	1
laneCase	3	9	105	32	1
laneCase	3	9	146	32	1
laneCase	3	9	187	89	2
laneCase	3	9	228	89	2
laneCase	3	9	13	89	2
laneCase	3	9	210	89	2
laneCase	3	9	18	89	2
laneCase	3	9	59	89	2
laneCase	3	9	100	89	2
laneCase	3	9	105	89	2
laneCase	3	9	146	89	2
laneCase	3	9	187	238	63
laneCase	3	9	228	238	63
laneCase	3	9	13	238	63
laneCase	3	9	210	238	63
laneCase	3	9	18	238	63
laneCase	3	9	59	238	63
laneCase	3	9	100	238	63
laneCase	3	9	105	238	63
laneCase	3	9	146	238	63
laneCase	3	9	187	46	127
laneCase	3	9	228	46	127
laneCase	3	9	13	46	127
laneCase	3	9	210	46	127
laneCase	3	9	18	46	127
laneCase	3	9	59	46	127
laneCase	3	9	100	46	127
laneCase	3	9	105	46	127
laneCase	3	9	146	46	127
laneCase	3	9	187	103	128
laneCase	3	9	228	103	128
laneCase	3	9	13	103	128
laneCase	3	9	210	103	128
laneCase	3	9	18	103	128
laneCase	3	9	59	103	128
laneCase	3	9	100	103	128
laneCase	3	9	105	103	128
laneCase	3	9	146	103	128
laneCase	3	9	187	160	129
laneCase	3	9	228	160	129
laneCase	3	9	13	160	129
laneCase	3	9	210	160	129
laneCase	3	9	18	160	129
laneCase	3	9	59	160	129
laneCase	3	9	100	160	129
laneCase	3	9	105	160	129
laneCase	3	9	146	160	129
laneCase	3	9	187	117	254
laneCase	3	9	228	117	254
laneCase	3	9	13	117	254
laneCase	3	9	210	117	254
laneCase	3	9	18	117	254
laneCase	3	9	59	117	254
laneCase	3	9	100	117	254
laneCase	3	9	105	117	254
laneCase	3	9	146	117	254
laneCase	3	9	187	174	255
laneCase	3	9	228	174	255
laneCase	3	9	13	174	255
laneCase	3	9	210	174	255
laneCase	3	9	18	174	255
laneCase	3	9	59	174	255
laneCase	3	9	100	174	255
laneCase	3	9	105	174	255
laneCase	3	9	146	174	255
laneCase	3	10	113	187	0
laneCase	3	10	113	206	0
laneCase	3	10	113	225	0
laneCase	3	10	113	104	0
laneCase	3	10	113	40	0
laneCase	3	10	113	59	0
laneCase	3	10	113	78	0
laneCase	3	10	113	149	0
laneCase	3	10	113	168	0
laneCase	3	10	20	187	1
laneCase	3	10	20	206	1
laneCase	3	10	20	225	1
laneCase	3	10	20	104	1
laneCase	3	10	20	40	1
laneCase	3	10	20	59	1
laneCase	3	10	20	78	1
laneCase	3	10	20	149	1
laneCase	3	10	20	168	1
laneCase	3	10	183	187	2
laneCase	3	10	183	206	2
laneCase	3	10	183	225	2
laneCase	3	10	183	104	2
laneCase	3	10	183	40	2
laneCase	3	10	183	59	2
laneCase	3	10	183	78	2
laneCase	3	10	183	149	2
laneCase	3	10	183	168	2
laneCase	3	10	142	187	63
laneCase	3	10	142	206	63
laneCase	3	10	142	225	63
laneCase	3	10	142	104	63
laneCase	3	10	142	40	63
laneCase	3	10	142	59	63
laneCase	3	10	142	78	63
laneCase	3	10	142	149	63
laneCase	3	10	142	168	63
laneCase	3	10	78	187	127
laneCase	3	10	78	206	127
laneCase	3	10	78	225	127
laneCase	3	10	78	104	127
laneCase	3	10	78	40	127
laneCase	3	10	78	59	127
laneCase	3	10	78	78	127
laneCase	3	10	78	149	127
laneCase	3	10	78	168	127
laneCase	3	10	241	187	128
laneCase	3	10	241	206	128
laneCase	3	10	241	225	128
laneCase	3	10	241	104	128
laneCase	3	10	241	40	128
laneCase	3	10	241	59	128
laneCase	3	10	241	78	128
laneCase	3	10	241	149	128
laneCase	3	10	241	168	128
laneCase	3	10	148	187	129
laneCase	3	10	148	206	129
laneCase	3	10	148	225	129
laneCase	3	10	148	104	129
laneCase	3	10	148	40	129
laneCase	3	10	148	59	129
laneCase	3	10	148	78	129
laneCase	3	10	148	149	129
laneCase	3	10	148	168	129
laneCase	3	10	43	187	254
laneCase	3	10	43	206	254
laneCase	3	10	43	225	254
laneCase	3	10	43	104	254
laneCase	3	10	43	40	254
laneCase	3	10	43	59	254
laneCase	3	10	43	78	254
laneCase	3	10	43	149	254
laneCase	3	10	43	168	254
laneCase	3	10	206	187	255
laneCase	3	10	206	206	255
laneCase	3	10	206	225	255
laneCase	3	10	206	104	255
laneCase	3	10	206	40	255
laneCase	3	10	206	59	255
laneCase	3	10	206	78	255
laneCase	3	10	206	149	255
laneCase	3	10	206	168	255
laneCase	3	11	29	141	0
laneCase	3	11	82	141	0
laneCase	3	11	135	141	0
laneCase	3	11	40	141	0
laneCase	3	11	104	141	0
laneCase	3	11	157	141	0
laneCase	3	11	210	141	0
laneCase	3	11	179	141	0
laneCase	3	11	232	141	0
laneCase	3	11	29	82	1
laneCase	3	11	82	82	1
laneCase	3	11	135	82	1
laneCase	3	11	40	82	1
laneCase	3	11	104	82	1
laneCase	3	11	157	82	1
laneCase	3	11	210	82	1
laneCase	3	11	179	82	1
laneCase	3	11	232	82	1
laneCase	3	11	29	23	2
laneCase	3	11	82	23	2
laneCase	3	11	135	23	2
laneCase	3	11	40	23	2
laneCase	3	11	104	23	2
laneCase	3	11	157	23	2
laneCase	3	11	210	23	2
laneCase	3	11	179	23	2
laneCase	3	11	232	23	2
laneCase	3	11	29	8	63
laneCase	3	11	82	8	63
laneCase	3	11	135	8	63
laneCase	3	11	40	8	63
laneCase	3	11	104	8	63
laneCase	3	11	157	8	63
laneCase	3	11	210	8	63
laneCase	3	11	179	8	63
laneCase	3	11	232	8	63
laneCase	3	11	29	72	127
laneCase	3	11	82	72	127
laneCase	3	11	135	72	127
laneCase	3	11	40	72	127
laneCase	3	11	104	72	127
laneCase	3	11	157	72	127
laneCase	3	11	210	72	127
laneCase	3	11	179	72	127
laneCase	3	11	232	72	127
laneCase	3	11	29	13	128
laneCase	3	11	82	13	128
laneCase	3	11	135	13	128
laneCase	3	11	40	13	128
laneCase	3	11	104	13	128
laneCase	3	11	157	13	128
laneCase	3	11	210	13	128
laneCase	3	11	179	13	128
laneCase	3	11	232	13	128
laneCase	3	11	29	210	129
laneCase	3	11	82	210	129
laneCase	3	11	135	210	129
laneCase	3	11	40	210	129
laneCase	3	11	104	210	129
laneCase	3	11	157	210	129
laneCase	3	11	210	210	129
laneCase	3	11	179	210	129
laneCase	3	11	232	210	129
laneCase	3	11	29	3	254
laneCase	3	11	82	3	254
laneCase	3	11	135	3	254
laneCase	3	11	40	3	254
laneCase	3	11	104	3	254
laneCase	3	11	157	3	254
laneCase	3	11	210	3	254
laneCase	3	11	179	3	254
laneCase	3	11	232	3	254
laneCase	3	11	29	200	255
laneCase	3	11	82	200	255
laneCase	3	11	135	200	255
laneCase	3	11	40	200	255
laneCase	3	11	104	200	255
laneCase	3	11	157	200	255
laneCase	3	11	210	200	255
laneCase	3	11	179	200	255
laneCase	3	11	232	200	255
laneCase	3	12	219	47	0
laneCase	3	12	219	14	0
laneCase	3	12	219	237	0
laneCase	3	12	219	16	0
laneCase	3	12	219	208	0
laneCase	3	12	219	175	0
laneCase	3	12	219	142	0
laneCase	3	12	219	113	0
laneCase	3	12	219	80	0
laneCase	3	12	202	47	1
laneCase	3	12	202	14	1
laneCase	3	12	202	237	1
laneCase	3	12	202	16	1
laneCase	3	12	202	208	1
laneCase	3	12	202	175	1
laneCase	3	12	202	142	1
laneCase	3	12	202	113	1
laneCase	3	12	202	80	1
laneCase	3	12	185	47	2
laneCase	3	12	185	14	2
laneCase	3	12	185	237	2
laneCase	3	12	185	16	2
laneCase	3	12	185	208	2
laneCase	3	12	185	175	2
laneCase	3	12	185	142	2
laneCase	3	12	185	113	2
laneCase	3	12	185	80	2
laneCase	3	12	172	47	63
laneCase	3	12	172	14	63
laneCase	3	12	172	237	63
laneCase	3	12	172	16	63
laneCase	3	12	172	208	63
laneCase	3	12	172	175	63
laneCase	3	12	172	142	63
laneCase	3	12	172	113	63
laneCase	3	12	172	80	63
laneCase	3	12	108	47	127
laneCase	3	12	108	14	127
laneCase	3	12	108	237	127
laneCase	3	12	108	16	127
laneCase	3	12	108	208	127
laneCase	3	12	108	175	127
laneCase	3	12	108	142	127
laneCase	3	12	108	113	127
laneCase	3	12	108	80	127
laneCase	3	12	91	47	128
laneCase	3	12	91	14	128
laneCase	3	12	91	237	128
laneCase	3	12	91	16	128
laneCase	3	12	91	208	128
laneCase	3	12	91	175	128
laneCase	3	12	91	142	128
laneCase	3	12	91	113	128
laneCase	3	12	91	80	128
laneCase	3	12	74	47	129
laneCase	3	12	74	14	129
laneCase	3	12	74	237	129
laneCase	3	12	74	16	129
laneCase	3	12	74	208	129
laneCase	3	12	74	175	129
laneCase	3	12	74	142	129
laneCase	3	12	74	113	129
laneCase	3	12	74	80	129
laneCase	3	12	253	47	254
laneCase	3	12	253	14	254
laneCase	3	12	253	237	254
laneCase	3	12	253	16	254
laneCase	3	12	253	208	254
laneCase	3	12	253	175	254
laneCase	3	12	253	142	254
laneCase	3	12	253	113	254
laneCase	3	12	253	80	254
laneCase	3	12	236	47	255
laneCase	3	12	236	14	255
laneCase	3	12	236	237	255
laneCase	3	12	236	16	255
laneCase	3	12	236	208	255
laneCase	3	12	236	175	255
laneCase	3	12	236	142	255
laneCase	3	12	236	113	255
laneCase	3	12	236	80	255
laneCase	3	13	243	63	0
laneCase	3	13	212	63	0
laneCase	3	13	181	63	0
laneCase	3	13	82	63	0
laneCase	3	13	146	63	0
laneCase	3	13	115	63	0
laneCase	3	13	84	63	0
laneCase	3	13	49	63	0
laneCase	3	13	18	63	0
laneCase	3	13	243	48	1
laneCase	3	13	212	48	1
laneCase	3	13	181	48	1
laneCase	3	13	82	48	1
laneCase	3	13	146	48	1
laneCase	3	13	115	48	1
laneCase	3	13	84	48	1
laneCase	3	13	49	48	1
laneCase	3	13	18	48	1
laneCase	3	13	243	33	2
laneCase	3	13	212	33	2
laneCase	3	13	181	33	2
laneCase	3	13	82	33	2
laneCase	3	13	146	33	2
laneCase	3	13	115	33	2
laneCase	3	13	84	33	2
laneCase	3	13	49	33	2
laneCase	3	13	18	33	2
laneCase	3	13	243	142	63
laneCase	3	13	212	142	63
laneCase	3	13	181	142	63
laneCase	3	13	82	142	63
laneCase	3	13	146	142	63
laneCase	3	13	115	142	63
laneCase	3	13	84	142	63
laneCase	3	13	49	142	63
laneCase	3	13	18	142	63
laneCase	3	13	243	206	127
laneCase	3	13	212	206	127
laneCase	3	13	181	206	127
laneCase	3	13	82	206	127
laneCase	3	13	146	206	127
laneCase	3	13	115	206	127
laneCase	3	13	84	206	127
laneCase	3	13	49	206	127
laneCase	3	13	18	206	127
laneCase	3	13	243	191	128
laneCase	3	13	212	191	128
laneCase	3	13	181	191	128
laneCase	3	13	82	191	128
laneCase	3	13	146	191	128
laneCase	3	13	115	191	128
laneCase	3	13	84	191	128
laneCase	3	13	49	191	128
laneCase	3	13	18	191	128
laneCase	3	13	243	176	129
laneCase	3	13	212	176	129
laneCase	3	13	181	176	129
laneCase	3	13	82	176	129
laneCase	3	13	146	176	129
laneCase	3	13	115	176	129
laneCase	3	13	84	176	129
laneCase	3	13	49	176	129
laneCase	3	13	18	176	129
laneCase	3	13	243	93	254
laneCase	3	13	212	93	254
laneCase	3	13	181	93	254
laneCase	3	13	82	93	254
laneCase	3	13	146	93	254
laneCase	3	13	115	93	254
laneCase	3	13	84	93	254
laneCase	3	13	49	93	254
laneCase	3	13	18	93	254
laneCase	3	13	243	78	255
laneCase	3	13	212	78	255
laneCase	3	13	181	78	255
laneCase	3	13	82	78	255
laneCase	3	13	146	78	255
laneCase	3	13	115	78	255
laneCase	3	13	84	78	255
laneCase	3	13	49	78	255
laneCase	3	13	18	78	255
laneCase	3	14	105	173	0
laneCase	3	14	105	56	0
laneCase	3	14	105	195	0
laneCase	3	14	105	226	0
laneCase	3	14	105	162	0
laneCase	3	14	105	45	0
laneCase	3	14	105	184	0
laneCase	3	14	105	151	0
laneCase	3	14	105	34	0
laneCase	3	14	132	173	1
laneCase	3	14	132	56	1
laneCase	3	14	132	195	1
laneCase	3	14	132	226	1
laneCase	3	14	132	162	1
laneCase	3	14	132	45	1
laneCase	3	14	132	184	1
laneCase	3	14	132	151	1
laneCase	3	14	132	34	1
laneCase	3	14	159	173	2
laneCase	3	14	159	56	2
laneCase	3	14	159	195	2
laneCase	3	14	159	226	2
laneCase	3	14	159	162	2
laneCase	3	14	159	45	2
laneCase	3	14	159	184	2
laneCase	3	14	159	151	2
laneCase	3	14	159	34	2
laneCase	3	14	14	173	63
laneCase	3	14	14	56	63
laneCase	3	14	14	195	63
laneCase	3	14	14	226	63
laneCase	3	14	14	162	63
laneCase	3	14	14	45	63
laneCase	3	14	14	184	63
laneCase	3	14	14	151	63
laneCase	3	14	14	34	63
laneCase	3	14	206	173	127
laneCase	3	14	206	56	127
laneCase	3	14	206	195	127
laneCase	3	14	206	226	127
laneCase	3	14	206	162	127
laneCase	3	14	206	45	127
laneCase	3	14	206	184	127
laneCase	3	14	206	151	127
laneCase	3	14	206	34	127
laneCase	3	14	233	173	128
laneCase	3	14	233	56	128
laneCase	3	14	233	195	128
laneCase	3	14	233	226	128
laneCase	3	14	233	162	128
laneCase	3	14	233	45	128
laneCase	3	14	233	184	128
laneCase	3	14	233	151	128
laneCase	3	14	233	34	128
laneCase	3	14	4	173	129
laneCase	3	14	4	56	129
laneCase	3	14	4	195	129
laneCase	3	14	4	226	129
laneCase	3	14	4	162	129
laneCase	3	14	4	45	129
laneCase	3	14	4	184	129
laneCase	3	14	4	151	129
laneCase	3	14	4	34	129
laneCase	3	14	51	173	254
laneCase	3	14	51	56	254
laneCase	3	14	51	195	254
laneCase	3	14	51	226	254
laneCase	3	14	51	162	254
laneCase	3	14	51	45	254
laneCase	3	14	51	184	254
laneCase	3	14	51	151	254
laneCase	3	14	51	34	254
laneCase	3	14	78	173	255
laneCase	3	14	78	56	255
laneCase	3	14	78	195	255
laneCase	3	14	78	226	255
laneCase	3	14	78	162	255
laneCase	3	14	78	45	255
laneCase	3	14	78	184	255
laneCase	3	14	78	151	255
laneCase	3	14	78	34	255
laneCase	3	15	141	15	0
laneCase	3	15	58	15	0
laneCase	3	15	231	15	0
laneCase	3	15	32	15	0
laneCase	3	15	96	15	0
laneCase	3	15	13	15	0
laneCase	3	15	186	15	0
laneCase	3	15	51	15	0
laneCase	3	15	224	15	0
laneCase	3	15	141	76	1
laneCase	3	15	58	76	1
laneCase	3	15	231	76	1
laneCase	3	15	32	76	1
laneCase	3	15	96	76	1
laneCase	3	15	13	76	1
laneCase	3	15	186	76	1
laneCase	3	15	51	76	1
laneCase	3	15	224	76	1
laneCase	3	15	141	137	2
laneCase	3	15	58	137	2
laneCase	3	15	231	137	2
laneCase	3	15	32	137	2
laneCase	3	15	96	137	2
laneCase	3	15	13	137	2
laneCase	3	15	186	137	2
laneCase	3	15	51	137	2
laneCase	3	15	224	137	2
laneCase	3	15	141	18	63
laneCase	3	15	58	18	63
laneCase	3	15	231	18	63
laneCase	3	15	32	18	63
laneCase	3	15	96	18	63
laneCase	3	15	13	18	63
laneCase	3	15	186	18	63
laneCase	3	15	51	18	63
laneCase	3	15	224	18	63
laneCase	3	15	141	82	127
laneCase	3	15	58	82	127
laneCase	3	15	231	82	127
laneCase	3	15	32	82	127
laneCase	3	15	96	82	127
laneCase	3	15	13	82	127
laneCase	3	15	186	82	127
laneCase	3	15	51	82	127
laneCase	3	15	224	82	127
laneCase	3	15	141	143	128
laneCase	3	15	58	143	128
laneCase	3	15	231	143	128
laneCase	3	15	32	143	128
laneCase	3	15	96	143	128
laneCase	3	15	13	143	128
laneCase	3	15	186	143	128
laneCase	3	15	51	143	128
laneCase	3	15	224	143	128
laneCase	3	15	141	204	129
laneCase	3	15	58	204	129
laneCase	3	15	231	204	129
laneCase	3	15	32	204	129
laneCase	3	15	96	204	129
laneCase	3	15	13	204	129
laneCase	3	15	186	204	129
laneCase	3	15	51	204	129
laneCase	3	15	224	204	129
laneCase	3	15	141	149	254
laneCase	3	15	58	149	254
laneCase	3	15	231	149	254
laneCase	3	15	32	149	254
laneCase	3	15	96	149	254
laneCase	3	15	13	149	254
laneCase	3	15	186	149	254
laneCase	3	15	51	149	254
laneCase	3	15	224	149	254
laneCase	3	15	141	210	255
laneCase	3	15	58	210	255
laneCase	3	15	231	210	255
laneCase	3	15	32	210	255
laneCase	3	15	96	210	255
laneCase	3	15	13	210	255
laneCase	3	15	186	210	255
laneCase	3	15	51	210	255
laneCase	3	15	224	210	255
laneCase	4	0	-29	0	0
laneCase	4	0	-28	1	0
laneCase	4	0	-27	2	0
laneCase	4	0	34	63	0
laneCase	4	0	98	127	0
laneCase	4	0	99	128	0
laneCase	4	0	100	129	0
laneCase	4	0	225	254	0
laneCase	4	0	226	255	0
laneCase	4	0	-28	0	1
laneCase	4	0	-27	1	1
laneCase	4	0	-26	2	1
laneCase	4	0	35	63	1
laneCase	4	0	99	127	1
laneCase	4	0	100	128	1
laneCase	4	0	101	129	1
laneCase	4	0	226	254	1
laneCase	4	0	227	255	1
laneCase	4	0	-27	0	2
laneCase	4	0	-26	1	2
laneCase	4	0	-25	2	2
laneCase	4	0	36	63	2
laneCase	4	0	100	127	2
laneCase	4	0	101	128	2
laneCase	4	0	102	129	2
laneCase	4	0	227	254	2
laneCase	4	0	228	255	2
laneCase	4	0	34	0	63
laneCase	4	0	35	1	63
laneCase	4	0	36	2	63
laneCase	4	0	97	63	63
laneCase	4	0	161	127	63
laneCase	4	0	162	128	63
laneCase	4	0	163	129	63
laneCase	4	0	288	254	63
laneCase	4	0	289	255	63
laneCase	4	0	98	0	127
laneCase	4	0	99	1	127
laneCase	4	0	100	2	127
laneCase	4	0	161	63	127
laneCase	4	0	225	127	127
laneCase	4	0	226	128	127
laneCase	4	0	227	129	127
laneCase	4	0	352	254	127
laneCase	4	0	353	255	127
laneCase	4	0	99	0	128
laneCase	4	0	100	1	128
laneCase	4	0	101	2	128
laneCase	4	0	162	63	128
laneCase	4	0	226	127	128
laneCase	4	0	227	128	128
laneCase	4	0	228	129	128
laneCase	4	0	353	254	128
laneCase	4	0	354	255	128
laneCase	4	0	100	0	129
laneCase	4	0	101	1	129
laneCase	4	0	102	2	129
laneCase	4	0	163	63	129
laneCase	4	0	227	127	129
laneCase	4	0	228	128	129
laneCase	4	0	229	129	129
laneCase	4	0	354	254	129
laneCase	4	0	355	255	129
laneCase	4	0	225	0	254
laneCase	4	0	226	1	254
laneCase	4	0	227	2	254
laneCase	4	0	288	63	254
laneCase	4	0	352	127	254
laneCase	4	0	353	128	254
laneCase	4	0	354	129	254
laneCase	4	0	479	254	254
laneCase	4	0	480	255	254
laneCase	4	0	226	0	255
laneCase	4	0	227	1	255
laneCase	4	0	228	2	255
laneCase	4	0	289	63	255
laneCase	4	0	353	127	255
laneCase	4	0	354	128	255
laneCase	4	0	355	129	255
laneCase	4	0	480	254	255
laneCase	4	0	481	255	255
laneCase	4	1	-29	0	0
laneCase	4	1	-28	1	0
laneCase	4	1	-27	2	0
laneCase	4	1	34	63	0
laneCase	4	1	98	127	0
laneCase	4	1	99	128	0
laneCase	4	1	100	129	0
laneCase	4	1	225	254	0
laneCase	4	1	226	255	0
laneCase	4	1	-28	0	1
laneCase	4	1	-27	1	1
laneCase	4	1	-26	2	1
laneCase	4	1	35	63	1
laneCase	4	1	99	127	1
laneCase	4	1	100	128	1
laneCase	4	1	101	129	1
laneCase	4	1	226	254	1
laneCase	4	1	227	255	1
laneCase	4	1	-27	0	2
laneCase	4	1	-26	1	2
laneCase	4	1	-25	2	2
laneCase	4	1	36	63	2
laneCase	4	1	100	127	2
laneCase	4	1	101	128	2
laneCase	4	1	102	129	2
laneCase	4	1	227	254	2
laneCase	4	1	228	255	2
laneCase	4	1	34	0	63
laneCase	4	1	35	1	63
laneCase	4	1	36	2	63
laneCase	4	1	97	63	63
laneCase	4	1	161	127	63
laneCase	4	1	162	128	63
laneCase	4	1	163	129	63
laneCase	4	1	288	254	63
laneCase	4	1	289	255	63
laneCase	4	1	98	0	127
laneCase	4	1	99	1	127
laneCase	4	1	100	2	127
laneCase	4	1	161	63	127
laneCase	4	1	225	127	127
laneCase	4	1	226	128	127
laneCase	4	1	227	129	127
laneCase	4	1	352	254	127
laneCase	4	1	353	255	127
laneCase	4	1	99	0	128
laneCase	4	1	100	1	128
laneCase	4	1	101	2	128
laneCase	4	1	162	63	128
laneCase	4	1	226	127	128
laneCase	4	1	227	128	128
laneCase	4	1	228	129	128
laneCase	4	1	353	254	128
laneCase	4	1	354	255	128
laneCase	4	1	100	0	129
laneCase	4	1	101	1	129
laneCase	4	1	102	2	129
laneCase	4	1	163	63	129
laneCase	4	1	227	127	129
laneCase	4	1	228	128	129
laneCase	4	1	229	129	129
laneCase	4	1	354	254	129
laneCase	4	1	355	255	129
laneCase	4	1	225	0	254
laneCase	4	1	226	1	254
laneCase	4	1	227	2	254
laneCase	4	1	288	63	254
laneCase	4	1	352	127	254
laneCase	4	1	353	128	254
laneCase	4	1	354	129	254
laneCase	4	1	479	254	254
laneCase	4	1	480	255	254
laneCase	4	1	226	0	255
laneCase	4	1	227	1	255
laneCase	4	1	228	2	255
laneCase	4	1	289	63	255
laneCase	4	1	353	127	255
laneCase	4	1	354	128	255
laneCase	4	1	355	129	255
laneCase	4	1	480	254	255
laneCase	4	1	481	255	255
laneCase	4	2	-29	0	0
laneCase	4	2	-28	1	0
laneCase	4	2	-27	2	0
laneCase	4	2	34	63	0
laneCase	4	2	98	127	0
laneCase	4	2	99	128	0
laneCase	4	2	100	129	0
laneCase	4	2	225	254	0
laneCase	4	2	226	255	0
laneCase	4	2	-28	0	1
laneCase	4	2	-27	1	1
laneCase	4	2	-26	2	1
laneCase	4	2	35	63	1
laneCase	4	2	99	127	1
laneCase	4	2	100	128	1
laneCase	4	2	101	129	1
laneCase	4	2	226	254	1
laneCase	4	2	227	255	1
laneCase	4	2	-27	0	2
laneCase	4	2	-26	1	2
laneCase	4	2	-25	2	2
laneCase	4	2	36	63	2
laneCase	4	2	100	127	2
laneCase	4	2	101	128	2
laneCase	4	2	102	129	2
laneCase	4	2	227	254	2
laneCase	4	2	228	255	2
laneCase	4	2	34	0	63
laneCase	4	2	35	1	63
laneCase	4	2	36	2	63
laneCase	4	2	97	63	63
laneCase	4	2	161	127	63
laneCase	4	2	162	128	63
laneCase	4	2	163	129	63
laneCase	4	2	288	254	63
laneCase	4	2	289	255	63
laneCase	4	2	98	0	127
laneCase	4	2	99	1	127
laneCase	4	2	100	2	127
laneCase	4	2	161	63	127
laneCase	4	2	225	127	127
laneCase	4	2	226	128	127
laneCase	4	2	227	129	127
laneCase	4	2	352	254	127
laneCase	4	2	353	255	127
laneCase	4	2	99	0	128
laneCase	4	2	100	1	128
laneCase	4	2	101	2	128
laneCase	4	2	162	63	128
laneCase	4	2	226	127	128
laneCase	4	2	227	128	128
laneCase	4	2	228	129	128
laneCase	4	2	353	254	128
laneCase	4	2	354	255	128
laneCase	4	2	100	0	129
laneCase	4	2	101	1	129
laneCase	4	2	102	2	129
laneCase	4	2	163	63	129
laneCase	4	2	227	127	129
laneCase	4	2	228	128	129
laneCase	4	2	229	129	129
laneCase	4	2	354	254	129
laneCase	4	2	355	255	129
laneCase	4	2	225	0	254
laneCase	4	2	226	1	254
laneCase	4	2	227	2	254
laneCase	4	2	288	63	254
laneCase	4	2	352	127	254
laneCase	4	2	353	128	254
laneCase	4	2	354	129	254
laneCase	4	2	479	254	254
laneCase	4	2	480	255	254
laneCase	4	2	226	0	255
laneCase	4	2	227	1	255
laneCase	4	2	228	2	255
laneCase	4	2	289	63	255
laneCase	4	2	353	127	255
laneCase	4	2	354	128	255
laneCase	4	2	355	129	255
laneCase	4	2	480	254	255
laneCase	4	2	481	255	255
laneCase	4	3	-29	0	0
laneCase	4	3	-28	1	0
laneCase	4	3	-27	2	0
laneCase	4	3	34	63	0
laneCase	4	3	98	127	0
laneCase	4	3	99	128	0
laneCase	4	3	100	129	0
laneCase	4	3	225	254	0
laneCase	4	3	226	255	0
laneCase	4	3	-28	0	1
laneCase	4	3	-27	1	1
laneCase	4	3	-26	2	1
laneCase	4	3	35	63	1
laneCase	4	3	99	127	1
laneCase	4	3	100	128	1
laneCase	4	3	101	129	1
laneCase	4	3	226	254	1
laneCase	4	3	227	255	1
laneCase	4	3	-27	0	2
laneCase	4	3	-26	1	2
laneCase	4	3	-25	2	2
laneCase	4	3	36	63	2
laneCase	4	3	100	127	2
laneCase	4	3	101	128	2
laneCase	4	3	102	129	2
laneCase	4	3	227	254	2
laneCase	4	3	228	255	2
laneCase	4	3	34	0	63
laneCase	4	3	35	1	63
laneCase	4	3	36	2	63
laneCase	4	3	97	63	63
laneCase	4	3	161	127	63
laneCase	4	3	162	128	63
laneCase	4	3	163	129	63
laneCase	4	3	288	254	63
laneCase	4	3	289	255	63
laneCase	4	3	98	0	127
laneCase	4	3	99	1	127
laneCase	4	3	100	2	127
laneCase	4	3	161	63	127
laneCase	4	3	225	127	127
laneCase	4	3	226	128	127
laneCase	4	3	227	129	127
laneCase	4	3	352	254	127
laneCase	4	3	353	255	127
laneCase	4	3	99	0	128
laneCase	4	3	100	1	128
laneCase	4	3	101	2	128
laneCase	4	3	162	63	128
laneCase	4	3	226	127	128
laneCase	4	3	227	128	128
laneCase	4	3	228	129	128
laneCase	4	3	353	254	128
laneCase	4	3	354	255	128
laneCase	4	3	100	0	129
laneCase	4	3	101	1	129
laneCase	4	3	102	2	129
laneCase	4	3	163	63	129
laneCase	4	3	227	127	129
laneCase	4	3	228	128	129
laneCase	4	3	229	129	129
laneCase	4	3	354	254	129
laneCase	4	3	355	255	129
laneCase	4	3	225	0	254
laneCase	4	3	226	1	254
laneCase	4	3	227	2	254
laneCase	4	3	288	63	254
laneCase	4	3	352	127	254
laneCase	4	3	353	128	254
laneCase	4	3	354	129	254
laneCase	4	3	479	254	254
laneCase	4	3	480	255	254
laneCase	4	3	226	0	255
laneCase	4	3	227	1	255
laneCase	4	3	228	2	255
laneCase	4	3	289	63	255
laneCase	4	3	353	127	255
laneCase	4	3	354	128	255
laneCase	4	3	355	129	255
laneCase	4	3	480	254	255
laneCase	4	3	481	255	255
laneCase	4	4	-29	0	0
laneCase	4	4	-28	1	0
laneCase	4	4	-27	2	0
laneCase	4	4	34	63	0
laneCase	4	4	98	127	0
laneCase	4	4	99	128	0
laneCase	4	4	100	129	0
laneCase	4	4	225	254	0
laneCase	4	4	226	255	0
laneCase	4	4	-28	0	1
laneCase	4	4	-27	1	1
laneCase	4	4	-26	2	1
laneCase	4	4	35	63	1
laneCase	4	4	99	127	1
laneCase	4	4	100	128	1
laneCase	4	4	101	129	1
laneCase	4	4	226	254	1
laneCase	4	4	227	255	1
laneCase	4	4	-27	0	2
laneCase	4	4	-26	1	2
laneCase	4	4	-25	2	2
laneCase	4	4	36	63	2
laneCase	4	4	100	127	2
laneCase	4	4	101	128	2
laneCase	4	4	102	129	2
laneCase	4	4	227	254	2
laneCase	4	4	228	255	2
laneCase	4	4	34	0	63
laneCase	4	4	35	1	63
laneCase	4	4	36	2	63
laneCase	4	4	97	63	63
laneCase	4	4	161	127	63
laneCase	4	4	162	128	63
laneCase	4	4	163	129	63
laneCase	4	4	288	254	63
laneCase	4	4	289	255	63
laneCase	4	4	98	0	127
laneCase	4	4	99	1	127
laneCase	4	4	100	2	127
laneCase	4	4	161	63	127
laneCase	4	4	225	127	127
laneCase	4	4	226	128	127
laneCase	4	4	227	129	127
laneCase	4	4	352	254	127
laneCase	4	4	353	255	127
laneCase	4	4	99	0	128
laneCase	4	4	100	1	128
laneCase	4	4	101	2	128
laneCase	4	4	162	63	128
laneCase	4	4	226	127	128
laneCase	4	4	227	128	128
laneCase	4	4	228	129	128
laneCase	4	4	353	254	128
laneCase	4	4	354	255	128
laneCase	4	4	100	0	129
laneCase	4	4	101	1	129
laneCase	4	4	102	2	129
laneCase	4	4	163	63	129
laneCase	4	4	227	127	129
laneCase	4	4	228	128	129
laneCase	4	4	229	129	129
laneCase	4	4	354	254	129
laneCase	4	4	355	255	129
laneCase	4	4	225	0	254
laneCase	4	4	226	1	254
laneCase	4	4	227	2	254
laneCase	4	4	288	63	254
laneCase	4	4	352	127	254
laneCase	4	4	353	128	254
laneCase	4	4	354	129	254
laneCase	4	4	479	254	254
laneCase	4	4	480	255	254
laneCase	4	4	226	0	255
laneCase	4	4	227	1	255
laneCase	4	4	228	2	255
laneCase	4	4	289	63	255
laneCase	4	4	353	127	255
laneCase	4	4	354	128	255
laneCase	4	4	355	129	255
laneCase	4	4	480	254	255
laneCase	4	4	481	255	255
laneCase	4	5	-29	0	0
laneCase	4	5	-28	1	0
laneCase	4	5	-27	2	0
laneCase	4	5	34	63	0
laneCase	4	5	98	127	0
laneCase	4	5	99	128	0
laneCase	4	5	100	129	0
laneCase	4	5	225	254	0
laneCase	4	5	226	255	0
laneCase	4	5	-28	0	1
laneCase	4	5	-27	1	1
laneCase	4	5	-26	2	1
laneCase	4	5	35	63	1
laneCase	4	5	99	127	1
laneCase	4	5	100	128	1
laneCase	4	5	101	129	1
laneCase	4	5	226	254	1
laneCase	4	5	227	255	1
laneCase	4	5	-27	0	2
laneCase	4	5	-26	1	2
laneCase	4	5	-25	2	2
laneCase	4	5	36	63	2
laneCase	4	5	100	127	2
laneCase	4	5	101	128	2
laneCase	4	5	102	129	2
laneCase	4	5	227	254	2
laneCase	4	5	228	255	2
laneCase	4	5	34	0	63
laneCase	4	5	35	1	63
laneCase	4	5	36	2	63
laneCase	4	5	97	63	63
laneCase	4	5	161	127	63
laneCase	4	5	162	128	63
laneCase	4	5	163	129	63
laneCase	4	5	288	254	63
laneCase	4	5	289	255	63
laneCase	4	5	98	0	127
laneCase	4	5	99	1	127
laneCase	4	5	100	2	127
laneCase	4	5	161	63	127
laneCase	4	5	225	127	127
laneCase	4	5	226	128	127
laneCase	4	5	227	129	127
laneCase	4	5	352	254	127
laneCase	4	5	353	255	127
laneCase	4	5	99	0	128
laneCase	4	5	100	1	128
laneCase	4	5	101	2	128
laneCase	4	5	162	63	128
laneCase	4	5	226	127	128
laneCase	4	5	227	128	128
laneCase	4	5	228	129	128
laneCase	4	5	353	254	128
laneCase	4	5	354	255	128
laneCase	4	5	100	0	129
laneCase	4	5	101	1	129
laneCase	4	5	102	2	129
laneCase	4	5	163	63	129
laneCase	4	5	227	127	129
laneCase	4	5	228	128	129
laneCase	4	5	229	129	129
laneCase	4	5	354	254	129
laneCase	4	5	355	255	129
laneCase	4	5	225	0	254
laneCase	4	5	226	1	254
laneCase	4	5	227	2	254
laneCase	4	5	288	63	254
laneCase	4	5	352	127	254
laneCase	4	5	353	128	254
laneCase	4	5	354	129	254
laneCase	4	5	479	254	254
laneCase	4	5	480	255	254
laneCase	4	5	226	0	255
laneCase	4	5	227	1	255
laneCase	4	5	228	2	255
laneCase	4	5	289	63	255
laneCase	4	5	353	127	255
laneCase	4	5	354	128	255
laneCase	4	5	355	129	255
laneCase	4	5	480	254	255
laneCase	4	5	481	255	255
laneCase	4	6	-29	0	0
laneCase	4	6	-28	1	0
laneCase	4	6	-27	2	0
laneCase	4	6	34	63	0
laneCase	4	6	98	127	0
laneCase	4	6	99	128	0
laneCase	4	6	100	129	0
laneCase	4	6	225	254	0
laneCase	4	6	226	255	0
laneCase	4	6	-28	0	1
laneCase	4	6	-27	1	1
laneCase	4	6	-26	2	1
laneCase	4	6	35	63	1
laneCase	4	6	99	127	1
laneCase	4	6	100	128	1
laneCase	4	6	101	129	1
laneCase	4	6	226	254	1
laneCase	4	6	227	255	1
laneCase	4	6	-27	0	2
laneCase	4	6	-26	1	2
laneCase	4	6	-25	2	2
laneCase	4	6	36	63	2
laneCase	4	6	100	127	2
laneCase	4	6	101	128	2
laneCase	4	6	102	129	2
laneCase	4	6	227	254	2
laneCase	4	6	228	255	2
laneCase	4	6	34	0	63
laneCase	4	6	35	1	63
laneCase	4	6	36	2	63
laneCase	4	6	97	63	63
laneCase	4	6	161	127	63
laneCase	4	6	162	128	63
laneCase	4	6	163	129	63
laneCase	4	6	288	254	63
laneCase	4	6	289	255	63
laneCase	4	6	98	0	127
laneCase	4	6	99	1	127
laneCase	4	6	100	2	127
laneCase	4	6	161	63	127
laneCase	4	6	225	127	127
laneCase	4	6	226	128	127
laneCase	4	6	227	129	127
laneCase	4	6	352	254	127
laneCase	4	6	353	255	127
laneCase	4	6	99	0	128
laneCase	4	6	100	1	128
laneCase	4	6	101	2	128
laneCase	4	6	162	63	128
laneCase	4	6	226	127	128
laneCase	4	6	227	128	128
laneCase	4	6	228	129	128
laneCase	4	6	353	254	128
laneCase	4	6	354	255	128
laneCase	4	6	100	0	129
laneCase	4	6	101	1	129
laneCase	4	6	102	2	129
laneCase	4	6	163	63	129
laneCase	4	6	227	127	129
laneCase	4	6	228	128	129
laneCase	4	6	229	129	129
laneCase	4	6	354	254	129
laneCase	4	6	355	255	129
laneCase	4	6	225	0	254
laneCase	4	6	226	1	254
laneCase	4	6	227	2	254
laneCase	4	6	288	63	254
laneCase	4	6	352	127	254
laneCase	4	6	353	128	254
laneCase	4	6	354	129	254
laneCase	4	6	479	254	254
laneCase	4	6	480	255	254
laneCase	4	6	226	0	255
laneCase	4	6	227	1	255
laneCase	4	6	228	2	255
laneCase	4	6	289	63	255
laneCase	4	6	353	127	255
laneCase	4	6	354	128	255
laneCase	4	6	355	129	255
laneCase	4	6	480	254	255
laneCase	4	6	481	255	255
laneCase	4	7	-29	0	0
laneCase	4	7	-28	1	0
laneCase	4	7	-27	2	0
laneCase	4	7	34	63	0
laneCase	4	7	98	127	0
laneCase	4	7	99	128	0
laneCase	4	7	100	129	0
laneCase	4	7	225	254	0
laneCase	4	7	226	255	0
laneCase	4	7	-28	0	1
laneCase	4	7	-27	1	1
laneCase	4	7	-26	2	1
laneCase	4	7	35	63	1
laneCase	4	7	99	127	1
laneCase	4	7	100	128	1
laneCase	4	7	101	129	1
laneCase	4	7	226	254	1
laneCase	4	7	227	255	1
laneCase	4	7	-27	0	2
laneCase	4	7	-26	1	2
laneCase	4	7	-25	2	2
laneCase	4	7	36	63	2
laneCase	4	7	100	127	2
laneCase	4	7	101	128	2
laneCase	4	7	102	129	2
laneCase	4	7	227	254	2
laneCase	4	7	228	255	2
laneCase	4	7	34	0	63
laneCase	4	7	35	1	63
laneCase	4	7	36	2	63
laneCase	4	7	97	63	63
laneCase	4	7	161	127	63
laneCase	4	7	162	128	63
laneCase	4	7	163	129	63
laneCase	4	7	288	254	63
laneCase	4	7	289	255	63
laneCase	4	7	98	0	127
laneCase	4	7	99	1	127
laneCase	4	7	100	2	127
laneCase	4	7	161	63	127
laneCase	4	7	225	127	127
laneCase	4	7	226	128	127
laneCase	4	7	227	129	127
laneCase	4	7	352	254	127
laneCase	4	7	353	255	127
laneCase	4	7	99	0	128
laneCase	4	7	100	1	128
laneCase	4	7	101	2	128
laneCase	4	7	162	63	128
laneCase	4	7	226	127	128
laneCase	4	7	227	128	128
laneCase	4	7	228	129	128
laneCase	4	7	353	254	128
laneCase	4	7	354	255	128
laneCase	4	7	100	0	129
laneCase	4	7	101	1	129
laneCase	4	7	102	2	129
laneCase	4	7	163	63	129
laneCase	4	7	227	127	129
laneCase	4	7	228	128	129
laneCase	4	7	229	129	129
laneCase	4	7	354	254	129
laneCase	4	7	355	255	129
laneCase	4	7	225	0	254
laneCase	4	7	226	1	254
laneCase	4	7	227	2	254
laneCase	4	7	288	63	254
laneCase	4	7	352	127	254
laneCase	4	7	353	128	254
laneCase	4	7	354	129	254
laneCase	4	7	479	254	254
laneCase	4	7	480	255	254
laneCase	4	7	226	0	255
laneCase	4	7	227	1	255
laneCase	4	7	228	2	255
laneCase	4	7	289	63	255
laneCase	4	7	353	127	255
laneCase	4	7	354	128	255
laneCase	4	7	355	129	255
laneCase	4	7	480	254	255
laneCase	4	7	481	255	255
laneCase	4	8	-29	0	0
laneCase	4	8	-28	1	0
laneCase	4	8	-27	2	0
laneCase	4	8	34	63	0
laneCase	4	8	98	127	0
laneCase	4	8	99	128	0
laneCase	4	8	100	129	0
laneCase	4	8	225	254	0
laneCase	4	8	226	255	0
laneCase	4	8	-28	0	1
laneCase	4	8	-27	1	1
laneCase	4	8	-26	2	1
laneCase	4	8	35	63	1
laneCase	4	8	99	127	1
laneCase	4	8	100	128	1
laneCase	4	8	101	129	1
laneCase	4	8	226	254	1
laneCase	4	8	227	255	1
laneCase	4	8	-27	0	2
laneCase	4	8	-26	1	2
laneCase	4	8	-25	2	2
laneCase	4	8	36	63	2
laneCase	4	8	100	127	2
laneCase	4	8	101	128	2
laneCase	4	8	102	129	2
laneCase	4	8	227	254	2
laneCase	4	8	228	255	2
laneCase	4	8	34	0	63
laneCase	4	8	35	1	63
laneCase	4	8	36	2	63
laneCase	4	8	97	63	63
laneCase	4	8	161	127	63
laneCase	4	8	162	128	63
laneCase	4	8	163	129	63
laneCase	4	8	288	254	63
laneCase	4	8	289	255	63
laneCase	4	8	98	0	127
laneCase	4	8	99	1	127
laneCase	4	8	100	2	127
laneCase	4	8	161	63	127
laneCase	4	8	225	127	127
laneCase	4	8	226	128	127
laneCase	4	8	227	129	127
laneCase	4	8	352	254	127
laneCase	4	8	353	255	127
laneCase	4	8	99	0	128
laneCase	4	8	100	1	128
laneCase	4	8	101	2	128
laneCase	4	8	162	63	128
laneCase	4	8	226	127	128
laneCase	4	8	227	128	128
laneCase	4	8	228	129	128
laneCase	4	8	353	254	128
laneCase	4	8	354	255	128
laneCase	4	8	100	0	129
laneCase	4	8	101	1	129
laneCase	4	8	102	2	129
laneCase	4	8	163	63	129
laneCase	4	8	227	127	129
laneCase	4	8	228	128	129
laneCase	4	8	229	129	129
laneCase	4	8	354	254	129
laneCase	4	8	355	255	129
laneCase	4	8	225	0	254
laneCase	4	8	226	1	254
laneCase	4	8	227	2	254
laneCase	4	8	288	63	254
laneCase	4	8	352	127	254
laneCase	4	8	353	128	254
laneCase	4	8	354	129	254
laneCase	4	8	479	254	254
laneCase	4	8	480	255	254
laneCase	4	8	226	0	255
laneCase	4	8	227	1	255
laneCase	4	8	228	2	255
laneCase	4	8	289	63	255
laneCase	4	8	353	127	255
laneCase	4	8	354	128	255
laneCase	4	8	355	129	255
laneCase	4	8	480	254	255
laneCase	4	8	481	255	255
laneCase	4	9	-29	0	0
laneCase	4	9	-28	1	0
laneCase	4	9	-27	2	0
laneCase	4	9	34	63	0
laneCase	4	9	98	127	0
laneCase	4	9	99	128	0
laneCase	4	9	100	129	0
laneCase	4	9	225	254	0
laneCase	4	9	226	255	0
laneCase	4	9	-28	0	1
laneCase	4	9	-27	1	1
laneCase	4	9	-26	2	1
laneCase	4	9	35	63	1
laneCase	4	9	99	127	1
laneCase	4	9	100	128	1
laneCase	4	9	101	129	1
laneCase	4	9	226	254	1
laneCase	4	9	227	255	1
laneCase	4	9	-27	0	2
laneCase	4	9	-26	1	2
laneCase	4	9	-25	2	2
laneCase	4	9	36	63	2
laneCase	4	9	100	127	2
laneCase	4	9	101	128	2
laneCase	4	9	102	129	2
laneCase	4	9	227	254	2
laneCase	4	9	228	255	2
laneCase	4	9	34	0	63
laneCase	4	9	35	1	63
laneCase	4	9	36	2	63
laneCase	4	9	97	63	63
laneCase	4	9	161	127	63
laneCase	4	9	162	128	63
laneCase	4	9	163	129	63
laneCase	4	9	288	254	63
laneCase	4	9	289	255	63
laneCase	4	9	98	0	127
laneCase	4	9	99	1	127
laneCase	4	9	100	2	127
laneCase	4	9	161	63	127
laneCase	4	9	225	127	127
laneCase	4	9	226	128	127
laneCase	4	9	227	129	127
laneCase	4	9	352	254	127
laneCase	4	9	353	255	127
laneCase	4	9	99	0	128
laneCase	4	9	100	1	128
laneCase	4	9	101	2	128
laneCase	4	9	162	63	128
laneCase	4	9	226	127	128
laneCase	4	9	227	128	128
laneCase	4	9	228	129	128
laneCase	4	9	353	254	128
laneCase	4	9	354	255	128
laneCase	4	9	100	0	129
laneCase	4	9	101	1	129
laneCase	4	9	102	2	129
laneCase	4	9	163	63	129
laneCase	4	9	227	127	129
laneCase	4	9	228	128	129
laneCase	4	9	229	129	129
laneCase	4	9	354	254	129
laneCase	4	9	355	255	129
laneCase	4	9	225	0	254
laneCase	4	9	226	1	254
laneCase	4	9	227	2	254
laneCase	4	9	288	63	254
laneCase	4	9	352	127	254
laneCase	4	9	353	128	254
laneCase	4	9	354	129	254
laneCase	4	9	479	254	254
laneCase	4	9	480	255	254
laneCase	4	9	226	0	255
laneCase	4	9	227	1	255
laneCase	4	9	228	2	255
laneCase	4	9	289	63	255
laneCase	4	9	353	127	255
laneCase	4	9	354	128	255
laneCase	4	9	355	129	255
laneCase	4	9	480	254	255
laneCase	4	9	481	255	255
laneCase	4	10	-29	0	0
laneCase	4	10	-28	1	0
laneCase	4	10	-27	2	0
laneCase	4	10	34	63	0
laneCase	4	10	98	127	0
laneCase	4	10	99	128	0
laneCase	4	10	100	129	0
laneCase	4	10	225	254	0
laneCase	4	10	226	255	0
laneCase	4	10	-28	0	1
laneCase	4	10	-27	1	1
laneCase	4	10	-26	2	1
laneCase	4	10	35	63	1
laneCase	4	10	99	127	1
laneCase	4	10	100	128	1
laneCase	4	10	101	129	1
laneCase	4	10	226	254	1
laneCase	4	10	227	255	1
laneCase	4	10	-27	0	2
laneCase	4	10	-26	1	2
laneCase	4	10	-25	2	2
laneCase	4	10	36	63	2
laneCase	4	10	100	127	2
laneCase	4	10	101	128	2
laneCase	4	10	102	129	2
laneCase	4	10	227	254	2
laneCase	4	10	228	255	2
laneCase	4	10	34	0	63
laneCase	4	10	35	1	63
laneCase	4	10	36	2	63
laneCase	4	10	97	63	63
laneCase	4	10	161	127	63
laneCase	4	10	162	128	63
laneCase	4	10	163	129	63
laneCase	4	10	288	254	63
laneCase	4	10	289	255	63
laneCase	4	10	98	0	127
laneCase	4	10	99	1	127
laneCase	4	10	100	2	127
laneCase	4	10	161	63	127
laneCase	4	10	225	127	127
laneCase	4	10	226	128	127
laneCase	4	10	227	129	127
laneCase	4	10	352	254	127
laneCase	4	10	353	255	127
laneCase	4	10	99	0	128
laneCase	4	10	100	1	128
laneCase	4	10	101	2	128
laneCase	4	10	162	63	128
laneCase	4	10	226	127	128
laneCase	4	10	227	128	128
laneCase	4	10	228	129	128
laneCase	4	10	353	254	128
laneCase	4	10	354	255	128
laneCase	4	10	100	0	129
laneCase	4	10	101	1	129
laneCase	4	10	102	2	129
laneCase	4	10	163	63	129
laneCase	4	10	227	127	129
laneCase	4	10	228	128	129
laneCase	4	10	229	129	129
laneCase	4	10	354	254	129
laneCase	4	10	355	255	129
laneCase	4	10	225	0	254
laneCase	4	10	226	1	254
laneCase	4	10	227	2	254
laneCase	4	10	288	63	254
laneCase	4	10	352	127	254
laneCase	4	10	353	128	254
laneCase	4	10	354	129	254
laneCase	4	10	479	254	254
laneCase	4	10	480	255	254
laneCase	4	10	226	0	255
laneCase	4	10	227	1	255
laneCase	4	10	228	2	255
laneCase	4	10	289	63	255
laneCase	4	10	353	127	255
laneCase	4	10	354	128	255
laneCase	4	10	355	129	255
laneCase	4	10	480	254	255
laneCase	4	10	481	255	255
laneCase	4	11	-29	0	0
laneCase	4	11	-28	1	0
laneCase	4	11	-27	2	0
laneCase	4	11	34	63	0
laneCase	4	11	98	127	0
laneCase	4	11	99	128	0
laneCase	4	11	100	129	0
laneCase	4	11	225	254	0
laneCase	4	11	226	255	0
laneCase	4	11	-28	0	1
laneCase	4	11	-27	1	1
laneCase	4	11	-26	2	1
laneCase	4	11	35	63	1
laneCase	4	11	99	127	1
laneCase	4	11	100	128	1
laneCase	4	11	101	129	1
laneCase	4	11	226	254	1
laneCase	4	11	227	255	1
laneCase	4	11	-27	0	2
laneCase	4	11	-26	1	2
laneCase	4	11	-25	2	2
laneCase	4	11	36	63	2
laneCase	4	11	100	127	2
laneCase	4	11	101	128	2
laneCase	4	11	102	129	2
laneCase	4	11	227	254	2
laneCase	4	11	228	255	2
laneCase	4	11	34	0	63
laneCase	4	11	35	1	63
laneCase	4	11	36	2	63
laneCase	4	11	97	63	63
laneCase	4	11	161	127	63
laneCase	4	11	162	128	63
laneCase	4	11	163	129	63
laneCase	4	11	288	254	63
laneCase	4	11	289	255	63
laneCase	4	11	98	0	127
laneCase	4	11	99	1	127
laneCase	4	11	100	2	127
laneCase	4	11	161	63	127
laneCase	4	11	225	127	127
laneCase	4	11	226	128	127
laneCase	4	11	227	129	127
laneCase	4	11	352	254	127
laneCase	4	11	353	255	127
laneCase	4	11	99	0	128
laneCase	4	11	100	1	128
laneCase	4	11	101	2	128
laneCase	4	11	162	63	128
laneCase	4	11	226	127	128
laneCase	4	11	227	128	128
laneCase	4	11	228	129	128
laneCase	4	11	353	254	128
laneCase	4	11	354	255	128
laneCase	4	11	100	0	129
laneCase	4	11	101	1	129
laneCase	4	11	102	2	129
laneCase	4	11	163	63	129
laneCase	4	11	227	127	129
laneCase	4	11	228	128	129
laneCase	4	11	229	129	129
laneCase	4	11	354	254	129
laneCase	4	11	355	255	129
laneCase	4	11	225	0	254
laneCase	4	11	226	1	254
laneCase	4	11	227	2	254
laneCase	4	11	288	63	254
laneCase	4	11	352	127	254
laneCase	4	11	353	128	254
laneCase	4	11	354	129	254
laneCase	4	11	479	254	254
laneCase	4	11	480	255	254
laneCase	4	11	226	0	255
laneCase	4	11	227	1	255
laneCase	4	11	228	2	255
laneCase	4	11	289	63	255
laneCase	4	11	353	127	255
laneCase	4	11	354	128	255
laneCase	4	11	355	129	255
laneCase	4	11	480	254	255
laneCase	4	11	481	255	255
laneCase	4	12	-29	0	0
laneCase	4	12	-28	1	0
laneCase	4	12	-27	2	0
laneCase	4	12	34	63	0
laneCase	4	12	98	127	0
laneCase	4	12	99	128	0
laneCase	4	12	100	129	0
laneCase	4	12	225	254	0
laneCase	4	12	226	255	0
laneCase	4	12	-28	0	1
laneCase	4	12	-27	1	1
laneCase	4	12	-26	2	1
laneCase	4	12	35	63	1
laneCase	4	12	99	127	1
laneCase	4	12	100	128	1
laneCase	4	12	101	129	1
laneCase	4	12	226	254	1
laneCase	4	12	227	255	1
laneCase	4	12	-27	0	2
laneCase	4	12	-26	1	2
laneCase	4	12	-25	2	2
laneCase	4	12	36	63	2
laneCase	4	12	100	127	2
laneCase	4	12	101	128	2
laneCase	4	12	102	129	2
laneCase	4	12	227	254	2
laneCase	4	12	228	255	2
laneCase	4	12	34	0	63
laneCase	4	12	35	1	63
laneCase	4	12	36	2	63
laneCase	4	12	97	63	63
laneCase	4	12	161	127	63
laneCase	4	12	162	128	63
laneCase	4	12	163	129	63
laneCase	4	12	288	254	63
laneCase	4	12	289	255	63
laneCase	4	12	98	0	127
laneCase	4	12	99	1	127
laneCase	4	12	100	2	127
laneCase	4	12	161	63	127
laneCase	4	12	225	127	127
laneCase	4	12	226	128	127
laneCase	4	12	227	129	127
laneCase	4	12	352	254	127
laneCase	4	12	353	255	127
laneCase	4	12	99	0	128
laneCase	4	12	100	1	128
laneCase	4	12	101	2	128
laneCase	4	12	162	63	128
laneCase	4	12	226	127	128
laneCase	4	12	227	128	128
laneCase	4	12	228	129	128
laneCase	4	12	353	254	128
laneCase	4	12	354	255	128
laneCase	4	12	100	0	129
laneCase	4	12	101	1	129
laneCase	4	12	102	2	129
laneCase	4	12	163	63	129
laneCase	4	12	227	127	129
laneCase	4	12	228	128	129
laneCase	4	12	229	129	129
laneCase	4	12	354	254	129
laneCase	4	12	355	255	129
laneCase	4	12	225	0	254
laneCase	4	12	226	1	254
laneCase	4	12	227	2	254
laneCase	4	12	288	63	254
laneCase	4	12	352	127	254
laneCase	4	12	353	128	254
laneCase	4	12	354	129	254
laneCase	4	12	479	254	254
laneCase	4	12	480	255	254
laneCase	4	12	226	0	255
laneCase	4	12	227	1	255
laneCase	4	12	228	2	255
laneCase	4	12	289	63	255
laneCase	4	12	353	127	255
laneCase	4	12	354	128	255
laneCase	4	12	355	129	255
laneCase	4	12	480	254	255
laneCase	4	12	481	255	255
laneCase	4	13	-29	0	0
laneCase	4	13	-28	1	0
laneCase	4	13	-27	2	0
laneCase	4	13	34	63	0
laneCase	4	13	98	127	0
laneCase	4	13	99	128	0
laneCase	4	13	100	129	0
laneCase	4	13	225	254	0
laneCase	4	13	226	255	0
laneCase	4	13	-28	0	1
laneCase	4	13	-27	1	1
laneCase	4	13	-26	2	1
laneCase	4	13	35	63	1
laneCase	4	13	99	127	1
laneCase	4	13	100	128	1
laneCase	4	13	101	129	1
laneCase	4	13	226	254	1
laneCase	4	13	227	255	1
laneCase	4	13	-27	0	2
laneCase	4	13	-26	1	2
laneCase	4	13	-25	2	2
laneCase	4	13	36	63	2
laneCase	4	13	100	127	2
laneCase	4	13	101	128	2
laneCase	4	13	102	129	2
laneCase	4	13	227	254	2
laneCase	4	13	228	255	2
laneCase	4	13	34	0	63
laneCase	4	13	35	1	63
laneCase	4	13	36	2	63
laneCase	4	13	97	63	63
laneCase	4	13	161	127	63
laneCase	4	13	162	128	63
laneCase	4	13	163	129	63
laneCase	4	13	288	254	63
laneCase	4	13	289	255	63
laneCase	4	13	98	0	127
laneCase	4	13	99	1	127
laneCase	4	13	100	2	127
laneCase	4	13	161	63	127
laneCase	4	13	225	127	127
laneCase	4	13	226	128	127
laneCase	4	13	227	129	127
laneCase	4	13	352	254	127
laneCase	4	13	353	255	127
laneCase	4	13	99	0	128
laneCase	4	13	100	1	128
laneCase	4	13	101	2	128
laneCase	4	13	162	63	128
laneCase	4	13	226	127	128
laneCase	4	13	227	128	128
laneCase	4	13	228	129	128
laneCase	4	13	353	254	128
laneCase	4	13	354	255	128
laneCase	4	13	100	0	129
laneCase	4	13	101	1	129
laneCase	4	13	102	2	129
laneCase	4	13	163	63	129
laneCase	4	13	227	127	129
laneCase	4	13	228	128	129
laneCase	4	13	229	129	129
laneCase	4	13	354	254	129
laneCase	4	13	355	255	129
laneCase	4	13	225	0	254
laneCase	4	13	226	1	254
laneCase	4	13	227	2	254
laneCase	4	13	288	63	254
laneCase	4	13	352	127	254
laneCase	4	13	353	128	254
laneCase	4	13	354	129	254
laneCase	4	13	479	254	254
laneCase	4	13	480	255	254
laneCase	4	13	226	0	255
laneCase	4	13	227	1	255
laneCase	4	13	228	2	255
laneCase	4	13	289	63	255
laneCase	4	13	353	127	255
laneCase	4	13	354	128	255
laneCase	4	13	355	129	255
laneCase	4	13	480	254	255
laneCase	4	13	481	255	255
laneCase	4	14	-29	0	0
laneCase	4	14	-28	1	0
laneCase	4	14	-27	2	0
laneCase	4	14	34	63	0
laneCase	4	14	98	127	0
laneCase	4	14	99	128	0
laneCase	4	14	100	129	0
laneCase	4	14	225	254	0
laneCase	4	14	226	255	0
laneCase	4	14	-28	0	1
laneCase	4	14	-27	1	1
laneCase	4	14	-26	2	1
laneCase	4	14	35	63	1
laneCase	4	14	99	127	1
laneCase	4	14	100	128	1
laneCase	4	14	101	129	1
laneCase	4	14	226	254	1
laneCase	4	14	227	255	1
laneCase	4	14	-27	0	2
laneCase	4	14	-26	1	2
laneCase	4	14	-25	2	2
laneCase	4	14	36	63	2
laneCase	4	14	100	127	2
laneCase	4	14	101	128	2
laneCase	4	14	102	129	2
laneCase	4	14	227	254	2
laneCase	4	14	228	255	2
laneCase	4	14	34	0	63
laneCase	4	14	35	1	63
laneCase	4	14	36	2	63
laneCase	4	14	97	63	63
laneCase	4	14	161	127	63
laneCase	4	14	162	128	63
laneCase	4	14	163	129	63
laneCase	4	14	288	254	63
laneCase	4	14	289	255	63
laneCase	4	14	98	0	127
laneCase	4	14	99	1	127
laneCase	4	14	100	2	127
laneCase	4	14	161	63	127
laneCase	4	14	225	127	127
laneCase	4	14	226	128	127
laneCase	4	14	227	129	127
laneCase	4	14	352	254	127
laneCase	4	14	353	255	127
laneCase	4	14	99	0	128
laneCase	4	14	100	1	128
laneCase	4	14	101	2	128
laneCase	4	14	162	63	128
laneCase	4	14	226	127	128
laneCase	4	14	227	128	128
laneCase	4	14	228	129	128
laneCase	4	14	353	254	128
laneCase	4	14	354	255	128
laneCase	4	14	100	0	129
laneCase	4	14	101	1	129
laneCase	4	14	102	2	129
laneCase	4	14	163	63	129
laneCase	4	14	227	127	129
laneCase	4	14	228	128	129
laneCase	4	14	229	129	129
laneCase	4	14	354	254	129
laneCase	4	14	355	255	129
laneCase	4	14	225	0	254
laneCase	4	14	226	1	254
laneCase	4	14	227	2	254
laneCase	4	14	288	63	254
laneCase	4	14	352	127	254
laneCase	4	14	353	128	254
laneCase	4	14	354	129	254
laneCase	4	14	479	254	254
laneCase	4	14	480	255	254
laneCase	4	14	226	0	255
laneCase	4	14	227	1	255
laneCase	4	14	228	2	255
laneCase	4	14	289	63	255
laneCase	4	14	353	127	255
laneCase	4	14	354	128	255
laneCase	4	14	355	129	255
laneCase	4	14	480	254	255
laneCase	4	14	481	255	255
laneCase	4	15	-29	0	0
laneCase	4	15	-28	1	0
laneCase	4	15	-27	2	0
laneCase	4	15	34	63	0
laneCase	4	15	98	127	0
laneCase	4	15	99	128	0
laneCase	4	15	100	129	0
laneCase	4	15	225	254	0
laneCase	4	15	226	255	0
laneCase	4	15	-28	0	1
laneCase	4	15	-27	1	1
laneCase	4	15	-26	2	1
laneCase	4	15	35	63	1
laneCase	4	15	99	127	1
laneCase	4	15	100	128	1
laneCase	4	15	101	129	1
laneCase	4	15	226	254	1
laneCase	4	15	227	255	1
laneCase	4	15	-27	0	2
laneCase	4	15	-26	1	2
laneCase	4	15	-25	2	2
laneCase	4	15	36	63	2
laneCase	4	15	100	127	2
laneCase	4	15	101	128	2
laneCase	4	15	102	129	2
laneCase	4	15	227	254	2
laneCase	4	15	228	255	2
laneCase	4	15	34	0	63
laneCase	4	15	35	1	63
laneCase	4	15	36	2	63
laneCase	4	15	97	63	63
laneCase	4	15	161	127	63
laneCase	4	15	162	128	63
laneCase	4	15	163	129	63
laneCase	4	15	288	254	63
laneCase	4	15	289	255	63
laneCase	4	15	98	0	127
laneCase	4	15	99	1	127
laneCase	4	15	100	2	127
laneCase	4	15	161	63	127
laneCase	4	15	225	127	127
laneCase	4	15	226	128	127
laneCase	4	15	227	129	127
laneCase	4	15	352	254	127
laneCase	4	15	353	255	127
laneCase	4	15	99	0	128
laneCase	4	15	100	1	128
laneCase	4	15	101	2	128
laneCase	4	15	162	63	128
laneCase	4	15	226	127	128
laneCase	4	15	227	128	128
laneCase	4	15	228	129	128
laneCase	4	15	353	254	128
laneCase	4	15	354	255	128
laneCase	4	15	100	0	129
laneCase	4	15	101	1	129
laneCase	4	15	102	2	129
laneCase	4	15	163	63	129
laneCase	4	15	227	127	129
laneCase	4	15	228	128	129
laneCase	4	15	229	129	129
laneCase	4	15	354	254	129
laneCase	4	15	355	255	129
laneCase	4	15	225	0	254
laneCase	4	15	226	1	254
laneCase	4	15	227	2	254
laneCase	4	15	288	63	254
laneCase	4	15	352	127	254
laneCase	4	15	353	128	254
laneCase	4	15	354	129	254
laneCase	4	15	479	254	254
laneCase	4	15	480	255	254
laneCase	4	15	226	0	255
laneCase	4	15	227	1	255
laneCase	4	15	228	2	255
laneCase	4	15	289	63	255
laneCase	4	15	353	127	255
laneCase	4	15	354	128	255
laneCase	4	15	355	129	255
laneCase	4	15	480	254	255
laneCase	4	15	481	255	255
scalarHelperCase	-9223372036854775808	-128	65639
scalarHelperCase	-81985529216486895	-2	55293
scalarHelperCase	-257	63	40453
scalarHelperCase	-256	-128	65639
scalarHelperCase	-129	-2	72737
scalarHelperCase	-128	-9223372036854775808	65639
scalarHelperCase	-128	-256	65639
scalarHelperCase	-128	-127	59723
scalarHelperCase	-128	-63	57931
scalarHelperCase	-128	-31	52427
scalarHelperCase	-128	-15	48651
scalarHelperCase	-128	-7	40491
scalarHelperCase	-128	-3	65211
scalarHelperCase	-128	0	65639
scalarHelperCase	-128	3	35091
scalarHelperCase	-128	7	54179
scalarHelperCase	-128	15	58051
scalarHelperCase	-128	31	48899
scalarHelperCase	-128	63	50307
scalarHelperCase	-128	127	46723
scalarHelperCase	-128	254	73375
scalarHelperCase	-128	257	41291
scalarHelperCase	-127	-128	60133
scalarHelperCase	-65	-2	57761
scalarHelperCase	-64	63	48643
scalarHelperCase	-63	-128	61285
scalarHelperCase	-33	-2	60513
scalarHelperCase	-32	63	63427
scalarHelperCase	-31	-128	49957
scalarHelperCase	-17	-2	58177
scalarHelperCase	-16	63	51363
scalarHelperCase	-15	-128	51973
scalarHelperCase	-9	-2	75313
scalarHelperCase	-8	63	60819
scalarHelperCase	-7	-128	58613
scalarHelperCase	-5	-2	79145
scalarHelperCase	-4	63	69771
scalarHelperCase	-3	-128	71917
scalarHelperCase	-2	-81985529216486895	44943
scalarHelperCase	-2	-129	72327
scalarHelperCase	-2	-65	60295
scalarHelperCase	-2	-33	55303
scalarHelperCase	-2	-17	54343
scalarHelperCase	-2	-9	55143
scalarHelperCase	-2	-5	77303
scalarHelperCase	-2	-2	48291
scalarHelperCase	-2	1	45903
scalarHelperCase	-2	4	67067
scalarHelperCase	-2	8	56971
scalarHelperCase	-2	16	44715
scalarHelperCase	-2	32	61931
scalarHelperCase	-2	64	38507
scalarHelperCase	-2	128	80491
scalarHelperCase	-2	255	34695
scalarHelperCase	-2	81985529216486895	54343
scalarHelperCase	-1	63	40453
scalarHelperCase	0	-128	65639
scalarHelperCase	0	0	54887
scalarHelperCase	0	1	59723
scalarHelperCase	0	2	67887
scalarHelperCase	0	63	41603
scalarHelperCase	0	127	71043
scalarHelperCase	0	128	65639
scalarHelperCase	0	129	41291
scalarHelperCase	0	254	42911
scalarHelperCase	0	255	46723
scalarHelperCase	1	-2	47133
scalarHelperCase	1	0	60133
scalarHelperCase	1	1	68297
scalarHelperCase	1	2	75181
scalarHelperCase	1	63	50177
scalarHelperCase	1	127	67585
scalarHelperCase	1	128	36069
scalarHelperCase	1	129	34761
scalarHelperCase	1	254	47133
scalarHelperCase	1	255	55297
scalarHelperCase	2	0	60003
scalarHelperCase	2	1	66887
scalarHelperCase	2	2	75051
scalarHelperCase	2	63	50815
scalarHelperCase	2	127	47487
scalarHelperCase	2	128	35171
scalarHelperCase	2	129	43335
scalarHelperCase	2	254	52891
scalarHelperCase	2	255	57727
scalarHelperCase	3	-128	43745
scalarHelperCase	4	-2	60823
scalarHelperCase	5	63	38905
scalarHelperCase	7	-128	70617
scalarHelperCase	8	-2	48271
scalarHelperCase	9	63	73201
scalarHelperCase	15	-128	56265
scalarHelperCase	16	-2	46719
scalarHelperCase	17	63	50657
scalarHelperCase	31	-128	62377
scalarHelperCase	32	-2	50527
scalarHelperCase	33	63	53953
scalarHelperCase	63	-257	43397
scalarHelperCase	63	-128	62057
scalarHelperCase	63	-64	48233
scalarHelperCase	63	-32	55273
scalarHelperCase	63	-16	41769
scalarHelperCase	63	-8	41289
scalarHelperCase	63	-4	58841
scalarHelperCase	63	-1	43397
scalarHelperCase	63	0	44137
scalarHelperCase	63	1	52301
scalarHelperCase	63	2	60465
scalarHelperCase	63	5	80093
scalarHelperCase	63	9	33133
scalarHelperCase	63	17	66445
scalarHelperCase	63	33	54733
scalarHelperCase	63	63	78981
scalarHelperCase	63	65	62797
scalarHelperCase	63	127	53893
scalarHelperCase	63	128	62057
scalarHelperCase	63	129	55117
scalarHelperCase	63	254	69281
scalarHelperCase	63	255	43397
scalarHelperCase	63	256	44137
scalarHelperCase	63	9223372036854775807	43397
scalarHelperCase	64	-2	64287
scalarHelperCase	65	63	65665
scalarHelperCase	127	-128	46313
scalarHelperCase	127	0	81129
scalarHelperCase	127	1	64717
scalarHelperCase	127	2	45489
scalarHelperCase	127	63	56837
scalarHelperCase	127	127	42501
scalarHelperCase	127	128	46313
scalarHelperCase	127	129	54477
scalarHelperCase	127	254	72737
scalarHelperCase	127	255	80901
scalarHelperCase	128	-2	73375
scalarHelperCase	128	0	65639
scalarHelperCase	128	1	41291
scalarHelperCase	128	2	26927
scalarHelperCase	128	63	50307
scalarHelperCase	128	127	46723
scalarHelperCase	128	128	54887
scalarHelperCase	128	129	59723
scalarHelperCase	128	254	73375
scalarHelperCase	128	255	71043
scalarHelperCase	129	0	36069
scalarHelperCase	129	1	34761
scalarHelperCase	129	2	35501
scalarHelperCase	129	63	58881
scalarHelperCase	129	127	55297
scalarHelperCase	129	128	60133
scalarHelperCase	129	129	68297
scalarHelperCase	129	254	71453
scalarHelperCase	129	255	67585
scalarHelperCase	254	-128	80491
scalarHelperCase	254	0	42091
scalarHelperCase	254	1	45903
scalarHelperCase	254	2	54067
scalarHelperCase	254	63	58247
scalarHelperCase	254	127	72327
scalarHelperCase	254	128	80491
scalarHelperCase	254	129	75087
scalarHelperCase	254	254	48291
scalarHelperCase	254	255	34695
scalarHelperCase	255	-2	41761
scalarHelperCase	255	0	46313
scalarHelperCase	255	1	54477
scalarHelperCase	255	2	59313
scalarHelperCase	255	63	40453
scalarHelperCase	255	127	80901
scalarHelperCase	255	128	81129
scalarHelperCase	255	129	64717
scalarHelperCase	255	254	41761
scalarHelperCase	255	255	42501
scalarHelperCase	256	63	41603
scalarHelperCase	257	-128	36069
scalarHelperCase	81985529216486895	-2	58177
scalarHelperCase	9223372036854775807	63	40453
tupleHelperCase	-9223372036854775808	-128	66164
tupleHelperCase	-81985529216486895	-2	62182
tupleHelperCase	-257	63	42343
tupleHelperCase	-256	-128	66164
tupleHelperCase	-129	-2	33006
tupleHelperCase	-128	-9223372036854775808	69364
tupleHelperCase	-128	-256	69364
tupleHelperCase	-128	-127	52393
tupleHelperCase	-128	-63	54505
tupleHelperCase	-128	-31	46729
tupleHelperCase	-128	-15	64729
tupleHelperCase	-128	-7	63617
tupleHelperCase	-128	-3	56661
tupleHelperCase	-128	0	69364
tupleHelperCase	-128	3	62867
tupleHelperCase	-128	7	58983
tupleHelperCase	-128	15	45839
tupleHelperCase	-128	31	48479
tupleHelperCase	-128	63	43519
tupleHelperCase	-128	127	78143
tupleHelperCase	-128	254	60554
tupleHelperCase	-128	257	63273
tupleHelperCase	-127	-128	51976
tupleHelperCase	-65	-2	49646
tupleHelperCase	-64	63	38911
tupleHelperCase	-63	-128	53512
tupleHelperCase	-33	-2	69230
tupleHelperCase	-32	63	55295
tupleHelperCase	-31	-128	60296
tupleHelperCase	-17	-2	54318
tupleHelperCase	-16	63	43135
tupleHelperCase	-15	-128	47816
tupleHelperCase	-9	-2	52494
tupleHelperCase	-8	63	63039
tupleHelperCase	-7	-128	43368
tupleHelperCase	-5	-2	59006
tupleHelperCase	-4	63	53919
tupleHelperCase	-3	-128	55224
tupleHelperCase	-2	-81985529216486895	59353
tupleHelperCase	-2	-129	67599
tupleHelperCase	-2	-65	61775
tupleHelperCase	-2	-33	53487
tupleHelperCase	-2	-17	43967
tupleHelperCase	-2	-9	65191
tupleHelperCase	-2	-5	56987
tupleHelperCase	-2	-2	55890
tupleHelperCase	-2	1	53001
tupleHelperCase	-2	4	60096
tupleHelperCase	-2	8	55476
tupleHelperCase	-2	16	47260
tupleHelperCase	-2	32	62828
tupleHelperCase	-2	64	54796
tupleHelperCase	-2	128	68940
tupleHelperCase	-2	255	39567
tupleHelperCase	-2	81985529216486895	43967
tupleHelperCase	-1	63	42343
tupleHelperCase	0	-128	66164
tupleHelperCase	0	0	46836
tupleHelperCase	0	1	63017
tupleHelperCase	0	2	46430
tupleHelperCase	0	63	41983
tupleHelperCase	0	127	77887
tupleHelperCase	0	128	66164
tupleHelperCase	0	129	51881
tupleHelperCase	0	254	61834
tupleHelperCase	0	255	38591
tupleHelperCase	1	-2	55078
tupleHelperCase	1	0	38792
tupleHelperCase	1	1	76473
tupleHelperCase	1	2	61418
tupleHelperCase	1	63	44439
tupleHelperCase	1	127	49623
tupleHelperCase	1	128	39176
tupleHelperCase	1	129	76857
tupleHelperCase	1	254	55078
tupleHelperCase	1	255	49239
tupleHelperCase	2	0	45084
tupleHelperCase	2	1	49225
tupleHelperCase	2	2	71542
tupleHelperCase	2	63	43055
tupleHelperCase	2	127	67183
tupleHelperCase	2	128	54940
tupleHelperCase	2	129	60873
tupleHelperCase	2	254	61378
tupleHelperCase	2	255	40943
tupleHelperCase	3	-128	45360
tupleHelperCase	4	-2	68346
tupleHelperCase	5	63	52983
tupleHelperCase	7	-128	64640
tupleHelperCase	8	-2	58474
tupleHelperCase	9	63	49239
tupleHelperCase	15	-128	46112
tupleHelperCase	16	-2	52810
tupleHelperCase	17	63	58135
tupleHelperCase	31	-128	46176
tupleHelperCase	32	-2	41738
tupleHelperCase	33	63	57495
tupleHelperCase	63	-257	50215
tupleHelperCase	63	-128	52448
tupleHelperCase	63	-64	60960
tupleHelperCase	63	-32	68160
tupleHelperCase	63	-16	45008
tupleHelperCase	63	-8	38296
tupleHelperCase	63	-4	46460
tupleHelperCase	63	-1	50215
tupleHelperCase	63	0	52064
tupleHelperCase	63	1	41625
tupleHelperCase	63	2	53458
tupleHelperCase	63	5	36221
tupleHelperCase	63	9	52577
tupleHelperCase	63	17	72489
tupleHelperCase	63	33	47289
tupleHelperCase	63	63	44391
tupleHelperCase	63	65	67801
tupleHelperCase	63	127	50599
tupleHelperCase	63	128	52448
tupleHelperCase	63	129	41241
tupleHelperCase	63	254	62702
tupleHelperCase	63	255	50215
tupleHelperCase	63	256	52064
tupleHelperCase	63	9223372036854775807	50215
tupleHelperCase	64	-2	42378
tupleHelperCase	65	63	53399
tupleHelperCase	127	-128	55520
tupleHelperCase	127	0	55904
tupleHelperCase	127	1	59033
tupleHelperCase	127	2	54738
tupleHelperCase	127	63	42087
tupleHelperCase	127	127	38567
tupleHelperCase	127	128	55520
tupleHelperCase	127	129	59417
tupleHelperCase	127	254	33006
tupleHelperCase	127	255	38183
tupleHelperCase	128	-2	60554
tupleHelperCase	128	0	69364
tupleHelperCase	128	1	63273
tupleHelperCase	128	2	70238
tupleHelperCase	128	63	43519
tupleHelperCase	128	127	78143
tupleHelperCase	128	128	43636
tupleHelperCase	128	129	52393
tupleHelperCase	128	254	60554
tupleHelperCase	128	255	39103
tupleHelperCase	129	0	51592
tupleHelperCase	129	1	72377
tupleHelperCase	129	2	42730
tupleHelperCase	129	63	40343
tupleHelperCase	129	127	50391
tupleHelperCase	129	128	51976
tupleHelperCase	129	129	71993
tupleHelperCase	129	254	50982
tupleHelperCase	129	255	50775
tupleHelperCase	254	-128	68940
tupleHelperCase	254	0	40652
tupleHelperCase	254	1	53001
tupleHelperCase	254	2	49734
tupleHelperCase	254	63	49615
tupleHelperCase	254	127	67599
tupleHelperCase	254	128	68940
tupleHelperCase	254	129	70025
tupleHelperCase	254	254	55890
tupleHelperCase	254	255	39567
tupleHelperCase	255	-2	66286
tupleHelperCase	255	0	50272
tupleHelperCase	255	1	60569
tupleHelperCase	255	2	66258
tupleHelperCase	255	63	42343
tupleHelperCase	255	127	41383
tupleHelperCase	255	128	49888
tupleHelperCase	255	129	60185
tupleHelperCase	255	254	66286
tupleHelperCase	255	255	41767
tupleHelperCase	256	63	41983
tupleHelperCase	257	-128	39176
tupleHelperCase	81985529216486895	-2	54318
tupleHelperCase	9223372036854775807	63	42343
