plusCase	-9223372036854775808	-32768	196215
plusCase	-9223372036854775808	-512	-235913
plusCase	-81985529216486895	-513	1669489
plusCase	-81985529216486895	16	667645
plusCase	-65537	-15	-7907
plusCase	-65537	32769	196061
plusCase	-65536	-128	-59273
plusCase	-65536	9	3747
plusCase	-32769	64	-3182831
plusCase	-32769	512	-2976751
plusCase	-32768	-9223372036854775808	196215
plusCase	-32768	-32768	-393
plusCase	-32768	-32767	67
plusCase	-32768	-257	3092651
plusCase	-32768	-1	195755
plusCase	-32768	0	196215
plusCase	-32768	1	-655293
plusCase	-32768	257	-3093437
plusCase	-32768	32766	-1313
plusCase	-32768	32767	-853
plusCase	-32767	-32768	221
plusCase	-32767	-32767	681
plusCase	-32767	-16384	1376477
plusCase	-32767	-257	3093265
plusCase	-32767	-32	3196765
plusCase	-32767	-1	196369
plusCase	-32767	0	-655139
plusCase	-32767	1	-654679
plusCase	-32767	257	-3092823
plusCase	-32767	32766	-699
plusCase	-32767	32767	-239
plusCase	-16385	-257	-741819
plusCase	-16385	256	-505839
plusCase	-16384	-32767	622659
plusCase	-16384	-7	-626205
plusCase	-16383	-8	-626051
plusCase	-16383	17	-614551
plusCase	-8193	1024	-824303
plusCase	-8192	-8191	114755
plusCase	-8192	32769	1916995
plusCase	-8191	-8192	114909
plusCase	-8191	-1	-1294575
plusCase	-4097	-129	-347067
plusCase	-4097	4096	351249
plusCase	-4096	-2047	16451
plusCase	-4096	-3	-288493
plusCase	-4095	5	-284199
plusCase	-4095	33	-271319
plusCase	-2049	2048	-316399
plusCase	-2049	16384	117777
plusCase	-2048	-511	14403
plusCase	-2048	65537	249923
plusCase	-2047	-4096	-388899
plusCase	-2047	17	257897
plusCase	-1025	-65	-659643
plusCase	-1025	65535	-630203
plusCase	-1024	-127	-687549
plusCase	-1024	0	-629129
plusCase	-1023	65	-598615
plusCase	-513	-81985529216486895	-121187
plusCase	-513	4096	323601
plusCase	-512	-9223372036854775808	-314761
plusCase	-512	-31	-329021
plusCase	-511	-2048	-1256227
plusCase	-511	257	-195927
plusCase	-257	-32768	3053073
plusCase	-257	-32767	3053533
plusCase	-257	-16385	-1534907
plusCase	-257	-257	-276411
plusCase	-257	-33	-173371
plusCase	-257	-1	-158651
plusCase	-257	0	-158191
plusCase	-257	1	-157731
plusCase	-257	257	-39971
plusCase	-257	32766	3052153
plusCase	-257	32767	3052613
plusCase	-256	-7	-160797
plusCase	-256	3	-156197
plusCase	-255	129	-97623
plusCase	-255	1025	314537
plusCase	-129	-4097	-719035
plusCase	-129	8192	-767727
plusCase	-128	-65536	-78985
plusCase	-128	0	-78985
plusCase	-127	-1024	-549411
plusCase	-127	4097	561065
plusCase	-65	-1025	-511803
plusCase	-65	-17	-48123
plusCase	-64	7	-36469
plusCase	-63	257	79145
plusCase	-63	16385	1337641
plusCase	-33	-257	-138875
plusCase	-33	16384	1355601
plusCase	-32	-32767	3191683
plusCase	-32	31	-5781
plusCase	-31	-512	-254947
plusCase	-31	65536	-19427
plusCase	-17	-65	-40731
plusCase	-17	-9	-14971
plusCase	-16	15	-3317
plusCase	-16	127	48203
plusCase	-15	-65537	-10063
plusCase	-15	513	226377
plusCase	-9	-17	-13739
plusCase	-9	32767	3204885
plusCase	-8	-16383	-1381101
plusCase	-8	511	229755
plusCase	-7	-16384	-1380947
plusCase	-7	-256	-122451
plusCase	-5	-5	-5763
plusCase	-4	31	11411
plusCase	-4	2047	938771
plusCase	-3	-4096	-641211
plusCase	-3	1025	469265
plusCase	-2	1	-1161
plusCase	-2	65535	-2081
plusCase	-1	-32768	195601
plusCase	-1	-32767	196061
plusCase	-1	-8191	687581
plusCase	-1	-257	-119227
plusCase	-1	-1	-1467
plusCase	-1	0	-1007
plusCase	-1	1	-547
plusCase	-1	257	117213
plusCase	-1	8191	-689595
plusCase	-1	32766	3209337
plusCase	-1	32767	1309253
plusCase	0	-32768	196215
plusCase	0	-32767	-655293
plusCase	0	-1024	-471433
plusCase	0	-257	-118613
plusCase	0	-128	-59273
plusCase	0	-1	-853
plusCase	0	0	-393
plusCase	0	1	67
plusCase	0	257	117827
plusCase	0	32766	1309407
plusCase	0	32767	195755
plusCase	1	-32768	-655139
plusCase	1	-32767	-654679
plusCase	1	-257	-117999
plusCase	1	-2	-699
plusCase	1	-1	-239
plusCase	1	0	221
plusCase	1	1	681
plusCase	1	8	3901
plusCase	1	257	118441
plusCase	1	32766	195909
plusCase	1	32767	196369
plusCase	2	63	29815
plusCase	2	32766	-524373
plusCase	3	-256	-116311
plusCase	3	2049	943989
plusCase	4	32	16783
plusCase	4	81985529216486895	-192125
plusCase	5	-4095	-635839
plusCase	5	65537	3137
plusCase	7	-64	-25535
plusCase	8	1	4979
plusCase	8	128	63399
plusCase	9	-65536	5133
plusCase	9	127	63553
plusCase	15	-16	1457
plusCase	15	4097	648253
plusCase	16	-81985529216486895	203619
plusCase	16	512	244951
plusCase	17	-16383	-1365751
plusCase	17	-2047	-931575
plusCase	31	-32	3921
plusCase	31	-4	16801
plusCase	32	4	21095
plusCase	32	2048	961335
plusCase	33	-4095	-618647
plusCase	33	255	137169
plusCase	63	2	39209
plusCase	63	8193	-649379
plusCase	64	-32769	-3172821
plusCase	64	8192	-649225
plusCase	65	-1023	-431063
plusCase	127	-16	70225
plusCase	127	9	81725
plusCase	128	8	81879
plusCase	128	32767	-3133525
plusCase	129	-255	-38487
plusCase	129	511	313873
plusCase	255	33	171357
plusCase	255	16385	1532893
plusCase	256	-16385	-1219925
plusCase	256	81985529216486895	-37397
plusCase	257	-32768	-3053859
plusCase	257	-32767	-3053399
plusCase	257	-511	-77655
plusCase	257	-257	39185
plusCase	257	-63	128425
plusCase	257	-1	156945
plusCase	257	0	157405
plusCase	257	1	157865
plusCase	257	257	275625
plusCase	257	32766	-3054779
plusCase	257	32767	-3054319
plusCase	511	-8	309681
plusCase	511	129	372701
plusCase	512	-32769	-2897749
plusCase	512	16	321335
plusCase	513	-15	307689
plusCase	513	1023	785169
plusCase	1023	513	863709
plusCase	1023	32768	-2583535
plusCase	1024	-8193	-191317
plusCase	1025	-255	511657
plusCase	1025	-3	627577
plusCase	2047	-4	-252703
plusCase	2047	2049	-553507
plusCase	2048	-2049	314539
plusCase	2048	32	-235529
plusCase	2049	3	-248255
plusCase	2049	2047	-553199
plusCase	4095	8193	-401955
plusCase	4095	65536	285713
plusCase	4096	-4097	-353109
plusCase	4096	-513	50347
plusCase	4097	-127	228521
plusCase	4097	15	293841
plusCase	8191	-1	1292869
plusCase	8191	32768	-1917935
plusCase	8192	-129	1234603
plusCase	8192	64	1323383
plusCase	8193	63	1323537
plusCase	8193	4095	1474321
plusCase	16383	9223372036854775807	621125
plusCase	16384	-2049	924843
plusCase	16384	-33	607019
plusCase	16385	-63	593833
plusCase	16385	255	740113
plusCase	32766	-32768	-1621
plusCase	32766	-32767	-1161
plusCase	32766	-257	3091423
plusCase	32766	-1	1505247
plusCase	32766	0	1309099
plusCase	32766	1	195447
plusCase	32766	2	195907
plusCase	32766	257	-3094665
plusCase	32766	32766	-2541
plusCase	32766	32767	-2081
plusCase	32767	-32768	-1007
plusCase	32767	-32767	-547
plusCase	32767	-257	3092037
plusCase	32767	-9	3206117
plusCase	32767	-1	1309253
plusCase	32767	0	195601
plusCase	32767	1	196061
plusCase	32767	128	-3153391
plusCase	32767	257	-3094051
plusCase	32767	32766	-1927
plusCase	32767	32767	-1467
plusCase	32768	1023	-2741077
plusCase	32768	8191	-688981
plusCase	32769	-65537	196369
plusCase	32769	-8192	688349
plusCase	65535	-1025	-472507
plusCase	65535	-2	-1927
plusCase	65536	-31	-14653
plusCase	65536	4095	638123
plusCase	65537	-2048	-941859
plusCase	65537	5	2521
plusCase	81985529216486895	4	-659231
plusCase	81985529216486895	256	-543311
plusCase	9223372036854775807	16383	1374789
minusCase	-9223372036854775808	-32768	655479
minusCase	-9223372036854775808	-512	84087
minusCase	-81985529216486895	-513	-1016075
minusCase	-81985529216486895	16	-1102831
minusCase	-65537	-15	3033
minusCase	-65537	32769	-458343
minusCase	-65536	-128	21111
minusCase	-65536	9	-1357
minusCase	-32769	64	-468675
minusCase	-32769	512	-542147
minusCase	-32768	-9223372036854775808	655479
minusCase	-32768	-32768	119
minusCase	-32768	-32767	-45
minusCase	-32768	-257	501019
minusCase	-32768	-1	-1441509
minusCase	-32768	0	655479
minusCase	-32768	1	-458797
minusCase	-32768	257	-500781
minusCase	-32768	32766	447
minusCase	-32768	32767	283
minusCase	-32767	-32768	-335
minusCase	-32767	-32767	-499
minusCase	-32767	-16384	458417
minusCase	-32767	-257	500565
minusCase	-32767	-32	463665
minusCase	-32767	-1	-131243
minusCase	-32767	0	1310385
minusCase	-32767	1	654861
minusCase	-32767	257	-501235
minusCase	-32767	32766	-7
minusCase	-32767	32767	-171
minusCase	-16385	-257	534241
minusCase	-16385	256	450109
minusCase	-16384	-32767	-491565
minusCase	-16384	-7	492787
minusCase	-16383	-8	492497
minusCase	-16383	17	488397
minusCase	-8193	1024	1061437
minusCase	-8192	-8191	-376877
minusCase	-8192	32769	-475181
minusCase	-8191	-8192	1130161
minusCase	-8191	-1	-16555
minusCase	-4097	-129	-346911
minusCase	-4097	4096	664125
minusCase	-4096	-2047	-32813
minusCase	-4096	-3	-368029
minusCase	-4095	5	-369795
minusCase	-4095	33	-374387
minusCase	-2049	2048	332349
minusCase	-2049	16384	-839107
minusCase	-2048	-511	1013715
minusCase	-2048	65537	-577581
minusCase	-2047	-4096	356017
minusCase	-2047	17	-580659
minusCase	-1025	-65	476129
minusCase	-1025	65535	465633
minusCase	-1024	-127	485843
minusCase	-1024	0	465015
minusCase	-1023	65	453901
minusCase	-513	-81985529216486895	818009
minusCase	-513	4096	806461
minusCase	-512	-9223372036854775808	232567
minusCase	-512	-31	237651
minusCase	-511	-2048	567985
minusCase	-511	257	189965
minusCase	-257	-32768	-341955
minusCase	-257	-32767	-342119
minusCase	-257	-16385	-341791
minusCase	-257	-257	158945
minusCase	-257	-33	122209
minusCase	-257	-1	116961
minusCase	-257	0	116797
minusCase	-257	1	116633
minusCase	-257	257	74649
minusCase	-257	32766	-341627
minusCase	-257	32767	-341791
minusCase	-256	-7	117491
minusCase	-256	3	115851
minusCase	-255	129	94733
minusCase	-255	1025	-52211
minusCase	-129	-4097	-514591
minusCase	-129	8192	156989
minusCase	-128	-65536	58231
minusCase	-128	0	58231
minusCase	-127	-1024	225713
minusCase	-127	4097	631053
minusCase	-65	-1025	197729
minusCase	-65	-17	32417
minusCase	-64	7	28027
minusCase	-63	257	-13427
minusCase	-63	16385	487309
minusCase	-33	-257	57249
minusCase	-33	16384	473853
minusCase	-32	-32767	-444269
minusCase	-32	31	9563
minusCase	-31	-512	98161
minusCase	-31	65536	14193
minusCase	-17	-65	18497
minusCase	-17	-9	9313
minusCase	-16	15	4923
minusCase	-16	127	-13445
minusCase	-15	-65537	7093
minusCase	-15	513	-77203
minusCase	-9	-17	6993
minusCase	-9	32767	-454383
minusCase	-8	-16383	-455165
minusCase	-8	511	-80053
minusCase	-7	-16384	-455455
minusCase	-7	-256	45281
minusCase	-5	-5	3209
minusCase	-4	31	-3149
minusCase	-4	2047	-333773
minusCase	-3	-4096	-571959
minusCase	-3	1025	-166619
minusCase	-2	1	863
minusCase	-2	65535	1191
minusCase	-1	-32768	-458179
minusCase	-1	-32767	-458343
minusCase	-1	-8191	-97895
minusCase	-1	-257	42721
minusCase	-1	-1	737
minusCase	-1	0	573
minusCase	-1	1	409
minusCase	-1	257	-41575
minusCase	-1	8191	99041
minusCase	-1	32766	-1899643
minusCase	-1	32767	656097
minusCase	0	-32768	655479
minusCase	0	-32767	-458797
minusCase	0	-1024	168055
minusCase	0	-257	42267
minusCase	0	-128	21111
minusCase	0	-1	283
minusCase	0	0	119
minusCase	0	1	-45
minusCase	0	257	-42029
minusCase	0	32766	-2096705
minusCase	0	32767	-1441509
minusCase	1	-32768	1310385
minusCase	1	-32767	654861
minusCase	1	-257	41813
minusCase	1	-2	-7
minusCase	1	-1	-171
minusCase	1	0	-335
minusCase	1	1	-499
minusCase	1	8	-1647
minusCase	1	257	-42483
minusCase	1	32766	-589831
minusCase	1	32767	-131243
minusCase	2	63	-11121
minusCase	2	32766	458291
minusCase	3	-256	40741
minusCase	3	2049	-337279
minusCase	4	32	-6945
minusCase	4	81985529216486895	-586685
minusCase	5	-4095	-575755
minusCase	5	65537	-2315
minusCase	7	-64	7437
minusCase	8	1	-3677
minusCase	8	128	-24505
minusCase	9	-65536	-3967
minusCase	9	127	-24795
minusCase	15	-16	-4067
minusCase	15	4097	566585
minusCase	16	-81985529216486895	577843
minusCase	16	512	-91113
minusCase	17	-16383	-466515
minusCase	17	-2047	328109
minusCase	31	-32	-8707
minusCase	31	-4	-13299
minusCase	32	4	-15065
minusCase	32	2048	-350281
minusCase	33	-4095	-588467
minusCase	33	255	-56683
minusCase	63	2	-28811
minusCase	63	8193	69657
minusCase	64	-32769	429979
minusCase	64	8192	69367
minusCase	65	-1023	138381
minusCase	127	-16	-54915
minusCase	127	9	-59015
minusCase	128	8	-59305
minusCase	128	32767	400923
minusCase	129	-255	-16627
minusCase	129	511	-142251
minusCase	255	33	-121063
minusCase	255	16385	342937
minusCase	256	-16385	-574693
minusCase	256	81985529216486895	-701093
minusCase	257	-32768	342193
minusCase	257	-32767	342029
minusCase	257	-511	-32755
minusCase	257	-257	-74411
minusCase	257	-63	-106227
minusCase	257	-1	-116395
minusCase	257	0	-116559
minusCase	257	1	-116723
minusCase	257	257	-158707
minusCase	257	32766	342521
minusCase	257	32767	342357
minusCase	511	-8	-230563
minusCase	511	129	-253031
minusCase	512	-32769	226587
minusCase	512	16	-234953
minusCase	513	-15	-230323
minusCase	513	1023	-400555
minusCase	1023	513	-548455
minusCase	1023	32768	-5571
minusCase	1024	-8193	-562917
minusCase	1025	-255	-423411
minusCase	1025	-3	-464739
minusCase	2047	-4	578765
minusCase	2047	2049	-1265255
minusCase	2048	-2049	-331493
minusCase	2048	32	572407
minusCase	2049	3	576709
minusCase	2049	2047	-1265835
minusCase	4095	8193	-777831
minusCase	4095	65536	369213
minusCase	4096	-4097	-204517
minusCase	4096	-513	452891
minusCase	4097	-127	389133
minusCase	4097	15	365845
minusCase	8191	-1	17121
minusCase	8191	32768	475709
minusCase	8192	-129	37659
minusCase	8192	64	6007
minusCase	8193	63	5717
minusCase	8193	4095	-655531
minusCase	16383	9223372036854775807	-490783
minusCase	16384	-2049	-155365
minusCase	16384	-33	-485989
minusCase	16385	-63	-481523
minusCase	16385	255	-533675
minusCase	32766	-32768	1027
minusCase	32766	-32767	863
minusCase	32766	-257	501927
minusCase	32766	-1	-457561
minusCase	32766	0	-457725
minusCase	32766	1	-457889
minusCase	32766	2	-458053
minusCase	32766	257	-499873
minusCase	32766	32766	1355
minusCase	32766	32767	1191
minusCase	32767	-32768	573
minusCase	32767	-32767	409
minusCase	32767	-257	501473
minusCase	32767	-9	-260095
minusCase	32767	-1	656097
minusCase	32767	0	-458179
minusCase	32767	1	-458343
minusCase	32767	128	-479171
minusCase	32767	257	-500327
minusCase	32767	32766	901
minusCase	32767	32767	737
minusCase	32768	1023	-626405
minusCase	32768	8191	-556773
minusCase	32769	-65537	-131243
minusCase	32769	-8192	556721
minusCase	65535	-1025	168673
minusCase	65535	-2	901
minusCase	65536	-31	5203
minusCase	65536	4095	573723
minusCase	65537	-2048	335537
minusCase	65537	5	-1155
minusCase	81985529216486895	4	1099789
minusCase	81985529216486895	256	1058461
minusCase	9223372036854775807	16383	459489
timesCase	-9223372036854775808	-32768	-2121296
timesCase	-9223372036854775808	-512	422832
timesCase	-81985529216486895	-513	773047
timesCase	-81985529216486895	16	1433942
timesCase	-65537	-15	-911639
timesCase	-65537	32769	-24871
timesCase	-65536	-128	276016
timesCase	-65536	9	-961
timesCase	-32769	64	19994
timesCase	-32769	512	-250790
timesCase	-32768	-9223372036854775808	-2940496
timesCase	-32768	-32768	-155216
timesCase	-32768	-32767	-2056825
timesCase	-32768	-257	151257
timesCase	-32768	-1	-121383
timesCase	-32768	0	-2940496
timesCase	-32768	1	-57977
timesCase	-32768	257	-330617
timesCase	-32768	32766	-153086
timesCase	-32768	32767	-2054695
timesCase	-32767	-32768	-2059002
timesCase	-32767	-32767	171061
timesCase	-32767	-16384	-764666
timesCase	-32767	-257	712407
timesCase	-32767	-32	-315610
timesCase	-32767	-1	-258601
timesCase	-32767	0	-1960698
timesCase	-32767	1	72757
timesCase	-32767	257	-701643
timesCase	-32767	32766	-358744
timesCase	-32767	32767	-160297
timesCase	-16385	-257	-901413
timesCase	-16385	256	-381606
timesCase	-16384	-32767	-582265
timesCase	-16384	-7	-1261873
timesCase	-16383	-8	-894066
timesCase	-16383	17	1249061
timesCase	-8193	1024	27226
timesCase	-8192	-8191	-623225
timesCase	-8192	32769	187783
timesCase	-8191	-8192	-625402
timesCase	-8191	-1	-1094185
timesCase	-4097	-129	-385445
timesCase	-4097	4096	-278950
timesCase	-4096	-2047	-555641
timesCase	-4096	-3	-373205
timesCase	-4095	5	874737
timesCase	-4095	33	1319445
timesCase	-2049	2048	-756134
timesCase	-2049	16384	-377254
timesCase	-2048	-511	655239
timesCase	-2048	65537	372103
timesCase	-2047	-4096	-756474
timesCase	-2047	17	-581851
timesCase	-1025	-65	-448997
timesCase	-1025	65535	-703013
timesCase	-1024	-127	-34297
timesCase	-1024	0	-931408
timesCase	-1023	65	-315403
timesCase	-513	-81985529216486895	-26423
timesCase	-513	4096	-298406
timesCase	-512	-9223372036854775808	-821840
timesCase	-512	-31	345767
timesCase	-511	-2048	1569030
timesCase	-511	257	-987339
timesCase	-257	-32768	-567206
timesCase	-257	-32767	1175769
timesCase	-257	-16385	-426021
timesCase	-257	-257	-1392421
timesCase	-257	-33	-970757
timesCase	-257	-1	-901157
timesCase	-257	0	-665510
timesCase	-257	1	1077465
timesCase	-257	257	61401
timesCase	-257	32766	730972
timesCase	-257	32767	-802853
timesCase	-256	-7	282831
timesCase	-256	3	-149707
timesCase	-255	129	1050037
timesCase	-255	1025	-644555
timesCase	-129	-4097	-1224997
timesCase	-129	8192	287578
timesCase	-128	-65536	-559440
timesCase	-128	0	-559440
timesCase	-127	-1024	-479738
timesCase	-127	4097	46389
timesCase	-65	-1025	213595
timesCase	-65	-17	-1796501
timesCase	-64	7	-1092335
timesCase	-63	257	-155723
timesCase	-63	16385	405685
timesCase	-33	-257	-1458405
timesCase	-33	16384	-359526
timesCase	-32	-32767	903111
timesCase	-32	31	-48903
timesCase	-31	-512	-701370
timesCase	-31	65536	109126
timesCase	-17	-65	-1900997
timesCase	-17	-9	-465405
timesCase	-16	15	-652439
timesCase	-16	127	-208519
timesCase	-15	-65537	-881161
timesCase	-15	513	888661
timesCase	-9	-17	-482821
timesCase	-9	32767	-819733
timesCase	-8	-16383	92183
timesCase	-8	511	-125975
timesCase	-7	-16384	-1000874
timesCase	-7	-256	-259242
timesCase	-5	-5	-880281
timesCase	-4	31	-371519
timesCase	-4	2047	-442911
timesCase	-3	-4096	284590
timesCase	-3	1025	744829
timesCase	-2	1	8235
timesCase	-2	65535	21981
timesCase	-1	-32768	110170
timesCase	-1	-32767	-24871
timesCase	-1	-8191	-1556775
timesCase	-1	-257	-1458469
timesCase	-1	-1	-967205
timesCase	-1	0	11866
timesCase	-1	1	-123175
timesCase	-1	257	368089
timesCase	-1	8191	-1499685
timesCase	-1	32766	-78500
timesCase	-1	32767	-868901
timesCase	0	-32768	-2121296
timesCase	0	-32767	-1925753
timesCase	0	-1024	-539216
timesCase	0	-257	282329
timesCase	0	-128	276016
timesCase	0	-1	9689
timesCase	0	0	-974416
timesCase	0	1	7559
timesCase	0	257	-265081
timesCase	0	32766	-415230
timesCase	0	32767	-1989159
timesCase	1	-32768	-92922
timesCase	1	-32767	-1074123
timesCase	1	-257	909015
timesCase	1	-2	1704
timesCase	1	-1	134615
timesCase	1	0	5382
timesCase	1	1	-975819
timesCase	1	8	20094
timesCase	1	257	-1750219
timesCase	1	32766	-96600
timesCase	1	32767	36311
timesCase	2	63	300949
timesCase	2	32766	1794894
timesCase	3	-256	793778
timesCase	3	2049	-1240687
timesCase	4	32	-649752
timesCase	4	81985529216486895	-166815
timesCase	5	-4095	-252179
timesCase	5	65537	-977171
timesCase	7	-64	-1246902
timesCase	8	1	4855
timesCase	8	128	-915488
timesCase	9	-65536	-20554
timesCase	9	127	-572089
timesCase	15	-16	-719926
timesCase	15	4097	915897
timesCase	16	-81985529216486895	859095
timesCase	16	512	-1506032
timesCase	17	-16383	-1095915
timesCase	17	-2047	888597
timesCase	31	-32	-186054
timesCase	31	-4	-447714
timesCase	32	4	-710708
timesCase	32	2048	607344
timesCase	33	-4095	501
timesCase	33	255	605335
timesCase	63	2	168152
timesCase	63	8193	-1529255
timesCase	64	-32769	1025369
timesCase	64	8192	841520
timesCase	65	-1023	723893
timesCase	127	-16	-519830
timesCase	127	9	-828975
timesCase	128	8	-1176728
timesCase	128	32767	632025
timesCase	129	-255	476213
timesCase	129	511	289495
timesCase	255	33	122041
timesCase	255	16385	-684839
timesCase	256	-16385	25561
timesCase	256	81985529216486895	-595863
timesCase	257	-32768	584454
timesCase	257	-32767	-1160651
timesCase	257	-511	355381
timesCase	257	-257	449751
timesCase	257	-63	654965
timesCase	257	-1	920535
timesCase	257	0	682758
timesCase	257	1	-1062347
timesCase	257	257	-329419
timesCase	257	32766	-906072
timesCase	257	32767	822231
timesCase	511	-8	251490
timesCase	511	129	-1394087
timesCase	512	-32769	1286617
timesCase	512	16	166688
timesCase	513	-15	-260795
timesCase	513	1023	640471
timesCase	1023	513	-469799
timesCase	1023	32768	-129446
timesCase	1024	-8193	81369
timesCase	1025	-255	-1530571
timesCase	1025	-3	1259385
timesCase	2047	-4	-1106850
timesCase	2047	2049	-1341735
timesCase	2048	-2049	-369191
timesCase	2048	32	-242544
timesCase	2049	3	-189805
timesCase	2049	2047	-1346089
timesCase	4095	8193	-1777959
timesCase	4095	65536	101978
timesCase	4096	-4097	497113
timesCase	4096	-513	219097
timesCase	4097	-127	-1481547
timesCase	4097	15	942279
timesCase	8191	-1	1113563
timesCase	8191	32768	-889254
timesCase	8192	-129	260697
timesCase	8192	64	-993424
timesCase	8193	63	1218967
timesCase	8193	4095	1228247
timesCase	16383	9223372036854775807	-737829
timesCase	16384	-2049	-1380903
timesCase	16384	-33	11001
timesCase	16385	-63	-1322891
timesCase	16385	255	441559
timesCase	32766	-32768	-148732
timesCase	32766	-32767	-1400789
timesCase	32766	-257	-971043
timesCase	32766	-1	-1026595
timesCase	32766	0	-2475260
timesCase	32766	1	1253419
timesCase	32766	2	197970
timesCase	32766	257	1001259
timesCase	32766	32766	-134986
timesCase	32766	32767	-1387043
timesCase	32767	-32768	-1855910
timesCase	32767	-32767	171737
timesCase	32767	-257	-737573
timesCase	32767	-9	-214557
timesCase	32767	-1	-49701
timesCase	32767	0	-1954214
timesCase	32767	1	270041
timesCase	32767	128	-234022
timesCase	32767	257	761305
timesCase	32767	32766	-799396
timesCase	32767	32767	-148005
timesCase	32768	1023	623065
timesCase	32768	8191	-391719
timesCase	32769	-65537	-258601
timesCase	32769	-8192	537862
timesCase	65535	-1025	-179749
timesCase	65535	-2	19804
timesCase	65536	-31	41639
timesCase	65536	4095	-551463
timesCase	65537	-2048	-287482
timesCase	65537	5	-968463
timesCase	81985529216486895	4	678134
timesCase	81985529216486895	256	273402
timesCase	9223372036854775807	16383	-590373
negateCase	-9223372036854775808	-32768	-1703799
negateCase	-9223372036854775808	-512	-907127
negateCase	-81985529216486895	-513	164813
negateCase	-81985529216486895	16	1200633
negateCase	-65537	-15	-980603
negateCase	-65537	32769	-1376187
negateCase	-65536	-128	-963959
negateCase	-65536	9	129877
negateCase	-32769	64	842713
negateCase	-32769	512	776409
negateCase	-32768	-9223372036854775808	196745
negateCase	-32768	-32768	-524151
negateCase	-32768	-32767	-196619
negateCase	-32768	-257	234781
negateCase	-32768	-1	196893
negateCase	-32768	0	196745
negateCase	-32768	1	1310709
negateCase	-32768	257	1272821
negateCase	-32768	32766	-523855
negateCase	-32768	32767	-524003
negateCase	-32767	-32768	-327623
negateCase	-32767	-32767	-91
negateCase	-32767	-16384	1310777
negateCase	-32767	-257	431309
negateCase	-32767	-32	398009
negateCase	-32767	-1	393421
negateCase	-32767	0	393273
negateCase	-32767	1	1507237
negateCase	-32767	257	1469349
negateCase	-32767	32766	-327327
negateCase	-32767	32767	-327475
negateCase	-16385	-257	-879251
negateCase	-16385	256	158937
negateCase	-16384	-32767	-1310731
negateCase	-16384	-7	-916331
negateCase	-16383	-8	-916263
negateCase	-16383	17	194149
negateCase	-8193	1024	635097
negateCase	-8192	-8191	-622603
negateCase	-8192	32769	-720907
negateCase	-8191	-8192	-622535
negateCase	-8191	-1	-327475
negateCase	-4097	-129	-636051
negateCase	-4097	4096	-147239
negateCase	-4096	-2047	-352267
negateCase	-4096	-3	-654779
negateCase	-4095	5	458069
negateCase	-4095	33	453925
negateCase	-2049	2048	-7975
negateCase	-2049	16384	-622375
negateCase	-2048	-511	-743435
negateCase	-2048	65537	294901
negateCase	-2047	-4096	-212935
negateCase	-2047	17	292453
negateCase	-1025	-65	-891283
negateCase	-1025	65535	-900755
negateCase	-1024	-127	-882187
negateCase	-1024	0	-900983
negateCase	-1023	65	203429
negateCase	-513	-81985529216486895	-217339
negateCase	-513	4096	-433959
negateCase	-512	-9223372036854775808	-941943
negateCase	-512	-31	-937355
negateCase	-511	-2048	-638919
negateCase	-511	257	134053
negateCase	-257	-32768	-1683239
negateCase	-257	-32767	-1355707
negateCase	-257	-16385	-44691
negateCase	-257	-257	-924307
negateCase	-257	-33	-957459
negateCase	-257	-1	-962195
negateCase	-257	0	-962343
negateCase	-257	1	151621
negateCase	-257	257	113733
negateCase	-257	32766	-1682943
negateCase	-257	32767	-1683091
negateCase	-256	-7	-961387
negateCase	-256	3	151245
negateCase	-255	129	132517
negateCase	-255	1025	-91
negateCase	-129	-4097	-366227
negateCase	-129	8192	436441
negateCase	-128	-65536	-972663
negateCase	-128	0	-972663
negateCase	-127	-1024	-821191
negateCase	-127	4097	-464987
negateCase	-65	-1025	-826003
negateCase	-65	-17	-975187
negateCase	-64	7	135293
negateCase	-63	257	98213
negateCase	-63	16385	-781403
negateCase	-33	-257	-942227
negateCase	-33	16384	-783655
negateCase	-32	-32767	-1373707
negateCase	-32	31	129181
negateCase	-31	-512	-904647
negateCase	-31	65536	-980423
negateCase	-17	-65	-971923
negateCase	-17	-9	-980211
negateCase	-16	15	130269
negateCase	-16	127	113693
negateCase	-15	-65537	-981555
negateCase	-15	513	56485
negateCase	-9	-17	-979667
negateCase	-9	32767	-1702931
negateCase	-8	-16383	-64907
negateCase	-8	511	56221
negateCase	-7	-16384	-64839
negateCase	-7	-256	-944455
negateCase	-5	-5	-981763
negateCase	-4	31	126941
negateCase	-4	2047	-171427
negateCase	-3	-4096	-376455
negateCase	-3	1025	-20251
negateCase	-2	1	131221
negateCase	-2	65535	-982595
negateCase	-1	-32768	-1703719
negateCase	-1	-32767	-1376187
negateCase	-1	-8191	-1277883
negateCase	-1	-257	-944787
negateCase	-1	-1	-982675
negateCase	-1	0	-982823
negateCase	-1	1	131141
negateCase	-1	257	93253
negateCase	-1	8191	426349
negateCase	-1	32766	-1703423
negateCase	-1	32767	-1703571
negateCase	0	-32768	-1703799
negateCase	0	-32767	-1376267
negateCase	0	-1024	-831351
negateCase	0	-257	-944867
negateCase	0	-128	-963959
negateCase	0	-1	-982755
negateCase	0	0	-982903
negateCase	0	1	131061
negateCase	0	257	93173
negateCase	0	32766	-1703503
negateCase	0	32767	-1703651
negateCase	1	-32768	-1703879
negateCase	1	-32767	-1376347
negateCase	1	-257	-944947
negateCase	1	-2	-982687
negateCase	1	-1	-982835
negateCase	1	0	-982983
negateCase	1	1	130981
negateCase	1	8	129945
negateCase	1	257	93093
negateCase	1	32766	-1703583
negateCase	1	32767	-1703731
negateCase	2	63	973693
negateCase	2	32766	-851695
negateCase	3	-256	-93287
negateCase	3	2049	679685
negateCase	4	32	978121
negateCase	4	81985529216486895	258333
negateCase	5	-4095	474725
negateCase	5	65537	982629
negateCase	7	-64	-122023
negateCase	8	1	982389
negateCase	8	128	963593
negateCase	9	-65536	-131655
negateCase	9	127	963661
negateCase	15	-16	-129767
negateCase	15	4097	375621
negateCase	16	-81985529216486895	592309
negateCase	16	512	906121
negateCase	17	-16383	785061
negateCase	17	-2047	170661
negateCase	31	-32	-128679
negateCase	31	-4	-132823
negateCase	32	4	980025
negateCase	32	2048	677513
negateCase	33	-4095	472485
negateCase	33	255	942797
negateCase	63	2	977841
negateCase	63	8193	1272901
negateCase	64	-32769	-856803
negateCase	64	8192	1272969
negateCase	65	-1023	15269
negateCase	127	-16	-138727
negateCase	127	9	971685
negateCase	128	8	971753
negateCase	128	32767	-861923
negateCase	129	-255	-103515
negateCase	129	511	897229
negateCase	255	33	957893
negateCase	255	16385	45125
negateCase	256	-16385	766237
negateCase	256	81985529216486895	238173
negateCase	257	-32768	-872391
negateCase	257	-32767	-544859
negateCase	257	-511	-75867
negateCase	257	-257	-113459
negateCase	257	-63	-142171
negateCase	257	-1	-151347
negateCase	257	0	-151495
negateCase	257	1	962469
negateCase	257	257	924581
negateCase	257	32766	-872095
negateCase	257	32767	-872243
negateCase	511	-8	-170631
negateCase	511	129	923205
negateCase	512	-32769	-892643
negateCase	512	16	939849
negateCase	513	-15	-169755
negateCase	513	1023	790733
negateCase	1023	513	825413
negateCase	1023	32768	-933671
negateCase	1024	-8193	-507619
negateCase	1025	-255	-175195
negateCase	1025	-3	-212491
negateCase	2047	-4	-294103
negateCase	2047	2049	516165
negateCase	2048	-2049	8477
negateCase	2048	32	814601
negateCase	2049	3	818813
negateCase	2049	2047	516301
negateCase	4095	8193	950341
negateCase	4095	65536	-458535
negateCase	4096	-4097	147741
negateCase	4096	-513	-382691
negateCase	4097	-127	-439899
negateCase	4097	15	653197
negateCase	8191	-1	-786067
negateCase	8191	32768	-1507111
negateCase	8192	-129	-767203
negateCase	8192	64	318345
negateCase	8193	63	318413
negateCase	8193	4095	-278323
negateCase	16383	9223372036854775807	-196243
negateCase	16384	-2049	106781
negateCase	16384	-33	-191587
negateCase	16385	-63	-187227
negateCase	16385	255	879821
negateCase	32766	-32768	-982743
negateCase	32766	-32767	-655211
negateCase	32766	-257	-223811
negateCase	32766	-1	-261699
negateCase	32766	0	-261847
negateCase	32766	1	852117
negateCase	32766	2	851969
negateCase	32766	257	814229
negateCase	32766	32766	-982447
negateCase	32766	32767	-982595
negateCase	32767	-32768	-982823
negateCase	32767	-32767	-655291
negateCase	32767	-257	-223891
negateCase	32767	-9	-260595
negateCase	32767	-1	-261779
negateCase	32767	0	-261927
negateCase	32767	1	852037
negateCase	32767	128	833241
negateCase	32767	257	814149
negateCase	32767	32766	-982527
negateCase	32767	32767	-982675
negateCase	32768	1023	1159453
negateCase	32768	8191	1605917
negateCase	32769	-65537	393421
negateCase	32769	-8192	98361
negateCase	65535	-1025	-831123
negateCase	65535	-2	-982527
negateCase	65536	-31	-978315
negateCase	65536	4095	-474851
negateCase	65537	-2048	-679879
negateCase	65537	5	130389
negateCase	81985529216486895	4	-89207
negateCase	81985529216486895	256	-126503
negateCase	9223372036854775807	16383	-786067
packCase	-9223372036854775808	-32768	1376119
packCase	-9223372036854775808	-512	907127
packCase	-81985529216486895	-513	-164813
packCase	-81985529216486895	16	-1200633
packCase	-65537	-15	980603
packCase	-65537	32769	655291
packCase	-65536	-128	963959
packCase	-65536	9	-129877
packCase	-32769	64	-1301465
packCase	-32769	512	-1235161
packCase	-32768	-9223372036854775808	-1507465
packCase	-32768	-32768	-137
packCase	-32768	-32767	-720885
packCase	-32768	-257	-431389
packCase	-32768	-1	-393501
packCase	-32768	0	-1507465
packCase	-32768	1	-1507317
packCase	-32768	257	-1469429
packCase	-32768	32766	327247
packCase	-32768	32767	327395
packCase	-32767	-32768	-57
packCase	-32767	-32767	-720805
packCase	-32767	-16384	-1310777
packCase	-32767	-257	-431309
packCase	-32767	-32	-398009
packCase	-32767	-1	-393421
packCase	-32767	0	-1507385
packCase	-32767	1	-1507237
packCase	-32767	257	-1469349
packCase	-32767	32766	327327
packCase	-32767	32767	327475
packCase	-16385	-257	879251
packCase	-16385	256	-158937
packCase	-16384	-32767	589835
packCase	-16384	-7	916331
packCase	-16383	-8	916263
packCase	-16383	17	-194149
packCase	-8193	1024	-635097
packCase	-8192	-8191	622603
packCase	-8192	32769	11
packCase	-8191	-8192	622535
packCase	-8191	-1	327475
packCase	-4097	-129	636051
packCase	-4097	4096	147239
packCase	-4096	-2047	352267
packCase	-4096	-3	654779
packCase	-4095	5	-458069
packCase	-4095	33	-453925
packCase	-2049	2048	7975
packCase	-2049	16384	622375
packCase	-2048	-511	743435
packCase	-2048	65537	-294901
packCase	-2047	-4096	212935
packCase	-2047	17	-292453
packCase	-1025	-65	891283
packCase	-1025	65535	900755
packCase	-1024	-127	882187
packCase	-1024	0	-213129
packCase	-1023	65	-203429
packCase	-513	-81985529216486895	217339
packCase	-513	4096	433959
packCase	-512	-9223372036854775808	-172169
packCase	-512	-31	937355
packCase	-511	-2048	638919
packCase	-511	257	-134053
packCase	-257	-32768	1355559
packCase	-257	-32767	634811
packCase	-257	-16385	44691
packCase	-257	-257	924307
packCase	-257	-33	957459
packCase	-257	-1	962195
packCase	-257	0	-151769
packCase	-257	1	-151621
packCase	-257	257	-113733
packCase	-257	32766	1682943
packCase	-257	32767	1683091
packCase	-256	-7	961387
packCase	-256	3	-151245
packCase	-255	129	-132517
packCase	-255	1025	91
packCase	-129	-4097	366227
packCase	-129	8192	-436441
packCase	-128	-65536	-141449
packCase	-128	0	-141449
packCase	-127	-1024	821191
packCase	-127	4097	464987
packCase	-65	-1025	826003
packCase	-65	-17	975187
packCase	-64	7	-135293
packCase	-63	257	-98213
packCase	-63	16385	781403
packCase	-33	-257	942227
packCase	-33	16384	783655
packCase	-32	-32767	652811
packCase	-32	31	-129181
packCase	-31	-512	904647
packCase	-31	65536	-133689
packCase	-17	-65	971923
packCase	-17	-9	980211
packCase	-16	15	-130269
packCase	-16	127	-113693
packCase	-15	-65537	981555
packCase	-15	513	-56485
packCase	-9	-17	979667
packCase	-9	32767	1702931
packCase	-8	-16383	64907
packCase	-8	511	-56221
packCase	-7	-16384	64839
packCase	-7	-256	944455
packCase	-5	-5	981763
packCase	-4	31	-126941
packCase	-4	2047	171427
packCase	-3	-4096	376455
packCase	-3	1025	20251
packCase	-2	1	-131221
packCase	-2	65535	982595
packCase	-1	-32768	1376039
packCase	-1	-32767	655291
packCase	-1	-8191	1277883
packCase	-1	-257	944787
packCase	-1	-1	982675
packCase	-1	0	-131289
packCase	-1	1	-131141
packCase	-1	257	-93253
packCase	-1	8191	-426349
packCase	-1	32766	1703423
packCase	-1	32767	1703571
packCase	0	-32768	1376119
packCase	0	-32767	655371
packCase	0	-1024	831351
packCase	0	-257	944867
packCase	0	-128	963959
packCase	0	-1	982755
packCase	0	0	-131209
packCase	0	1	-131061
packCase	0	257	-93173
packCase	0	32766	1703503
packCase	0	32767	1703651
packCase	1	-32768	524231
packCase	1	-32767	-196517
packCase	1	-257	92979
packCase	1	-2	130719
packCase	1	-1	130867
packCase	1	0	-983097
packCase	1	1	-982949
packCase	1	8	-981913
packCase	1	257	-945061
packCase	1	32766	851615
packCase	1	32767	851763
packCase	2	63	-973693
packCase	2	32766	851695
packCase	3	-256	93287
packCase	3	2049	-679685
packCase	4	32	-978121
packCase	4	81985529216486895	-258333
packCase	5	-4095	-474725
packCase	5	65537	-982629
packCase	7	-64	122023
packCase	8	1	-982389
packCase	8	128	-963593
packCase	9	-65536	-982457
packCase	9	127	-963661
packCase	15	-16	129767
packCase	15	4097	-375621
packCase	16	-81985529216486895	-592309
packCase	16	512	-906121
packCase	17	-16383	-785061
packCase	17	-2047	-170661
packCase	31	-32	128679
packCase	31	-4	132823
packCase	32	4	-980025
packCase	32	2048	-677513
packCase	33	-4095	-472485
packCase	33	255	-942797
packCase	63	2	-977841
packCase	63	8193	-1272901
packCase	64	-32769	856803
packCase	64	8192	-1272969
packCase	65	-1023	-15269
packCase	127	-16	138727
packCase	127	9	-971685
packCase	128	8	-971753
packCase	128	32767	861923
packCase	129	-255	103515
packCase	129	511	-897229
packCase	255	33	-957893
packCase	255	16385	-45125
packCase	256	-16385	-766237
packCase	256	81985529216486895	-238173
packCase	257	-32768	544711
packCase	257	-32767	-176037
packCase	257	-511	75867
packCase	257	-257	113459
packCase	257	-63	142171
packCase	257	-1	151347
packCase	257	0	-962617
packCase	257	1	-962469
packCase	257	257	-924581
packCase	257	32766	872095
packCase	257	32767	872243
packCase	511	-8	170631
packCase	511	129	-923205
packCase	512	-32769	892643
packCase	512	16	-939849
packCase	513	-15	169755
packCase	513	1023	-790733
packCase	1023	513	-825413
packCase	1023	32768	605991
packCase	1024	-8193	507619
packCase	1025	-255	175195
packCase	1025	-3	212491
packCase	2047	-4	294103
packCase	2047	2049	-516165
packCase	2048	-2049	-8477
packCase	2048	32	-814601
packCase	2049	3	-818813
packCase	2049	2047	-516301
packCase	4095	8193	-950341
packCase	4095	65536	-655577
packCase	4096	-4097	-147741
packCase	4096	-513	382691
packCase	4097	-127	439899
packCase	4097	15	-653197
packCase	8191	-1	786067
packCase	8191	32768	1179431
packCase	8192	-129	767203
packCase	8192	64	-318345
packCase	8193	63	-318413
packCase	8193	4095	278323
packCase	16383	9223372036854775807	196243
packCase	16384	-2049	-106781
packCase	16384	-33	191587
packCase	16385	-63	187227
packCase	16385	255	-879821
packCase	32766	-32768	655063
packCase	32766	-32767	-65685
packCase	32766	-257	223811
packCase	32766	-1	261699
packCase	32766	0	-852265
packCase	32766	1	-852117
packCase	32766	2	-851969
packCase	32766	257	-814229
packCase	32766	32766	982447
packCase	32766	32767	982595
packCase	32767	-32768	196391
packCase	32767	-32767	-524357
packCase	32767	-257	-234861
packCase	32767	-9	-198157
packCase	32767	-1	-196973
packCase	32767	0	-1310937
packCase	32767	1	-1310789
packCase	32767	128	-1291993
packCase	32767	257	-1272901
packCase	32767	32766	523775
packCase	32767	32767	523923
packCase	32768	1023	-1356061
packCase	32768	8191	-1802525
packCase	32769	-65537	-393421
packCase	32769	-8192	-98361
packCase	65535	-1025	831123
packCase	65535	-2	982527
packCase	65536	-31	978315
packCase	65536	4095	474851
packCase	65537	-2048	-172089
packCase	65537	5	-982357
packCase	81985529216486895	4	89207
packCase	81985529216486895	256	126503
packCase	9223372036854775807	16383	786067
broadcastCase	-9223372036854775808	-32768	-3208422
broadcastCase	-9223372036854775808	-512	53018
broadcastCase	-81985529216486895	-513	1309182
broadcastCase	-81985529216486895	16	1257340
broadcastCase	-65537	-15	4214
broadcastCase	-65537	32769	-3208618
broadcastCase	-65536	-128	15386
broadcastCase	-65536	9	1960
broadcastCase	-32769	64	3207736
broadcastCase	-32769	512	3163832
broadcastCase	-32768	-9223372036854775808	-3208422
broadcastCase	-32768	-32768	2842
broadcastCase	-32768	-32767	2744
broadcastCase	-32768	-257	-3183236
broadcastCase	-32768	-1	-3208324
broadcastCase	-32768	0	-3208422
broadcastCase	-32768	1	-3208520
broadcastCase	-32768	257	3188920
broadcastCase	-32768	32766	3038
broadcastCase	-32768	32767	2940
broadcastCase	-32767	-32768	2940
broadcastCase	-32767	-32767	2842
broadcastCase	-32767	-16384	-1602692
broadcastCase	-32767	-257	-3183138
broadcastCase	-32767	-32	-3205188
broadcastCase	-32767	-1	-3208226
broadcastCase	-32767	0	-3208324
broadcastCase	-32767	1	-3208422
broadcastCase	-32767	257	3189018
broadcastCase	-32767	32766	3136
broadcastCase	-32767	32767	3038
broadcastCase	-16385	-257	-1577702
broadcastCase	-16385	256	-1627976
broadcastCase	-16384	-32767	1608376
broadcastCase	-16384	-7	-1602104
broadcastCase	-16383	-8	-1601908
broadcastCase	-16383	17	-1604358
broadcastCase	-8193	1024	-900424
broadcastCase	-8192	-8191	2744
broadcastCase	-8192	32769	2411192
broadcastCase	-8191	-8192	2940
broadcastCase	-8191	-1	-799778
broadcastCase	-4097	-129	-386022
broadcastCase	-4097	4096	-800072
broadcastCase	-4096	-2047	-197960
broadcastCase	-4096	-3	-398272
broadcastCase	-4095	5	-398958
broadcastCase	-4095	33	-401702
broadcastCase	-2049	2048	-398664
broadcastCase	-2049	16384	-1803592
broadcastCase	-2048	-511	-147784
broadcastCase	-2048	65537	-197960
broadcastCase	-2047	-4096	203644
broadcastCase	-2047	17	-199430
broadcastCase	-1025	-65	-91238
broadcastCase	-1025	65535	-97510
broadcastCase	-1024	-127	-85064
broadcastCase	-1024	0	-97510
broadcastCase	-1023	65	-103782
broadcastCase	-513	-81985529216486895	-1303498
broadcastCase	-513	4096	-448840
broadcastCase	-512	-9223372036854775808	-47334
broadcastCase	-512	-31	-44296
broadcastCase	-511	-2048	153468
broadcastCase	-511	257	-72422
broadcastCase	-257	-32768	3188920
broadcastCase	-257	-32767	3188822
broadcastCase	-257	-16385	1583386
broadcastCase	-257	-257	2842
broadcastCase	-257	-33	-19110
broadcastCase	-257	-1	-22246
broadcastCase	-257	0	-22344
broadcastCase	-257	1	-22442
broadcastCase	-257	257	-47530
broadcastCase	-257	32766	3189116
broadcastCase	-257	32767	3189018
broadcastCase	-256	-7	-21560
broadcastCase	-256	3	-22540
broadcastCase	-255	129	-34790
broadcastCase	-255	1025	-122598
broadcastCase	-129	-4097	391706
broadcastCase	-129	8192	-812616
broadcastCase	-128	-65536	-9702
broadcastCase	-128	0	-9702
broadcastCase	-127	-1024	90748
broadcastCase	-127	4097	-411110
broadcastCase	-65	-1025	96922
broadcastCase	-65	-17	-1862
broadcastCase	-64	7	-4116
broadcastCase	-63	257	-28518
broadcastCase	-63	16385	-1609062
broadcastCase	-33	-257	24794
broadcastCase	-33	16384	-1606024
broadcastCase	-32	-32767	3210872
broadcastCase	-32	31	-3332
broadcastCase	-31	-512	49980
broadcastCase	-31	65536	-196
broadcastCase	-17	-65	7546
broadcastCase	-17	-9	2058
broadcastCase	-16	15	-196
broadcastCase	-16	127	-11172
broadcastCase	-15	-65537	1470
broadcastCase	-15	513	-48902
broadcastCase	-9	-17	3626
broadcastCase	-9	32767	-3209206
broadcastCase	-8	-16383	1607592
broadcastCase	-8	511	-48020
broadcastCase	-7	-16384	1607788
broadcastCase	-7	-256	27244
broadcastCase	-5	-5	2842
broadcastCase	-4	31	-588
broadcastCase	-4	2047	-198156
broadcastCase	-3	-4096	403956
broadcastCase	-3	1025	-97902
broadcastCase	-2	1	2548
broadcastCase	-2	65535	2744
broadcastCase	-1	-32768	-3208520
broadcastCase	-1	-32767	-3208618
broadcastCase	-1	-8191	805462
broadcastCase	-1	-257	27930
broadcastCase	-1	-1	2842
broadcastCase	-1	0	2744
broadcastCase	-1	1	2646
broadcastCase	-1	257	-22442
broadcastCase	-1	8191	-799974
broadcastCase	-1	32766	-3208324
broadcastCase	-1	32767	-3208422
broadcastCase	0	-32768	-3208422
broadcastCase	0	-32767	-3208520
broadcastCase	0	-1024	103194
broadcastCase	0	-257	28028
broadcastCase	0	-128	15386
broadcastCase	0	-1	2940
broadcastCase	0	0	2842
broadcastCase	0	1	2744
broadcastCase	0	257	-22344
broadcastCase	0	32766	-3208226
broadcastCase	0	32767	-3208324
broadcastCase	1	-32768	-3208324
broadcastCase	1	-32767	-3208422
broadcastCase	1	-257	28126
broadcastCase	1	-2	3136
broadcastCase	1	-1	3038
broadcastCase	1	0	2940
broadcastCase	1	1	2842
broadcastCase	1	8	2156
broadcastCase	1	257	-22246
broadcastCase	1	32766	-3208128
broadcastCase	1	32767	-3208226
broadcastCase	2	63	-3136
broadcastCase	2	32766	-3208030
broadcastCase	3	-256	28224
broadcastCase	3	2049	-197666
broadcastCase	4	32	98
broadcastCase	4	81985529216486895	1259300
broadcastCase	5	-4095	404642
broadcastCase	5	65537	3234
broadcastCase	7	-64	9800
broadcastCase	8	1	3528
broadcastCase	8	128	-8918
broadcastCase	9	-65536	3724
broadcastCase	9	127	-8722
broadcastCase	15	-16	5880
broadcastCase	15	4097	-397194
broadcastCase	16	-81985529216486895	-1251656
broadcastCase	16	512	-45766
broadcastCase	17	-16383	1610042
broadcastCase	17	-2047	205114
broadcastCase	31	-32	9016
broadcastCase	31	-4	6272
broadcastCase	32	4	5586
broadcastCase	32	2048	-194726
broadcastCase	33	-4095	407386
broadcastCase	33	255	-18914
broadcastCase	63	2	8820
broadcastCase	63	8193	-793898
broadcastCase	64	-32769	-3202052
broadcastCase	64	8192	-793702
broadcastCase	65	-1023	109466
broadcastCase	127	-16	16856
broadcastCase	127	9	14406
broadcastCase	128	8	14602
broadcastCase	128	32767	-3195780
broadcastCase	129	-255	40474
broadcastCase	129	511	-34594
broadcastCase	255	33	24598
broadcastCase	255	16385	-1577898
broadcastCase	256	-16385	1633660
broadcastCase	256	81985529216486895	1283996
broadcastCase	257	-32768	-3183236
broadcastCase	257	-32767	-3183334
broadcastCase	257	-511	78106
broadcastCase	257	-257	53214
broadcastCase	257	-63	34202
broadcastCase	257	-1	28126
broadcastCase	257	0	28028
broadcastCase	257	1	27930
broadcastCase	257	257	2842
broadcastCase	257	32766	-3183040
broadcastCase	257	32767	-3183138
broadcastCase	511	-8	53704
broadcastCase	511	129	40278
broadcastCase	512	-32769	-3158148
broadcastCase	512	16	51450
broadcastCase	513	-15	54586
broadcastCase	513	1023	-47138
broadcastCase	1023	513	52822
broadcastCase	1023	32768	-3108168
broadcastCase	1024	-8193	906108
broadcastCase	1025	-255	128282
broadcastCase	1025	-3	103586
broadcastCase	2047	-4	203840
broadcastCase	2047	2049	2646
broadcastCase	2048	-2049	404348
broadcastCase	2048	32	200410
broadcastCase	2049	3	203350
broadcastCase	2049	2047	3038
broadcastCase	4095	8193	-398762
broadcastCase	4095	65536	404152
broadcastCase	4096	-4097	805756
broadcastCase	4096	-513	454524
broadcastCase	4097	-127	416794
broadcastCase	4097	15	402878
broadcastCase	8191	-1	805658
broadcastCase	8191	32768	-2405704
broadcastCase	8192	-129	818300
broadcastCase	8192	64	799386
broadcastCase	8193	63	799582
broadcastCase	8193	4095	404446
broadcastCase	16383	9223372036854775807	1608474
broadcastCase	16384	-2049	1809276
broadcastCase	16384	-33	1611708
broadcastCase	16385	-63	1614746
broadcastCase	16385	255	1583582
broadcastCase	32766	-32768	2646
broadcastCase	32766	-32767	2548
broadcastCase	32766	-257	-3183432
broadcastCase	32766	-1	-3208520
broadcastCase	32766	0	-3208618
broadcastCase	32766	1	-3208716
broadcastCase	32766	2	-3208814
broadcastCase	32766	257	3188724
broadcastCase	32766	32766	2842
broadcastCase	32766	32767	2744
broadcastCase	32767	-32768	2744
broadcastCase	32767	-32767	2646
broadcastCase	32767	-257	-3183334
broadcastCase	32767	-9	-3207638
broadcastCase	32767	-1	-3208422
broadcastCase	32767	0	-3208520
broadcastCase	32767	1	-3208618
broadcastCase	32767	128	3201464
broadcastCase	32767	257	3188822
broadcastCase	32767	32766	2940
broadcastCase	32767	32767	2842
broadcastCase	32768	1023	3113852
broadcastCase	32768	8191	2411388
broadcastCase	32769	-65537	-3208226
broadcastCase	32769	-8192	-2405508
broadcastCase	65535	-1025	103194
broadcastCase	65535	-2	2940
broadcastCase	65536	-31	5880
broadcastCase	65536	4095	-398468
broadcastCase	65537	-2048	203644
broadcastCase	65537	5	2450
broadcastCase	81985529216486895	4	-1253616
broadcastCase	81985529216486895	256	-1278312
broadcastCase	9223372036854775807	16383	-1602790
laneCase	0	0	32768	32766	0
laneCase	0	0	32768	32767	1
laneCase	0	0	32768	65277	32511
laneCase	0	0	32768	65533	32767
laneCase	0	0	32768	65534	-32768
laneCase	0	0	32768	65535	-32767
laneCase	0	0	32768	255	-32511
laneCase	0	0	32768	32764	-2
laneCase	0	0	32768	32765	-1
laneCase	0	0	32769	32766	1
laneCase	0	0	32769	32767	2
laneCase	0	0	32769	65277	32512
laneCase	0	0	32769	65533	-32768
laneCase	0	0	32769	65534	-32767
laneCase	0	0	32769	65535	-32766
laneCase	0	0	32769	255	-32510
laneCase	0	0	32769	32764	-1
laneCase	0	0	32769	32765	0
laneCase	0	0	65279	32766	32511
laneCase	0	0	65279	32767	32512
laneCase	0	0	65279	65277	-514
laneCase	0	0	65279	65533	-258
laneCase	0	0	65279	65534	-257
laneCase	0	0	65279	65535	-256
laneCase	0	0	65279	255	0
laneCase	0	0	65279	32764	32509
laneCase	0	0	65279	32765	32510
laneCase	0	0	65535	32766	32767
laneCase	0	0	65535	32767	-32768
laneCase	0	0	65535	65277	-258
laneCase	0	0	65535	65533	-2
laneCase	0	0	65535	65534	-1
laneCase	0	0	65535	65535	0
laneCase	0	0	65535	255	256
laneCase	0	0	65535	32764	32765
laneCase	0	0	65535	32765	32766
laneCase	0	0	0	32766	-32768
laneCase	0	0	0	32767	-32767
laneCase	0	0	0	65277	-257
laneCase	0	0	0	65533	-1
laneCase	0	0	0	65534	0
laneCase	0	0	0	65535	1
laneCase	0	0	0	255	257
laneCase	0	0	0	32764	32766
laneCase	0	0	0	32765	32767
laneCase	0	0	1	32766	-32767
laneCase	0	0	1	32767	-32766
laneCase	0	0	1	65277	-256
laneCase	0	0	1	65533	0
laneCase	0	0	1	65534	1
laneCase	0	0	1	65535	2
laneCase	0	0	1	255	258
laneCase	0	0	1	32764	32767
laneCase	0	0	1	32765	-32768
laneCase	0	0	257	32766	-32511
laneCase	0	0	257	32767	-32510
laneCase	0	0	257	65277	0
laneCase	0	0	257	65533	256
laneCase	0	0	257	65534	257
laneCase	0	0	257	65535	258
laneCase	0	0	257	255	514
laneCase	0	0	257	32764	-32513
laneCase	0	0	257	32765	-32512
laneCase	0	0	32766	32766	-2
laneCase	0	0	32766	32767	-1
laneCase	0	0	32766	65277	32509
laneCase	0	0	32766	65533	32765
laneCase	0	0	32766	65534	32766
laneCase	0	0	32766	65535	32767
laneCase	0	0	32766	255	-32513
laneCase	0	0	32766	32764	-4
laneCase	0	0	32766	32765	-3
laneCase	0	0	32767	32766	-1
laneCase	0	0	32767	32767	0
laneCase	0	0	32767	65277	32510
laneCase	0	0	32767	65533	32766
laneCase	0	0	32767	65534	32767
laneCase	0	0	32767	65535	-32768
laneCase	0	0	32767	255	-32512
laneCase	0	0	32767	32764	-3
laneCase	0	0	32767	32765	-2
laneCase	0	1	32771	32768	0
laneCase	0	1	32772	32768	1
laneCase	0	1	65282	32768	32511
laneCase	0	1	2	32768	32767
laneCase	0	1	3	32768	-32768
laneCase	0	1	4	32768	-32767
laneCase	0	1	260	32768	-32511
laneCase	0	1	32769	32768	-2
laneCase	0	1	32770	32768	-1
laneCase	0	1	32771	32769	1
laneCase	0	1	32772	32769	2
laneCase	0	1	65282	32769	32512
laneCase	0	1	2	32769	-32768
laneCase	0	1	3	32769	-32767
laneCase	0	1	4	32769	-32766
laneCase	0	1	260	32769	-32510
laneCase	0	1	32769	32769	-1
laneCase	0	1	32770	32769	0
laneCase	0	1	32771	65279	32511
laneCase	0	1	32772	65279	32512
laneCase	0	1	65282	65279	-514
laneCase	0	1	2	65279	-258
laneCase	0	1	3	65279	-257
laneCase	0	1	4	65279	-256
laneCase	0	1	260	65279	0
laneCase	0	1	32769	65279	32509
laneCase	0	1	32770	65279	32510
laneCase	0	1	32771	65535	32767
laneCase	0	1	32772	65535	-32768
laneCase	0	1	65282	65535	-258
laneCase	0	1	2	65535	-2
laneCase	0	1	3	65535	-1
laneCase	0	1	4	65535	0
laneCase	0	1	260	65535	256
laneCase	0	1	32769	65535	32765
laneCase	0	1	32770	65535	32766
laneCase	0	1	32771	0	-32768
laneCase	0	1	32772	0	-32767
laneCase	0	1	65282	0	-257
laneCase	0	1	2	0	-1
laneCase	0	1	3	0	0
laneCase	0	1	4	0	1
laneCase	0	1	260	0	257
laneCase	0	1	32769	0	32766
laneCase	0	1	32770	0	32767
laneCase	0	1	32771	1	-32767
laneCase	0	1	32772	1	-32766
laneCase	0	1	65282	1	-256
laneCase	0	1	2	1	0
laneCase	0	1	3	1	1
laneCase	0	1	4	1	2
laneCase	0	1	260	1	258
laneCase	0	1	32769	1	32767
laneCase	0	1	32770	1	-32768
laneCase	0	1	32771	257	-32511
laneCase	0	1	32772	257	-32510
laneCase	0	1	65282	257	0
laneCase	0	1	2	257	256
laneCase	0	1	3	257	257
laneCase	0	1	4	257	258
laneCase	0	1	260	257	514
laneCase	0	1	32769	257	-32513
laneCase	0	1	32770	257	-32512
laneCase	0	1	32771	32766	-2
laneCase	0	1	32772	32766	-1
laneCase	0	1	65282	32766	32509
laneCase	0	1	2	32766	32765
laneCase	0	1	3	32766	32766
laneCase	0	1	4	32766	32767
laneCase	0	1	260	32766	-32513
laneCase	0	1	32769	32766	-4
laneCase	0	1	32770	32766	-3
laneCase	0	1	32771	32767	-1
laneCase	0	1	32772	32767	0
laneCase	0	1	65282	32767	32510
laneCase	0	1	2	32767	32766
laneCase	0	1	3	32767	32767
laneCase	0	1	4	32767	-32768
laneCase	0	1	260	32767	-32512
laneCase	0	1	32769	32767	-3
laneCase	0	1	32770	32767	-2
laneCase	0	2	32767	60853	0
laneCase	0	2	32767	23404	1
laneCase	0	2	32767	18686	32511
laneCase	0	2	32767	65534	32767
laneCase	0	2	32767	28085	-32768
laneCase	0	2	32767	56172	-32767
laneCase	0	2	32767	37484	-32511
laneCase	0	2	32767	4679	-2
laneCase	0	2	32767	32766	-1
laneCase	0	2	32768	60853	1
laneCase	0	2	32768	23404	2
laneCase	0	2	32768	18686	32512
laneCase	0	2	32768	65534	-32768
laneCase	0	2	32768	28085	-32767
laneCase	0	2	32768	56172	-32766
laneCase	0	2	32768	37484	-32510
laneCase	0	2	32768	4679	-1
laneCase	0	2	32768	32766	0
laneCase	0	2	65278	60853	32511
laneCase	0	2	65278	23404	32512
laneCase	0	2	65278	18686	-514
laneCase	0	2	65278	65534	-258
laneCase	0	2	65278	28085	-257
laneCase	0	2	65278	56172	-256
laneCase	0	2	65278	37484	0
laneCase	0	2	65278	4679	32509
laneCase	0	2	65278	32766	32510
laneCase	0	2	65534	60853	32767
laneCase	0	2	65534	23404	-32768
laneCase	0	2	65534	18686	-258
laneCase	0	2	65534	65534	-2
laneCase	0	2	65534	28085	-1
laneCase	0	2	65534	56172	0
laneCase	0	2	65534	37484	256
laneCase	0	2	65534	4679	32765
laneCase	0	2	65534	32766	32766
laneCase	0	2	65535	60853	-32768
laneCase	0	2	65535	23404	-32767
laneCase	0	2	65535	18686	-257
laneCase	0	2	65535	65534	-1
laneCase	0	2	65535	28085	0
laneCase	0	2	65535	56172	1
laneCase	0	2	65535	37484	257
laneCase	0	2	65535	4679	32766
laneCase	0	2	65535	32766	32767
laneCase	0	2	0	60853	-32767
laneCase	0	2	0	23404	-32766
laneCase	0	2	0	18686	-256
laneCase	0	2	0	65534	0
laneCase	0	2	0	28085	1
laneCase	0	2	0	56172	2
laneCase	0	2	0	37484	258
laneCase	0	2	0	4679	32767
laneCase	0	2	0	32766	-32768
laneCase	0	2	256	60853	-32511
laneCase	0	2	256	23404	-32510
laneCase	0	2	256	18686	0
laneCase	0	2	256	65534	256
laneCase	0	2	256	28085	257
laneCase	0	2	256	56172	258
laneCase	0	2	256	37484	514
laneCase	0	2	256	4679	-32513
laneCase	0	2	256	32766	-32512
laneCase	0	2	32765	60853	-2
laneCase	0	2	32765	23404	-1
laneCase	0	2	32765	18686	32509
laneCase	0	2	32765	65534	32765
laneCase	0	2	32765	28085	32766
laneCase	0	2	32765	56172	32767
laneCase	0	2	32765	37484	-32513
laneCase	0	2	32765	4679	-4
laneCase	0	2	32765	32766	-3
laneCase	0	2	32766	60853	-1
laneCase	0	2	32766	23404	0
laneCase	0	2	32766	18686	32510
laneCase	0	2	32766	65534	32766
laneCase	0	2	32766	28085	32767
laneCase	0	2	32766	56172	-32768
laneCase	0	2	32766	37484	-32512
laneCase	0	2	32766	4679	-3
laneCase	0	2	32766	32766	-2
laneCase	0	3	50643	32769	0
laneCase	0	3	20854	32769	1
laneCase	0	3	5936	32769	32511
laneCase	0	3	47664	32769	32767
laneCase	0	3	17875	32769	-32768
laneCase	0	3	53622	32769	-32767
laneCase	0	3	29814	32769	-32511
laneCase	0	3	44685	32769	-2
laneCase	0	3	14896	32769	-1
laneCase	0	3	50643	32770	1
laneCase	0	3	20854	32770	2
laneCase	0	3	5936	32770	32512
laneCase	0	3	47664	32770	-32768
laneCase	0	3	17875	32770	-32767
laneCase	0	3	53622	32770	-32766
laneCase	0	3	29814	32770	-32510
laneCase	0	3	44685	32770	-1
laneCase	0	3	14896	32770	0
laneCase	0	3	50643	65280	32511
laneCase	0	3	20854	65280	32512
laneCase	0	3	5936	65280	-514
laneCase	0	3	47664	65280	-258
laneCase	0	3	17875	65280	-257
laneCase	0	3	53622	65280	-256
laneCase	0	3	29814	65280	0
laneCase	0	3	44685	65280	32509
laneCase	0	3	14896	65280	32510
laneCase	0	3	50643	0	32767
laneCase	0	3	20854	0	-32768
laneCase	0	3	5936	0	-258
laneCase	0	3	47664	0	-2
laneCase	0	3	17875	0	-1
laneCase	0	3	53622	0	0
laneCase	0	3	29814	0	256
laneCase	0	3	44685	0	32765
laneCase	0	3	14896	0	32766
laneCase	0	3	50643	1	-32768
laneCase	0	3	20854	1	-32767
laneCase	0	3	5936	1	-257
laneCase	0	3	47664	1	-1
laneCase	0	3	17875	1	0
laneCase	0	3	53622	1	1
laneCase	0	3	29814	1	257
laneCase	0	3	44685	1	32766
laneCase	0	3	14896	1	32767
laneCase	0	3	50643	2	-32767
laneCase	0	3	20854	2	-32766
laneCase	0	3	5936	2	-256
laneCase	0	3	47664	2	0
laneCase	0	3	17875	2	1
laneCase	0	3	53622	2	2
laneCase	0	3	29814	2	258
laneCase	0	3	44685	2	32767
laneCase	0	3	14896	2	-32768
laneCase	0	3	50643	258	-32511
laneCase	0	3	20854	258	-32510
laneCase	0	3	5936	258	0
laneCase	0	3	47664	258	256
laneCase	0	3	17875	258	257
laneCase	0	3	53622	258	258
laneCase	0	3	29814	258	514
laneCase	0	3	44685	258	-32513
laneCase	0	3	14896	258	-32512
laneCase	0	3	50643	32767	-2
laneCase	0	3	20854	32767	-1
laneCase	0	3	5936	32767	32509
laneCase	0	3	47664	32767	32765
laneCase	0	3	17875	32767	32766
laneCase	0	3	53622	32767	32767
laneCase	0	3	29814	32767	-32513
laneCase	0	3	44685	32767	-4
laneCase	0	3	14896	32767	-3
laneCase	0	3	50643	32768	-1
laneCase	0	3	20854	32768	0
laneCase	0	3	5936	32768	32510
laneCase	0	3	47664	32768	32766
laneCase	0	3	17875	32768	32767
laneCase	0	3	53622	32768	-32768
laneCase	0	3	29814	32768	-32512
laneCase	0	3	44685	32768	-3
laneCase	0	3	14896	32768	-2
laneCase	0	4	1	0	0
laneCase	0	4	1	1	1
laneCase	0	4	1	32511	32511
laneCase	0	4	1	32767	32767
laneCase	0	4	1	32768	-32768
laneCase	0	4	1	32769	-32767
laneCase	0	4	1	33025	-32511
laneCase	0	4	1	65534	-2
laneCase	0	4	1	65535	-1
laneCase	0	4	2	0	1
laneCase	0	4	2	1	2
laneCase	0	4	2	32511	32512
laneCase	0	4	2	32767	-32768
laneCase	0	4	2	32768	-32767
laneCase	0	4	2	32769	-32766
laneCase	0	4	2	33025	-32510
laneCase	0	4	2	65534	-1
laneCase	0	4	2	65535	0
laneCase	0	4	32512	0	32511
laneCase	0	4	32512	1	32512
laneCase	0	4	32512	32511	-514
laneCase	0	4	32512	32767	-258
laneCase	0	4	32512	32768	-257
laneCase	0	4	32512	32769	-256
laneCase	0	4	32512	33025	0
laneCase	0	4	32512	65534	32509
laneCase	0	4	32512	65535	32510
laneCase	0	4	32768	0	32767
laneCase	0	4	32768	1	-32768
laneCase	0	4	32768	32511	-258
laneCase	0	4	32768	32767	-2
laneCase	0	4	32768	32768	-1
laneCase	0	4	32768	32769	0
laneCase	0	4	32768	33025	256
laneCase	0	4	32768	65534	32765
laneCase	0	4	32768	65535	32766
laneCase	0	4	32769	0	-32768
laneCase	0	4	32769	1	-32767
laneCase	0	4	32769	32511	-257
laneCase	0	4	32769	32767	-1
laneCase	0	4	32769	32768	0
laneCase	0	4	32769	32769	1
laneCase	0	4	32769	33025	257
laneCase	0	4	32769	65534	32766
laneCase	0	4	32769	65535	32767
laneCase	0	4	32770	0	-32767
laneCase	0	4	32770	1	-32766
laneCase	0	4	32770	32511	-256
laneCase	0	4	32770	32767	0
laneCase	0	4	32770	32768	1
laneCase	0	4	32770	32769	2
laneCase	0	4	32770	33025	258
laneCase	0	4	32770	65534	32767
laneCase	0	4	32770	65535	-32768
laneCase	0	4	33026	0	-32511
laneCase	0	4	33026	1	-32510
laneCase	0	4	33026	32511	0
laneCase	0	4	33026	32767	256
laneCase	0	4	33026	32768	257
laneCase	0	4	33026	32769	258
laneCase	0	4	33026	33025	514
laneCase	0	4	33026	65534	-32513
laneCase	0	4	33026	65535	-32512
laneCase	0	4	65535	0	-2
laneCase	0	4	65535	1	-1
laneCase	0	4	65535	32511	32509
laneCase	0	4	65535	32767	32765
laneCase	0	4	65535	32768	32766
laneCase	0	4	65535	32769	32767
laneCase	0	4	65535	33025	-32513
laneCase	0	4	65535	65534	-4
laneCase	0	4	65535	65535	-3
laneCase	0	4	0	0	-1
laneCase	0	4	0	1	0
laneCase	0	4	0	32511	32510
laneCase	0	4	0	32767	32766
laneCase	0	4	0	32768	32767
laneCase	0	4	0	32769	-32768
laneCase	0	4	0	33025	-32512
laneCase	0	4	0	65534	-3
laneCase	0	4	0	65535	-2
laneCase	0	5	65535	0	0
laneCase	0	5	0	0	1
laneCase	0	5	32510	0	32511
laneCase	0	5	32766	0	32767
laneCase	0	5	32767	0	-32768
laneCase	0	5	32768	0	-32767
laneCase	0	5	33024	0	-32511
laneCase	0	5	65533	0	-2
laneCase	0	5	65534	0	-1
laneCase	0	5	65535	1	1
laneCase	0	5	0	1	2
laneCase	0	5	32510	1	32512
laneCase	0	5	32766	1	-32768
laneCase	0	5	32767	1	-32767
laneCase	0	5	32768	1	-32766
laneCase	0	5	33024	1	-32510
laneCase	0	5	65533	1	-1
laneCase	0	5	65534	1	0
laneCase	0	5	65535	32511	32511
laneCase	0	5	0	32511	32512
laneCase	0	5	32510	32511	-514
laneCase	0	5	32766	32511	-258
laneCase	0	5	32767	32511	-257
laneCase	0	5	32768	32511	-256
laneCase	0	5	33024	32511	0
laneCase	0	5	65533	32511	32509
laneCase	0	5	65534	32511	32510
laneCase	0	5	65535	32767	32767
laneCase	0	5	0	32767	-32768
laneCase	0	5	32510	32767	-258
laneCase	0	5	32766	32767	-2
laneCase	0	5	32767	32767	-1
laneCase	0	5	32768	32767	0
laneCase	0	5	33024	32767	256
laneCase	0	5	65533	32767	32765
laneCase	0	5	65534	32767	32766
laneCase	0	5	65535	32768	-32768
laneCase	0	5	0	32768	-32767
laneCase	0	5	32510	32768	-257
laneCase	0	5	32766	32768	-1
laneCase	0	5	32767	32768	0
laneCase	0	5	32768	32768	1
laneCase	0	5	33024	32768	257
laneCase	0	5	65533	32768	32766
laneCase	0	5	65534	32768	32767
laneCase	0	5	65535	32769	-32767
laneCase	0	5	0	32769	-32766
laneCase	0	5	32510	32769	-256
laneCase	0	5	32766	32769	0
laneCase	0	5	32767	32769	1
laneCase	0	5	32768	32769	2
laneCase	0	5	33024	32769	258
laneCase	0	5	65533	32769	32767
laneCase	0	5	65534	32769	-32768
laneCase	0	5	65535	33025	-32511
laneCase	0	5	0	33025	-32510
laneCase	0	5	32510	33025	0
laneCase	0	5	32766	33025	256
laneCase	0	5	32767	33025	257
laneCase	0	5	32768	33025	258
laneCase	0	5	33024	33025	514
laneCase	0	5	65533	33025	-32513
laneCase	0	5	65534	33025	-32512
laneCase	0	5	65535	65534	-2
laneCase	0	5	0	65534	-1
laneCase	0	5	32510	65534	32509
laneCase	0	5	32766	65534	32765
laneCase	0	5	32767	65534	32766
laneCase	0	5	32768	65534	32767
laneCase	0	5	33024	65534	-32513
laneCase	0	5	65533	65534	-4
laneCase	0	5	65534	65534	-3
laneCase	0	5	65535	65535	-1
laneCase	0	5	0	65535	0
laneCase	0	5	32510	65535	32510
laneCase	0	5	32766	65535	32766
laneCase	0	5	32767	65535	32767
laneCase	0	5	32768	65535	-32768
laneCase	0	5	33024	65535	-32512
laneCase	0	5	65533	65535	-3
laneCase	0	5	65534	65535	-2
laneCase	0	6	54611	42849	0
laneCase	0	6	54611	63014	1
laneCase	0	6	54611	5020	32511
laneCase	0	6	54611	55452	32767
laneCase	0	6	54611	10081	-32768
laneCase	0	6	54611	30246	-32767
laneCase	0	6	54611	15142	-32511
laneCase	0	6	54611	2519	-2
laneCase	0	6	54611	22684	-1
laneCase	0	6	32766	42849	1
laneCase	0	6	32766	63014	2
laneCase	0	6	32766	5020	32512
laneCase	0	6	32766	55452	-32768
laneCase	0	6	32766	10081	-32767
laneCase	0	6	32766	30246	-32766
laneCase	0	6	32766	15142	-32510
laneCase	0	6	32766	2519	-1
laneCase	0	6	32766	22684	0
laneCase	0	6	65448	42849	32511
laneCase	0	6	65448	63014	32512
laneCase	0	6	65448	5020	-514
laneCase	0	6	65448	55452	-258
laneCase	0	6	65448	10081	-257
laneCase	0	6	65448	30246	-256
laneCase	0	6	65448	15142	0
laneCase	0	6	65448	2519	32509
laneCase	0	6	65448	22684	32510
laneCase	0	6	43688	42849	32767
laneCase	0	6	43688	63014	-32768
laneCase	0	6	43688	5020	-258
laneCase	0	6	43688	55452	-2
laneCase	0	6	43688	10081	-1
laneCase	0	6	43688	30246	0
laneCase	0	6	43688	15142	256
laneCase	0	6	43688	2519	32765
laneCase	0	6	43688	22684	32766
laneCase	0	6	21843	42849	-32768
laneCase	0	6	21843	63014	-32767
laneCase	0	6	21843	5020	-257
laneCase	0	6	21843	55452	-1
laneCase	0	6	21843	10081	0
laneCase	0	6	21843	30246	1
laneCase	0	6	21843	15142	257
laneCase	0	6	21843	2519	32766
laneCase	0	6	21843	22684	32767
laneCase	0	6	65534	42849	-32767
laneCase	0	6	65534	63014	-32766
laneCase	0	6	65534	5020	-256
laneCase	0	6	65534	55452	0
laneCase	0	6	65534	10081	1
laneCase	0	6	65534	30246	2
laneCase	0	6	65534	15142	258
laneCase	0	6	65534	2519	32767
laneCase	0	6	65534	22684	-32768
laneCase	0	6	43774	42849	-32511
laneCase	0	6	43774	63014	-32510
laneCase	0	6	43774	5020	0
laneCase	0	6	43774	55452	256
laneCase	0	6	43774	10081	257
laneCase	0	6	43774	30246	258
laneCase	0	6	43774	15142	514
laneCase	0	6	43774	2519	-32513
laneCase	0	6	43774	22684	-32512
laneCase	0	6	32765	42849	-2
laneCase	0	6	32765	63014	-1
laneCase	0	6	32765	5020	32509
laneCase	0	6	32765	55452	32765
laneCase	0	6	32765	10081	32766
laneCase	0	6	32765	30246	32767
laneCase	0	6	32765	15142	-32513
laneCase	0	6	32765	2519	-4
laneCase	0	6	32765	22684	-3
laneCase	0	6	10920	42849	-1
laneCase	0	6	10920	63014	0
laneCase	0	6	10920	5020	32510
laneCase	0	6	10920	55452	32766
laneCase	0	6	10920	10081	32767
laneCase	0	6	10920	30246	-32768
laneCase	0	6	10920	15142	-32512
laneCase	0	6	10920	2519	-3
laneCase	0	6	10920	22684	-2
laneCase	0	7	9639	19663	0
laneCase	0	7	5784	19663	1
laneCase	0	7	50102	19663	32511
laneCase	0	7	46262	19663	32767
laneCase	0	7	42407	19663	-32768
laneCase	0	7	38552	19663	-32767
laneCase	0	7	34712	19663	-32511
laneCase	0	7	17349	19663	-2
laneCase	0	7	13494	19663	-1
laneCase	0	7	9639	6556	1
laneCase	0	7	5784	6556	2
laneCase	0	7	50102	6556	32512
laneCase	0	7	46262	6556	-32768
laneCase	0	7	42407	6556	-32767
laneCase	0	7	38552	6556	-32766
laneCase	0	7	34712	6556	-32510
laneCase	0	7	17349	6556	-1
laneCase	0	7	13494	6556	0
laneCase	0	7	9639	13058	32511
laneCase	0	7	5784	13058	32512
laneCase	0	7	50102	13058	-514
laneCase	0	7	46262	13058	-258
laneCase	0	7	42407	13058	-257
laneCase	0	7	38552	13058	-256
laneCase	0	7	34712	13058	0
laneCase	0	7	17349	13058	32509
laneCase	0	7	13494	13058	32510
laneCase	0	7	9639	2	32767
laneCase	0	7	5784	2	-32768
laneCase	0	7	50102	2	-258
laneCase	0	7	46262	2	-2
laneCase	0	7	42407	2	-1
laneCase	0	7	38552	2	0
laneCase	0	7	34712	2	256
laneCase	0	7	17349	2	32765
laneCase	0	7	13494	2	32766
laneCase	0	7	9639	52431	-32768
laneCase	0	7	5784	52431	-32767
laneCase	0	7	50102	52431	-257
laneCase	0	7	46262	52431	-1
laneCase	0	7	42407	52431	0
laneCase	0	7	38552	52431	1
laneCase	0	7	34712	52431	257
laneCase	0	7	17349	52431	32766
laneCase	0	7	13494	52431	32767
laneCase	0	7	9639	39324	-32767
laneCase	0	7	5784	39324	-32766
laneCase	0	7	50102	39324	-256
laneCase	0	7	46262	39324	0
laneCase	0	7	42407	39324	1
laneCase	0	7	38552	39324	2
laneCase	0	7	34712	39324	258
laneCase	0	7	17349	39324	32767
laneCase	0	7	13494	39324	-32768
laneCase	0	7	9639	26268	-32511
laneCase	0	7	5784	26268	-32510
laneCase	0	7	50102	26268	0
laneCase	0	7	46262	26268	256
laneCase	0	7	42407	26268	257
laneCase	0	7	38552	26268	258
laneCase	0	7	34712	26268	514
laneCase	0	7	17349	26268	-32513
laneCase	0	7	13494	26268	-32512
laneCase	0	7	9639	45877	-2
laneCase	0	7	5784	45877	-1
laneCase	0	7	50102	45877	32509
laneCase	0	7	46262	45877	32765
laneCase	0	7	42407	45877	32766
laneCase	0	7	38552	45877	32767
laneCase	0	7	34712	45877	-32513
laneCase	0	7	17349	45877	-4
laneCase	0	7	13494	45877	-3
laneCase	0	7	9639	32770	-1
laneCase	0	7	5784	32770	0
laneCase	0	7	50102	32770	32510
laneCase	0	7	46262	32770	32766
laneCase	0	7	42407	32770	32767
laneCase	0	7	38552	32770	-32768
laneCase	0	7	34712	32770	-32512
laneCase	0	7	17349	32770	-3
laneCase	0	7	13494	32770	-2
laneCase	1	0	32768	32766	0
laneCase	1	0	32768	32767	-1
laneCase	1	0	32768	65277	-32511
laneCase	1	0	32768	65533	-32767
laneCase	1	0	32768	65534	-32768
laneCase	1	0	32768	65535	32767
laneCase	1	0	32768	255	32511
laneCase	1	0	32768	32764	2
laneCase	1	0	32768	32765	1
laneCase	1	0	32769	32766	1
laneCase	1	0	32769	32767	0
laneCase	1	0	32769	65277	-32510
laneCase	1	0	32769	65533	-32766
laneCase	1	0	32769	65534	-32767
laneCase	1	0	32769	65535	-32768
laneCase	1	0	32769	255	32512
laneCase	1	0	32769	32764	3
laneCase	1	0	32769	32765	2
laneCase	1	0	65279	32766	32511
laneCase	1	0	65279	32767	32510
laneCase	1	0	65279	65277	0
laneCase	1	0	65279	65533	-256
laneCase	1	0	65279	65534	-257
laneCase	1	0	65279	65535	-258
laneCase	1	0	65279	255	-514
laneCase	1	0	65279	32764	32513
laneCase	1	0	65279	32765	32512
laneCase	1	0	65535	32766	32767
laneCase	1	0	65535	32767	32766
laneCase	1	0	65535	65277	256
laneCase	1	0	65535	65533	0
laneCase	1	0	65535	65534	-1
laneCase	1	0	65535	65535	-2
laneCase	1	0	65535	255	-258
laneCase	1	0	65535	32764	-32767
laneCase	1	0	65535	32765	-32768
laneCase	1	0	0	32766	-32768
laneCase	1	0	0	32767	32767
laneCase	1	0	0	65277	257
laneCase	1	0	0	65533	1
laneCase	1	0	0	65534	0
laneCase	1	0	0	65535	-1
laneCase	1	0	0	255	-257
laneCase	1	0	0	32764	-32766
laneCase	1	0	0	32765	-32767
laneCase	1	0	1	32766	-32767
laneCase	1	0	1	32767	-32768
laneCase	1	0	1	65277	258
laneCase	1	0	1	65533	2
laneCase	1	0	1	65534	1
laneCase	1	0	1	65535	0
laneCase	1	0	1	255	-256
laneCase	1	0	1	32764	-32765
laneCase	1	0	1	32765	-32766
laneCase	1	0	257	32766	-32511
laneCase	1	0	257	32767	-32512
laneCase	1	0	257	65277	514
laneCase	1	0	257	65533	258
laneCase	1	0	257	65534	257
laneCase	1	0	257	65535	256
laneCase	1	0	257	255	0
laneCase	1	0	257	32764	-32509
laneCase	1	0	257	32765	-32510
laneCase	1	0	32766	32766	-2
laneCase	1	0	32766	32767	-3
laneCase	1	0	32766	65277	-32513
laneCase	1	0	32766	65533	32767
laneCase	1	0	32766	65534	32766
laneCase	1	0	32766	65535	32765
laneCase	1	0	32766	255	32509
laneCase	1	0	32766	32764	0
laneCase	1	0	32766	32765	-1
laneCase	1	0	32767	32766	-1
laneCase	1	0	32767	32767	-2
laneCase	1	0	32767	65277	-32512
laneCase	1	0	32767	65533	-32768
laneCase	1	0	32767	65534	32767
laneCase	1	0	32767	65535	32766
laneCase	1	0	32767	255	32510
laneCase	1	0	32767	32764	1
laneCase	1	0	32767	32765	0
laneCase	1	1	32771	32768	0
laneCase	1	1	32772	32768	-1
laneCase	1	1	65282	32768	-32511
laneCase	1	1	2	32768	-32767
laneCase	1	1	3	32768	-32768
laneCase	1	1	4	32768	32767
laneCase	1	1	260	32768	32511
laneCase	1	1	32769	32768	2
laneCase	1	1	32770	32768	1
laneCase	1	1	32771	32769	1
laneCase	1	1	32772	32769	0
laneCase	1	1	65282	32769	-32510
laneCase	1	1	2	32769	-32766
laneCase	1	1	3	32769	-32767
laneCase	1	1	4	32769	-32768
laneCase	1	1	260	32769	32512
laneCase	1	1	32769	32769	3
laneCase	1	1	32770	32769	2
laneCase	1	1	32771	65279	32511
laneCase	1	1	32772	65279	32510
laneCase	1	1	65282	65279	0
laneCase	1	1	2	65279	-256
laneCase	1	1	3	65279	-257
laneCase	1	1	4	65279	-258
laneCase	1	1	260	65279	-514
laneCase	1	1	32769	65279	32513
laneCase	1	1	32770	65279	32512
laneCase	1	1	32771	65535	32767
laneCase	1	1	32772	65535	32766
laneCase	1	1	65282	65535	256
laneCase	1	1	2	65535	0
laneCase	1	1	3	65535	-1
laneCase	1	1	4	65535	-2
laneCase	1	1	260	65535	-258
laneCase	1	1	32769	65535	-32767
laneCase	1	1	32770	65535	-32768
laneCase	1	1	32771	0	-32768
laneCase	1	1	32772	0	32767
laneCase	1	1	65282	0	257
laneCase	1	1	2	0	1
laneCase	1	1	3	0	0
laneCase	1	1	4	0	-1
laneCase	1	1	260	0	-257
laneCase	1	1	32769	0	-32766
laneCase	1	1	32770	0	-32767
laneCase	1	1	32771	1	-32767
laneCase	1	1	32772	1	-32768
laneCase	1	1	65282	1	258
laneCase	1	1	2	1	2
laneCase	1	1	3	1	1
laneCase	1	1	4	1	0
laneCase	1	1	260	1	-256
laneCase	1	1	32769	1	-32765
laneCase	1	1	32770	1	-32766
laneCase	1	1	32771	257	-32511
laneCase	1	1	32772	257	-32512
laneCase	1	1	65282	257	514
laneCase	1	1	2	257	258
laneCase	1	1	3	257	257
laneCase	1	1	4	257	256
laneCase	1	1	260	257	0
laneCase	1	1	32769	257	-32509
laneCase	1	1	32770	257	-32510
laneCase	1	1	32771	32766	-2
laneCase	1	1	32772	32766	-3
laneCase	1	1	65282	32766	-32513
laneCase	1	1	2	32766	32767
laneCase	1	1	3	32766	32766
laneCase	1	1	4	32766	32765
laneCase	1	1	260	32766	32509
laneCase	1	1	32769	32766	0
laneCase	1	1	32770	32766	-1
laneCase	1	1	32771	32767	-1
laneCase	1	1	32772	32767	-2
laneCase	1	1	65282	32767	-32512
laneCase	1	1	2	32767	-32768
laneCase	1	1	3	32767	32767
laneCase	1	1	4	32767	32766
laneCase	1	1	260	32767	32510
laneCase	1	1	32769	32767	1
laneCase	1	1	32770	32767	0
laneCase	1	2	32767	60853	0
laneCase	1	2	32767	23404	-1
laneCase	1	2	32767	18686	-32511
laneCase	1	2	32767	65534	-32767
laneCase	1	2	32767	28085	-32768
laneCase	1	2	32767	56172	32767
laneCase	1	2	32767	37484	32511
laneCase	1	2	32767	4679	2
laneCase	1	2	32767	32766	1
laneCase	1	2	32768	60853	1
laneCase	1	2	32768	23404	0
laneCase	1	2	32768	18686	-32510
laneCase	1	2	32768	65534	-32766
laneCase	1	2	32768	28085	-32767
laneCase	1	2	32768	56172	-32768
laneCase	1	2	32768	37484	32512
laneCase	1	2	32768	4679	3
laneCase	1	2	32768	32766	2
laneCase	1	2	65278	60853	32511
laneCase	1	2	65278	23404	32510
laneCase	1	2	65278	18686	0
laneCase	1	2	65278	65534	-256
laneCase	1	2	65278	28085	-257
laneCase	1	2	65278	56172	-258
laneCase	1	2	65278	37484	-514
laneCase	1	2	65278	4679	32513
laneCase	1	2	65278	32766	32512
laneCase	1	2	65534	60853	32767
laneCase	1	2	65534	23404	32766
laneCase	1	2	65534	18686	256
laneCase	1	2	65534	65534	0
laneCase	1	2	65534	28085	-1
laneCase	1	2	65534	56172	-2
laneCase	1	2	65534	37484	-258
laneCase	1	2	65534	4679	-32767
laneCase	1	2	65534	32766	-32768
laneCase	1	2	65535	60853	-32768
laneCase	1	2	65535	23404	32767
laneCase	1	2	65535	18686	257
laneCase	1	2	65535	65534	1
laneCase	1	2	65535	28085	0
laneCase	1	2	65535	56172	-1
laneCase	1	2	65535	37484	-257
laneCase	1	2	65535	4679	-32766
laneCase	1	2	65535	32766	-32767
laneCase	1	2	0	60853	-32767
laneCase	1	2	0	23404	-32768
laneCase	1	2	0	18686	258
laneCase	1	2	0	65534	2
laneCase	1	2	0	28085	1
laneCase	1	2	0	56172	0
laneCase	1	2	0	37484	-256
laneCase	1	2	0	4679	-32765
laneCase	1	2	0	32766	-32766
laneCase	1	2	256	60853	-32511
laneCase	1	2	256	23404	-32512
laneCase	1	2	256	18686	514
laneCase	1	2	256	65534	258
laneCase	1	2	256	28085	257
laneCase	1	2	256	56172	256
laneCase	1	2	256	37484	0
laneCase	1	2	256	4679	-32509
laneCase	1	2	256	32766	-32510
laneCase	1	2	32765	60853	-2
laneCase	1	2	32765	23404	-3
laneCase	1	2	32765	18686	-32513
laneCase	1	2	32765	65534	32767
laneCase	1	2	32765	28085	32766
laneCase	1	2	32765	56172	32765
laneCase	1	2	32765	37484	32509
laneCase	1	2	32765	4679	0
laneCase	1	2	32765	32766	-1
laneCase	1	2	32766	60853	-1
laneCase	1	2	32766	23404	-2
laneCase	1	2	32766	18686	-32512
laneCase	1	2	32766	65534	-32768
laneCase	1	2	32766	28085	32767
laneCase	1	2	32766	56172	32766
laneCase	1	2	32766	37484	32510
laneCase	1	2	32766	4679	1
laneCase	1	2	32766	32766	0
laneCase	1	3	50643	32769	0
laneCase	1	3	20854	32769	-1
laneCase	1	3	5936	32769	-32511
laneCase	1	3	47664	32769	-32767
laneCase	1	3	17875	32769	-32768
laneCase	1	3	53622	32769	32767
laneCase	1	3	29814	32769	32511
laneCase	1	3	44685	32769	2
laneCase	1	3	14896	32769	1
laneCase	1	3	50643	32770	1
laneCase	1	3	20854	32770	0
laneCase	1	3	5936	32770	-32510
laneCase	1	3	47664	32770	-32766
laneCase	1	3	17875	32770	-32767
laneCase	1	3	53622	32770	-32768
laneCase	1	3	29814	32770	32512
laneCase	1	3	44685	32770	3
laneCase	1	3	14896	32770	2
laneCase	1	3	50643	65280	32511
laneCase	1	3	20854	65280	32510
laneCase	1	3	5936	65280	0
laneCase	1	3	47664	65280	-256
laneCase	1	3	17875	65280	-257
laneCase	1	3	53622	65280	-258
laneCase	1	3	29814	65280	-514
laneCase	1	3	44685	65280	32513
laneCase	1	3	14896	65280	32512
laneCase	1	3	50643	0	32767
laneCase	1	3	20854	0	32766
laneCase	1	3	5936	0	256
laneCase	1	3	47664	0	0
laneCase	1	3	17875	0	-1
laneCase	1	3	53622	0	-2
laneCase	1	3	29814	0	-258
laneCase	1	3	44685	0	-32767
laneCase	1	3	14896	0	-32768
laneCase	1	3	50643	1	-32768
laneCase	1	3	20854	1	32767
laneCase	1	3	5936	1	257
laneCase	1	3	47664	1	1
laneCase	1	3	17875	1	0
laneCase	1	3	53622	1	-1
laneCase	1	3	29814	1	-257
laneCase	1	3	44685	1	-32766
laneCase	1	3	14896	1	-32767
laneCase	1	3	50643	2	-32767
laneCase	1	3	20854	2	-32768
laneCase	1	3	5936	2	258
laneCase	1	3	47664	2	2
laneCase	1	3	17875	2	1
laneCase	1	3	53622	2	0
laneCase	1	3	29814	2	-256
laneCase	1	3	44685	2	-32765
laneCase	1	3	14896	2	-32766
laneCase	1	3	50643	258	-32511
laneCase	1	3	20854	258	-32512
laneCase	1	3	5936	258	514
laneCase	1	3	47664	258	258
laneCase	1	3	17875	258	257
laneCase	1	3	53622	258	256
laneCase	1	3	29814	258	0
laneCase	1	3	44685	258	-32509
laneCase	1	3	14896	258	-32510
laneCase	1	3	50643	32767	-2
laneCase	1	3	20854	32767	-3
laneCase	1	3	5936	32767	-32513
laneCase	1	3	47664	32767	32767
laneCase	1	3	17875	32767	32766
laneCase	1	3	53622	32767	32765
laneCase	1	3	29814	32767	32509
laneCase	1	3	44685	32767	0
laneCase	1	3	14896	32767	-1
laneCase	1	3	50643	32768	-1
laneCase	1	3	20854	32768	-2
laneCase	1	3	5936	32768	-32512
laneCase	1	3	47664	32768	-32768
laneCase	1	3	17875	32768	32767
laneCase	1	3	53622	32768	32766
laneCase	1	3	29814	32768	32510
laneCase	1	3	44685	32768	1
laneCase	1	3	14896	32768	0
laneCase	1	4	1	0	0
laneCase	1	4	1	1	-1
laneCase	1	4	1	32511	-32511
laneCase	1	4	1	32767	-32767
laneCase	1	4	1	32768	-32768
laneCase	1	4	1	32769	32767
laneCase	1	4	1	33025	32511
laneCase	1	4	1	65534	2
laneCase	1	4	1	65535	1
laneCase	1	4	2	0	1
laneCase	1	4	2	1	0
laneCase	1	4	2	32511	-32510
laneCase	1	4	2	32767	-32766
laneCase	1	4	2	32768	-32767
laneCase	1	4	2	32769	-32768
laneCase	1	4	2	33025	32512
laneCase	1	4	2	65534	3
laneCase	1	4	2	65535	2
laneCase	1	4	32512	0	32511
laneCase	1	4	32512	1	32510
laneCase	1	4	32512	32511	0
laneCase	1	4	32512	32767	-256
laneCase	1	4	32512	32768	-257
laneCase	1	4	32512	32769	-258
laneCase	1	4	32512	33025	-514
laneCase	1	4	32512	65534	32513
laneCase	1	4	32512	65535	32512
laneCase	1	4	32768	0	32767
laneCase	1	4	32768	1	32766
laneCase	1	4	32768	32511	256
laneCase	1	4	32768	32767	0
laneCase	1	4	32768	32768	-1
laneCase	1	4	32768	32769	-2
laneCase	1	4	32768	33025	-258
laneCase	1	4	32768	65534	-32767
laneCase	1	4	32768	65535	-32768
laneCase	1	4	32769	0	-32768
laneCase	1	4	32769	1	32767
laneCase	1	4	32769	32511	257
laneCase	1	4	32769	32767	1
laneCase	1	4	32769	32768	0
laneCase	1	4	32769	32769	-1
laneCase	1	4	32769	33025	-257
laneCase	1	4	32769	65534	-32766
laneCase	1	4	32769	65535	-32767
laneCase	1	4	32770	0	-32767
laneCase	1	4	32770	1	-32768
laneCase	1	4	32770	32511	258
laneCase	1	4	32770	32767	2
laneCase	1	4	32770	32768	1
laneCase	1	4	32770	32769	0
laneCase	1	4	32770	33025	-256
laneCase	1	4	32770	65534	-32765
laneCase	1	4	32770	65535	-32766
laneCase	1	4	33026	0	-32511
laneCase	1	4	33026	1	-32512
laneCase	1	4	33026	32511	514
laneCase	1	4	33026	32767	258
laneCase	1	4	33026	32768	257
laneCase	1	4	33026	32769	256
laneCase	1	4	33026	33025	0
laneCase	1	4	33026	65534	-32509
laneCase	1	4	33026	65535	-32510
laneCase	1	4	65535	0	-2
laneCase	1	4	65535	1	-3
laneCase	1	4	65535	32511	-32513
laneCase	1	4	65535	32767	32767
laneCase	1	4	65535	32768	32766
laneCase	1	4	65535	32769	32765
laneCase	1	4	65535	33025	32509
laneCase	1	4	65535	65534	0
laneCase	1	4	65535	65535	-1
laneCase	1	4	0	0	-1
laneCase	1	4	0	1	-2
laneCase	1	4	0	32511	-32512
laneCase	1	4	0	32767	-32768
laneCase	1	4	0	32768	32767
laneCase	1	4	0	32769	32766
laneCase	1	4	0	33025	32510
laneCase	1	4	0	65534	1
laneCase	1	4	0	65535	0
laneCase	1	5	65535	0	0
laneCase	1	5	0	0	-1
laneCase	1	5	32510	0	-32511
laneCase	1	5	32766	0	-32767
laneCase	1	5	32767	0	-32768
laneCase	1	5	32768	0	32767
laneCase	1	5	33024	0	32511
laneCase	1	5	65533	0	2
laneCase	1	5	65534	0	1
laneCase	1	5	65535	1	1
laneCase	1	5	0	1	0
laneCase	1	5	32510	1	-32510
laneCase	1	5	32766	1	-32766
laneCase	1	5	32767	1	-32767
laneCase	1	5	32768	1	-32768
laneCase	1	5	33024	1	32512
laneCase	1	5	65533	1	3
laneCase	1	5	65534	1	2
laneCase	1	5	65535	32511	32511
laneCase	1	5	0	32511	32510
laneCase	1	5	32510	32511	0
laneCase	1	5	32766	32511	-256
laneCase	1	5	32767	32511	-257
laneCase	1	5	32768	32511	-258
laneCase	1	5	33024	32511	-514
laneCase	1	5	65533	32511	32513
laneCase	1	5	65534	32511	32512
laneCase	1	5	65535	32767	32767
laneCase	1	5	0	32767	32766
laneCase	1	5	32510	32767	256
laneCase	1	5	32766	32767	0
laneCase	1	5	32767	32767	-1
laneCase	1	5	32768	32767	-2
laneCase	1	5	33024	32767	-258
laneCase	1	5	65533	32767	-32767
laneCase	1	5	65534	32767	-32768
laneCase	1	5	65535	32768	-32768
laneCase	1	5	0	32768	32767
laneCase	1	5	32510	32768	257
laneCase	1	5	32766	32768	1
laneCase	1	5	32767	32768	0
laneCase	1	5	32768	32768	-1
laneCase	1	5	33024	32768	-257
laneCase	1	5	65533	32768	-32766
laneCase	1	5	65534	32768	-32767
laneCase	1	5	65535	32769	-32767
laneCase	1	5	0	32769	-32768
laneCase	1	5	32510	32769	258
laneCase	1	5	32766	32769	2
laneCase	1	5	32767	32769	1
laneCase	1	5	32768	32769	0
laneCase	1	5	33024	32769	-256
laneCase	1	5	65533	32769	-32765
laneCase	1	5	65534	32769	-32766
laneCase	1	5	65535	33025	-32511
laneCase	1	5	0	33025	-32512
laneCase	1	5	32510	33025	514
laneCase	1	5	32766	33025	258
laneCase	1	5	32767	33025	257
laneCase	1	5	32768	33025	256
laneCase	1	5	33024	33025	0
laneCase	1	5	65533	33025	-32509
laneCase	1	5	65534	33025	-32510
laneCase	1	5	65535	65534	-2
laneCase	1	5	0	65534	-3
laneCase	1	5	32510	65534	-32513
laneCase	1	5	32766	65534	32767
laneCase	1	5	32767	65534	32766
laneCase	1	5	32768	65534	32765
laneCase	1	5	33024	65534	32509
laneCase	1	5	65533	65534	0
laneCase	1	5	65534	65534	-1
laneCase	1	5	65535	65535	-1
laneCase	1	5	0	65535	-2
laneCase	1	5	32510	65535	-32512
laneCase	1	5	32766	65535	-32768
laneCase	1	5	32767	65535	32767
laneCase	1	5	32768	65535	32766
laneCase	1	5	33024	65535	32510
laneCase	1	5	65533	65535	1
laneCase	1	5	65534	65535	0
laneCase	1	6	54611	42849	0
laneCase	1	6	54611	63014	-1
laneCase	1	6	54611	5020	-32511
laneCase	1	6	54611	55452	-32767
laneCase	1	6	54611	10081	-32768
laneCase	1	6	54611	30246	32767
laneCase	1	6	54611	15142	32511
laneCase	1	6	54611	2519	2
laneCase	1	6	54611	22684	1
laneCase	1	6	32766	42849	1
laneCase	1	6	32766	63014	0
laneCase	1	6	32766	5020	-32510
laneCase	1	6	32766	55452	-32766
laneCase	1	6	32766	10081	-32767
laneCase	1	6	32766	30246	-32768
laneCase	1	6	32766	15142	32512
laneCase	1	6	32766	2519	3
laneCase	1	6	32766	22684	2
laneCase	1	6	65448	42849	32511
laneCase	1	6	65448	63014	32510
laneCase	1	6	65448	5020	0
laneCase	1	6	65448	55452	-256
laneCase	1	6	65448	10081	-257
laneCase	1	6	65448	30246	-258
laneCase	1	6	65448	15142	-514
laneCase	1	6	65448	2519	32513
laneCase	1	6	65448	22684	32512
laneCase	1	6	43688	42849	32767
laneCase	1	6	43688	63014	32766
laneCase	1	6	43688	5020	256
laneCase	1	6	43688	55452	0
laneCase	1	6	43688	10081	-1
laneCase	1	6	43688	30246	-2
laneCase	1	6	43688	15142	-258
laneCase	1	6	43688	2519	-32767
laneCase	1	6	43688	22684	-32768
laneCase	1	6	21843	42849	-32768
laneCase	1	6	21843	63014	32767
laneCase	1	6	21843	5020	257
laneCase	1	6	21843	55452	1
laneCase	1	6	21843	10081	0
laneCase	1	6	21843	30246	-1
laneCase	1	6	21843	15142	-257
laneCase	1	6	21843	2519	-32766
laneCase	1	6	21843	22684	-32767
laneCase	1	6	65534	42849	-32767
laneCase	1	6	65534	63014	-32768
laneCase	1	6	65534	5020	258
laneCase	1	6	65534	55452	2
laneCase	1	6	65534	10081	1
laneCase	1	6	65534	30246	0
laneCase	1	6	65534	15142	-256
laneCase	1	6	65534	2519	-32765
laneCase	1	6	65534	22684	-32766
laneCase	1	6	43774	42849	-32511
laneCase	1	6	43774	63014	-32512
laneCase	1	6	43774	5020	514
laneCase	1	6	43774	55452	258
laneCase	1	6	43774	10081	257
laneCase	1	6	43774	30246	256
laneCase	1	6	43774	15142	0
laneCase	1	6	43774	2519	-32509
laneCase	1	6	43774	22684	-32510
laneCase	1	6	32765	42849	-2
laneCase	1	6	32765	63014	-3
laneCase	1	6	32765	5020	-32513
laneCase	1	6	32765	55452	32767
laneCase	1	6	32765	10081	32766
laneCase	1	6	32765	30246	32765
laneCase	1	6	32765	15142	32509
laneCase	1	6	32765	2519	0
laneCase	1	6	32765	22684	-1
laneCase	1	6	10920	42849	-1
laneCase	1	6	10920	63014	-2
laneCase	1	6	10920	5020	-32512
laneCase	1	6	10920	55452	-32768
laneCase	1	6	10920	10081	32767
laneCase	1	6	10920	30246	32766
laneCase	1	6	10920	15142	32510
laneCase	1	6	10920	2519	1
laneCase	1	6	10920	22684	0
laneCase	1	7	9639	19663	0
laneCase	1	7	5784	19663	-1
laneCase	1	7	50102	19663	-32511
laneCase	1	7	46262	19663	-32767
laneCase	1	7	42407	19663	-32768
laneCase	1	7	38552	19663	32767
laneCase	1	7	34712	19663	32511
laneCase	1	7	17349	19663	2
laneCase	1	7	13494	19663	1
laneCase	1	7	9639	6556	1
laneCase	1	7	5784	6556	0
laneCase	1	7	50102	6556	-32510
laneCase	1	7	46262	6556	-32766
laneCase	1	7	42407	6556	-32767
laneCase	1	7	38552	6556	-32768
laneCase	1	7	34712	6556	32512
laneCase	1	7	17349	6556	3
laneCase	1	7	13494	6556	2
laneCase	1	7	9639	13058	32511
laneCase	1	7	5784	13058	32510
laneCase	1	7	50102	13058	0
laneCase	1	7	46262	13058	-256
laneCase	1	7	42407	13058	-257
laneCase	1	7	38552	13058	-258
laneCase	1	7	34712	13058	-514
laneCase	1	7	17349	13058	32513
laneCase	1	7	13494	13058	32512
laneCase	1	7	9639	2	32767
laneCase	1	7	5784	2	32766
laneCase	1	7	50102	2	256
laneCase	1	7	46262	2	0
laneCase	1	7	42407	2	-1
laneCase	1	7	38552	2	-2
laneCase	1	7	34712	2	-258
laneCase	1	7	17349	2	-32767
laneCase	1	7	13494	2	-32768
laneCase	1	7	9639	52431	-32768
laneCase	1	7	5784	52431	32767
laneCase	1	7	50102	52431	257
laneCase	1	7	46262	52431	1
laneCase	1	7	42407	52431	0
laneCase	1	7	38552	52431	-1
laneCase	1	7	34712	52431	-257
laneCase	1	7	17349	52431	-32766
laneCase	1	7	13494	52431	-32767
laneCase	1	7	9639	39324	-32767
laneCase	1	7	5784	39324	-32768
laneCase	1	7	50102	39324	258
laneCase	1	7	46262	39324	2
laneCase	1	7	42407	39324	1
laneCase	1	7	38552	39324	0
laneCase	1	7	34712	39324	-256
laneCase	1	7	17349	39324	-32765
laneCase	1	7	13494	39324	-32766
laneCase	1	7	9639	26268	-32511
laneCase	1	7	5784	26268	-32512
laneCase	1	7	50102	26268	514
laneCase	1	7	46262	26268	258
laneCase	1	7	42407	26268	257
laneCase	1	7	38552	26268	256
laneCase	1	7	34712	26268	0
laneCase	1	7	17349	26268	-32509
laneCase	1	7	13494	26268	-32510
laneCase	1	7	9639	45877	-2
laneCase	1	7	5784	45877	-3
laneCase	1	7	50102	45877	-32513
laneCase	1	7	46262	45877	32767
laneCase	1	7	42407	45877	32766
laneCase	1	7	38552	45877	32765
laneCase	1	7	34712	45877	32509
laneCase	1	7	17349	45877	0
laneCase	1	7	13494	45877	-1
laneCase	1	7	9639	32770	-1
laneCase	1	7	5784	32770	-2
laneCase	1	7	50102	32770	-32512
laneCase	1	7	46262	32770	-32768
laneCase	1	7	42407	32770	32767
laneCase	1	7	38552	32770	32766
laneCase	1	7	34712	32770	32510
laneCase	1	7	17349	32770	1
laneCase	1	7	13494	32770	0
laneCase	2	0	32768	32766	0
laneCase	2	0	32768	32767	-32768
laneCase	2	0	32768	65277	-32768
laneCase	2	0	32768	65533	-32768
laneCase	2	0	32768	65534	0
laneCase	2	0	32768	65535	-32768
laneCase	2	0	32768	255	-32768
laneCase	2	0	32768	32764	0
laneCase	2	0	32768	32765	-32768
laneCase	2	0	32769	32766	-32768
laneCase	2	0	32769	32767	1
laneCase	2	0	32769	65277	32511
laneCase	2	0	32769	65533	32767
laneCase	2	0	32769	65534	0
laneCase	2	0	32769	65535	-32767
laneCase	2	0	32769	255	-32511
laneCase	2	0	32769	32764	32766
laneCase	2	0	32769	32765	-1
laneCase	2	0	65279	32766	-32768
laneCase	2	0	65279	32767	32511
laneCase	2	0	65279	65277	513
laneCase	2	0	65279	65533	257
laneCase	2	0	65279	65534	0
laneCase	2	0	65279	65535	-257
laneCase	2	0	65279	255	-513
laneCase	2	0	65279	32764	-32254
laneCase	2	0	65279	32765	-32511
laneCase	2	0	65535	32766	-32768
laneCase	2	0	65535	32767	32767
laneCase	2	0	65535	65277	257
laneCase	2	0	65535	65533	1
laneCase	2	0	65535	65534	0
laneCase	2	0	65535	65535	-1
laneCase	2	0	65535	255	-257
laneCase	2	0	65535	32764	-32766
laneCase	2	0	65535	32765	-32767
laneCase	2	0	0	32766	0
laneCase	2	0	0	32767	0
laneCase	2	0	0	65277	0
laneCase	2	0	0	65533	0
laneCase	2	0	0	65534	0
laneCase	2	0	0	65535	0
laneCase	2	0	0	255	0
laneCase	2	0	0	32764	0
laneCase	2	0	0	32765	0
laneCase	2	0	1	32766	-32768
laneCase	2	0	1	32767	-32767
laneCase	2	0	1	65277	-257
laneCase	2	0	1	65533	-1
laneCase	2	0	1	65534	0
laneCase	2	0	1	65535	1
laneCase	2	0	1	255	257
laneCase	2	0	1	32764	32766
laneCase	2	0	1	32765	32767
laneCase	2	0	257	32766	-32768
laneCase	2	0	257	32767	-32511
laneCase	2	0	257	65277	-513
laneCase	2	0	257	65533	-257
laneCase	2	0	257	65534	0
laneCase	2	0	257	65535	257
laneCase	2	0	257	255	513
laneCase	2	0	257	32764	32254
laneCase	2	0	257	32765	32511
laneCase	2	0	32766	32766	0
laneCase	2	0	32766	32767	32766
laneCase	2	0	32766	65277	-32254
laneCase	2	0	32766	65533	-32766
laneCase	2	0	32766	65534	0
laneCase	2	0	32766	65535	32766
laneCase	2	0	32766	255	32254
laneCase	2	0	32766	32764	4
laneCase	2	0	32766	32765	-32766
laneCase	2	0	32767	32766	-32768
laneCase	2	0	32767	32767	-1
laneCase	2	0	32767	65277	-32511
laneCase	2	0	32767	65533	-32767
laneCase	2	0	32767	65534	0
laneCase	2	0	32767	65535	32767
laneCase	2	0	32767	255	32511
laneCase	2	0	32767	32764	-32766
laneCase	2	0	32767	32765	1
laneCase	2	1	32771	32768	0
laneCase	2	1	32772	32768	-32768
laneCase	2	1	65282	32768	-32768
laneCase	2	1	2	32768	-32768
laneCase	2	1	3	32768	0
laneCase	2	1	4	32768	-32768
laneCase	2	1	260	32768	-32768
laneCase	2	1	32769	32768	0
laneCase	2	1	32770	32768	-32768
laneCase	2	1	32771	32769	-32768
laneCase	2	1	32772	32769	1
laneCase	2	1	65282	32769	32511
laneCase	2	1	2	32769	32767
laneCase	2	1	3	32769	0
laneCase	2	1	4	32769	-32767
laneCase	2	1	260	32769	-32511
laneCase	2	1	32769	32769	32766
laneCase	2	1	32770	32769	-1
laneCase	2	1	32771	65279	-32768
laneCase	2	1	32772	65279	32511
laneCase	2	1	65282	65279	513
laneCase	2	1	2	65279	257
laneCase	2	1	3	65279	0
laneCase	2	1	4	65279	-257
laneCase	2	1	260	65279	-513
laneCase	2	1	32769	65279	-32254
laneCase	2	1	32770	65279	-32511
laneCase	2	1	32771	65535	-32768
laneCase	2	1	32772	65535	32767
laneCase	2	1	65282	65535	257
laneCase	2	1	2	65535	1
laneCase	2	1	3	65535	0
laneCase	2	1	4	65535	-1
laneCase	2	1	260	65535	-257
laneCase	2	1	32769	65535	-32766
laneCase	2	1	32770	65535	-32767
laneCase	2	1	32771	0	0
laneCase	2	1	32772	0	0
laneCase	2	1	65282	0	0
laneCase	2	1	2	0	0
laneCase	2	1	3	0	0
laneCase	2	1	4	0	0
laneCase	2	1	260	0	0
laneCase	2	1	32769	0	0
laneCase	2	1	32770	0	0
laneCase	2	1	32771	1	-32768
laneCase	2	1	32772	1	-32767
laneCase	2	1	65282	1	-257
laneCase	2	1	2	1	-1
laneCase	2	1	3	1	0
laneCase	2	1	4	1	1
laneCase	2	1	260	1	257
laneCase	2	1	32769	1	32766
laneCase	2	1	32770	1	32767
laneCase	2	1	32771	257	-32768
laneCase	2	1	32772	257	-32511
laneCase	2	1	65282	257	-513
laneCase	2	1	2	257	-257
laneCase	2	1	3	257	0
laneCase	2	1	4	257	257
laneCase	2	1	260	257	513
laneCase	2	1	32769	257	32254
laneCase	2	1	32770	257	32511
laneCase	2	1	32771	32766	0
laneCase	2	1	32772	32766	32766
laneCase	2	1	65282	32766	-32254
laneCase	2	1	2	32766	-32766
laneCase	2	1	3	32766	0
laneCase	2	1	4	32766	32766
laneCase	2	1	260	32766	32254
laneCase	2	1	32769	32766	4
laneCase	2	1	32770	32766	-32766
laneCase	2	1	32771	32767	-32768
laneCase	2	1	32772	32767	-1
laneCase	2	1	65282	32767	-32511
laneCase	2	1	2	32767	-32767
laneCase	2	1	3	32767	0
laneCase	2	1	4	32767	32767
laneCase	2	1	260	32767	32511
laneCase	2	1	32769	32767	-32766
laneCase	2	1	32770	32767	1
laneCase	2	2	32767	60853	0
laneCase	2	2	32767	23404	-32768
laneCase	2	2	32767	18686	-32768
laneCase	2	2	32767	65534	-32768
laneCase	2	2	32767	28085	0
laneCase	2	2	32767	56172	-32768
laneCase	2	2	32767	37484	-32768
laneCase	2	2	32767	4679	0
laneCase	2	2	32767	32766	-32768
laneCase	2	2	32768	60853	-32768
laneCase	2	2	32768	23404	1
laneCase	2	2	32768	18686	32511
laneCase	2	2	32768	65534	32767
laneCase	2	2	32768	28085	0
laneCase	2	2	32768	56172	-32767
laneCase	2	2	32768	37484	-32511
laneCase	2	2	32768	4679	32766
laneCase	2	2	32768	32766	-1
laneCase	2	2	65278	60853	-32768
laneCase	2	2	65278	23404	32511
laneCase	2	2	65278	18686	513
laneCase	2	2	65278	65534	257
laneCase	2	2	65278	28085	0
laneCase	2	2	65278	56172	-257
laneCase	2	2	65278	37484	-513
laneCase	2	2	65278	4679	-32254
laneCase	2	2	65278	32766	-32511
laneCase	2	2	65534	60853	-32768
laneCase	2	2	65534	23404	32767
laneCase	2	2	65534	18686	257
laneCase	2	2	65534	65534	1
laneCase	2	2	65534	28085	0
laneCase	2	2	65534	56172	-1
laneCase	2	2	65534	37484	-257
laneCase	2	2	65534	4679	-32766
laneCase	2	2	65534	32766	-32767
laneCase	2	2	65535	60853	0
laneCase	2	2	65535	23404	0
laneCase	2	2	65535	18686	0
laneCase	2	2	65535	65534	0
laneCase	2	2	65535	28085	0
laneCase	2	2	65535	56172	0
laneCase	2	2	65535	37484	0
laneCase	2	2	65535	4679	0
laneCase	2	2	65535	32766	0
laneCase	2	2	0	60853	-32768
laneCase	2	2	0	23404	-32767
laneCase	2	2	0	18686	-257
laneCase	2	2	0	65534	-1
laneCase	2	2	0	28085	0
laneCase	2	2	0	56172	1
laneCase	2	2	0	37484	257
laneCase	2	2	0	4679	32766
laneCase	2	2	0	32766	32767
laneCase	2	2	256	60853	-32768
laneCase	2	2	256	23404	-32511
laneCase	2	2	256	18686	-513
laneCase	2	2	256	65534	-257
laneCase	2	2	256	28085	0
laneCase	2	2	256	56172	257
laneCase	2	2	256	37484	513
laneCase	2	2	256	4679	32254
laneCase	2	2	256	32766	32511
laneCase	2	2	32765	60853	0
laneCase	2	2	32765	23404	32766
laneCase	2	2	32765	18686	-32254
laneCase	2	2	32765	65534	-32766
laneCase	2	2	32765	28085	0
laneCase	2	2	32765	56172	32766
laneCase	2	2	32765	37484	32254
laneCase	2	2	32765	4679	4
laneCase	2	2	32765	32766	-32766
laneCase	2	2	32766	60853	-32768
laneCase	2	2	32766	23404	-1
laneCase	2	2	32766	18686	-32511
laneCase	2	2	32766	65534	-32767
laneCase	2	2	32766	28085	0
laneCase	2	2	32766	56172	32767
laneCase	2	2	32766	37484	32511
laneCase	2	2	32766	4679	-32766
laneCase	2	2	32766	32766	1
laneCase	2	3	50643	32769	0
laneCase	2	3	20854	32769	-32768
laneCase	2	3	5936	32769	-32768
laneCase	2	3	47664	32769	-32768
laneCase	2	3	17875	32769	0
laneCase	2	3	53622	32769	-32768
laneCase	2	3	29814	32769	-32768
laneCase	2	3	44685	32769	0
laneCase	2	3	14896	32769	-32768
laneCase	2	3	50643	32770	-32768
laneCase	2	3	20854	32770	1
laneCase	2	3	5936	32770	32511
laneCase	2	3	47664	32770	32767
laneCase	2	3	17875	32770	0
laneCase	2	3	53622	32770	-32767
laneCase	2	3	29814	32770	-32511
laneCase	2	3	44685	32770	32766
laneCase	2	3	14896	32770	-1
laneCase	2	3	50643	65280	-32768
laneCase	2	3	20854	65280	32511
laneCase	2	3	5936	65280	513
laneCase	2	3	47664	65280	257
laneCase	2	3	17875	65280	0
laneCase	2	3	53622	65280	-257
laneCase	2	3	29814	65280	-513
laneCase	2	3	44685	65280	-32254
laneCase	2	3	14896	65280	-32511
laneCase	2	3	50643	0	-32768
laneCase	2	3	20854	0	32767
laneCase	2	3	5936	0	257
laneCase	2	3	47664	0	1
laneCase	2	3	17875	0	0
laneCase	2	3	53622	0	-1
laneCase	2	3	29814	0	-257
laneCase	2	3	44685	0	-32766
laneCase	2	3	14896	0	-32767
laneCase	2	3	50643	1	0
laneCase	2	3	20854	1	0
laneCase	2	3	5936	1	0
laneCase	2	3	47664	1	0
laneCase	2	3	17875	1	0
laneCase	2	3	53622	1	0
laneCase	2	3	29814	1	0
laneCase	2	3	44685	1	0
laneCase	2	3	14896	1	0
laneCase	2	3	50643	2	-32768
laneCase	2	3	20854	2	-32767
laneCase	2	3	5936	2	-257
laneCase	2	3	47664	2	-1
laneCase	2	3	17875	2	0
laneCase	2	3	53622	2	1
laneCase	2	3	29814	2	257
laneCase	2	3	44685	2	32766
laneCase	2	3	14896	2	32767
laneCase	2	3	50643	258	-32768
laneCase	2	3	20854	258	-32511
laneCase	2	3	5936	258	-513
laneCase	2	3	47664	258	-257
laneCase	2	3	17875	258	0
laneCase	2	3	53622	258	257
laneCase	2	3	29814	258	513
laneCase	2	3	44685	258	32254
laneCase	2	3	14896	258	32511
laneCase	2	3	50643	32767	0
laneCase	2	3	20854	32767	32766
laneCase	2	3	5936	32767	-32254
laneCase	2	3	47664	32767	-32766
laneCase	2	3	17875	32767	0
laneCase	2	3	53622	32767	32766
laneCase	2	3	29814	32767	32254
laneCase	2	3	44685	32767	4
laneCase	2	3	14896	32767	-32766
laneCase	2	3	50643	32768	-32768
laneCase	2	3	20854	32768	-1
laneCase	2	3	5936	32768	-32511
laneCase	2	3	47664	32768	-32767
laneCase	2	3	17875	32768	0
laneCase	2	3	53622	32768	32767
laneCase	2	3	29814	32768	32511
laneCase	2	3	44685	32768	-32766
laneCase	2	3	14896	32768	1
laneCase	2	4	1	0	0
laneCase	2	4	1	1	-32768
laneCase	2	4	1	32511	-32768
laneCase	2	4	1	32767	-32768
laneCase	2	4	1	32768	0
laneCase	2	4	1	32769	-32768
laneCase	2	4	1	33025	-32768
laneCase	2	4	1	65534	0
laneCase	2	4	1	65535	-32768
laneCase	2	4	2	0	-32768
laneCase	2	4	2	1	1
laneCase	2	4	2	32511	32511
laneCase	2	4	2	32767	32767
laneCase	2	4	2	32768	0
laneCase	2	4	2	32769	-32767
laneCase	2	4	2	33025	-32511
laneCase	2	4	2	65534	32766
laneCase	2	4	2	65535	-1
laneCase	2	4	32512	0	-32768
laneCase	2	4	32512	1	32511
laneCase	2	4	32512	32511	513
laneCase	2	4	32512	32767	257
laneCase	2	4	32512	32768	0
laneCase	2	4	32512	32769	-257
laneCase	2	4	32512	33025	-513
laneCase	2	4	32512	65534	-32254
laneCase	2	4	32512	65535	-32511
laneCase	2	4	32768	0	-32768
laneCase	2	4	32768	1	32767
laneCase	2	4	32768	32511	257
laneCase	2	4	32768	32767	1
laneCase	2	4	32768	32768	0
laneCase	2	4	32768	32769	-1
laneCase	2	4	32768	33025	-257
laneCase	2	4	32768	65534	-32766
laneCase	2	4	32768	65535	-32767
laneCase	2	4	32769	0	0
laneCase	2	4	32769	1	0
laneCase	2	4	32769	32511	0
laneCase	2	4	32769	32767	0
laneCase	2	4	32769	32768	0
laneCase	2	4	32769	32769	0
laneCase	2	4	32769	33025	0
laneCase	2	4	32769	65534	0
laneCase	2	4	32769	65535	0
laneCase	2	4	32770	0	-32768
laneCase	2	4	32770	1	-32767
laneCase	2	4	32770	32511	-257
laneCase	2	4	32770	32767	-1
laneCase	2	4	32770	32768	0
laneCase	2	4	32770	32769	1
laneCase	2	4	32770	33025	257
laneCase	2	4	32770	65534	32766
laneCase	2	4	32770	65535	32767
laneCase	2	4	33026	0	-32768
laneCase	2	4	33026	1	-32511
laneCase	2	4	33026	32511	-513
laneCase	2	4	33026	32767	-257
laneCase	2	4	33026	32768	0
laneCase	2	4	33026	32769	257
laneCase	2	4	33026	33025	513
laneCase	2	4	33026	65534	32254
laneCase	2	4	33026	65535	32511
laneCase	2	4	65535	0	0
laneCase	2	4	65535	1	32766
laneCase	2	4	65535	32511	-32254
laneCase	2	4	65535	32767	-32766
laneCase	2	4	65535	32768	0
laneCase	2	4	65535	32769	32766
laneCase	2	4	65535	33025	32254
laneCase	2	4	65535	65534	4
laneCase	2	4	65535	65535	-32766
laneCase	2	4	0	0	-32768
laneCase	2	4	0	1	-1
laneCase	2	4	0	32511	-32511
laneCase	2	4	0	32767	-32767
laneCase	2	4	0	32768	0
laneCase	2	4	0	32769	32767
laneCase	2	4	0	33025	32511
laneCase	2	4	0	65534	-32766
laneCase	2	4	0	65535	1
laneCase	2	5	65535	0	0
laneCase	2	5	0	0	-32768
laneCase	2	5	32510	0	-32768
laneCase	2	5	32766	0	-32768
laneCase	2	5	32767	0	0
laneCase	2	5	32768	0	-32768
laneCase	2	5	33024	0	-32768
laneCase	2	5	65533	0	0
laneCase	2	5	65534	0	-32768
laneCase	2	5	65535	1	-32768
laneCase	2	5	0	1	1
laneCase	2	5	32510	1	32511
laneCase	2	5	32766	1	32767
laneCase	2	5	32767	1	0
laneCase	2	5	32768	1	-32767
laneCase	2	5	33024	1	-32511
laneCase	2	5	65533	1	32766
laneCase	2	5	65534	1	-1
laneCase	2	5	65535	32511	-32768
laneCase	2	5	0	32511	32511
laneCase	2	5	32510	32511	513
laneCase	2	5	32766	32511	257
laneCase	2	5	32767	32511	0
laneCase	2	5	32768	32511	-257
laneCase	2	5	33024	32511	-513
laneCase	2	5	65533	32511	-32254
laneCase	2	5	65534	32511	-32511
laneCase	2	5	65535	32767	-32768
laneCase	2	5	0	32767	32767
laneCase	2	5	32510	32767	257
laneCase	2	5	32766	32767	1
laneCase	2	5	32767	32767	0
laneCase	2	5	32768	32767	-1
laneCase	2	5	33024	32767	-257
laneCase	2	5	65533	32767	-32766
laneCase	2	5	65534	32767	-32767
laneCase	2	5	65535	32768	0
laneCase	2	5	0	32768	0
laneCase	2	5	32510	32768	0
laneCase	2	5	32766	32768	0
laneCase	2	5	32767	32768	0
laneCase	2	5	32768	32768	0
laneCase	2	5	33024	32768	0
laneCase	2	5	65533	32768	0
laneCase	2	5	65534	32768	0
laneCase	2	5	65535	32769	-32768
laneCase	2	5	0	32769	-32767
laneCase	2	5	32510	32769	-257
laneCase	2	5	32766	32769	-1
laneCase	2	5	32767	32769	0
laneCase	2	5	32768	32769	1
laneCase	2	5	33024	32769	257
laneCase	2	5	65533	32769	32766
laneCase	2	5	65534	32769	32767
laneCase	2	5	65535	33025	-32768
laneCase	2	5	0	33025	-32511
laneCase	2	5	32510	33025	-513
laneCase	2	5	32766	33025	-257
laneCase	2	5	32767	33025	0
laneCase	2	5	32768	33025	257
laneCase	2	5	33024	33025	513
laneCase	2	5	65533	33025	32254
laneCase	2	5	65534	33025	32511
laneCase	2	5	65535	65534	0
laneCase	2	5	0	65534	32766
laneCase	2	5	32510	65534	-32254
laneCase	2	5	32766	65534	-32766
laneCase	2	5	32767	65534	0
laneCase	2	5	32768	65534	32766
laneCase	2	5	33024	65534	32254
laneCase	2	5	65533	65534	4
laneCase	2	5	65534	65534	-32766
laneCase	2	5	65535	65535	-32768
laneCase	2	5	0	65535	-1
laneCase	2	5	32510	65535	-32511
laneCase	2	5	32766	65535	-32767
laneCase	2	5	32767	65535	0
laneCase	2	5	32768	65535	32767
laneCase	2	5	33024	65535	32511
laneCase	2	5	65533	65535	-32766
laneCase	2	5	65534	65535	1
laneCase	2	6	54611	42849	0
laneCase	2	6	54611	63014	-32768
laneCase	2	6	54611	5020	-32768
laneCase	2	6	54611	55452	-32768
laneCase	2	6	54611	10081	0
laneCase	2	6	54611	30246	-32768
laneCase	2	6	54611	15142	-32768
laneCase	2	6	54611	2519	0
laneCase	2	6	54611	22684	-32768
laneCase	2	6	32766	42849	-32768
laneCase	2	6	32766	63014	1
laneCase	2	6	32766	5020	32511
laneCase	2	6	32766	55452	32767
laneCase	2	6	32766	10081	0
laneCase	2	6	32766	30246	-32767
laneCase	2	6	32766	15142	-32511
laneCase	2	6	32766	2519	32766
laneCase	2	6	32766	22684	-1
laneCase	2	6	65448	42849	-32768
laneCase	2	6	65448	63014	32511
laneCase	2	6	65448	5020	513
laneCase	2	6	65448	55452	257
laneCase	2	6	65448	10081	0
laneCase	2	6	65448	30246	-257
laneCase	2	6	65448	15142	-513
laneCase	2	6	65448	2519	-32254
laneCase	2	6	65448	22684	-32511
laneCase	2	6	43688	42849	-32768
laneCase	2	6	43688	63014	32767
laneCase	2	6	43688	5020	257
laneCase	2	6	43688	55452	1
laneCase	2	6	43688	10081	0
laneCase	2	6	43688	30246	-1
laneCase	2	6	43688	15142	-257
laneCase	2	6	43688	2519	-32766
laneCase	2	6	43688	22684	-32767
laneCase	2	6	21843	42849	0
laneCase	2	6	21843	63014	0
laneCase	2	6	21843	5020	0
laneCase	2	6	21843	55452	0
laneCase	2	6	21843	10081	0
laneCase	2	6	21843	30246	0
laneCase	2	6	21843	15142	0
laneCase	2	6	21843	2519	0
laneCase	2	6	21843	22684	0
laneCase	2	6	65534	42849	-32768
laneCase	2	6	65534	63014	-32767
laneCase	2	6	65534	5020	-257
laneCase	2	6	65534	55452	-1
laneCase	2	6	65534	10081	0
laneCase	2	6	65534	30246	1
laneCase	2	6	65534	15142	257
laneCase	2	6	65534	2519	32766
laneCase	2	6	65534	22684	32767
laneCase	2	6	43774	42849	-32768
laneCase	2	6	43774	63014	-32511
laneCase	2	6	43774	5020	-513
laneCase	2	6	43774	55452	-257
laneCase	2	6	43774	10081	0
laneCase	2	6	43774	30246	257
laneCase	2	6	43774	15142	513
laneCase	2	6	43774	2519	32254
laneCase	2	6	43774	22684	32511
laneCase	2	6	32765	42849	0
laneCase	2	6	32765	63014	32766
laneCase	2	6	32765	5020	-32254
laneCase	2	6	32765	55452	-32766
laneCase	2	6	32765	10081	0
laneCase	2	6	32765	30246	32766
laneCase	2	6	32765	15142	32254
laneCase	2	6	32765	2519	4
laneCase	2	6	32765	22684	-32766
laneCase	2	6	10920	42849	-32768
laneCase	2	6	10920	63014	-1
laneCase	2	6	10920	5020	-32511
laneCase	2	6	10920	55452	-32767
laneCase	2	6	10920	10081	0
laneCase	2	6	10920	30246	32767
laneCase	2	6	10920	15142	32511
laneCase	2	6	10920	2519	-32766
laneCase	2	6	10920	22684	1
laneCase	2	7	9639	19663	0
laneCase	2	7	5784	19663	-32768
laneCase	2	7	50102	19663	-32768
laneCase	2	7	46262	19663	-32768
laneCase	2	7	42407	19663	0
laneCase	2	7	38552	19663	-32768
laneCase	2	7	34712	19663	-32768
laneCase	2	7	17349	19663	0
laneCase	2	7	13494	19663	-32768
laneCase	2	7	9639	6556	-32768
laneCase	2	7	5784	6556	1
laneCase	2	7	50102	6556	32511
laneCase	2	7	46262	6556	32767
laneCase	2	7	42407	6556	0
laneCase	2	7	38552	6556	-32767
laneCase	2	7	34712	6556	-32511
laneCase	2	7	17349	6556	32766
laneCase	2	7	13494	6556	-1
laneCase	2	7	9639	13058	-32768
laneCase	2	7	5784	13058	32511
laneCase	2	7	50102	13058	513
laneCase	2	7	46262	13058	257
laneCase	2	7	42407	13058	0
laneCase	2	7	38552	13058	-257
laneCase	2	7	34712	13058	-513
laneCase	2	7	17349	13058	-32254
laneCase	2	7	13494	13058	-32511
laneCase	2	7	9639	2	-32768
laneCase	2	7	5784	2	32767
laneCase	2	7	50102	2	257
laneCase	2	7	46262	2	1
laneCase	2	7	42407	2	0
laneCase	2	7	38552	2	-1
laneCase	2	7	34712	2	-257
laneCase	2	7	17349	2	-32766
laneCase	2	7	13494	2	-32767
laneCase	2	7	9639	52431	0
laneCase	2	7	5784	52431	0
laneCase	2	7	50102	52431	0
laneCase	2	7	46262	52431	0
laneCase	2	7	42407	52431	0
laneCase	2	7	38552	52431	0
laneCase	2	7	34712	52431	0
laneCase	2	7	17349	52431	0
laneCase	2	7	13494	52431	0
laneCase	2	7	9639	39324	-32768
laneCase	2	7	5784	39324	-32767
laneCase	2	7	50102	39324	-257
laneCase	2	7	46262	39324	-1
laneCase	2	7	42407	39324	0
laneCase	2	7	38552	39324	1
laneCase	2	7	34712	39324	257
laneCase	2	7	17349	39324	32766
laneCase	2	7	13494	39324	32767
laneCase	2	7	9639	26268	-32768
laneCase	2	7	5784	26268	-32511
laneCase	2	7	50102	26268	-513
laneCase	2	7	46262	26268	-257
laneCase	2	7	42407	26268	0
laneCase	2	7	38552	26268	257
laneCase	2	7	34712	26268	513
laneCase	2	7	17349	26268	32254
laneCase	2	7	13494	26268	32511
laneCase	2	7	9639	45877	0
laneCase	2	7	5784	45877	32766
laneCase	2	7	50102	45877	-32254
laneCase	2	7	46262	45877	-32766
laneCase	2	7	42407	45877	0
laneCase	2	7	38552	45877	32766
laneCase	2	7	34712	45877	32254
laneCase	2	7	17349	45877	4
laneCase	2	7	13494	45877	-32766
laneCase	2	7	9639	32770	-32768
laneCase	2	7	5784	32770	-1
laneCase	2	7	50102	32770	-32511
laneCase	2	7	46262	32770	-32767
laneCase	2	7	42407	32770	0
laneCase	2	7	38552	32770	32767
laneCase	2	7	34712	32770	32511
laneCase	2	7	17349	32770	-32766
laneCase	2	7	13494	32770	1
laneCase	3	0	32768	32766	-32768
laneCase	3	0	32768	32767	-32768
laneCase	3	0	32768	65277	-32768
laneCase	3	0	32768	65533	-32768
laneCase	3	0	32768	65534	-32768
laneCase	3	0	32768	65535	-32768
laneCase	3	0	32768	255	-32768
laneCase	3	0	32768	32764	-32768
laneCase	3	0	32768	32765	-32768
laneCase	3	0	32769	32766	32767
laneCase	3	0	32769	32767	32767
laneCase	3	0	32769	65277	32767
laneCase	3	0	32769	65533	32767
laneCase	3	0	32769	65534	32767
laneCase	3	0	32769	65535	32767
laneCase	3	0	32769	255	32767
laneCase	3	0	32769	32764	32767
laneCase	3	0	32769	32765	32767
laneCase	3	0	65279	32766	257
laneCase	3	0	65279	32767	257
laneCase	3	0	65279	65277	257
laneCase	3	0	65279	65533	257
laneCase	3	0	65279	65534	257
laneCase	3	0	65279	65535	257
laneCase	3	0	65279	255	257
laneCase	3	0	65279	32764	257
laneCase	3	0	65279	32765	257
laneCase	3	0	65535	32766	1
laneCase	3	0	65535	32767	1
laneCase	3	0	65535	65277	1
laneCase	3	0	65535	65533	1
laneCase	3	0	65535	65534	1
laneCase	3	0	65535	65535	1
laneCase	3	0	65535	255	1
laneCase	3	0	65535	32764	1
laneCase	3	0	65535	32765	1
laneCase	3	0	0	32766	0
laneCase	3	0	0	32767	0
laneCase	3	0	0	65277	0
laneCase	3	0	0	65533	0
laneCase	3	0	0	65534	0
laneCase	3	0	0	65535	0
laneCase	3	0	0	255	0
laneCase	3	0	0	32764	0
laneCase	3	0	0	32765	0
laneCase	3	0	1	32766	-1
laneCase	3	0	1	32767	-1
laneCase	3	0	1	65277	-1
laneCase	3	0	1	65533	-1
laneCase	3	0	1	65534	-1
laneCase	3	0	1	65535	-1
laneCase	3	0	1	255	-1
laneCase	3	0	1	32764	-1
laneCase	3	0	1	32765	-1
laneCase	3	0	257	32766	-257
laneCase	3	0	257	32767	-257
laneCase	3	0	257	65277	-257
laneCase	3	0	257	65533	-257
laneCase	3	0	257	65534	-257
laneCase	3	0	257	65535	-257
laneCase	3	0	257	255	-257
laneCase	3	0	257	32764	-257
laneCase	3	0	257	32765	-257
laneCase	3	0	32766	32766	-32766
laneCase	3	0	32766	32767	-32766
laneCase	3	0	32766	65277	-32766
laneCase	3	0	32766	65533	-32766
laneCase	3	0	32766	65534	-32766
laneCase	3	0	32766	65535	-32766
laneCase	3	0	32766	255	-32766
laneCase	3	0	32766	32764	-32766
laneCase	3	0	32766	32765	-32766
laneCase	3	0	32767	32766	-32767
laneCase	3	0	32767	32767	-32767
laneCase	3	0	32767	65277	-32767
laneCase	3	0	32767	65533	-32767
laneCase	3	0	32767	65534	-32767
laneCase	3	0	32767	65535	-32767
laneCase	3	0	32767	255	-32767
laneCase	3	0	32767	32764	-32767
laneCase	3	0	32767	32765	-32767
laneCase	3	1	32771	32768	-32768
laneCase	3	1	32772	32768	-32768
laneCase	3	1	65282	32768	-32768
laneCase	3	1	2	32768	-32768
laneCase	3	1	3	32768	-32768
laneCase	3	1	4	32768	-32768
laneCase	3	1	260	32768	-32768
laneCase	3	1	32769	32768	-32768
laneCase	3	1	32770	32768	-32768
laneCase	3	1	32771	32769	32767
laneCase	3	1	32772	32769	32767
laneCase	3	1	65282	32769	32767
laneCase	3	1	2	32769	32767
laneCase	3	1	3	32769	32767
laneCase	3	1	4	32769	32767
laneCase	3	1	260	32769	32767
laneCase	3	1	32769	32769	32767
laneCase	3	1	32770	32769	32767
laneCase	3	1	32771	65279	257
laneCase	3	1	32772	65279	257
laneCase	3	1	65282	65279	257
laneCase	3	1	2	65279	257
laneCase	3	1	3	65279	257
laneCase	3	1	4	65279	257
laneCase	3	1	260	65279	257
laneCase	3	1	32769	65279	257
laneCase	3	1	32770	65279	257
laneCase	3	1	32771	65535	1
laneCase	3	1	32772	65535	1
laneCase	3	1	65282	65535	1
laneCase	3	1	2	65535	1
laneCase	3	1	3	65535	1
laneCase	3	1	4	65535	1
laneCase	3	1	260	65535	1
laneCase	3	1	32769	65535	1
laneCase	3	1	32770	65535	1
laneCase	3	1	32771	0	0
laneCase	3	1	32772	0	0
laneCase	3	1	65282	0	0
laneCase	3	1	2	0	0
laneCase	3	1	3	0	0
laneCase	3	1	4	0	0
laneCase	3	1	260	0	0
laneCase	3	1	32769	0	0
laneCase	3	1	32770	0	0
laneCase	3	1	32771	1	-1
laneCase	3	1	32772	1	-1
laneCase	3	1	65282	1	-1
laneCase	3	1	2	1	-1
laneCase	3	1	3	1	-1
laneCase	3	1	4	1	-1
laneCase	3	1	260	1	-1
laneCase	3	1	32769	1	-1
laneCase	3	1	32770	1	-1
laneCase	3	1	32771	257	-257
laneCase	3	1	32772	257	-257
laneCase	3	1	65282	257	-257
laneCase	3	1	2	257	-257
laneCase	3	1	3	257	-257
laneCase	3	1	4	257	-257
laneCase	3	1	260	257	-257
laneCase	3	1	32769	257	-257
laneCase	3	1	32770	257	-257
laneCase	3	1	32771	32766	-32766
laneCase	3	1	32772	32766	-32766
laneCase	3	1	65282	32766	-32766
laneCase	3	1	2	32766	-32766
laneCase	3	1	3	32766	-32766
laneCase	3	1	4	32766	-32766
laneCase	3	1	260	32766	-32766
laneCase	3	1	32769	32766	-32766
laneCase	3	1	32770	32766	-32766
laneCase	3	1	32771	32767	-32767
laneCase	3	1	32772	32767	-32767
laneCase	3	1	65282	32767	-32767
laneCase	3	1	2	32767	-32767
laneCase	3	1	3	32767	-32767
laneCase	3	1	4	32767	-32767
laneCase	3	1	260	32767	-32767
laneCase	3	1	32769	32767	-32767
laneCase	3	1	32770	32767	-32767
laneCase	3	2	32767	60853	-32768
laneCase	3	2	32767	23404	-32768
laneCase	3	2	32767	18686	-32768
laneCase	3	2	32767	65534	-32768
laneCase	3	2	32767	28085	-32768
laneCase	3	2	32767	56172	-32768
laneCase	3	2	32767	37484	-32768
laneCase	3	2	32767	4679	-32768
laneCase	3	2	32767	32766	-32768
laneCase	3	2	32768	60853	32767
laneCase	3	2	32768	23404	32767
laneCase	3	2	32768	18686	32767
laneCase	3	2	32768	65534	32767
laneCase	3	2	32768	28085	32767
laneCase	3	2	32768	56172	32767
laneCase	3	2	32768	37484	32767
laneCase	3	2	32768	4679	32767
laneCase	3	2	32768	32766	32767
laneCase	3	2	65278	60853	257
laneCase	3	2	65278	23404	257
laneCase	3	2	65278	18686	257
laneCase	3	2	65278	65534	257
laneCase	3	2	65278	28085	257
laneCase	3	2	65278	56172	257
laneCase	3	2	65278	37484	257
laneCase	3	2	65278	4679	257
laneCase	3	2	65278	32766	257
laneCase	3	2	65534	60853	1
laneCase	3	2	65534	23404	1
laneCase	3	2	65534	18686	1
laneCase	3	2	65534	65534	1
laneCase	3	2	65534	28085	1
laneCase	3	2	65534	56172	1
laneCase	3	2	65534	37484	1
laneCase	3	2	65534	4679	1
laneCase	3	2	65534	32766	1
laneCase	3	2	65535	60853	0
laneCase	3	2	65535	23404	0
laneCase	3	2	65535	18686	0
laneCase	3	2	65535	65534	0
laneCase	3	2	65535	28085	0
laneCase	3	2	65535	56172	0
laneCase	3	2	65535	37484	0
laneCase	3	2	65535	4679	0
laneCase	3	2	65535	32766	0
laneCase	3	2	0	60853	-1
laneCase	3	2	0	23404	-1
laneCase	3	2	0	18686	-1
laneCase	3	2	0	65534	-1
laneCase	3	2	0	28085	-1
laneCase	3	2	0	56172	-1
laneCase	3	2	0	37484	-1
laneCase	3	2	0	4679	-1
laneCase	3	2	0	32766	-1
laneCase	3	2	256	60853	-257
laneCase	3	2	256	23404	-257
laneCase	3	2	256	18686	-257
laneCase	3	2	256	65534	-257
laneCase	3	2	256	28085	-257
laneCase	3	2	256	56172	-257
laneCase	3	2	256	37484	-257
laneCase	3	2	256	4679	-257
laneCase	3	2	256	32766	-257
laneCase	3	2	32765	60853	-32766
laneCase	3	2	32765	23404	-32766
laneCase	3	2	32765	18686	-32766
laneCase	3	2	32765	65534	-32766
laneCase	3	2	32765	28085	-32766
laneCase	3	2	32765	56172	-32766
laneCase	3	2	32765	37484	-32766
laneCase	3	2	32765	4679	-32766
laneCase	3	2	32765	32766	-32766
laneCase	3	2	32766	60853	-32767
laneCase	3	2	32766	23404	-32767
laneCase	3	2	32766	18686	-32767
laneCase	3	2	32766	65534	-32767
laneCase	3	2	32766	28085	-32767
laneCase	3	2	32766	56172	-32767
laneCase	3	2	32766	37484	-32767
laneCase	3	2	32766	4679	-32767
laneCase	3	2	32766	32766	-32767
laneCase	3	3	50643	32769	-32768
laneCase	3	3	20854	32769	-32768
laneCase	3	3	5936	32769	-32768
laneCase	3	3	47664	32769	-32768
laneCase	3	3	17875	32769	-32768
laneCase	3	3	53622	32769	-32768
laneCase	3	3	29814	32769	-32768
laneCase	3	3	44685	32769	-32768
laneCase	3	3	14896	32769	-32768
laneCase	3	3	50643	32770	32767
laneCase	3	3	20854	32770	32767
laneCase	3	3	5936	32770	32767
laneCase	3	3	47664	32770	32767
laneCase	3	3	17875	32770	32767
laneCase	3	3	53622	32770	32767
laneCase	3	3	29814	32770	32767
laneCase	3	3	44685	32770	32767
laneCase	3	3	14896	32770	32767
laneCase	3	3	50643	65280	257
laneCase	3	3	20854	65280	257
laneCase	3	3	5936	65280	257
laneCase	3	3	47664	65280	257
laneCase	3	3	17875	65280	257
laneCase	3	3	53622	65280	257
laneCase	3	3	29814	65280	257
laneCase	3	3	44685	65280	257
laneCase	3	3	14896	65280	257
laneCase	3	3	50643	0	1
laneCase	3	3	20854	0	1
laneCase	3	3	5936	0	1
laneCase	3	3	47664	0	1
laneCase	3	3	17875	0	1
laneCase	3	3	53622	0	1
laneCase	3	3	29814	0	1
laneCase	3	3	44685	0	1
laneCase	3	3	14896	0	1
laneCase	3	3	50643	1	0
laneCase	3	3	20854	1	0
laneCase	3	3	5936	1	0
laneCase	3	3	47664	1	0
laneCase	3	3	17875	1	0
laneCase	3	3	53622	1	0
laneCase	3	3	29814	1	0
laneCase	3	3	44685	1	0
laneCase	3	3	14896	1	0
laneCase	3	3	50643	2	-1
laneCase	3	3	20854	2	-1
laneCase	3	3	5936	2	-1
laneCase	3	3	47664	2	-1
laneCase	3	3	17875	2	-1
laneCase	3	3	53622	2	-1
laneCase	3	3	29814	2	-1
laneCase	3	3	44685	2	-1
laneCase	3	3	14896	2	-1
laneCase	3	3	50643	258	-257
laneCase	3	3	20854	258	-257
laneCase	3	3	5936	258	-257
laneCase	3	3	47664	258	-257
laneCase	3	3	17875	258	-257
laneCase	3	3	53622	258	-257
laneCase	3	3	29814	258	-257
laneCase	3	3	44685	258	-257
laneCase	3	3	14896	258	-257
laneCase	3	3	50643	32767	-32766
laneCase	3	3	20854	32767	-32766
laneCase	3	3	5936	32767	-32766
laneCase	3	3	47664	32767	-32766
laneCase	3	3	17875	32767	-32766
laneCase	3	3	53622	32767	-32766
laneCase	3	3	29814	32767	-32766
laneCase	3	3	44685	32767	-32766
laneCase	3	3	14896	32767	-32766
laneCase	3	3	50643	32768	-32767
laneCase	3	3	20854	32768	-32767
laneCase	3	3	5936	32768	-32767
laneCase	3	3	47664	32768	-32767
laneCase	3	3	17875	32768	-32767
laneCase	3	3	53622	32768	-32767
laneCase	3	3	29814	32768	-32767
laneCase	3	3	44685	32768	-32767
laneCase	3	3	14896	32768	-32767
laneCase	3	4	1	0	-32768
laneCase	3	4	1	1	-32768
laneCase	3	4	1	32511	-32768
laneCase	3	4	1	32767	-32768
laneCase	3	4	1	32768	-32768
laneCase	3	4	1	32769	-32768
laneCase	3	4	1	33025	-32768
laneCase	3	4	1	65534	-32768
laneCase	3	4	1	65535	-32768
laneCase	3	4	2	0	32767
laneCase	3	4	2	1	32767
laneCase	3	4	2	32511	32767
laneCase	3	4	2	32767	32767
laneCase	3	4	2	32768	32767
laneCase	3	4	2	32769	32767
laneCase	3	4	2	33025	32767
laneCase	3	4	2	65534	32767
laneCase	3	4	2	65535	32767
laneCase	3	4	32512	0	257
laneCase	3	4	32512	1	257
laneCase	3	4	32512	32511	257
laneCase	3	4	32512	32767	257
laneCase	3	4	32512	32768	257
laneCase	3	4	32512	32769	257
laneCase	3	4	32512	33025	257
laneCase	3	4	32512	65534	257
laneCase	3	4	32512	65535	257
laneCase	3	4	32768	0	1
laneCase	3	4	32768	1	1
laneCase	3	4	32768	32511	1
laneCase	3	4	32768	32767	1
laneCase	3	4	32768	32768	1
laneCase	3	4	32768	32769	1
laneCase	3	4	32768	33025	1
laneCase	3	4	32768	65534	1
laneCase	3	4	32768	65535	1
laneCase	3	4	32769	0	0
laneCase	3	4	32769	1	0
laneCase	3	4	32769	32511	0
laneCase	3	4	32769	32767	0
laneCase	3	4	32769	32768	0
laneCase	3	4	32769	32769	0
laneCase	3	4	32769	33025	0
laneCase	3	4	32769	65534	0
laneCase	3	4	32769	65535	0
laneCase	3	4	32770	0	-1
laneCase	3	4	32770	1	-1
laneCase	3	4	32770	32511	-1
laneCase	3	4	32770	32767	-1
laneCase	3	4	32770	32768	-1
laneCase	3	4	32770	32769	-1
laneCase	3	4	32770	33025	-1
laneCase	3	4	32770	65534	-1
laneCase	3	4	32770	65535	-1
laneCase	3	4	33026	0	-257
laneCase	3	4	33026	1	-257
laneCase	3	4	33026	32511	-257
laneCase	3	4	33026	32767	-257
laneCase	3	4	33026	32768	-257
laneCase	3	4	33026	32769	-257
laneCase	3	4	33026	33025	-257
laneCase	3	4	33026	65534	-257
laneCase	3	4	33026	65535	-257
laneCase	3	4	65535	0	-32766
laneCase	3	4	65535	1	-32766
laneCase	3	4	65535	32511	-32766
laneCase	3	4	65535	32767	-32766
laneCase	3	4	65535	32768	-32766
laneCase	3	4	65535	32769	-32766
laneCase	3	4	65535	33025	-32766
laneCase	3	4	65535	65534	-32766
laneCase	3	4	65535	65535	-32766
laneCase	3	4	0	0	-32767
laneCase	3	4	0	1	-32767
laneCase	3	4	0	32511	-32767
laneCase	3	4	0	32767	-32767
laneCase	3	4	0	32768	-32767
laneCase	3	4	0	32769	-32767
laneCase	3	4	0	33025	-32767
laneCase	3	4	0	65534	-32767
laneCase	3	4	0	65535	-32767
laneCase	3	5	65535	0	-32768
laneCase	3	5	0	0	-32768
laneCase	3	5	32510	0	-32768
laneCase	3	5	32766	0	-32768
laneCase	3	5	32767	0	-32768
laneCase	3	5	32768	0	-32768
laneCase	3	5	33024	0	-32768
laneCase	3	5	65533	0	-32768
laneCase	3	5	65534	0	-32768
laneCase	3	5	65535	1	32767
laneCase	3	5	0	1	32767
laneCase	3	5	32510	1	32767
laneCase	3	5	32766	1	32767
laneCase	3	5	32767	1	32767
laneCase	3	5	32768	1	32767
laneCase	3	5	33024	1	32767
laneCase	3	5	65533	1	32767
laneCase	3	5	65534	1	32767
laneCase	3	5	65535	32511	257
laneCase	3	5	0	32511	257
laneCase	3	5	32510	32511	257
laneCase	3	5	32766	32511	257
laneCase	3	5	32767	32511	257
laneCase	3	5	32768	32511	257
laneCase	3	5	33024	32511	257
laneCase	3	5	65533	32511	257
laneCase	3	5	65534	32511	257
laneCase	3	5	65535	32767	1
laneCase	3	5	0	32767	1
laneCase	3	5	32510	32767	1
laneCase	3	5	32766	32767	1
laneCase	3	5	32767	32767	1
laneCase	3	5	32768	32767	1
laneCase	3	5	33024	32767	1
laneCase	3	5	65533	32767	1
laneCase	3	5	65534	32767	1
laneCase	3	5	65535	32768	0
laneCase	3	5	0	32768	0
laneCase	3	5	32510	32768	0
laneCase	3	5	32766	32768	0
laneCase	3	5	32767	32768	0
laneCase	3	5	32768	32768	0
laneCase	3	5	33024	32768	0
laneCase	3	5	65533	32768	0
laneCase	3	5	65534	32768	0
laneCase	3	5	65535	32769	-1
laneCase	3	5	0	32769	-1
laneCase	3	5	32510	32769	-1
laneCase	3	5	32766	32769	-1
laneCase	3	5	32767	32769	-1
laneCase	3	5	32768	32769	-1
laneCase	3	5	33024	32769	-1
laneCase	3	5	65533	32769	-1
laneCase	3	5	65534	32769	-1
laneCase	3	5	65535	33025	-257
laneCase	3	5	0	33025	-257
laneCase	3	5	32510	33025	-257
laneCase	3	5	32766	33025	-257
laneCase	3	5	32767	33025	-257
laneCase	3	5	32768	33025	-257
laneCase	3	5	33024	33025	-257
laneCase	3	5	65533	33025	-257
laneCase	3	5	65534	33025	-257
laneCase	3	5	65535	65534	-32766
laneCase	3	5	0	65534	-32766
laneCase	3	5	32510	65534	-32766
laneCase	3	5	32766	65534	-32766
laneCase	3	5	32767	65534	-32766
laneCase	3	5	32768	65534	-32766
laneCase	3	5	33024	65534	-32766
laneCase	3	5	65533	65534	-32766
laneCase	3	5	65534	65534	-32766
laneCase	3	5	65535	65535	-32767
laneCase	3	5	0	65535	-32767
laneCase	3	5	32510	65535	-32767
laneCase	3	5	32766	65535	-32767
laneCase	3	5	32767	65535	-32767
laneCase	3	5	32768	65535	-32767
laneCase	3	5	33024	65535	-32767
laneCase	3	5	65533	65535	-32767
laneCase	3	5	65534	65535	-32767
laneCase	3	6	54611	42849	-32768
laneCase	3	6	54611	63014	-32768
laneCase	3	6	54611	5020	-32768
laneCase	3	6	54611	55452	-32768
laneCase	3	6	54611	10081	-32768
laneCase	3	6	54611	30246	-32768
laneCase	3	6	54611	15142	-32768
laneCase	3	6	54611	2519	-32768
laneCase	3	6	54611	22684	-32768
laneCase	3	6	32766	42849	32767
laneCase	3	6	32766	63014	32767
laneCase	3	6	32766	5020	32767
laneCase	3	6	32766	55452	32767
laneCase	3	6	32766	10081	32767
laneCase	3	6	32766	30246	32767
laneCase	3	6	32766	15142	32767
laneCase	3	6	32766	2519	32767
laneCase	3	6	32766	22684	32767
laneCase	3	6	65448	42849	257
laneCase	3	6	65448	63014	257
laneCase	3	6	65448	5020	257
laneCase	3	6	65448	55452	257
laneCase	3	6	65448	10081	257
laneCase	3	6	65448	30246	257
laneCase	3	6	65448	15142	257
laneCase	3	6	65448	2519	257
laneCase	3	6	65448	22684	257
laneCase	3	6	43688	42849	1
laneCase	3	6	43688	63014	1
laneCase	3	6	43688	5020	1
laneCase	3	6	43688	55452	1
laneCase	3	6	43688	10081	1
laneCase	3	6	43688	30246	1
laneCase	3	6	43688	15142	1
laneCase	3	6	43688	2519	1
laneCase	3	6	43688	22684	1
laneCase	3	6	21843	42849	0
laneCase	3	6	21843	63014	0
laneCase	3	6	21843	5020	0
laneCase	3	6	21843	55452	0
laneCase	3	6	21843	10081	0
laneCase	3	6	21843	30246	0
laneCase	3	6	21843	15142	0
laneCase	3	6	21843	2519	0
laneCase	3	6	21843	22684	0
laneCase	3	6	65534	42849	-1
laneCase	3	6	65534	63014	-1
laneCase	3	6	65534	5020	-1
laneCase	3	6	65534	55452	-1
laneCase	3	6	65534	10081	-1
laneCase	3	6	65534	30246	-1
laneCase	3	6	65534	15142	-1
laneCase	3	6	65534	2519	-1
laneCase	3	6	65534	22684	-1
laneCase	3	6	43774	42849	-257
laneCase	3	6	43774	63014	-257
laneCase	3	6	43774	5020	-257
laneCase	3	6	43774	55452	-257
laneCase	3	6	43774	10081	-257
laneCase	3	6	43774	30246	-257
laneCase	3	6	43774	15142	-257
laneCase	3	6	43774	2519	-257
laneCase	3	6	43774	22684	-257
laneCase	3	6	32765	42849	-32766
laneCase	3	6	32765	63014	-32766
laneCase	3	6	32765	5020	-32766
laneCase	3	6	32765	55452	-32766
laneCase	3	6	32765	10081	-32766
laneCase	3	6	32765	30246	-32766
laneCase	3	6	32765	15142	-32766
laneCase	3	6	32765	2519	-32766
laneCase	3	6	32765	22684	-32766
laneCase	3	6	10920	42849	-32767
laneCase	3	6	10920	63014	-32767
laneCase	3	6	10920	5020	-32767
laneCase	3	6	10920	55452	-32767
laneCase	3	6	10920	10081	-32767
laneCase	3	6	10920	30246	-32767
laneCase	3	6	10920	15142	-32767
laneCase	3	6	10920	2519	-32767
laneCase	3	6	10920	22684	-32767
laneCase	3	7	9639	19663	-32768
laneCase	3	7	5784	19663	-32768
laneCase	3	7	50102	19663	-32768
laneCase	3	7	46262	19663	-32768
laneCase	3	7	42407	19663	-32768
laneCase	3	7	38552	19663	-32768
laneCase	3	7	34712	19663	-32768
laneCase	3	7	17349	19663	-32768
laneCase	3	7	13494	19663	-32768
laneCase	3	7	9639	6556	32767
laneCase	3	7	5784	6556	32767
laneCase	3	7	50102	6556	32767
laneCase	3	7	46262	6556	32767
laneCase	3	7	42407	6556	32767
laneCase	3	7	38552	6556	32767
laneCase	3	7	34712	6556	32767
laneCase	3	7	17349	6556	32767
laneCase	3	7	13494	6556	32767
laneCase	3	7	9639	13058	257
laneCase	3	7	5784	13058	257
laneCase	3	7	50102	13058	257
laneCase	3	7	46262	13058	257
laneCase	3	7	42407	13058	257
laneCase	3	7	38552	13058	257
laneCase	3	7	34712	13058	257
laneCase	3	7	17349	13058	257
laneCase	3	7	13494	13058	257
laneCase	3	7	9639	2	1
laneCase	3	7	5784	2	1
laneCase	3	7	50102	2	1
laneCase	3	7	46262	2	1
laneCase	3	7	42407	2	1
laneCase	3	7	38552	2	1
laneCase	3	7	34712	2	1
laneCase	3	7	17349	2	1
laneCase	3	7	13494	2	1
laneCase	3	7	9639	52431	0
laneCase	3	7	5784	52431	0
laneCase	3	7	50102	52431	0
laneCase	3	7	46262	52431	0
laneCase	3	7	42407	52431	0
laneCase	3	7	38552	52431	0
laneCase	3	7	34712	52431	0
laneCase	3	7	17349	52431	0
laneCase	3	7	13494	52431	0
laneCase	3	7	9639	39324	-1
laneCase	3	7	5784	39324	-1
laneCase	3	7	50102	39324	-1
laneCase	3	7	46262	39324	-1
laneCase	3	7	42407	39324	-1
laneCase	3	7	38552	39324	-1
laneCase	3	7	34712	39324	-1
laneCase	3	7	17349	39324	-1
laneCase	3	7	13494	39324	-1
laneCase	3	7	9639	26268	-257
laneCase	3	7	5784	26268	-257
laneCase	3	7	50102	26268	-257
laneCase	3	7	46262	26268	-257
laneCase	3	7	42407	26268	-257
laneCase	3	7	38552	26268	-257
laneCase	3	7	34712	26268	-257
laneCase	3	7	17349	26268	-257
laneCase	3	7	13494	26268	-257
laneCase	3	7	9639	45877	-32766
laneCase	3	7	5784	45877	-32766
laneCase	3	7	50102	45877	-32766
laneCase	3	7	46262	45877	-32766
laneCase	3	7	42407	45877	-32766
laneCase	3	7	38552	45877	-32766
laneCase	3	7	34712	45877	-32766
laneCase	3	7	17349	45877	-32766
laneCase	3	7	13494	45877	-32766
laneCase	3	7	9639	32770	-32767
laneCase	3	7	5784	32770	-32767
laneCase	3	7	50102	32770	-32767
laneCase	3	7	46262	32770	-32767
laneCase	3	7	42407	32770	-32767
laneCase	3	7	38552	32770	-32767
laneCase	3	7	34712	32770	-32767
laneCase	3	7	17349	32770	-32767
laneCase	3	7	13494	32770	-32767
laneCase	4	0	32768	32766	-32768
laneCase	4	0	32768	32767	-32768
laneCase	4	0	32768	65277	-32768
laneCase	4	0	32768	65533	-32768
laneCase	4	0	32768	65534	-32768
laneCase	4	0	32768	65535	-32768
laneCase	4	0	32768	255	-32768
laneCase	4	0	32768	32764	-32768
laneCase	4	0	32768	32765	-32768
laneCase	4	0	32769	32766	-32767
laneCase	4	0	32769	32767	-32767
laneCase	4	0	32769	65277	-32767
laneCase	4	0	32769	65533	-32767
laneCase	4	0	32769	65534	-32767
laneCase	4	0	32769	65535	-32767
laneCase	4	0	32769	255	-32767
laneCase	4	0	32769	32764	-32767
laneCase	4	0	32769	32765	-32767
laneCase	4	0	65279	32766	-257
laneCase	4	0	65279	32767	-257
laneCase	4	0	65279	65277	-257
laneCase	4	0	65279	65533	-257
laneCase	4	0	65279	65534	-257
laneCase	4	0	65279	65535	-257
laneCase	4	0	65279	255	-257
laneCase	4	0	65279	32764	-257
laneCase	4	0	65279	32765	-257
laneCase	4	0	65535	32766	-1
laneCase	4	0	65535	32767	-1
laneCase	4	0	65535	65277	-1
laneCase	4	0	65535	65533	-1
laneCase	4	0	65535	65534	-1
laneCase	4	0	65535	65535	-1
laneCase	4	0	65535	255	-1
laneCase	4	0	65535	32764	-1
laneCase	4	0	65535	32765	-1
laneCase	4	0	0	32766	0
laneCase	4	0	0	32767	0
laneCase	4	0	0	65277	0
laneCase	4	0	0	65533	0
laneCase	4	0	0	65534	0
laneCase	4	0	0	65535	0
laneCase	4	0	0	255	0
laneCase	4	0	0	32764	0
laneCase	4	0	0	32765	0
laneCase	4	0	1	32766	1
laneCase	4	0	1	32767	1
laneCase	4	0	1	65277	1
laneCase	4	0	1	65533	1
laneCase	4	0	1	65534	1
laneCase	4	0	1	65535	1
laneCase	4	0	1	255	1
laneCase	4	0	1	32764	1
laneCase	4	0	1	32765	1
laneCase	4	0	257	32766	257
laneCase	4	0	257	32767	257
laneCase	4	0	257	65277	257
laneCase	4	0	257	65533	257
laneCase	4	0	257	65534	257
laneCase	4	0	257	65535	257
laneCase	4	0	257	255	257
laneCase	4	0	257	32764	257
laneCase	4	0	257	32765	257
laneCase	4	0	32766	32766	32766
laneCase	4	0	32766	32767	32766
laneCase	4	0	32766	65277	32766
laneCase	4	0	32766	65533	32766
laneCase	4	0	32766	65534	32766
laneCase	4	0	32766	65535	32766
laneCase	4	0	32766	255	32766
laneCase	4	0	32766	32764	32766
laneCase	4	0	32766	32765	32766
laneCase	4	0	32767	32766	32767
laneCase	4	0	32767	32767	32767
laneCase	4	0	32767	65277	32767
laneCase	4	0	32767	65533	32767
laneCase	4	0	32767	65534	32767
laneCase	4	0	32767	65535	32767
laneCase	4	0	32767	255	32767
laneCase	4	0	32767	32764	32767
laneCase	4	0	32767	32765	32767
laneCase	4	1	32771	32768	-32768
laneCase	4	1	32772	32768	-32768
laneCase	4	1	65282	32768	-32768
laneCase	4	1	2	32768	-32768
laneCase	4	1	3	32768	-32768
laneCase	4	1	4	32768	-32768
laneCase	4	1	260	32768	-32768
laneCase	4	1	32769	32768	-32768
laneCase	4	1	32770	32768	-32768
laneCase	4	1	32771	32769	-32767
laneCase	4	1	32772	32769	-32767
laneCase	4	1	65282	32769	-32767
laneCase	4	1	2	32769	-32767
laneCase	4	1	3	32769	-32767
laneCase	4	1	4	32769	-32767
laneCase	4	1	260	32769	-32767
laneCase	4	1	32769	32769	-32767
laneCase	4	1	32770	32769	-32767
laneCase	4	1	32771	65279	-257
laneCase	4	1	32772	65279	-257
laneCase	4	1	65282	65279	-257
laneCase	4	1	2	65279	-257
laneCase	4	1	3	65279	-257
laneCase	4	1	4	65279	-257
laneCase	4	1	260	65279	-257
laneCase	4	1	32769	65279	-257
laneCase	4	1	32770	65279	-257
laneCase	4	1	32771	65535	-1
laneCase	4	1	32772	65535	-1
laneCase	4	1	65282	65535	-1
laneCase	4	1	2	65535	-1
laneCase	4	1	3	65535	-1
laneCase	4	1	4	65535	-1
laneCase	4	1	260	65535	-1
laneCase	4	1	32769	65535	-1
laneCase	4	1	32770	65535	-1
laneCase	4	1	32771	0	0
laneCase	4	1	32772	0	0
laneCase	4	1	65282	0	0
laneCase	4	1	2	0	0
laneCase	4	1	3	0	0
laneCase	4	1	4	0	0
laneCase	4	1	260	0	0
laneCase	4	1	32769	0	0
laneCase	4	1	32770	0	0
laneCase	4	1	32771	1	1
laneCase	4	1	32772	1	1
laneCase	4	1	65282	1	1
laneCase	4	1	2	1	1
laneCase	4	1	3	1	1
laneCase	4	1	4	1	1
laneCase	4	1	260	1	1
laneCase	4	1	32769	1	1
laneCase	4	1	32770	1	1
laneCase	4	1	32771	257	257
laneCase	4	1	32772	257	257
laneCase	4	1	65282	257	257
laneCase	4	1	2	257	257
laneCase	4	1	3	257	257
laneCase	4	1	4	257	257
laneCase	4	1	260	257	257
laneCase	4	1	32769	257	257
laneCase	4	1	32770	257	257
laneCase	4	1	32771	32766	32766
laneCase	4	1	32772	32766	32766
laneCase	4	1	65282	32766	32766
laneCase	4	1	2	32766	32766
laneCase	4	1	3	32766	32766
laneCase	4	1	4	32766	32766
laneCase	4	1	260	32766	32766
laneCase	4	1	32769	32766	32766
laneCase	4	1	32770	32766	32766
laneCase	4	1	32771	32767	32767
laneCase	4	1	32772	32767	32767
laneCase	4	1	65282	32767	32767
laneCase	4	1	2	32767	32767
laneCase	4	1	3	32767	32767
laneCase	4	1	4	32767	32767
laneCase	4	1	260	32767	32767
laneCase	4	1	32769	32767	32767
laneCase	4	1	32770	32767	32767
laneCase	4	2	32767	60853	-32768
laneCase	4	2	32767	23404	-32768
laneCase	4	2	32767	18686	-32768
laneCase	4	2	32767	65534	-32768
laneCase	4	2	32767	28085	-32768
laneCase	4	2	32767	56172	-32768
laneCase	4	2	32767	37484	-32768
laneCase	4	2	32767	4679	-32768
laneCase	4	2	32767	32766	-32768
laneCase	4	2	32768	60853	-32767
laneCase	4	2	32768	23404	-32767
laneCase	4	2	32768	18686	-32767
laneCase	4	2	32768	65534	-32767
laneCase	4	2	32768	28085	-32767
laneCase	4	2	32768	56172	-32767
laneCase	4	2	32768	37484	-32767
laneCase	4	2	32768	4679	-32767
laneCase	4	2	32768	32766	-32767
laneCase	4	2	65278	60853	-257
laneCase	4	2	65278	23404	-257
laneCase	4	2	65278	18686	-257
laneCase	4	2	65278	65534	-257
laneCase	4	2	65278	28085	-257
laneCase	4	2	65278	56172	-257
laneCase	4	2	65278	37484	-257
laneCase	4	2	65278	4679	-257
laneCase	4	2	65278	32766	-257
laneCase	4	2	65534	60853	-1
laneCase	4	2	65534	23404	-1
laneCase	4	2	65534	18686	-1
laneCase	4	2	65534	65534	-1
laneCase	4	2	65534	28085	-1
laneCase	4	2	65534	56172	-1
laneCase	4	2	65534	37484	-1
laneCase	4	2	65534	4679	-1
laneCase	4	2	65534	32766	-1
laneCase	4	2	65535	60853	0
laneCase	4	2	65535	23404	0
laneCase	4	2	65535	18686	0
laneCase	4	2	65535	65534	0
laneCase	4	2	65535	28085	0
laneCase	4	2	65535	56172	0
laneCase	4	2	65535	37484	0
laneCase	4	2	65535	4679	0
laneCase	4	2	65535	32766	0
laneCase	4	2	0	60853	1
laneCase	4	2	0	23404	1
laneCase	4	2	0	18686	1
laneCase	4	2	0	65534	1
laneCase	4	2	0	28085	1
laneCase	4	2	0	56172	1
laneCase	4	2	0	37484	1
laneCase	4	2	0	4679	1
laneCase	4	2	0	32766	1
laneCase	4	2	256	60853	257
laneCase	4	2	256	23404	257
laneCase	4	2	256	18686	257
laneCase	4	2	256	65534	257
laneCase	4	2	256	28085	257
laneCase	4	2	256	56172	257
laneCase	4	2	256	37484	257
laneCase	4	2	256	4679	257
laneCase	4	2	256	32766	257
laneCase	4	2	32765	60853	32766
laneCase	4	2	32765	23404	32766
laneCase	4	2	32765	18686	32766
laneCase	4	2	32765	65534	32766
laneCase	4	2	32765	28085	32766
laneCase	4	2	32765	56172	32766
laneCase	4	2	32765	37484	32766
laneCase	4	2	32765	4679	32766
laneCase	4	2	32765	32766	32766
laneCase	4	2	32766	60853	32767
laneCase	4	2	32766	23404	32767
laneCase	4	2	32766	18686	32767
laneCase	4	2	32766	65534	32767
laneCase	4	2	32766	28085	32767
laneCase	4	2	32766	56172	32767
laneCase	4	2	32766	37484	32767
laneCase	4	2	32766	4679	32767
laneCase	4	2	32766	32766	32767
laneCase	4	3	50643	32769	-32768
laneCase	4	3	20854	32769	-32768
laneCase	4	3	5936	32769	-32768
laneCase	4	3	47664	32769	-32768
laneCase	4	3	17875	32769	-32768
laneCase	4	3	53622	32769	-32768
laneCase	4	3	29814	32769	-32768
laneCase	4	3	44685	32769	-32768
laneCase	4	3	14896	32769	-32768
laneCase	4	3	50643	32770	-32767
laneCase	4	3	20854	32770	-32767
laneCase	4	3	5936	32770	-32767
laneCase	4	3	47664	32770	-32767
laneCase	4	3	17875	32770	-32767
laneCase	4	3	53622	32770	-32767
laneCase	4	3	29814	32770	-32767
laneCase	4	3	44685	32770	-32767
laneCase	4	3	14896	32770	-32767
laneCase	4	3	50643	65280	-257
laneCase	4	3	20854	65280	-257
laneCase	4	3	5936	65280	-257
laneCase	4	3	47664	65280	-257
laneCase	4	3	17875	65280	-257
laneCase	4	3	53622	65280	-257
laneCase	4	3	29814	65280	-257
laneCase	4	3	44685	65280	-257
laneCase	4	3	14896	65280	-257
laneCase	4	3	50643	0	-1
laneCase	4	3	20854	0	-1
laneCase	4	3	5936	0	-1
laneCase	4	3	47664	0	-1
laneCase	4	3	17875	0	-1
laneCase	4	3	53622	0	-1
laneCase	4	3	29814	0	-1
laneCase	4	3	44685	0	-1
laneCase	4	3	14896	0	-1
laneCase	4	3	50643	1	0
laneCase	4	3	20854	1	0
laneCase	4	3	5936	1	0
laneCase	4	3	47664	1	0
laneCase	4	3	17875	1	0
laneCase	4	3	53622	1	0
laneCase	4	3	29814	1	0
laneCase	4	3	44685	1	0
laneCase	4	3	14896	1	0
laneCase	4	3	50643	2	1
laneCase	4	3	20854	2	1
laneCase	4	3	5936	2	1
laneCase	4	3	47664	2	1
laneCase	4	3	17875	2	1
laneCase	4	3	53622	2	1
laneCase	4	3	29814	2	1
laneCase	4	3	44685	2	1
laneCase	4	3	14896	2	1
laneCase	4	3	50643	258	257
laneCase	4	3	20854	258	257
laneCase	4	3	5936	258	257
laneCase	4	3	47664	258	257
laneCase	4	3	17875	258	257
laneCase	4	3	53622	258	257
laneCase	4	3	29814	258	257
laneCase	4	3	44685	258	257
laneCase	4	3	14896	258	257
laneCase	4	3	50643	32767	32766
laneCase	4	3	20854	32767	32766
laneCase	4	3	5936	32767	32766
laneCase	4	3	47664	32767	32766
laneCase	4	3	17875	32767	32766
laneCase	4	3	53622	32767	32766
laneCase	4	3	29814	32767	32766
laneCase	4	3	44685	32767	32766
laneCase	4	3	14896	32767	32766
laneCase	4	3	50643	32768	32767
laneCase	4	3	20854	32768	32767
laneCase	4	3	5936	32768	32767
laneCase	4	3	47664	32768	32767
laneCase	4	3	17875	32768	32767
laneCase	4	3	53622	32768	32767
laneCase	4	3	29814	32768	32767
laneCase	4	3	44685	32768	32767
laneCase	4	3	14896	32768	32767
laneCase	4	4	1	0	-32768
laneCase	4	4	1	1	-32768
laneCase	4	4	1	32511	-32768
laneCase	4	4	1	32767	-32768
laneCase	4	4	1	32768	-32768
laneCase	4	4	1	32769	-32768
laneCase	4	4	1	33025	-32768
laneCase	4	4	1	65534	-32768
laneCase	4	4	1	65535	-32768
laneCase	4	4	2	0	-32767
laneCase	4	4	2	1	-32767
laneCase	4	4	2	32511	-32767
laneCase	4	4	2	32767	-32767
laneCase	4	4	2	32768	-32767
laneCase	4	4	2	32769	-32767
laneCase	4	4	2	33025	-32767
laneCase	4	4	2	65534	-32767
laneCase	4	4	2	65535	-32767
laneCase	4	4	32512	0	-257
laneCase	4	4	32512	1	-257
laneCase	4	4	32512	32511	-257
laneCase	4	4	32512	32767	-257
laneCase	4	4	32512	32768	-257
laneCase	4	4	32512	32769	-257
laneCase	4	4	32512	33025	-257
laneCase	4	4	32512	65534	-257
laneCase	4	4	32512	65535	-257
laneCase	4	4	32768	0	-1
laneCase	4	4	32768	1	-1
laneCase	4	4	32768	32511	-1
laneCase	4	4	32768	32767	-1
laneCase	4	4	32768	32768	-1
laneCase	4	4	32768	32769	-1
laneCase	4	4	32768	33025	-1
laneCase	4	4	32768	65534	-1
laneCase	4	4	32768	65535	-1
laneCase	4	4	32769	0	0
laneCase	4	4	32769	1	0
laneCase	4	4	32769	32511	0
laneCase	4	4	32769	32767	0
laneCase	4	4	32769	32768	0
laneCase	4	4	32769	32769	0
laneCase	4	4	32769	33025	0
laneCase	4	4	32769	65534	0
laneCase	4	4	32769	65535	0
laneCase	4	4	32770	0	1
laneCase	4	4	32770	1	1
laneCase	4	4	32770	32511	1
laneCase	4	4	32770	32767	1
laneCase	4	4	32770	32768	1
laneCase	4	4	32770	32769	1
laneCase	4	4	32770	33025	1
laneCase	4	4	32770	65534	1
laneCase	4	4	32770	65535	1
laneCase	4	4	33026	0	257
laneCase	4	4	33026	1	257
laneCase	4	4	33026	32511	257
laneCase	4	4	33026	32767	257
laneCase	4	4	33026	32768	257
laneCase	4	4	33026	32769	257
laneCase	4	4	33026	33025	257
laneCase	4	4	33026	65534	257
laneCase	4	4	33026	65535	257
laneCase	4	4	65535	0	32766
laneCase	4	4	65535	1	32766
laneCase	4	4	65535	32511	32766
laneCase	4	4	65535	32767	32766
laneCase	4	4	65535	32768	32766
laneCase	4	4	65535	32769	32766
laneCase	4	4	65535	33025	32766
laneCase	4	4	65535	65534	32766
laneCase	4	4	65535	65535	32766
laneCase	4	4	0	0	32767
laneCase	4	4	0	1	32767
laneCase	4	4	0	32511	32767
laneCase	4	4	0	32767	32767
laneCase	4	4	0	32768	32767
laneCase	4	4	0	32769	32767
laneCase	4	4	0	33025	32767
laneCase	4	4	0	65534	32767
laneCase	4	4	0	65535	32767
laneCase	4	5	65535	0	-32768
laneCase	4	5	0	0	-32768
laneCase	4	5	32510	0	-32768
laneCase	4	5	32766	0	-32768
laneCase	4	5	32767	0	-32768
laneCase	4	5	32768	0	-32768
laneCase	4	5	33024	0	-32768
laneCase	4	5	65533	0	-32768
laneCase	4	5	65534	0	-32768
laneCase	4	5	65535	1	-32767
laneCase	4	5	0	1	-32767
laneCase	4	5	32510	1	-32767
laneCase	4	5	32766	1	-32767
laneCase	4	5	32767	1	-32767
laneCase	4	5	32768	1	-32767
laneCase	4	5	33024	1	-32767
laneCase	4	5	65533	1	-32767
laneCase	4	5	65534	1	-32767
laneCase	4	5	65535	32511	-257
laneCase	4	5	0	32511	-257
laneCase	4	5	32510	32511	-257
laneCase	4	5	32766	32511	-257
laneCase	4	5	32767	32511	-257
laneCase	4	5	32768	32511	-257
laneCase	4	5	33024	32511	-257
laneCase	4	5	65533	32511	-257
laneCase	4	5	65534	32511	-257
laneCase	4	5	65535	32767	-1
laneCase	4	5	0	32767	-1
laneCase	4	5	32510	32767	-1
laneCase	4	5	32766	32767	-1
laneCase	4	5	32767	32767	-1
laneCase	4	5	32768	32767	-1
laneCase	4	5	33024	32767	-1
laneCase	4	5	65533	32767	-1
laneCase	4	5	65534	32767	-1
laneCase	4	5	65535	32768	0
laneCase	4	5	0	32768	0
laneCase	4	5	32510	32768	0
laneCase	4	5	32766	32768	0
laneCase	4	5	32767	32768	0
laneCase	4	5	32768	32768	0
laneCase	4	5	33024	32768	0
laneCase	4	5	65533	32768	0
laneCase	4	5	65534	32768	0
laneCase	4	5	65535	32769	1
laneCase	4	5	0	32769	1
laneCase	4	5	32510	32769	1
laneCase	4	5	32766	32769	1
laneCase	4	5	32767	32769	1
laneCase	4	5	32768	32769	1
laneCase	4	5	33024	32769	1
laneCase	4	5	65533	32769	1
laneCase	4	5	65534	32769	1
laneCase	4	5	65535	33025	257
laneCase	4	5	0	33025	257
laneCase	4	5	32510	33025	257
laneCase	4	5	32766	33025	257
laneCase	4	5	32767	33025	257
laneCase	4	5	32768	33025	257
laneCase	4	5	33024	33025	257
laneCase	4	5	65533	33025	257
laneCase	4	5	65534	33025	257
laneCase	4	5	65535	65534	32766
laneCase	4	5	0	65534	32766
laneCase	4	5	32510	65534	32766
laneCase	4	5	32766	65534	32766
laneCase	4	5	32767	65534	32766
laneCase	4	5	32768	65534	32766
laneCase	4	5	33024	65534	32766
laneCase	4	5	65533	65534	32766
laneCase	4	5	65534	65534	32766
laneCase	4	5	65535	65535	32767
laneCase	4	5	0	65535	32767
laneCase	4	5	32510	65535	32767
laneCase	4	5	32766	65535	32767
laneCase	4	5	32767	65535	32767
laneCase	4	5	32768	65535	32767
laneCase	4	5	33024	65535	32767
laneCase	4	5	65533	65535	32767
laneCase	4	5	65534	65535	32767
laneCase	4	6	54611	42849	-32768
laneCase	4	6	54611	63014	-32768
laneCase	4	6	54611	5020	-32768
laneCase	4	6	54611	55452	-32768
laneCase	4	6	54611	10081	-32768
laneCase	4	6	54611	30246	-32768
laneCase	4	6	54611	15142	-32768
laneCase	4	6	54611	2519	-32768
laneCase	4	6	54611	22684	-32768
laneCase	4	6	32766	42849	-32767
laneCase	4	6	32766	63014	-32767
laneCase	4	6	32766	5020	-32767
laneCase	4	6	32766	55452	-32767
laneCase	4	6	32766	10081	-32767
laneCase	4	6	32766	30246	-32767
laneCase	4	6	32766	15142	-32767
laneCase	4	6	32766	2519	-32767
laneCase	4	6	32766	22684	-32767
laneCase	4	6	65448	42849	-257
laneCase	4	6	65448	63014	-257
laneCase	4	6	65448	5020	-257
laneCase	4	6	65448	55452	-257
laneCase	4	6	65448	10081	-257
laneCase	4	6	65448	30246	-257
laneCase	4	6	65448	15142	-257
laneCase	4	6	65448	2519	-257
laneCase	4	6	65448	22684	-257
laneCase	4	6	43688	42849	-1
laneCase	4	6	43688	63014	-1
laneCase	4	6	43688	5020	-1
laneCase	4	6	43688	55452	-1
laneCase	4	6	43688	10081	-1
laneCase	4	6	43688	30246	-1
laneCase	4	6	43688	15142	-1
laneCase	4	6	43688	2519	-1
laneCase	4	6	43688	22684	-1
laneCase	4	6	21843	42849	0
laneCase	4	6	21843	63014	0
laneCase	4	6	21843	5020	0
laneCase	4	6	21843	55452	0
laneCase	4	6	21843	10081	0
laneCase	4	6	21843	30246	0
laneCase	4	6	21843	15142	0
laneCase	4	6	21843	2519	0
laneCase	4	6	21843	22684	0
laneCase	4	6	65534	42849	1
laneCase	4	6	65534	63014	1
laneCase	4	6	65534	5020	1
laneCase	4	6	65534	55452	1
laneCase	4	6	65534	10081	1
laneCase	4	6	65534	30246	1
laneCase	4	6	65534	15142	1
laneCase	4	6	65534	2519	1
laneCase	4	6	65534	22684	1
laneCase	4	6	43774	42849	257
laneCase	4	6	43774	63014	257
laneCase	4	6	43774	5020	257
laneCase	4	6	43774	55452	257
laneCase	4	6	43774	10081	257
laneCase	4	6	43774	30246	257
laneCase	4	6	43774	15142	257
laneCase	4	6	43774	2519	257
laneCase	4	6	43774	22684	257
laneCase	4	6	32765	42849	32766
laneCase	4	6	32765	63014	32766
laneCase	4	6	32765	5020	32766
laneCase	4	6	32765	55452	32766
laneCase	4	6	32765	10081	32766
laneCase	4	6	32765	30246	32766
laneCase	4	6	32765	15142	32766
laneCase	4	6	32765	2519	32766
laneCase	4	6	32765	22684	32766
laneCase	4	6	10920	42849	32767
laneCase	4	6	10920	63014	32767
laneCase	4	6	10920	5020	32767
laneCase	4	6	10920	55452	32767
laneCase	4	6	10920	10081	32767
laneCase	4	6	10920	30246	32767
laneCase	4	6	10920	15142	32767
laneCase	4	6	10920	2519	32767
laneCase	4	6	10920	22684	32767
laneCase	4	7	9639	19663	-32768
laneCase	4	7	5784	19663	-32768
laneCase	4	7	50102	19663	-32768
laneCase	4	7	46262	19663	-32768
laneCase	4	7	42407	19663	-32768
laneCase	4	7	38552	19663	-32768
laneCase	4	7	34712	19663	-32768
laneCase	4	7	17349	19663	-32768
laneCase	4	7	13494	19663	-32768
laneCase	4	7	9639	6556	-32767
laneCase	4	7	5784	6556	-32767
laneCase	4	7	50102	6556	-32767
laneCase	4	7	46262	6556	-32767
laneCase	4	7	42407	6556	-32767
laneCase	4	7	38552	6556	-32767
laneCase	4	7	34712	6556	-32767
laneCase	4	7	17349	6556	-32767
laneCase	4	7	13494	6556	-32767
laneCase	4	7	9639	13058	-257
laneCase	4	7	5784	13058	-257
laneCase	4	7	50102	13058	-257
laneCase	4	7	46262	13058	-257
laneCase	4	7	42407	13058	-257
laneCase	4	7	38552	13058	-257
laneCase	4	7	34712	13058	-257
laneCase	4	7	17349	13058	-257
laneCase	4	7	13494	13058	-257
laneCase	4	7	9639	2	-1
laneCase	4	7	5784	2	-1
laneCase	4	7	50102	2	-1
laneCase	4	7	46262	2	-1
laneCase	4	7	42407	2	-1
laneCase	4	7	38552	2	-1
laneCase	4	7	34712	2	-1
laneCase	4	7	17349	2	-1
laneCase	4	7	13494	2	-1
laneCase	4	7	9639	52431	0
laneCase	4	7	5784	52431	0
laneCase	4	7	50102	52431	0
laneCase	4	7	46262	52431	0
laneCase	4	7	42407	52431	0
laneCase	4	7	38552	52431	0
laneCase	4	7	34712	52431	0
laneCase	4	7	17349	52431	0
laneCase	4	7	13494	52431	0
laneCase	4	7	9639	39324	1
laneCase	4	7	5784	39324	1
laneCase	4	7	50102	39324	1
laneCase	4	7	46262	39324	1
laneCase	4	7	42407	39324	1
laneCase	4	7	38552	39324	1
laneCase	4	7	34712	39324	1
laneCase	4	7	17349	39324	1
laneCase	4	7	13494	39324	1
laneCase	4	7	9639	26268	257
laneCase	4	7	5784	26268	257
laneCase	4	7	50102	26268	257
laneCase	4	7	46262	26268	257
laneCase	4	7	42407	26268	257
laneCase	4	7	38552	26268	257
laneCase	4	7	34712	26268	257
laneCase	4	7	17349	26268	257
laneCase	4	7	13494	26268	257
laneCase	4	7	9639	45877	32766
laneCase	4	7	5784	45877	32766
laneCase	4	7	50102	45877	32766
laneCase	4	7	46262	45877	32766
laneCase	4	7	42407	45877	32766
laneCase	4	7	38552	45877	32766
laneCase	4	7	34712	45877	32766
laneCase	4	7	17349	45877	32766
laneCase	4	7	13494	45877	32766
laneCase	4	7	9639	32770	32767
laneCase	4	7	5784	32770	32767
laneCase	4	7	50102	32770	32767
laneCase	4	7	46262	32770	32767
laneCase	4	7	42407	32770	32767
laneCase	4	7	38552	32770	32767
laneCase	4	7	34712	32770	32767
laneCase	4	7	17349	32770	32767
laneCase	4	7	13494	32770	32767
laneCase	5	0	-65565	-32768	-32768
laneCase	5	0	-65564	-32767	-32768
laneCase	5	0	-33054	-257	-32768
laneCase	5	0	-32798	-1	-32768
laneCase	5	0	-32797	0	-32768
laneCase	5	0	-32796	1	-32768
laneCase	5	0	-32540	257	-32768
laneCase	5	0	-31	32766	-32768
laneCase	5	0	-30	32767	-32768
laneCase	5	0	-65564	-32768	-32767
laneCase	5	0	-65563	-32767	-32767
laneCase	5	0	-33053	-257	-32767
laneCase	5	0	-32797	-1	-32767
laneCase	5	0	-32796	0	-32767
laneCase	5	0	-32795	1	-32767
laneCase	5	0	-32539	257	-32767
laneCase	5	0	-30	32766	-32767
laneCase	5	0	-29	32767	-32767
laneCase	5	0	-33054	-32768	-257
laneCase	5	0	-33053	-32767	-257
laneCase	5	0	-543	-257	-257
laneCase	5	0	-287	-1	-257
laneCase	5	0	-286	0	-257
laneCase	5	0	-285	1	-257
laneCase	5	0	-29	257	-257
laneCase	5	0	32480	32766	-257
laneCase	5	0	32481	32767	-257
laneCase	5	0	-32798	-32768	-1
laneCase	5	0	-32797	-32767	-1
laneCase	5	0	-287	-257	-1
laneCase	5	0	-31	-1	-1
laneCase	5	0	-30	0	-1
laneCase	5	0	-29	1	-1
laneCase	5	0	227	257	-1
laneCase	5	0	32736	32766	-1
laneCase	5	0	32737	32767	-1
laneCase	5	0	-32797	-32768	0
laneCase	5	0	-32796	-32767	0
laneCase	5	0	-286	-257	0
laneCase	5	0	-30	-1	0
laneCase	5	0	-29	0	0
laneCase	5	0	-28	1	0
laneCase	5	0	228	257	0
laneCase	5	0	32737	32766	0
laneCase	5	0	32738	32767	0
laneCase	5	0	-32796	-32768	1
laneCase	5	0	-32795	-32767	1
laneCase	5	0	-285	-257	1
laneCase	5	0	-29	-1	1
laneCase	5	0	-28	0	1
laneCase	5	0	-27	1	1
laneCase	5	0	229	257	1
laneCase	5	0	32738	32766	1
laneCase	5	0	32739	32767	1
laneCase	5	0	-32540	-32768	257
laneCase	5	0	-32539	-32767	257
laneCase	5	0	-29	-257	257
laneCase	5	0	227	-1	257
laneCase	5	0	228	0	257
laneCase	5	0	229	1	257
laneCase	5	0	485	257	257
laneCase	5	0	32994	32766	257
laneCase	5	0	32995	32767	257
laneCase	5	0	-31	-32768	32766
laneCase	5	0	-30	-32767	32766
laneCase	5	0	32480	-257	32766
laneCase	5	0	32736	-1	32766
laneCase	5	0	32737	0	32766
laneCase	5	0	32738	1	32766
laneCase	5	0	32994	257	32766
laneCase	5	0	65503	32766	32766
laneCase	5	0	65504	32767	32766
laneCase	5	0	-30	-32768	32767
laneCase	5	0	-29	-32767	32767
laneCase	5	0	32481	-257	32767
laneCase	5	0	32737	-1	32767
laneCase	5	0	32738	0	32767
laneCase	5	0	32739	1	32767
laneCase	5	0	32995	257	32767
laneCase	5	0	65504	32766	32767
laneCase	5	0	65505	32767	32767
laneCase	5	1	-65565	-32768	-32768
laneCase	5	1	-65564	-32767	-32768
laneCase	5	1	-33054	-257	-32768
laneCase	5	1	-32798	-1	-32768
laneCase	5	1	-32797	0	-32768
laneCase	5	1	-32796	1	-32768
laneCase	5	1	-32540	257	-32768
laneCase	5	1	-31	32766	-32768
laneCase	5	1	-30	32767	-32768
laneCase	5	1	-65564	-32768	-32767
laneCase	5	1	-65563	-32767	-32767
laneCase	5	1	-33053	-257	-32767
laneCase	5	1	-32797	-1	-32767
laneCase	5	1	-32796	0	-32767
laneCase	5	1	-32795	1	-32767
laneCase	5	1	-32539	257	-32767
laneCase	5	1	-30	32766	-32767
laneCase	5	1	-29	32767	-32767
laneCase	5	1	-33054	-32768	-257
laneCase	5	1	-33053	-32767	-257
laneCase	5	1	-543	-257	-257
laneCase	5	1	-287	-1	-257
laneCase	5	1	-286	0	-257
laneCase	5	1	-285	1	-257
laneCase	5	1	-29	257	-257
laneCase	5	1	32480	32766	-257
laneCase	5	1	32481	32767	-257
laneCase	5	1	-32798	-32768	-1
laneCase	5	1	-32797	-32767	-1
laneCase	5	1	-287	-257	-1
laneCase	5	1	-31	-1	-1
laneCase	5	1	-30	0	-1
laneCase	5	1	-29	1	-1
laneCase	5	1	227	257	-1
laneCase	5	1	32736	32766	-1
laneCase	5	1	32737	32767	-1
laneCase	5	1	-32797	-32768	0
laneCase	5	1	-32796	-32767	0
laneCase	5	1	-286	-257	0
laneCase	5	1	-30	-1	0
laneCase	5	1	-29	0	0
laneCase	5	1	-28	1	0
laneCase	5	1	228	257	0
laneCase	5	1	32737	32766	0
laneCase	5	1	32738	32767	0
laneCase	5	1	-32796	-32768	1
laneCase	5	1	-32795	-32767	1
laneCase	5	1	-285	-257	1
laneCase	5	1	-29	-1	1
laneCase	5	1	-28	0	1
laneCase	5	1	-27	1	1
laneCase	5	1	229	257	1
laneCase	5	1	32738	32766	1
laneCase	5	1	32739	32767	1
laneCase	5	1	-32540	-32768	257
laneCase	5	1	-32539	-32767	257
laneCase	5	1	-29	-257	257
laneCase	5	1	227	-1	257
laneCase	5	1	228	0	257
laneCase	5	1	229	1	257
laneCase	5	1	485	257	257
laneCase	5	1	32994	32766	257
laneCase	5	1	32995	32767	257
laneCase	5	1	-31	-32768	32766
laneCase	5	1	-30	-32767	32766
laneCase	5	1	32480	-257	32766
laneCase	5	1	32736	-1	32766
laneCase	5	1	32737	0	32766
laneCase	5	1	32738	1	32766
laneCase	5	1	32994	257	32766
laneCase	5	1	65503	32766	32766
laneCase	5	1	65504	32767	32766
laneCase	5	1	-30	-32768	32767
laneCase	5	1	-29	-32767	32767
laneCase	5	1	32481	-257	32767
laneCase	5	1	32737	-1	32767
laneCase	5	1	32738	0	32767
laneCase	5	1	32739	1	32767
laneCase	5	1	32995	257	32767
laneCase	5	1	65504	32766	32767
laneCase	5	1	65505	32767	32767
laneCase	5	2	-65565	-32768	-32768
laneCase	5	2	-65564	-32767	-32768
laneCase	5	2	-33054	-257	-32768
laneCase	5	2	-32798	-1	-32768
laneCase	5	2	-32797	0	-32768
laneCase	5	2	-32796	1	-32768
laneCase	5	2	-32540	257	-32768
laneCase	5	2	-31	32766	-32768
laneCase	5	2	-30	32767	-32768
laneCase	5	2	-65564	-32768	-32767
laneCase	5	2	-65563	-32767	-32767
laneCase	5	2	-33053	-257	-32767
laneCase	5	2	-32797	-1	-32767
laneCase	5	2	-32796	0	-32767
laneCase	5	2	-32795	1	-32767
laneCase	5	2	-32539	257	-32767
laneCase	5	2	-30	32766	-32767
laneCase	5	2	-29	32767	-32767
laneCase	5	2	-33054	-32768	-257
laneCase	5	2	-33053	-32767	-257
laneCase	5	2	-543	-257	-257
laneCase	5	2	-287	-1	-257
laneCase	5	2	-286	0	-257
laneCase	5	2	-285	1	-257
laneCase	5	2	-29	257	-257
laneCase	5	2	32480	32766	-257
laneCase	5	2	32481	32767	-257
laneCase	5	2	-32798	-32768	-1
laneCase	5	2	-32797	-32767	-1
laneCase	5	2	-287	-257	-1
laneCase	5	2	-31	-1	-1
laneCase	5	2	-30	0	-1
laneCase	5	2	-29	1	-1
laneCase	5	2	227	257	-1
laneCase	5	2	32736	32766	-1
laneCase	5	2	32737	32767	-1
laneCase	5	2	-32797	-32768	0
laneCase	5	2	-32796	-32767	0
laneCase	5	2	-286	-257	0
laneCase	5	2	-30	-1	0
laneCase	5	2	-29	0	0
laneCase	5	2	-28	1	0
laneCase	5	2	228	257	0
laneCase	5	2	32737	32766	0
laneCase	5	2	32738	32767	0
laneCase	5	2	-32796	-32768	1
laneCase	5	2	-32795	-32767	1
laneCase	5	2	-285	-257	1
laneCase	5	2	-29	-1	1
laneCase	5	2	-28	0	1
laneCase	5	2	-27	1	1
laneCase	5	2	229	257	1
laneCase	5	2	32738	32766	1
laneCase	5	2	32739	32767	1
laneCase	5	2	-32540	-32768	257
laneCase	5	2	-32539	-32767	257
laneCase	5	2	-29	-257	257
laneCase	5	2	227	-1	257
laneCase	5	2	228	0	257
laneCase	5	2	229	1	257
laneCase	5	2	485	257	257
laneCase	5	2	32994	32766	257
laneCase	5	2	32995	32767	257
laneCase	5	2	-31	-32768	32766
laneCase	5	2	-30	-32767	32766
laneCase	5	2	32480	-257	32766
laneCase	5	2	32736	-1	32766
laneCase	5	2	32737	0	32766
laneCase	5	2	32738	1	32766
laneCase	5	2	32994	257	32766
laneCase	5	2	65503	32766	32766
laneCase	5	2	65504	32767	32766
laneCase	5	2	-30	-32768	32767
laneCase	5	2	-29	-32767	32767
laneCase	5	2	32481	-257	32767
laneCase	5	2	32737	-1	32767
laneCase	5	2	32738	0	32767
laneCase	5	2	32739	1	32767
laneCase	5	2	32995	257	32767
laneCase	5	2	65504	32766	32767
laneCase	5	2	65505	32767	32767
laneCase	5	3	-65565	-32768	-32768
laneCase	5	3	-65564	-32767	-32768
laneCase	5	3	-33054	-257	-32768
laneCase	5	3	-32798	-1	-32768
laneCase	5	3	-32797	0	-32768
laneCase	5	3	-32796	1	-32768
laneCase	5	3	-32540	257	-32768
laneCase	5	3	-31	32766	-32768
laneCase	5	3	-30	32767	-32768
laneCase	5	3	-65564	-32768	-32767
laneCase	5	3	-65563	-32767	-32767
laneCase	5	3	-33053	-257	-32767
laneCase	5	3	-32797	-1	-32767
laneCase	5	3	-32796	0	-32767
laneCase	5	3	-32795	1	-32767
laneCase	5	3	-32539	257	-32767
laneCase	5	3	-30	32766	-32767
laneCase	5	3	-29	32767	-32767
laneCase	5	3	-33054	-32768	-257
laneCase	5	3	-33053	-32767	-257
laneCase	5	3	-543	-257	-257
laneCase	5	3	-287	-1	-257
laneCase	5	3	-286	0	-257
laneCase	5	3	-285	1	-257
laneCase	5	3	-29	257	-257
laneCase	5	3	32480	32766	-257
laneCase	5	3	32481	32767	-257
laneCase	5	3	-32798	-32768	-1
laneCase	5	3	-32797	-32767	-1
laneCase	5	3	-287	-257	-1
laneCase	5	3	-31	-1	-1
laneCase	5	3	-30	0	-1
laneCase	5	3	-29	1	-1
laneCase	5	3	227	257	-1
laneCase	5	3	32736	32766	-1
laneCase	5	3	32737	32767	-1
laneCase	5	3	-32797	-32768	0
laneCase	5	3	-32796	-32767	0
laneCase	5	3	-286	-257	0
laneCase	5	3	-30	-1	0
laneCase	5	3	-29	0	0
laneCase	5	3	-28	1	0
laneCase	5	3	228	257	0
laneCase	5	3	32737	32766	0
laneCase	5	3	32738	32767	0
laneCase	5	3	-32796	-32768	1
laneCase	5	3	-32795	-32767	1
laneCase	5	3	-285	-257	1
laneCase	5	3	-29	-1	1
laneCase	5	3	-28	0	1
laneCase	5	3	-27	1	1
laneCase	5	3	229	257	1
laneCase	5	3	32738	32766	1
laneCase	5	3	32739	32767	1
laneCase	5	3	-32540	-32768	257
laneCase	5	3	-32539	-32767	257
laneCase	5	3	-29	-257	257
laneCase	5	3	227	-1	257
laneCase	5	3	228	0	257
laneCase	5	3	229	1	257
laneCase	5	3	485	257	257
laneCase	5	3	32994	32766	257
laneCase	5	3	32995	32767	257
laneCase	5	3	-31	-32768	32766
laneCase	5	3	-30	-32767	32766
laneCase	5	3	32480	-257	32766
laneCase	5	3	32736	-1	32766
laneCase	5	3	32737	0	32766
laneCase	5	3	32738	1	32766
laneCase	5	3	32994	257	32766
laneCase	5	3	65503	32766	32766
laneCase	5	3	65504	32767	32766
laneCase	5	3	-30	-32768	32767
laneCase	5	3	-29	-32767	32767
laneCase	5	3	32481	-257	32767
laneCase	5	3	32737	-1	32767
laneCase	5	3	32738	0	32767
laneCase	5	3	32739	1	32767
laneCase	5	3	32995	257	32767
laneCase	5	3	65504	32766	32767
laneCase	5	3	65505	32767	32767
laneCase	5	4	-65565	-32768	-32768
laneCase	5	4	-65564	-32767	-32768
laneCase	5	4	-33054	-257	-32768
laneCase	5	4	-32798	-1	-32768
laneCase	5	4	-32797	0	-32768
laneCase	5	4	-32796	1	-32768
laneCase	5	4	-32540	257	-32768
laneCase	5	4	-31	32766	-32768
laneCase	5	4	-30	32767	-32768
laneCase	5	4	-65564	-32768	-32767
laneCase	5	4	-65563	-32767	-32767
laneCase	5	4	-33053	-257	-32767
laneCase	5	4	-32797	-1	-32767
laneCase	5	4	-32796	0	-32767
laneCase	5	4	-32795	1	-32767
laneCase	5	4	-32539	257	-32767
laneCase	5	4	-30	32766	-32767
laneCase	5	4	-29	32767	-32767
laneCase	5	4	-33054	-32768	-257
laneCase	5	4	-33053	-32767	-257
laneCase	5	4	-543	-257	-257
laneCase	5	4	-287	-1	-257
laneCase	5	4	-286	0	-257
laneCase	5	4	-285	1	-257
laneCase	5	4	-29	257	-257
laneCase	5	4	32480	32766	-257
laneCase	5	4	32481	32767	-257
laneCase	5	4	-32798	-32768	-1
laneCase	5	4	-32797	-32767	-1
laneCase	5	4	-287	-257	-1
laneCase	5	4	-31	-1	-1
laneCase	5	4	-30	0	-1
laneCase	5	4	-29	1	-1
laneCase	5	4	227	257	-1
laneCase	5	4	32736	32766	-1
laneCase	5	4	32737	32767	-1
laneCase	5	4	-32797	-32768	0
laneCase	5	4	-32796	-32767	0
laneCase	5	4	-286	-257	0
laneCase	5	4	-30	-1	0
laneCase	5	4	-29	0	0
laneCase	5	4	-28	1	0
laneCase	5	4	228	257	0
laneCase	5	4	32737	32766	0
laneCase	5	4	32738	32767	0
laneCase	5	4	-32796	-32768	1
laneCase	5	4	-32795	-32767	1
laneCase	5	4	-285	-257	1
laneCase	5	4	-29	-1	1
laneCase	5	4	-28	0	1
laneCase	5	4	-27	1	1
laneCase	5	4	229	257	1
laneCase	5	4	32738	32766	1
laneCase	5	4	32739	32767	1
laneCase	5	4	-32540	-32768	257
laneCase	5	4	-32539	-32767	257
laneCase	5	4	-29	-257	257
laneCase	5	4	227	-1	257
laneCase	5	4	228	0	257
laneCase	5	4	229	1	257
laneCase	5	4	485	257	257
laneCase	5	4	32994	32766	257
laneCase	5	4	32995	32767	257
laneCase	5	4	-31	-32768	32766
laneCase	5	4	-30	-32767	32766
laneCase	5	4	32480	-257	32766
laneCase	5	4	32736	-1	32766
laneCase	5	4	32737	0	32766
laneCase	5	4	32738	1	32766
laneCase	5	4	32994	257	32766
laneCase	5	4	65503	32766	32766
laneCase	5	4	65504	32767	32766
laneCase	5	4	-30	-32768	32767
laneCase	5	4	-29	-32767	32767
laneCase	5	4	32481	-257	32767
laneCase	5	4	32737	-1	32767
laneCase	5	4	32738	0	32767
laneCase	5	4	32739	1	32767
laneCase	5	4	32995	257	32767
laneCase	5	4	65504	32766	32767
laneCase	5	4	65505	32767	32767
laneCase	5	5	-65565	-32768	-32768
laneCase	5	5	-65564	-32767	-32768
laneCase	5	5	-33054	-257	-32768
laneCase	5	5	-32798	-1	-32768
laneCase	5	5	-32797	0	-32768
laneCase	5	5	-32796	1	-32768
laneCase	5	5	-32540	257	-32768
laneCase	5	5	-31	32766	-32768
laneCase	5	5	-30	32767	-32768
laneCase	5	5	-65564	-32768	-32767
laneCase	5	5	-65563	-32767	-32767
laneCase	5	5	-33053	-257	-32767
laneCase	5	5	-32797	-1	-32767
laneCase	5	5	-32796	0	-32767
laneCase	5	5	-32795	1	-32767
laneCase	5	5	-32539	257	-32767
laneCase	5	5	-30	32766	-32767
laneCase	5	5	-29	32767	-32767
laneCase	5	5	-33054	-32768	-257
laneCase	5	5	-33053	-32767	-257
laneCase	5	5	-543	-257	-257
laneCase	5	5	-287	-1	-257
laneCase	5	5	-286	0	-257
laneCase	5	5	-285	1	-257
laneCase	5	5	-29	257	-257
laneCase	5	5	32480	32766	-257
laneCase	5	5	32481	32767	-257
laneCase	5	5	-32798	-32768	-1
laneCase	5	5	-32797	-32767	-1
laneCase	5	5	-287	-257	-1
laneCase	5	5	-31	-1	-1
laneCase	5	5	-30	0	-1
laneCase	5	5	-29	1	-1
laneCase	5	5	227	257	-1
laneCase	5	5	32736	32766	-1
laneCase	5	5	32737	32767	-1
laneCase	5	5	-32797	-32768	0
laneCase	5	5	-32796	-32767	0
laneCase	5	5	-286	-257	0
laneCase	5	5	-30	-1	0
laneCase	5	5	-29	0	0
laneCase	5	5	-28	1	0
laneCase	5	5	228	257	0
laneCase	5	5	32737	32766	0
laneCase	5	5	32738	32767	0
laneCase	5	5	-32796	-32768	1
laneCase	5	5	-32795	-32767	1
laneCase	5	5	-285	-257	1
laneCase	5	5	-29	-1	1
laneCase	5	5	-28	0	1
laneCase	5	5	-27	1	1
laneCase	5	5	229	257	1
laneCase	5	5	32738	32766	1
laneCase	5	5	32739	32767	1
laneCase	5	5	-32540	-32768	257
laneCase	5	5	-32539	-32767	257
laneCase	5	5	-29	-257	257
laneCase	5	5	227	-1	257
laneCase	5	5	228	0	257
laneCase	5	5	229	1	257
laneCase	5	5	485	257	257
laneCase	5	5	32994	32766	257
laneCase	5	5	32995	32767	257
laneCase	5	5	-31	-32768	32766
laneCase	5	5	-30	-32767	32766
laneCase	5	5	32480	-257	32766
laneCase	5	5	32736	-1	32766
laneCase	5	5	32737	0	32766
laneCase	5	5	32738	1	32766
laneCase	5	5	32994	257	32766
laneCase	5	5	65503	32766	32766
laneCase	5	5	65504	32767	32766
laneCase	5	5	-30	-32768	32767
laneCase	5	5	-29	-32767	32767
laneCase	5	5	32481	-257	32767
laneCase	5	5	32737	-1	32767
laneCase	5	5	32738	0	32767
laneCase	5	5	32739	1	32767
laneCase	5	5	32995	257	32767
laneCase	5	5	65504	32766	32767
laneCase	5	5	65505	32767	32767
laneCase	5	6	-65565	-32768	-32768
laneCase	5	6	-65564	-32767	-32768
laneCase	5	6	-33054	-257	-32768
laneCase	5	6	-32798	-1	-32768
laneCase	5	6	-32797	0	-32768
laneCase	5	6	-32796	1	-32768
laneCase	5	6	-32540	257	-32768
laneCase	5	6	-31	32766	-32768
laneCase	5	6	-30	32767	-32768
laneCase	5	6	-65564	-32768	-32767
laneCase	5	6	-65563	-32767	-32767
laneCase	5	6	-33053	-257	-32767
laneCase	5	6	-32797	-1	-32767
laneCase	5	6	-32796	0	-32767
laneCase	5	6	-32795	1	-32767
laneCase	5	6	-32539	257	-32767
laneCase	5	6	-30	32766	-32767
laneCase	5	6	-29	32767	-32767
laneCase	5	6	-33054	-32768	-257
laneCase	5	6	-33053	-32767	-257
laneCase	5	6	-543	-257	-257
laneCase	5	6	-287	-1	-257
laneCase	5	6	-286	0	-257
laneCase	5	6	-285	1	-257
laneCase	5	6	-29	257	-257
laneCase	5	6	32480	32766	-257
laneCase	5	6	32481	32767	-257
laneCase	5	6	-32798	-32768	-1
laneCase	5	6	-32797	-32767	-1
laneCase	5	6	-287	-257	-1
laneCase	5	6	-31	-1	-1
laneCase	5	6	-30	0	-1
laneCase	5	6	-29	1	-1
laneCase	5	6	227	257	-1
laneCase	5	6	32736	32766	-1
laneCase	5	6	32737	32767	-1
laneCase	5	6	-32797	-32768	0
laneCase	5	6	-32796	-32767	0
laneCase	5	6	-286	-257	0
laneCase	5	6	-30	-1	0
laneCase	5	6	-29	0	0
laneCase	5	6	-28	1	0
laneCase	5	6	228	257	0
laneCase	5	6	32737	32766	0
laneCase	5	6	32738	32767	0
laneCase	5	6	-32796	-32768	1
laneCase	5	6	-32795	-32767	1
laneCase	5	6	-285	-257	1
laneCase	5	6	-29	-1	1
laneCase	5	6	-28	0	1
laneCase	5	6	-27	1	1
laneCase	5	6	229	257	1
laneCase	5	6	32738	32766	1
laneCase	5	6	32739	32767	1
laneCase	5	6	-32540	-32768	257
laneCase	5	6	-32539	-32767	257
laneCase	5	6	-29	-257	257
laneCase	5	6	227	-1	257
laneCase	5	6	228	0	257
laneCase	5	6	229	1	257
laneCase	5	6	485	257	257
laneCase	5	6	32994	32766	257
laneCase	5	6	32995	32767	257
laneCase	5	6	-31	-32768	32766
laneCase	5	6	-30	-32767	32766
laneCase	5	6	32480	-257	32766
laneCase	5	6	32736	-1	32766
laneCase	5	6	32737	0	32766
laneCase	5	6	32738	1	32766
laneCase	5	6	32994	257	32766
laneCase	5	6	65503	32766	32766
laneCase	5	6	65504	32767	32766
laneCase	5	6	-30	-32768	32767
laneCase	5	6	-29	-32767	32767
laneCase	5	6	32481	-257	32767
laneCase	5	6	32737	-1	32767
laneCase	5	6	32738	0	32767
laneCase	5	6	32739	1	32767
laneCase	5	6	32995	257	32767
laneCase	5	6	65504	32766	32767
laneCase	5	6	65505	32767	32767
laneCase	5	7	-65565	-32768	-32768
laneCase	5	7	-65564	-32767	-32768
laneCase	5	7	-33054	-257	-32768
laneCase	5	7	-32798	-1	-32768
laneCase	5	7	-32797	0	-32768
laneCase	5	7	-32796	1	-32768
laneCase	5	7	-32540	257	-32768
laneCase	5	7	-31	32766	-32768
laneCase	5	7	-30	32767	-32768
laneCase	5	7	-65564	-32768	-32767
laneCase	5	7	-65563	-32767	-32767
laneCase	5	7	-33053	-257	-32767
laneCase	5	7	-32797	-1	-32767
laneCase	5	7	-32796	0	-32767
laneCase	5	7	-32795	1	-32767
laneCase	5	7	-32539	257	-32767
laneCase	5	7	-30	32766	-32767
laneCase	5	7	-29	32767	-32767
laneCase	5	7	-33054	-32768	-257
laneCase	5	7	-33053	-32767	-257
laneCase	5	7	-543	-257	-257
laneCase	5	7	-287	-1	-257
laneCase	5	7	-286	0	-257
laneCase	5	7	-285	1	-257
laneCase	5	7	-29	257	-257
laneCase	5	7	32480	32766	-257
laneCase	5	7	32481	32767	-257
laneCase	5	7	-32798	-32768	-1
laneCase	5	7	-32797	-32767	-1
laneCase	5	7	-287	-257	-1
laneCase	5	7	-31	-1	-1
laneCase	5	7	-30	0	-1
laneCase	5	7	-29	1	-1
laneCase	5	7	227	257	-1
laneCase	5	7	32736	32766	-1
laneCase	5	7	32737	32767	-1
laneCase	5	7	-32797	-32768	0
laneCase	5	7	-32796	-32767	0
laneCase	5	7	-286	-257	0
laneCase	5	7	-30	-1	0
laneCase	5	7	-29	0	0
laneCase	5	7	-28	1	0
laneCase	5	7	228	257	0
laneCase	5	7	32737	32766	0
laneCase	5	7	32738	32767	0
laneCase	5	7	-32796	-32768	1
laneCase	5	7	-32795	-32767	1
laneCase	5	7	-285	-257	1
laneCase	5	7	-29	-1	1
laneCase	5	7	-28	0	1
laneCase	5	7	-27	1	1
laneCase	5	7	229	257	1
laneCase	5	7	32738	32766	1
laneCase	5	7	32739	32767	1
laneCase	5	7	-32540	-32768	257
laneCase	5	7	-32539	-32767	257
laneCase	5	7	-29	-257	257
laneCase	5	7	227	-1	257
laneCase	5	7	228	0	257
laneCase	5	7	229	1	257
laneCase	5	7	485	257	257
laneCase	5	7	32994	32766	257
laneCase	5	7	32995	32767	257
laneCase	5	7	-31	-32768	32766
laneCase	5	7	-30	-32767	32766
laneCase	5	7	32480	-257	32766
laneCase	5	7	32736	-1	32766
laneCase	5	7	32737	0	32766
laneCase	5	7	32738	1	32766
laneCase	5	7	32994	257	32766
laneCase	5	7	65503	32766	32766
laneCase	5	7	65504	32767	32766
laneCase	5	7	-30	-32768	32767
laneCase	5	7	-29	-32767	32767
laneCase	5	7	32481	-257	32767
laneCase	5	7	32737	-1	32767
laneCase	5	7	32738	0	32767
laneCase	5	7	32739	1	32767
laneCase	5	7	32995	257	32767
laneCase	5	7	65504	32766	32767
laneCase	5	7	65505	32767	32767
scalarHelperCase	-9223372036854775808	-32768	196263
scalarHelperCase	-9223372036854775808	-512	-235865
scalarHelperCase	-81985529216486895	-513	1669537
scalarHelperCase	-81985529216486895	16	667693
scalarHelperCase	-65537	-15	-7859
scalarHelperCase	-65537	32769	196109
scalarHelperCase	-65536	-128	-59225
scalarHelperCase	-65536	9	3795
scalarHelperCase	-32769	64	-3182783
scalarHelperCase	-32769	512	-2976703
scalarHelperCase	-32768	-9223372036854775808	196263
scalarHelperCase	-32768	-32768	-345
scalarHelperCase	-32768	-32767	115
scalarHelperCase	-32768	-257	3092699
scalarHelperCase	-32768	-1	195803
scalarHelperCase	-32768	0	196263
scalarHelperCase	-32768	1	-655245
scalarHelperCase	-32768	257	-3093389
scalarHelperCase	-32768	32766	-1265
scalarHelperCase	-32768	32767	-805
scalarHelperCase	-32767	-32768	269
scalarHelperCase	-32767	-32767	729
scalarHelperCase	-32767	-16384	1376525
scalarHelperCase	-32767	-257	3093313
scalarHelperCase	-32767	-32	3196813
scalarHelperCase	-32767	-1	196417
scalarHelperCase	-32767	0	-655091
scalarHelperCase	-32767	1	-654631
scalarHelperCase	-32767	257	-3092775
scalarHelperCase	-32767	32766	-651
scalarHelperCase	-32767	32767	-191
scalarHelperCase	-16385	-257	-741771
scalarHelperCase	-16385	256	-505791
scalarHelperCase	-16384	-32767	622707
scalarHelperCase	-16384	-7	-626157
scalarHelperCase	-16383	-8	-626003
scalarHelperCase	-16383	17	-614503
scalarHelperCase	-8193	1024	-824255
scalarHelperCase	-8192	-8191	114803
scalarHelperCase	-8192	32769	1917043
scalarHelperCase	-8191	-8192	114957
scalarHelperCase	-8191	-1	-1294527
scalarHelperCase	-4097	-129	-347019
scalarHelperCase	-4097	4096	351297
scalarHelperCase	-4096	-2047	16499
scalarHelperCase	-4096	-3	-288445
scalarHelperCase	-4095	5	-284151
scalarHelperCase	-4095	33	-271271
scalarHelperCase	-2049	2048	-316351
scalarHelperCase	-2049	16384	117825
scalarHelperCase	-2048	-511	14451
scalarHelperCase	-2048	65537	249971
scalarHelperCase	-2047	-4096	-388851
scalarHelperCase	-2047	17	257945
scalarHelperCase	-1025	-65	-659595
scalarHelperCase	-1025	65535	-630155
scalarHelperCase	-1024	-127	-687501
scalarHelperCase	-1024	0	-629081
scalarHelperCase	-1023	65	-598567
scalarHelperCase	-513	-81985529216486895	-121139
scalarHelperCase	-513	4096	323649
scalarHelperCase	-512	-9223372036854775808	-314713
scalarHelperCase	-512	-31	-328973
scalarHelperCase	-511	-2048	-1256179
scalarHelperCase	-511	257	-195879
scalarHelperCase	-257	-32768	3053121
scalarHelperCase	-257	-32767	3053581
scalarHelperCase	-257	-16385	-1534859
scalarHelperCase	-257	-257	-276363
scalarHelperCase	-257	-33	-173323
scalarHelperCase	-257	-1	-158603
scalarHelperCase	-257	0	-158143
scalarHelperCase	-257	1	-157683
scalarHelperCase	-257	257	-39923
scalarHelperCase	-257	32766	3052201
scalarHelperCase	-257	32767	3052661
scalarHelperCase	-256	-7	-160749
scalarHelperCase	-256	3	-156149
scalarHelperCase	-255	129	-97575
scalarHelperCase	-255	1025	314585
scalarHelperCase	-129	-4097	-718987
scalarHelperCase	-129	8192	-767679
scalarHelperCase	-128	-65536	-78937
scalarHelperCase	-128	0	-78937
scalarHelperCase	-127	-1024	-549363
scalarHelperCase	-127	4097	561113
scalarHelperCase	-65	-1025	-511755
scalarHelperCase	-65	-17	-48075
scalarHelperCase	-64	7	-36421
scalarHelperCase	-63	257	79193
scalarHelperCase	-63	16385	1337689
scalarHelperCase	-33	-257	-138827
scalarHelperCase	-33	16384	1355649
scalarHelperCase	-32	-32767	3191731
scalarHelperCase	-32	31	-5733
scalarHelperCase	-31	-512	-254899
scalarHelperCase	-31	65536	-19379
scalarHelperCase	-17	-65	-40683
scalarHelperCase	-17	-9	-14923
scalarHelperCase	-16	15	-3269
scalarHelperCase	-16	127	48251
scalarHelperCase	-15	-65537	-10015
scalarHelperCase	-15	513	226425
scalarHelperCase	-9	-17	-13691
scalarHelperCase	-9	32767	3204933
scalarHelperCase	-8	-16383	-1381053
scalarHelperCase	-8	511	229803
scalarHelperCase	-7	-16384	-1380899
scalarHelperCase	-7	-256	-122403
scalarHelperCase	-5	-5	-5715
scalarHelperCase	-4	31	11459
scalarHelperCase	-4	2047	938819
scalarHelperCase	-3	-4096	-641163
scalarHelperCase	-3	1025	469313
scalarHelperCase	-2	1	-1113
scalarHelperCase	-2	65535	-2033
scalarHelperCase	-1	-32768	195649
scalarHelperCase	-1	-32767	196109
scalarHelperCase	-1	-8191	687629
scalarHelperCase	-1	-257	-119179
scalarHelperCase	-1	-1	-1419
scalarHelperCase	-1	0	-959
scalarHelperCase	-1	1	-499
scalarHelperCase	-1	257	117261
scalarHelperCase	-1	8191	-689547
scalarHelperCase	-1	32766	3209385
scalarHelperCase	-1	32767	1309301
scalarHelperCase	0	-32768	196263
scalarHelperCase	0	-32767	-655245
scalarHelperCase	0	-1024	-471385
scalarHelperCase	0	-257	-118565
scalarHelperCase	0	-128	-59225
scalarHelperCase	0	-1	-805
scalarHelperCase	0	0	-345
scalarHelperCase	0	1	115
scalarHelperCase	0	257	117875
scalarHelperCase	0	32766	1309455
scalarHelperCase	0	32767	195803
scalarHelperCase	1	-32768	-655091
scalarHelperCase	1	-32767	-654631
scalarHelperCase	1	-257	-117951
scalarHelperCase	1	-2	-651
scalarHelperCase	1	-1	-191
scalarHelperCase	1	0	269
scalarHelperCase	1	1	729
scalarHelperCase	1	8	3949
scalarHelperCase	1	257	118489
scalarHelperCase	1	32766	195957
scalarHelperCase	1	32767	196417
scalarHelperCase	2	63	29863
scalarHelperCase	2	32766	-524325
scalarHelperCase	3	-256	-116263
scalarHelperCase	3	2049	944037
scalarHelperCase	4	32	16831
scalarHelperCase	4	81985529216486895	-192077
scalarHelperCase	5	-4095	-635791
scalarHelperCase	5	65537	3185
scalarHelperCase	7	-64	-25487
scalarHelperCase	8	1	5027
scalarHelperCase	8	128	63447
scalarHelperCase	9	-65536	5181
scalarHelperCase	9	127	63601
scalarHelperCase	15	-16	1505
scalarHelperCase	15	4097	648301
scalarHelperCase	16	-81985529216486895	203667
scalarHelperCase	16	512	244999
scalarHelperCase	17	-16383	-1365703
scalarHelperCase	17	-2047	-931527
scalarHelperCase	31	-32	3969
scalarHelperCase	31	-4	16849
scalarHelperCase	32	4	21143
scalarHelperCase	32	2048	961383
scalarHelperCase	33	-4095	-618599
scalarHelperCase	33	255	137217
scalarHelperCase	63	2	39257
scalarHelperCase	63	8193	-649331
scalarHelperCase	64	-32769	-3172773
scalarHelperCase	64	8192	-649177
scalarHelperCase	65	-1023	-431015
scalarHelperCase	127	-16	70273
scalarHelperCase	127	9	81773
scalarHelperCase	128	8	81927
scalarHelperCase	128	32767	-3133477
scalarHelperCase	129	-255	-38439
scalarHelperCase	129	511	313921
scalarHelperCase	255	33	171405
scalarHelperCase	255	16385	1532941
scalarHelperCase	256	-16385	-1219877
scalarHelperCase	256	81985529216486895	-37349
scalarHelperCase	257	-32768	-3053811
scalarHelperCase	257	-32767	-3053351
scalarHelperCase	257	-511	-77607
scalarHelperCase	257	-257	39233
scalarHelperCase	257	-63	128473
scalarHelperCase	257	-1	156993
scalarHelperCase	257	0	157453
scalarHelperCase	257	1	157913
scalarHelperCase	257	257	275673
scalarHelperCase	257	32766	-3054731
scalarHelperCase	257	32767	-3054271
scalarHelperCase	511	-8	309729
scalarHelperCase	511	129	372749
scalarHelperCase	512	-32769	-2897701
scalarHelperCase	512	16	321383
scalarHelperCase	513	-15	307737
scalarHelperCase	513	1023	785217
scalarHelperCase	1023	513	863757
scalarHelperCase	1023	32768	-2583487
scalarHelperCase	1024	-8193	-191269
scalarHelperCase	1025	-255	511705
scalarHelperCase	1025	-3	627625
scalarHelperCase	2047	-4	-252655
scalarHelperCase	2047	2049	-553459
scalarHelperCase	2048	-2049	314587
scalarHelperCase	2048	32	-235481
scalarHelperCase	2049	3	-248207
scalarHelperCase	2049	2047	-553151
scalarHelperCase	4095	8193	-401907
scalarHelperCase	4095	65536	285761
scalarHelperCase	4096	-4097	-353061
scalarHelperCase	4096	-513	50395
scalarHelperCase	4097	-127	228569
scalarHelperCase	4097	15	293889
scalarHelperCase	8191	-1	1292917
scalarHelperCase	8191	32768	-1917887
scalarHelperCase	8192	-129	1234651
scalarHelperCase	8192	64	1323431
scalarHelperCase	8193	63	1323585
scalarHelperCase	8193	4095	1474369
scalarHelperCase	16383	9223372036854775807	621173
scalarHelperCase	16384	-2049	924891
scalarHelperCase	16384	-33	607067
scalarHelperCase	16385	-63	593881
scalarHelperCase	16385	255	740161
scalarHelperCase	32766	-32768	-1573
scalarHelperCase	32766	-32767	-1113
scalarHelperCase	32766	-257	3091471
scalarHelperCase	32766	-1	1505295
scalarHelperCase	32766	0	1309147
scalarHelperCase	32766	1	195495
scalarHelperCase	32766	2	195955
scalarHelperCase	32766	257	-3094617
scalarHelperCase	32766	32766	-2493
scalarHelperCase	32766	32767	-2033
scalarHelperCase	32767	-32768	-959
scalarHelperCase	32767	-32767	-499
scalarHelperCase	32767	-257	3092085
scalarHelperCase	32767	-9	3206165
scalarHelperCase	32767	-1	1309301
scalarHelperCase	32767	0	195649
scalarHelperCase	32767	1	196109
scalarHelperCase	32767	128	-3153343
scalarHelperCase	32767	257	-3094003
scalarHelperCase	32767	32766	-1879
scalarHelperCase	32767	32767	-1419
scalarHelperCase	32768	1023	-2741029
scalarHelperCase	32768	8191	-688933
scalarHelperCase	32769	-65537	196417
scalarHelperCase	32769	-8192	688397
scalarHelperCase	65535	-1025	-472459
scalarHelperCase	65535	-2	-1879
scalarHelperCase	65536	-31	-14605
scalarHelperCase	65536	4095	638171
scalarHelperCase	65537	-2048	-941811
scalarHelperCase	65537	5	2569
scalarHelperCase	81985529216486895	4	-659183
scalarHelperCase	81985529216486895	256	-543263
scalarHelperCase	9223372036854775807	16383	1374837
tupleHelperCase	-9223372036854775808	-32768	-2121296
tupleHelperCase	-9223372036854775808	-512	422832
tupleHelperCase	-81985529216486895	-513	773047
tupleHelperCase	-81985529216486895	16	1433942
tupleHelperCase	-65537	-15	-911639
tupleHelperCase	-65537	32769	-24871
tupleHelperCase	-65536	-128	276016
tupleHelperCase	-65536	9	-961
tupleHelperCase	-32769	64	19994
tupleHelperCase	-32769	512	-250790
tupleHelperCase	-32768	-9223372036854775808	-2940496
tupleHelperCase	-32768	-32768	-155216
tupleHelperCase	-32768	-32767	-2056825
tupleHelperCase	-32768	-257	151257
tupleHelperCase	-32768	-1	-121383
tupleHelperCase	-32768	0	-2940496
tupleHelperCase	-32768	1	-57977
tupleHelperCase	-32768	257	-330617
tupleHelperCase	-32768	32766	-153086
tupleHelperCase	-32768	32767	-2054695
tupleHelperCase	-32767	-32768	-2059002
tupleHelperCase	-32767	-32767	171061
tupleHelperCase	-32767	-16384	-764666
tupleHelperCase	-32767	-257	712407
tupleHelperCase	-32767	-32	-315610
tupleHelperCase	-32767	-1	-258601
tupleHelperCase	-32767	0	-1960698
tupleHelperCase	-32767	1	72757
tupleHelperCase	-32767	257	-701643
tupleHelperCase	-32767	32766	-358744
tupleHelperCase	-32767	32767	-160297
tupleHelperCase	-16385	-257	-901413
tupleHelperCase	-16385	256	-381606
tupleHelperCase	-16384	-32767	-582265
tupleHelperCase	-16384	-7	-1261873
tupleHelperCase	-16383	-8	-894066
tupleHelperCase	-16383	17	1249061
tupleHelperCase	-8193	1024	27226
tupleHelperCase	-8192	-8191	-623225
tupleHelperCase	-8192	32769	187783
tupleHelperCase	-8191	-8192	-625402
tupleHelperCase	-8191	-1	-1094185
tupleHelperCase	-4097	-129	-385445
tupleHelperCase	-4097	4096	-278950
tupleHelperCase	-4096	-2047	-555641
tupleHelperCase	-4096	-3	-373205
tupleHelperCase	-4095	5	874737
tupleHelperCase	-4095	33	1319445
tupleHelperCase	-2049	2048	-756134
tupleHelperCase	-2049	16384	-377254
tupleHelperCase	-2048	-511	655239
tupleHelperCase	-2048	65537	372103
tupleHelperCase	-2047	-4096	-756474
tupleHelperCase	-2047	17	-581851
tupleHelperCase	-1025	-65	-448997
tupleHelperCase	-1025	65535	-703013
tupleHelperCase	-1024	-127	-34297
tupleHelperCase	-1024	0	-931408
tupleHelperCase	-1023	65	-315403
tupleHelperCase	-513	-81985529216486895	-26423
tupleHelperCase	-513	4096	-298406
tupleHelperCase	-512	-9223372036854775808	-821840
tupleHelperCase	-512	-31	345767
tupleHelperCase	-511	-2048	1569030
tupleHelperCase	-511	257	-987339
tupleHelperCase	-257	-32768	-567206
tupleHelperCase	-257	-32767	1175769
tupleHelperCase	-257	-16385	-426021
tupleHelperCase	-257	-257	-1392421
tupleHelperCase	-257	-33	-970757
tupleHelperCase	-257	-1	-901157
tupleHelperCase	-257	0	-665510
tupleHelperCase	-257	1	1077465
tupleHelperCase	-257	257	61401
tupleHelperCase	-257	32766	730972
tupleHelperCase	-257	32767	-802853
tupleHelperCase	-256	-7	282831
tupleHelperCase	-256	3	-149707
tupleHelperCase	-255	129	1050037
tupleHelperCase	-255	1025	-644555
tupleHelperCase	-129	-4097	-1224997
tupleHelperCase	-129	8192	287578
tupleHelperCase	-128	-65536	-559440
tupleHelperCase	-128	0	-559440
tupleHelperCase	-127	-1024	-479738
tupleHelperCase	-127	4097	46389
tupleHelperCase	-65	-1025	213595
tupleHelperCase	-65	-17	-1796501
tupleHelperCase	-64	7	-1092335
tupleHelperCase	-63	257	-155723
tupleHelperCase	-63	16385	405685
tupleHelperCase	-33	-257	-1458405
tupleHelperCase	-33	16384	-359526
tupleHelperCase	-32	-32767	903111
tupleHelperCase	-32	31	-48903
tupleHelperCase	-31	-512	-701370
tupleHelperCase	-31	65536	109126
tupleHelperCase	-17	-65	-1900997
tupleHelperCase	-17	-9	-465405
tupleHelperCase	-16	15	-652439
tupleHelperCase	-16	127	-208519
tupleHelperCase	-15	-65537	-881161
tupleHelperCase	-15	513	888661
tupleHelperCase	-9	-17	-482821
tupleHelperCase	-9	32767	-819733
tupleHelperCase	-8	-16383	92183
tupleHelperCase	-8	511	-125975
tupleHelperCase	-7	-16384	-1000874
tupleHelperCase	-7	-256	-259242
tupleHelperCase	-5	-5	-880281
tupleHelperCase	-4	31	-371519
tupleHelperCase	-4	2047	-442911
tupleHelperCase	-3	-4096	284590
tupleHelperCase	-3	1025	744829
tupleHelperCase	-2	1	8235
tupleHelperCase	-2	65535	21981
tupleHelperCase	-1	-32768	110170
tupleHelperCase	-1	-32767	-24871
tupleHelperCase	-1	-8191	-1556775
tupleHelperCase	-1	-257	-1458469
tupleHelperCase	-1	-1	-967205
tupleHelperCase	-1	0	11866
tupleHelperCase	-1	1	-123175
tupleHelperCase	-1	257	368089
tupleHelperCase	-1	8191	-1499685
tupleHelperCase	-1	32766	-78500
tupleHelperCase	-1	32767	-868901
tupleHelperCase	0	-32768	-2121296
tupleHelperCase	0	-32767	-1925753
tupleHelperCase	0	-1024	-539216
tupleHelperCase	0	-257	282329
tupleHelperCase	0	-128	276016
tupleHelperCase	0	-1	9689
tupleHelperCase	0	0	-974416
tupleHelperCase	0	1	7559
tupleHelperCase	0	257	-265081
tupleHelperCase	0	32766	-415230
tupleHelperCase	0	32767	-1989159
tupleHelperCase	1	-32768	-92922
tupleHelperCase	1	-32767	-1074123
tupleHelperCase	1	-257	909015
tupleHelperCase	1	-2	1704
tupleHelperCase	1	-1	134615
tupleHelperCase	1	0	5382
tupleHelperCase	1	1	-975819
tupleHelperCase	1	8	20094
tupleHelperCase	1	257	-1750219
tupleHelperCase	1	32766	-96600
tupleHelperCase	1	32767	36311
tupleHelperCase	2	63	300949
tupleHelperCase	2	32766	1794894
tupleHelperCase	3	-256	793778
tupleHelperCase	3	2049	-1240687
tupleHelperCase	4	32	-649752
tupleHelperCase	4	81985529216486895	-166815
tupleHelperCase	5	-4095	-252179
tupleHelperCase	5	65537	-977171
tupleHelperCase	7	-64	-1246902
tupleHelperCase	8	1	4855
tupleHelperCase	8	128	-915488
tupleHelperCase	9	-65536	-20554
tupleHelperCase	9	127	-572089
tupleHelperCase	15	-16	-719926
tupleHelperCase	15	4097	915897
tupleHelperCase	16	-81985529216486895	859095
tupleHelperCase	16	512	-1506032
tupleHelperCase	17	-16383	-1095915
tupleHelperCase	17	-2047	888597
tupleHelperCase	31	-32	-186054
tupleHelperCase	31	-4	-447714
tupleHelperCase	32	4	-710708
tupleHelperCase	32	2048	607344
tupleHelperCase	33	-4095	501
tupleHelperCase	33	255	605335
tupleHelperCase	63	2	168152
tupleHelperCase	63	8193	-1529255
tupleHelperCase	64	-32769	1025369
tupleHelperCase	64	8192	841520
tupleHelperCase	65	-1023	723893
tupleHelperCase	127	-16	-519830
tupleHelperCase	127	9	-828975
tupleHelperCase	128	8	-1176728
tupleHelperCase	128	32767	632025
tupleHelperCase	129	-255	476213
tupleHelperCase	129	511	289495
tupleHelperCase	255	33	122041
tupleHelperCase	255	16385	-684839
tupleHelperCase	256	-16385	25561
tupleHelperCase	256	81985529216486895	-595863
tupleHelperCase	257	-32768	584454
tupleHelperCase	257	-32767	-1160651
tupleHelperCase	257	-511	355381
tupleHelperCase	257	-257	449751
tupleHelperCase	257	-63	654965
tupleHelperCase	257	-1	920535
tupleHelperCase	257	0	682758
tupleHelperCase	257	1	-1062347
tupleHelperCase	257	257	-329419
tupleHelperCase	257	32766	-906072
tupleHelperCase	257	32767	822231
tupleHelperCase	511	-8	251490
tupleHelperCase	511	129	-1394087
tupleHelperCase	512	-32769	1286617
tupleHelperCase	512	16	166688
tupleHelperCase	513	-15	-260795
tupleHelperCase	513	1023	640471
tupleHelperCase	1023	513	-469799
tupleHelperCase	1023	32768	-129446
tupleHelperCase	1024	-8193	81369
tupleHelperCase	1025	-255	-1530571
tupleHelperCase	1025	-3	1259385
tupleHelperCase	2047	-4	-1106850
tupleHelperCase	2047	2049	-1341735
tupleHelperCase	2048	-2049	-369191
tupleHelperCase	2048	32	-242544
tupleHelperCase	2049	3	-189805
tupleHelperCase	2049	2047	-1346089
tupleHelperCase	4095	8193	-1777959
tupleHelperCase	4095	65536	101978
tupleHelperCase	4096	-4097	497113
tupleHelperCase	4096	-513	219097
tupleHelperCase	4097	-127	-1481547
tupleHelperCase	4097	15	942279
tupleHelperCase	8191	-1	1113563
tupleHelperCase	8191	32768	-889254
tupleHelperCase	8192	-129	260697
tupleHelperCase	8192	64	-993424
tupleHelperCase	8193	63	1218967
tupleHelperCase	8193	4095	1228247
tupleHelperCase	16383	9223372036854775807	-737829
tupleHelperCase	16384	-2049	-1380903
tupleHelperCase	16384	-33	11001
tupleHelperCase	16385	-63	-1322891
tupleHelperCase	16385	255	441559
tupleHelperCase	32766	-32768	-148732
tupleHelperCase	32766	-32767	-1400789
tupleHelperCase	32766	-257	-971043
tupleHelperCase	32766	-1	-1026595
tupleHelperCase	32766	0	-2475260
tupleHelperCase	32766	1	1253419
tupleHelperCase	32766	2	197970
tupleHelperCase	32766	257	1001259
tupleHelperCase	32766	32766	-134986
tupleHelperCase	32766	32767	-1387043
tupleHelperCase	32767	-32768	-1855910
tupleHelperCase	32767	-32767	171737
tupleHelperCase	32767	-257	-737573
tupleHelperCase	32767	-9	-214557
tupleHelperCase	32767	-1	-49701
tupleHelperCase	32767	0	-1954214
tupleHelperCase	32767	1	270041
tupleHelperCase	32767	128	-234022
tupleHelperCase	32767	257	761305
tupleHelperCase	32767	32766	-799396
tupleHelperCase	32767	32767	-148005
tupleHelperCase	32768	1023	623065
tupleHelperCase	32768	8191	-391719
tupleHelperCase	32769	-65537	-258601
tupleHelperCase	32769	-8192	537862
tupleHelperCase	65535	-1025	-179749
tupleHelperCase	65535	-2	19804
tupleHelperCase	65536	-31	41639
tupleHelperCase	65536	4095	-551463
tupleHelperCase	65537	-2048	-287482
tupleHelperCase	65537	5	-968463
tupleHelperCase	81985529216486895	4	678134
tupleHelperCase	81985529216486895	256	273402
tupleHelperCase	9223372036854775807	16383	-590373
