plusCase	-9223372036854775808	-128	-1225
plusCase	-81985529216486895	-2	-11059
plusCase	-257	63	725
plusCase	-256	-128	-1225
plusCase	-129	-2	-14351
plusCase	-128	-9223372036854775808	-1225
plusCase	-128	-256	-1225
plusCase	-128	-128	9527
plusCase	-128	-127	-14821
plusCase	-128	-65	-5805
plusCase	-128	-63	10523
plusCase	-128	-31	9627
plusCase	-128	-15	1243
plusCase	-128	-7	9979
plusCase	-128	-3	-13941
plusCase	-128	-1	-9389
plusCase	-128	0	-1225
plusCase	-128	1	3611
plusCase	-128	3	18659
plusCase	-128	7	11379
plusCase	-128	15	-10349
plusCase	-128	31	1491
plusCase	-128	63	-14509
plusCase	-128	65	1819
plusCase	-128	126	17263
plusCase	-128	127	14931
plusCase	-128	129	-14821
plusCase	-128	257	3611
plusCase	-127	-128	-20043
plusCase	-127	-127	-21351
plusCase	-127	-65	2769
plusCase	-127	-1	-815
plusCase	-127	0	4021
plusCase	-127	1	12185
plusCase	-127	65	2457
plusCase	-127	126	15341
plusCase	-127	127	11473
plusCase	-65	-128	5945
plusCase	-65	-127	-995
plusCase	-65	-65	-11691
plusCase	-65	-2	13169
plusCase	-65	-1	-12715
plusCase	-65	0	-11975
plusCase	-65	1	-3811
plusCase	-65	65	6685
plusCase	-65	126	1649
plusCase	-65	127	-2219
plusCase	-64	63	13011
plusCase	-63	-128	7989
plusCase	-33	-2	1841
plusCase	-32	63	-10093
plusCase	-31	-128	4341
plusCase	-17	-2	-5103
plusCase	-16	63	6003
plusCase	-15	-128	12501
plusCase	-9	-2	-8447
plusCase	-8	63	-13725
plusCase	-7	-128	-10555
plusCase	-5	-2	-11783
plusCase	-4	63	5467
plusCase	-3	-128	-6723
plusCase	-2	-81985529216486895	14431
plusCase	-2	-129	-21417
plusCase	-2	-65	2135
plusCase	-2	-33	9175
plusCase	-2	-17	23
plusCase	-2	-9	7479
plusCase	-2	-5	-16441
plusCase	-2	-2	8051
plusCase	-2	1	18975
plusCase	-2	4	-14901
plusCase	-2	8	-10917
plusCase	-2	16	8059
plusCase	-2	32	-4165
plusCase	-2	64	12347
plusCase	-2	127	-21417
plusCase	-2	255	16215
plusCase	-2	81985529216486895	23
plusCase	-1	-128	-9799
plusCase	-1	-127	-1635
plusCase	-1	-65	-15659
plusCase	-1	-1	24789
plusCase	-1	0	25017
plusCase	-1	1	8605
plusCase	-1	63	725
plusCase	-1	65	1949
plusCase	-1	126	-14351
plusCase	-1	127	-13611
plusCase	0	-128	-1225
plusCase	0	-127	3611
plusCase	0	-65	-14509
plusCase	0	-1	14931
plusCase	0	0	9527
plusCase	0	1	-14821
plusCase	0	65	10523
plusCase	0	126	-13201
plusCase	0	127	-9389
plusCase	1	-128	4021
plusCase	1	-127	12185
plusCase	1	-65	-5935
plusCase	1	-2	15341
plusCase	1	-1	11473
plusCase	1	0	-20043
plusCase	1	1	-21351
plusCase	1	65	5529
plusCase	1	126	-8979
plusCase	1	127	-815
plusCase	2	63	11343
plusCase	3	-128	11185
plusCase	4	-2	359
plusCase	5	63	23497
plusCase	7	-128	-13655
plusCase	8	-2	14175
plusCase	9	63	-7487
plusCase	15	-128	-11111
plusCase	16	-2	5967
plusCase	17	63	9137
plusCase	31	-128	2169
plusCase	32	-2	-1489
plusCase	33	63	11409
plusCase	63	-257	-2219
plusCase	63	-128	-11975
plusCase	63	-64	23097
plusCase	63	-32	6329
plusCase	63	-16	1273
plusCase	63	-8	17433
plusCase	63	-4	-4183
plusCase	63	-1	-2219
plusCase	63	2	-6399
plusCase	63	5	-9811
plusCase	63	9	21053
plusCase	63	17	-11171
plusCase	63	33	-1891
plusCase	63	65	285
plusCase	63	128	-11975
plusCase	63	256	5945
plusCase	63	9223372036854775807	-2219
plusCase	64	-2	-1809
plusCase	65	-128	5173
plusCase	65	-127	5401
plusCase	65	-65	9553
plusCase	65	-1	-175
plusCase	65	0	7989
plusCase	65	1	2585
plusCase	65	63	1105
plusCase	65	65	14105
plusCase	65	126	-3731
plusCase	65	127	-2991
plusCase	126	-128	24379
plusCase	126	-127	18975
plusCase	126	-65	4183
plusCase	126	-1	-21417
plusCase	126	0	-14021
plusCase	126	1	-10209
plusCase	126	65	-15329
plusCase	126	126	8051
plusCase	126	127	16215
plusCase	127	-128	25017
plusCase	127	-127	8605
plusCase	127	-65	725
plusCase	127	-2	-14351
plusCase	127	-1	-13611
plusCase	127	0	-9799
plusCase	127	1	-1635
plusCase	127	65	-6755
plusCase	127	126	16625
plusCase	127	127	24789
plusCase	128	63	-14509
plusCase	129	-128	-20043
plusCase	255	-2	16625
plusCase	256	63	-5805
plusCase	257	-128	4021
plusCase	81985529216486895	-2	-5103
plusCase	9223372036854775807	63	725
minusCase	-9223372036854775808	-128	1351
minusCase	-81985529216486895	-2	-2587
minusCase	-257	63	30449
minusCase	-256	-128	1351
minusCase	-129	-2	-41879
minusCase	-128	-9223372036854775808	1351
minusCase	-128	-256	1351
minusCase	-128	-128	839
minusCase	-128	-127	-1329
minusCase	-128	-65	26559
minusCase	-128	-63	22223
minusCase	-128	-31	-10801
minusCase	-128	-15	8015
minusCase	-128	-7	17039
minusCase	-128	-3	-849
minusCase	-128	-1	-4673
minusCase	-128	0	1351
minusCase	-128	1	-5169
minusCase	-128	3	-9505
minusCase	-128	7	-4609
minusCase	-128	15	-7617
minusCase	-128	31	-7489
minusCase	-128	63	-20545
minusCase	-128	65	-305
minusCase	-128	126	5175
minusCase	-128	127	3007
minusCase	-128	129	-1329
minusCase	-128	257	-5169
minusCase	-127	-128	-3051
minusCase	-127	-127	-5219
minusCase	-127	-65	22669
minusCase	-127	-1	141
minusCase	-127	0	21
minusCase	-127	1	-4707
minusCase	-127	65	-28771
minusCase	-127	126	1285
minusCase	-127	127	-883
minusCase	-65	-128	-18951
minusCase	-65	-127	12929
minusCase	-65	-65	8817
minusCase	-65	-2	32745
minusCase	-65	-1	30577
minusCase	-65	0	1273
minusCase	-65	1	-19327
minusCase	-65	65	-3199
minusCase	-65	126	-14615
minusCase	-65	127	-16783
minusCase	-64	63	-1729
minusCase	-63	-128	-26731
minusCase	-33	-2	-4439
minusCase	-32	63	15103
minusCase	-31	-128	-13227
minusCase	-17	-2	5513
minusCase	-16	63	-1569
minusCase	-15	-128	1333
minusCase	-9	-2	2297
minusCase	-8	63	3407
minusCase	-7	-128	-2907
minusCase	-5	-2	-20943
minusCase	-4	63	-9337
minusCase	-3	-128	8669
minusCase	-2	-81985529216486895	-3661
minusCase	-2	-129	6947
minusCase	-2	-65	-12765
minusCase	-2	-33	-7645
minusCase	-2	-17	2723
minusCase	-2	-9	-13341
minusCase	-2	-5	19459
minusCase	-2	-2	12955
minusCase	-2	1	-8653
minusCase	-2	4	3787
minusCase	-2	8	-12821
minusCase	-2	16	1067
minusCase	-2	32	6571
minusCase	-2	64	-13397
minusCase	-2	127	6947
minusCase	-2	255	10787
minusCase	-2	81985529216486895	2723
minusCase	-1	-128	889
minusCase	-1	-127	-1279
minusCase	-1	-65	-16655
minusCase	-1	-1	6897
minusCase	-1	0	4729
minusCase	-1	1	2561
minusCase	-1	63	30449
minusCase	-1	65	-19455
minusCase	-1	126	-41879
minusCase	-1	127	7409
minusCase	0	-128	1351
minusCase	0	-127	-5169
minusCase	0	-65	-20545
minusCase	0	-1	3007
minusCase	0	0	839
minusCase	0	1	-1329
minusCase	0	65	22223
minusCase	0	126	-31433
minusCase	0	127	-4673
minusCase	1	-128	21
minusCase	1	-127	-4707
minusCase	1	-65	-24435
minusCase	1	-2	1285
minusCase	1	-1	-883
minusCase	1	0	-3051
minusCase	1	1	-5219
minusCase	1	65	18333
minusCase	1	126	1029
minusCase	1	127	141
minusCase	2	63	18779
minusCase	3	-128	15281
minusCase	4	-2	16751
minusCase	5	63	-17467
minusCase	7	-128	-20759
minusCase	8	-2	935
minusCase	9	63	3069
minusCase	15	-128	7001
minusCase	16	-2	791
minusCase	17	63	-5523
minusCase	31	-128	-5063
minusCase	32	-2	5111
minusCase	33	63	-12467
minusCase	63	-257	-16783
minusCase	63	-128	1273
minusCase	63	-64	-1031
minusCase	63	-32	17401
minusCase	63	-16	-391
minusCase	63	-8	953
minusCase	63	-4	-10279
minusCase	63	-1	-16783
minusCase	63	2	18185
minusCase	63	5	16545
minusCase	63	9	5313
minusCase	63	17	11009
minusCase	63	33	-11135
minusCase	63	65	4481
minusCase	63	128	1273
minusCase	63	256	-18951
minusCase	63	9223372036854775807	-16783
minusCase	64	-2	-18505
minusCase	65	-128	20629
minusCase	65	-127	18461
minusCase	65	-65	3085
minusCase	65	-1	-24563
minusCase	65	0	-26731
minusCase	65	1	-28899
minusCase	65	63	-3827
minusCase	65	65	-3299
minusCase	65	126	24965
minusCase	65	127	22797
minusCase	126	-128	8619
minusCase	126	-127	-8653
minusCase	126	-65	-11229
minusCase	126	-1	6947
minusCase	126	0	4779
minusCase	126	1	2611
minusCase	126	65	24371
minusCase	126	126	12955
minusCase	126	127	10787
minusCase	127	-128	4729
minusCase	127	-127	2561
minusCase	127	-65	30449
minusCase	127	-2	-41879
minusCase	127	-1	7409
minusCase	127	0	889
minusCase	127	1	-1279
minusCase	127	65	13057
minusCase	127	126	9065
minusCase	127	127	6897
minusCase	128	63	-20545
minusCase	129	-128	-3051
minusCase	255	-2	9065
minusCase	256	63	26559
minusCase	257	-128	21
minusCase	81985529216486895	-2	5513
minusCase	9223372036854775807	63	30449
timesCase	-9223372036854775808	-128	-8844
timesCase	-81985529216486895	-2	-2074
timesCase	-257	63	871
timesCase	-256	-128	-8844
timesCase	-129	-2	15086
timesCase	-128	-9223372036854775808	-12044
timesCase	-128	-256	-12044
timesCase	-128	-128	13684
timesCase	-128	-127	6825
timesCase	-128	-65	-12929
timesCase	-128	-63	6377
timesCase	-128	-31	-4471
timesCase	-128	-15	-5927
timesCase	-128	-7	-18303
timesCase	-128	-3	-7083
timesCase	-128	-1	21695
timesCase	-128	0	-12044
timesCase	-128	1	-4055
timesCase	-128	3	-6253
timesCase	-128	7	-20889
timesCase	-128	15	-1009
timesCase	-128	31	-7329
timesCase	-128	63	255
timesCase	-128	65	-1943
timesCase	-128	126	4874
timesCase	-128	127	-17345
timesCase	-128	129	6825
timesCase	-128	257	-4055
timesCase	-127	-128	-12792
timesCase	-127	-127	-5575
timesCase	-127	-65	9495
timesCase	-127	-1	-1705
timesCase	-127	0	-12408
timesCase	-127	1	-5959
timesCase	-127	65	-775
timesCase	-127	126	-858
timesCase	-127	127	-1321
timesCase	-65	-128	480
timesCase	-65	-127	20505
timesCase	-65	-65	3815
timesCase	-65	-2	2542
timesCase	-65	-1	-6105
timesCase	-65	0	864
timesCase	-65	1	20889
timesCase	-65	65	-8999
timesCase	-65	126	2158
timesCase	-65	127	-5721
timesCase	-64	63	5119
timesCase	-63	-128	-4600
timesCase	-33	-2	1902
timesCase	-32	63	-11265
timesCase	-31	-128	-18040
timesCase	-17	-2	4398
timesCase	-16	63	5247
timesCase	-15	-128	3272
timesCase	-9	-2	4110
timesCase	-8	63	-10177
timesCase	-7	-128	4200
timesCase	-5	-2	894
timesCase	-4	63	-3681
timesCase	-3	-128	1976
timesCase	-2	-81985529216486895	-551
timesCase	-2	-129	-16881
timesCase	-2	-65	-6065
timesCase	-2	-33	-3089
timesCase	-2	-17	6591
timesCase	-2	-9	-2137
timesCase	-2	-5	-6757
timesCase	-2	-2	9554
timesCase	-2	1	13577
timesCase	-2	4	20160
timesCase	-2	8	-1612
timesCase	-2	16	4252
timesCase	-2	32	-14228
timesCase	-2	64	8716
timesCase	-2	127	-16881
timesCase	-2	255	11151
timesCase	-2	81985529216486895	6591
timesCase	-1	-128	4320
timesCase	-1	-127	-743
timesCase	-1	-65	1255
timesCase	-1	-1	1831
timesCase	-1	0	3936
timesCase	-1	1	-1127
timesCase	-1	63	871
timesCase	-1	65	-6439
timesCase	-1	126	-18578
timesCase	-1	127	2215
timesCase	0	-128	-8844
timesCase	0	-127	7337
timesCase	0	-65	-13697
timesCase	0	-1	22207
timesCase	0	0	10484
timesCase	0	1	-3799
timesCase	0	65	-407
timesCase	0	126	6154
timesCase	0	127	-17089
timesCase	1	-128	8
timesCase	1	-127	-10439
timesCase	1	-65	4631
timesCase	1	-2	-4570
timesCase	1	-1	-169
timesCase	1	0	392
timesCase	1	1	-10055
timesCase	1	65	761
timesCase	1	126	-4954
timesCase	1	127	-553
timesCase	2	63	24367
timesCase	3	-128	2864
timesCase	4	-2	4346
timesCase	5	63	-12553
timesCase	7	-128	-21376
timesCase	8	-2	11114
timesCase	9	63	13911
timesCase	15	-128	-1248
timesCase	16	-2	7242
timesCase	17	63	1303
timesCase	31	-128	2400
timesCase	32	-2	2826
timesCase	33	63	-2921
timesCase	63	-257	-2521
timesCase	63	-128	-3104
timesCase	63	-64	-12000
timesCase	63	-32	-6592
timesCase	63	-16	1232
timesCase	63	-8	1688
timesCase	63	-4	13948
timesCase	63	-1	-2521
timesCase	63	2	10706
timesCase	63	5	24957
timesCase	63	9	1121
timesCase	63	17	-15063
timesCase	63	33	3001
timesCase	63	65	-8487
timesCase	63	128	-3104
timesCase	63	256	-2720
timesCase	63	9223372036854775807	-2521
timesCase	64	-2	-4982
timesCase	65	-128	2312
timesCase	65	-127	7737
timesCase	65	-65	-3817
timesCase	65	-1	-19369
timesCase	65	0	1928
timesCase	65	1	7353
timesCase	65	63	-4201
timesCase	65	65	-8199
timesCase	65	126	-8538
timesCase	65	127	-19753
timesCase	126	-128	15692
timesCase	126	-127	-7543
timesCase	126	-65	-7601
timesCase	126	-1	7055
timesCase	126	0	-18996
timesCase	126	1	18441
timesCase	126	65	-6839
timesCase	126	126	12754
timesCase	126	127	-12017
timesCase	127	-128	-1312
timesCase	127	-127	25
timesCase	127	-65	743
timesCase	127	-2	15086
timesCase	127	-1	5415
timesCase	127	0	-1696
timesCase	127	1	409
timesCase	127	65	-1575
timesCase	127	126	14702
timesCase	127	127	5031
timesCase	128	63	255
timesCase	129	-128	-12792
timesCase	255	-2	-18194
timesCase	256	63	1791
timesCase	257	-128	8
timesCase	81985529216486895	-2	4398
timesCase	9223372036854775807	63	871
negateCase	-9223372036854775808	-128	-27839
negateCase	-81985529216486895	-2	8743
negateCase	-257	63	-7523
negateCase	-256	-128	-27839
negateCase	-129	-2	29651
negateCase	-128	-9223372036854775808	23105
negateCase	-128	-256	23105
negateCase	-128	-128	-2495
negateCase	-128	-127	-4213
negateCase	-128	-65	13943
negateCase	-128	-63	35083
negateCase	-128	-31	11851
negateCase	-128	-15	22507
negateCase	-128	-7	6459
negateCase	-128	-3	32099
negateCase	-128	-1	26103
negateCase	-128	0	23105
negateCase	-128	1	24459
negateCase	-128	3	18463
negateCase	-128	7	6471
negateCase	-128	15	20119
negateCase	-128	31	13111
negateCase	-128	63	15479
negateCase	-128	65	9483
negateCase	-128	126	3501
negateCase	-128	127	503
negateCase	-128	129	-4213
negateCase	-128	257	24459
negateCase	-127	-128	-4069
negateCase	-127	-127	-5787
negateCase	-127	-65	12369
negateCase	-127	-1	24529
negateCase	-127	0	21531
negateCase	-127	1	22885
negateCase	-127	65	7909
negateCase	-127	126	1927
negateCase	-127	127	-1071
negateCase	-65	-128	-35609
negateCase	-65	-127	-37327
negateCase	-65	-65	-19171
negateCase	-65	-2	-4013
negateCase	-65	-1	-7011
negateCase	-65	0	-10009
negateCase	-65	1	-8655
negateCase	-65	65	-23631
negateCase	-65	126	-29613
negateCase	-65	127	-32611
negateCase	-64	63	-19977
negateCase	-63	-128	-26725
negateCase	-33	-2	14995
negateCase	-32	63	-969
negateCase	-31	-128	-21285
negateCase	-17	-2	9523
negateCase	-16	63	-6441
negateCase	-15	-128	-26757
negateCase	-9	-2	24835
negateCase	-8	63	8871
negateCase	-7	-128	-11445
negateCase	-5	-2	15467
negateCase	-4	63	-497
negateCase	-3	-128	-20813
negateCase	-2	-81985529216486895	-6537
negateCase	-2	-129	-20157
negateCase	-2	-65	-6717
negateCase	-2	-33	-2813
negateCase	-2	-17	-7261
negateCase	-2	-9	-8205
negateCase	-2	-5	-9701
negateCase	-2	-2	8441
negateCase	-2	1	3799
negateCase	-2	4	-5195
negateCase	-2	8	-17187
negateCase	-2	16	-3539
negateCase	-2	32	-10547
negateCase	-2	64	-8179
negateCase	-2	127	-20157
negateCase	-2	255	5443
negateCase	-2	81985529216486895	-7261
negateCase	-1	-128	-25497
negateCase	-1	-127	-27215
negateCase	-1	-65	-9059
negateCase	-1	-1	3101
negateCase	-1	0	103
negateCase	-1	1	1457
negateCase	-1	63	-7523
negateCase	-1	65	-13519
negateCase	-1	126	-19501
negateCase	-1	127	-22499
negateCase	0	-128	-27839
negateCase	0	-127	-29557
negateCase	0	-65	-11401
negateCase	0	-1	759
negateCase	0	0	-2239
negateCase	0	1	-885
negateCase	0	65	-15861
negateCase	0	126	-21843
negateCase	0	127	-24841
negateCase	1	-128	-30181
negateCase	1	-127	-31899
negateCase	1	-65	-13743
negateCase	1	-2	1415
negateCase	1	-1	-1583
negateCase	1	0	-4581
negateCase	1	1	-3227
negateCase	1	65	-18203
negateCase	1	126	-24185
negateCase	1	127	-27183
negateCase	2	63	-11221
negateCase	3	-128	-31537
negateCase	4	-2	11285
negateCase	5	63	-4679
negateCase	7	-128	-16329
negateCase	8	-2	12925
negateCase	9	63	6433
negateCase	15	-128	-18169
negateCase	16	-2	11085
negateCase	17	63	-4879
negateCase	31	-128	-17497
negateCase	32	-2	21229
negateCase	33	63	5265
negateCase	63	-257	16541
negateCase	63	-128	-12057
negateCase	63	-64	28519
negateCase	63	-32	5287
negateCase	63	-16	839
negateCase	63	-8	-105
negateCase	63	-4	10431
negateCase	63	-1	16541
negateCase	63	2	11899
negateCase	63	5	2905
negateCase	63	9	6017
negateCase	63	17	4561
negateCase	63	33	8049
negateCase	63	65	-79
negateCase	63	128	-12057
negateCase	63	256	13543
negateCase	63	9223372036854775807	16541
negateCase	64	-2	17197
negateCase	65	-128	-16741
negateCase	65	-127	-18459
negateCase	65	-65	-303
negateCase	65	-1	11857
negateCase	65	0	8859
negateCase	65	1	10213
negateCase	65	63	1233
negateCase	65	65	-4763
negateCase	65	126	-10745
negateCase	65	127	-13743
negateCase	126	-128	397
negateCase	126	-127	-1321
negateCase	126	-65	16835
negateCase	126	-1	28995
negateCase	126	0	25997
negateCase	126	1	27351
negateCase	126	65	12375
negateCase	126	126	6393
negateCase	126	127	3395
negateCase	127	-128	-1945
negateCase	127	-127	-3663
negateCase	127	-65	14493
negateCase	127	-2	29651
negateCase	127	-1	26653
negateCase	127	0	23655
negateCase	127	1	25009
negateCase	127	65	10033
negateCase	127	126	4051
negateCase	127	127	1053
negateCase	128	63	15479
negateCase	129	-128	-4069
negateCase	255	-2	6099
negateCase	256	63	-9865
negateCase	257	-128	-30181
negateCase	81985529216486895	-2	9523
negateCase	9223372036854775807	63	-7523
packCase	-9223372036854775808	-128	26559
packCase	-81985529216486895	-2	-8743
packCase	-257	63	7523
packCase	-256	-128	26559
packCase	-129	-2	-31443
packCase	-128	-9223372036854775808	-28225
packCase	-128	-256	-28225
packCase	-128	-128	447
packCase	-128	-127	629
packCase	-128	-65	-26743
packCase	-128	-63	-35851
packCase	-128	-31	-12619
packCase	-128	-15	-23275
packCase	-128	-7	-7227
packCase	-128	-3	-32867
packCase	-128	-1	-26871
packCase	-128	0	-28225
packCase	-128	1	-25227
packCase	-128	3	-19231
packCase	-128	7	-7239
packCase	-128	15	-20887
packCase	-128	31	-13879
packCase	-128	63	-16247
packCase	-128	65	-10251
packCase	-128	126	-4269
packCase	-128	127	-1271
packCase	-128	129	629
packCase	-128	257	-25227
packCase	-127	-128	2789
packCase	-127	-127	2971
packCase	-127	-65	-24401
packCase	-127	-1	-24529
packCase	-127	0	-25883
packCase	-127	1	-22885
packCase	-127	65	-7909
packCase	-127	126	-1927
packCase	-127	127	1071
packCase	-65	-128	34329
packCase	-65	-127	34511
packCase	-65	-65	7139
packCase	-65	-2	4013
packCase	-65	-1	7011
packCase	-65	0	5657
packCase	-65	1	8655
packCase	-65	65	23631
packCase	-65	126	29613
packCase	-65	127	32611
packCase	-64	63	19977
packCase	-63	-128	25445
packCase	-33	-2	-14995
packCase	-32	63	969
packCase	-31	-128	20005
packCase	-17	-2	-9523
packCase	-16	63	6441
packCase	-15	-128	16005
packCase	-9	-2	-24835
packCase	-8	63	-8871
packCase	-7	-128	10165
packCase	-5	-2	-15467
packCase	-4	63	497
packCase	-3	-128	19533
packCase	-2	-81985529216486895	6537
packCase	-2	-129	20157
packCase	-2	-65	-5315
packCase	-2	-33	2813
packCase	-2	-17	7261
packCase	-2	-9	8205
packCase	-2	-5	9701
packCase	-2	-2	-8441
packCase	-2	1	-3799
packCase	-2	4	5195
packCase	-2	8	17187
packCase	-2	16	3539
packCase	-2	32	10547
packCase	-2	64	8179
packCase	-2	127	20157
packCase	-2	255	-5443
packCase	-2	81985529216486895	7261
packCase	-1	-128	24217
packCase	-1	-127	24399
packCase	-1	-65	-2973
packCase	-1	-1	-3101
packCase	-1	0	-4455
packCase	-1	1	-1457
packCase	-1	63	7523
packCase	-1	65	13519
packCase	-1	126	19501
packCase	-1	127	22499
packCase	0	-128	26559
packCase	0	-127	26741
packCase	0	-65	-631
packCase	0	-1	-759
packCase	0	0	-2113
packCase	0	1	885
packCase	0	65	15861
packCase	0	126	21843
packCase	0	127	24841
packCase	1	-128	25573
packCase	1	-127	25755
packCase	1	-65	-1617
packCase	1	-2	-4743
packCase	1	-1	-1745
packCase	1	0	-3099
packCase	1	1	-101
packCase	1	65	14875
packCase	1	126	20857
packCase	1	127	23855
packCase	2	63	11221
packCase	3	-128	30257
packCase	4	-2	-11285
packCase	5	63	4679
packCase	7	-128	15049
packCase	8	-2	-12925
packCase	9	63	-6433
packCase	15	-128	16889
packCase	16	-2	-11085
packCase	17	63	4879
packCase	31	-128	16217
packCase	32	-2	-21229
packCase	33	63	-5265
packCase	63	-257	-16541
packCase	63	-128	10777
packCase	63	-64	-28519
packCase	63	-32	-5287
packCase	63	-16	-839
packCase	63	-8	105
packCase	63	-4	-10431
packCase	63	-1	-16541
packCase	63	2	-11899
packCase	63	5	-2905
packCase	63	9	-6017
packCase	63	17	-4561
packCase	63	33	-8049
packCase	63	65	79
packCase	63	128	10777
packCase	63	256	-17895
packCase	63	9223372036854775807	-16541
packCase	64	-2	-17197
packCase	65	-128	15461
packCase	65	-127	15643
packCase	65	-65	-11729
packCase	65	-1	-11857
packCase	65	0	-13211
packCase	65	1	-10213
packCase	65	63	-1233
packCase	65	65	4763
packCase	65	126	10745
packCase	65	127	13743
packCase	126	-128	-1677
packCase	126	-127	-1495
packCase	126	-65	-28867
packCase	126	-1	-28995
packCase	126	0	-30349
packCase	126	1	-27351
packCase	126	65	-12375
packCase	126	126	-6393
packCase	126	127	-3395
packCase	127	-128	-1127
packCase	127	-127	-945
packCase	127	-65	-28317
packCase	127	-2	-31443
packCase	127	-1	-28445
packCase	127	0	-29799
packCase	127	1	-26801
packCase	127	65	-11825
packCase	127	126	-5843
packCase	127	127	-2845
packCase	128	63	-16247
packCase	129	-128	2789
packCase	255	-2	-6099
packCase	256	63	9865
packCase	257	-128	25573
packCase	81985529216486895	-2	-9523
packCase	9223372036854775807	63	7523
broadcastCase	-9223372036854775808	-128	-43362
broadcastCase	-81985529216486895	-2	21024
broadcastCase	-257	63	-15330
broadcastCase	-256	-128	-43362
broadcastCase	-129	-2	-42924
broadcastCase	-128	-9223372036854775808	-43362
broadcastCase	-128	-256	-43362
broadcastCase	-128	-128	12702
broadcastCase	-128	-127	12264
broadcastCase	-128	-65	-14892
broadcastCase	-128	-63	-15768
broadcastCase	-128	-31	-29784
broadcastCase	-128	-15	-36792
broadcastCase	-128	-7	-40296
broadcastCase	-128	-3	-42048
broadcastCase	-128	-1	-42924
broadcastCase	-128	0	-43362
broadcastCase	-128	1	-43800
broadcastCase	-128	3	-44676
broadcastCase	-128	7	-46428
broadcastCase	-128	15	-49932
broadcastCase	-128	31	55188
broadcastCase	-128	63	41172
broadcastCase	-128	65	40296
broadcastCase	-128	126	13578
broadcastCase	-128	127	13140
broadcastCase	-128	129	12264
broadcastCase	-128	257	-43800
broadcastCase	-127	-128	13140
broadcastCase	-127	-127	12702
broadcastCase	-127	-65	-14454
broadcastCase	-127	-1	-42486
broadcastCase	-127	0	-42924
broadcastCase	-127	1	-43362
broadcastCase	-127	65	40734
broadcastCase	-127	126	14016
broadcastCase	-127	127	13578
broadcastCase	-65	-128	40296
broadcastCase	-65	-127	39858
broadcastCase	-65	-65	12702
broadcastCase	-65	-2	-14892
broadcastCase	-65	-1	-15330
broadcastCase	-65	0	-15768
broadcastCase	-65	1	-16206
broadcastCase	-65	65	-44238
broadcastCase	-65	126	41172
broadcastCase	-65	127	40734
broadcastCase	-64	63	-42924
broadcastCase	-63	-128	41172
broadcastCase	-33	-2	-876
broadcastCase	-32	63	-28908
broadcastCase	-31	-128	55188
broadcastCase	-17	-2	6132
broadcastCase	-16	63	-21900
broadcastCase	-15	-128	-49932
broadcastCase	-9	-2	9636
broadcastCase	-8	63	-18396
broadcastCase	-7	-128	-46428
broadcastCase	-5	-2	11388
broadcastCase	-4	63	-16644
broadcastCase	-3	-128	-44676
broadcastCase	-2	-81985529216486895	4380
broadcastCase	-2	-129	-43800
broadcastCase	-2	-65	40296
broadcastCase	-2	-33	26280
broadcastCase	-2	-17	19272
broadcastCase	-2	-9	15768
broadcastCase	-2	-5	14016
broadcastCase	-2	-2	12702
broadcastCase	-2	1	11388
broadcastCase	-2	4	10074
broadcastCase	-2	8	8322
broadcastCase	-2	16	4818
broadcastCase	-2	32	-2190
broadcastCase	-2	64	-16206
broadcastCase	-2	127	-43800
broadcastCase	-2	255	12264
broadcastCase	-2	81985529216486895	19272
broadcastCase	-1	-128	-43800
broadcastCase	-1	-127	-44238
broadcastCase	-1	-65	40734
broadcastCase	-1	-1	12702
broadcastCase	-1	0	12264
broadcastCase	-1	1	11826
broadcastCase	-1	63	-15330
broadcastCase	-1	65	-16206
broadcastCase	-1	126	-42924
broadcastCase	-1	127	-43362
broadcastCase	0	-128	-43362
broadcastCase	0	-127	-43800
broadcastCase	0	-65	41172
broadcastCase	0	-1	13140
broadcastCase	0	0	12702
broadcastCase	0	1	12264
broadcastCase	0	65	-15768
broadcastCase	0	126	-42486
broadcastCase	0	127	-42924
broadcastCase	1	-128	-42924
broadcastCase	1	-127	-43362
broadcastCase	1	-65	41610
broadcastCase	1	-2	14016
broadcastCase	1	-1	13578
broadcastCase	1	0	13140
broadcastCase	1	1	12702
broadcastCase	1	65	-15330
broadcastCase	1	126	-42048
broadcastCase	1	127	-42486
broadcastCase	2	63	-14016
broadcastCase	3	-128	-42048
broadcastCase	4	-2	15330
broadcastCase	5	63	-12702
broadcastCase	7	-128	-40296
broadcastCase	8	-2	17082
broadcastCase	9	63	-10950
broadcastCase	15	-128	-36792
broadcastCase	16	-2	20586
broadcastCase	17	63	-7446
broadcastCase	31	-128	-29784
broadcastCase	32	-2	27594
broadcastCase	33	63	-438
broadcastCase	63	-257	40734
broadcastCase	63	-128	-15768
broadcastCase	63	-64	-43800
broadcastCase	63	-32	54312
broadcastCase	63	-16	47304
broadcastCase	63	-8	43800
broadcastCase	63	-4	42048
broadcastCase	63	-1	40734
broadcastCase	63	2	39420
broadcastCase	63	5	38106
broadcastCase	63	9	36354
broadcastCase	63	17	32850
broadcastCase	63	33	25842
broadcastCase	63	65	11826
broadcastCase	63	128	-15768
broadcastCase	63	256	40296
broadcastCase	63	9223372036854775807	40734
broadcastCase	64	-2	41610
broadcastCase	65	-128	-14892
broadcastCase	65	-127	-15330
broadcastCase	65	-65	-42486
broadcastCase	65	-1	41610
broadcastCase	65	0	41172
broadcastCase	65	1	40734
broadcastCase	65	63	13578
broadcastCase	65	65	12702
broadcastCase	65	126	-14016
broadcastCase	65	127	-14454
broadcastCase	126	-128	11826
broadcastCase	126	-127	11388
broadcastCase	126	-65	-15768
broadcastCase	126	-1	-43800
broadcastCase	126	0	-44238
broadcastCase	126	1	-44676
broadcastCase	126	65	39420
broadcastCase	126	126	12702
broadcastCase	126	127	12264
broadcastCase	127	-128	12264
broadcastCase	127	-127	11826
broadcastCase	127	-65	-15330
broadcastCase	127	-2	-42924
broadcastCase	127	-1	-43362
broadcastCase	127	0	-43800
broadcastCase	127	1	-44238
broadcastCase	127	65	39858
broadcastCase	127	126	13140
broadcastCase	127	127	12702
broadcastCase	128	63	41172
broadcastCase	129	-128	13140
broadcastCase	255	-2	13140
broadcastCase	256	63	-14892
broadcastCase	257	-128	-42924
broadcastCase	81985529216486895	-2	6132
broadcastCase	9223372036854775807	63	-15330
laneCase	0	0	128	126	0
laneCase	0	0	128	127	1
laneCase	0	0	128	189	63
laneCase	0	0	128	253	127
laneCase	0	0	128	254	-128
laneCase	0	0	128	255	-127
laneCase	0	0	128	63	-63
laneCase	0	0	128	124	-2
laneCase	0	0	128	125	-1
laneCase	0	0	129	126	1
laneCase	0	0	129	127	2
laneCase	0	0	129	189	64
laneCase	0	0	129	253	-128
laneCase	0	0	129	254	-127
laneCase	0	0	129	255	-126
laneCase	0	0	129	63	-62
laneCase	0	0	129	124	-1
laneCase	0	0	129	125	0
laneCase	0	0	191	126	63
laneCase	0	0	191	127	64
laneCase	0	0	191	189	126
laneCase	0	0	191	253	-66
laneCase	0	0	191	254	-65
laneCase	0	0	191	255	-64
laneCase	0	0	191	63	0
laneCase	0	0	191	124	61
laneCase	0	0	191	125	62
laneCase	0	0	255	126	127
laneCase	0	0	255	127	-128
laneCase	0	0	255	189	-66
laneCase	0	0	255	253	-2
laneCase	0	0	255	254	-1
laneCase	0	0	255	255	0
laneCase	0	0	255	63	64
laneCase	0	0	255	124	125
laneCase	0	0	255	125	126
laneCase	0	0	0	126	-128
laneCase	0	0	0	127	-127
laneCase	0	0	0	189	-65
laneCase	0	0	0	253	-1
laneCase	0	0	0	254	0
laneCase	0	0	0	255	1
laneCase	0	0	0	63	65
laneCase	0	0	0	124	126
laneCase	0	0	0	125	127
laneCase	0	0	1	126	-127
laneCase	0	0	1	127	-126
laneCase	0	0	1	189	-64
laneCase	0	0	1	253	0
laneCase	0	0	1	254	1
laneCase	0	0	1	255	2
laneCase	0	0	1	63	66
laneCase	0	0	1	124	127
laneCase	0	0	1	125	-128
laneCase	0	0	65	126	-63
laneCase	0	0	65	127	-62
laneCase	0	0	65	189	0
laneCase	0	0	65	253	64
laneCase	0	0	65	254	65
laneCase	0	0	65	255	66
laneCase	0	0	65	63	-126
laneCase	0	0	65	124	-65
laneCase	0	0	65	125	-64
laneCase	0	0	126	126	-2
laneCase	0	0	126	127	-1
laneCase	0	0	126	189	61
laneCase	0	0	126	253	125
laneCase	0	0	126	254	126
laneCase	0	0	126	255	127
laneCase	0	0	126	63	-65
laneCase	0	0	126	124	-4
laneCase	0	0	126	125	-3
laneCase	0	0	127	126	-1
laneCase	0	0	127	127	0
laneCase	0	0	127	189	62
laneCase	0	0	127	253	126
laneCase	0	0	127	254	127
laneCase	0	0	127	255	-128
laneCase	0	0	127	63	-64
laneCase	0	0	127	124	-3
laneCase	0	0	127	125	-2
laneCase	0	1	131	128	0
laneCase	0	1	132	128	1
laneCase	0	1	194	128	63
laneCase	0	1	2	128	127
laneCase	0	1	3	128	-128
laneCase	0	1	4	128	-127
laneCase	0	1	68	128	-63
laneCase	0	1	129	128	-2
laneCase	0	1	130	128	-1
laneCase	0	1	131	129	1
laneCase	0	1	132	129	2
laneCase	0	1	194	129	64
laneCase	0	1	2	129	-128
laneCase	0	1	3	129	-127
laneCase	0	1	4	129	-126
laneCase	0	1	68	129	-62
laneCase	0	1	129	129	-1
laneCase	0	1	130	129	0
laneCase	0	1	131	191	63
laneCase	0	1	132	191	64
laneCase	0	1	194	191	126
laneCase	0	1	2	191	-66
laneCase	0	1	3	191	-65
laneCase	0	1	4	191	-64
laneCase	0	1	68	191	0
laneCase	0	1	129	191	61
laneCase	0	1	130	191	62
laneCase	0	1	131	255	127
laneCase	0	1	132	255	-128
laneCase	0	1	194	255	-66
laneCase	0	1	2	255	-2
laneCase	0	1	3	255	-1
laneCase	0	1	4	255	0
laneCase	0	1	68	255	64
laneCase	0	1	129	255	125
laneCase	0	1	130	255	126
laneCase	0	1	131	0	-128
laneCase	0	1	132	0	-127
laneCase	0	1	194	0	-65
laneCase	0	1	2	0	-1
laneCase	0	1	3	0	0
laneCase	0	1	4	0	1
laneCase	0	1	68	0	65
laneCase	0	1	129	0	126
laneCase	0	1	130	0	127
laneCase	0	1	131	1	-127
laneCase	0	1	132	1	-126
laneCase	0	1	194	1	-64
laneCase	0	1	2	1	0
laneCase	0	1	3	1	1
laneCase	0	1	4	1	2
laneCase	0	1	68	1	66
laneCase	0	1	129	1	127
laneCase	0	1	130	1	-128
laneCase	0	1	131	65	-63
laneCase	0	1	132	65	-62
laneCase	0	1	194	65	0
laneCase	0	1	2	65	64
laneCase	0	1	3	65	65
laneCase	0	1	4	65	66
laneCase	0	1	68	65	-126
laneCase	0	1	129	65	-65
laneCase	0	1	130	65	-64
laneCase	0	1	131	126	-2
laneCase	0	1	132	126	-1
laneCase	0	1	194	126	61
laneCase	0	1	2	126	125
laneCase	0	1	3	126	126
laneCase	0	1	4	126	127
laneCase	0	1	68	126	-65
laneCase	0	1	129	126	-4
laneCase	0	1	130	126	-3
laneCase	0	1	131	127	-1
laneCase	0	1	132	127	0
laneCase	0	1	194	127	62
laneCase	0	1	2	127	126
laneCase	0	1	3	127	127
laneCase	0	1	4	127	-128
laneCase	0	1	68	127	-64
laneCase	0	1	129	127	-3
laneCase	0	1	130	127	-2
laneCase	0	2	127	53	0
laneCase	0	2	127	236	1
laneCase	0	2	127	62	63
laneCase	0	2	127	254	127
laneCase	0	2	127	181	-128
laneCase	0	2	127	108	-127
laneCase	0	2	127	44	-63
laneCase	0	2	127	199	-2
laneCase	0	2	127	126	-1
laneCase	0	2	128	53	1
laneCase	0	2	128	236	2
laneCase	0	2	128	62	64
laneCase	0	2	128	254	-128
laneCase	0	2	128	181	-127
laneCase	0	2	128	108	-126
laneCase	0	2	128	44	-62
laneCase	0	2	128	199	-1
laneCase	0	2	128	126	0
laneCase	0	2	190	53	63
laneCase	0	2	190	236	64
laneCase	0	2	190	62	126
laneCase	0	2	190	254	-66
laneCase	0	2	190	181	-65
laneCase	0	2	190	108	-64
laneCase	0	2	190	44	0
laneCase	0	2	190	199	61
laneCase	0	2	190	126	62
laneCase	0	2	254	53	127
laneCase	0	2	254	236	-128
laneCase	0	2	254	62	-66
laneCase	0	2	254	254	-2
laneCase	0	2	254	181	-1
laneCase	0	2	254	108	0
laneCase	0	2	254	44	64
laneCase	0	2	254	199	125
laneCase	0	2	254	126	126
laneCase	0	2	255	53	-128
laneCase	0	2	255	236	-127
laneCase	0	2	255	62	-65
laneCase	0	2	255	254	-1
laneCase	0	2	255	181	0
laneCase	0	2	255	108	1
laneCase	0	2	255	44	65
laneCase	0	2	255	199	126
laneCase	0	2	255	126	127
laneCase	0	2	0	53	-127
laneCase	0	2	0	236	-126
laneCase	0	2	0	62	-64
laneCase	0	2	0	254	0
laneCase	0	2	0	181	1
laneCase	0	2	0	108	2
laneCase	0	2	0	44	66
laneCase	0	2	0	199	127
laneCase	0	2	0	126	-128
laneCase	0	2	64	53	-63
laneCase	0	2	64	236	-62
laneCase	0	2	64	62	0
laneCase	0	2	64	254	64
laneCase	0	2	64	181	65
laneCase	0	2	64	108	66
laneCase	0	2	64	44	-126
laneCase	0	2	64	199	-65
laneCase	0	2	64	126	-64
laneCase	0	2	125	53	-2
laneCase	0	2	125	236	-1
laneCase	0	2	125	62	61
laneCase	0	2	125	254	125
laneCase	0	2	125	181	126
laneCase	0	2	125	108	127
laneCase	0	2	125	44	-65
laneCase	0	2	125	199	-4
laneCase	0	2	125	126	-3
laneCase	0	2	126	53	-1
laneCase	0	2	126	236	0
laneCase	0	2	126	62	62
laneCase	0	2	126	254	126
laneCase	0	2	126	181	127
laneCase	0	2	126	108	-128
laneCase	0	2	126	44	-64
laneCase	0	2	126	199	-3
laneCase	0	2	126	126	-2
laneCase	0	3	83	129	0
laneCase	0	3	246	129	1
laneCase	0	3	112	129	63
laneCase	0	3	48	129	127
laneCase	0	3	211	129	-128
laneCase	0	3	118	129	-127
laneCase	0	3	54	129	-63
laneCase	0	3	13	129	-2
laneCase	0	3	176	129	-1
laneCase	0	3	83	130	1
laneCase	0	3	246	130	2
laneCase	0	3	112	130	64
laneCase	0	3	48	130	-128
laneCase	0	3	211	130	-127
laneCase	0	3	118	130	-126
laneCase	0	3	54	130	-62
laneCase	0	3	13	130	-1
laneCase	0	3	176	130	0
laneCase	0	3	83	192	63
laneCase	0	3	246	192	64
laneCase	0	3	112	192	126
laneCase	0	3	48	192	-66
laneCase	0	3	211	192	-65
laneCase	0	3	118	192	-64
laneCase	0	3	54	192	0
laneCase	0	3	13	192	61
laneCase	0	3	176	192	62
laneCase	0	3	83	0	127
laneCase	0	3	246	0	-128
laneCase	0	3	112	0	-66
laneCase	0	3	48	0	-2
laneCase	0	3	211	0	-1
laneCase	0	3	118	0	0
laneCase	0	3	54	0	64
laneCase	0	3	13	0	125
laneCase	0	3	176	0	126
laneCase	0	3	83	1	-128
laneCase	0	3	246	1	-127
laneCase	0	3	112	1	-65
laneCase	0	3	48	1	-1
laneCase	0	3	211	1	0
laneCase	0	3	118	1	1
laneCase	0	3	54	1	65
laneCase	0	3	13	1	126
laneCase	0	3	176	1	127
laneCase	0	3	83	2	-127
laneCase	0	3	246	2	-126
laneCase	0	3	112	2	-64
laneCase	0	3	48	2	0
laneCase	0	3	211	2	1
laneCase	0	3	118	2	2
laneCase	0	3	54	2	66
laneCase	0	3	13	2	127
laneCase	0	3	176	2	-128
laneCase	0	3	83	66	-63
laneCase	0	3	246	66	-62
laneCase	0	3	112	66	0
laneCase	0	3	48	66	64
laneCase	0	3	211	66	65
laneCase	0	3	118	66	66
laneCase	0	3	54	66	-126
laneCase	0	3	13	66	-65
laneCase	0	3	176	66	-64
laneCase	0	3	83	127	-2
laneCase	0	3	246	127	-1
laneCase	0	3	112	127	61
laneCase	0	3	48	127	125
laneCase	0	3	211	127	126
laneCase	0	3	118	127	127
laneCase	0	3	54	127	-65
laneCase	0	3	13	127	-4
laneCase	0	3	176	127	-3
laneCase	0	3	83	128	-1
laneCase	0	3	246	128	0
laneCase	0	3	112	128	62
laneCase	0	3	48	128	126
laneCase	0	3	211	128	127
laneCase	0	3	118	128	-128
laneCase	0	3	54	128	-64
laneCase	0	3	13	128	-3
laneCase	0	3	176	128	-2
laneCase	0	4	1	0	0
laneCase	0	4	1	1	1
laneCase	0	4	1	63	63
laneCase	0	4	1	127	127
laneCase	0	4	1	128	-128
laneCase	0	4	1	129	-127
laneCase	0	4	1	193	-63
laneCase	0	4	1	254	-2
laneCase	0	4	1	255	-1
laneCase	0	4	2	0	1
laneCase	0	4	2	1	2
laneCase	0	4	2	63	64
laneCase	0	4	2	127	-128
laneCase	0	4	2	128	-127
laneCase	0	4	2	129	-126
laneCase	0	4	2	193	-62
laneCase	0	4	2	254	-1
laneCase	0	4	2	255	0
laneCase	0	4	64	0	63
laneCase	0	4	64	1	64
laneCase	0	4	64	63	126
laneCase	0	4	64	127	-66
laneCase	0	4	64	128	-65
laneCase	0	4	64	129	-64
laneCase	0	4	64	193	0
laneCase	0	4	64	254	61
laneCase	0	4	64	255	62
laneCase	0	4	128	0	127
laneCase	0	4	128	1	-128
laneCase	0	4	128	63	-66
laneCase	0	4	128	127	-2
laneCase	0	4	128	128	-1
laneCase	0	4	128	129	0
laneCase	0	4	128	193	64
laneCase	0	4	128	254	125
laneCase	0	4	128	255	126
laneCase	0	4	129	0	-128
laneCase	0	4	129	1	-127
laneCase	0	4	129	63	-65
laneCase	0	4	129	127	-1
laneCase	0	4	129	128	0
laneCase	0	4	129	129	1
laneCase	0	4	129	193	65
laneCase	0	4	129	254	126
laneCase	0	4	129	255	127
laneCase	0	4	130	0	-127
laneCase	0	4	130	1	-126
laneCase	0	4	130	63	-64
laneCase	0	4	130	127	0
laneCase	0	4	130	128	1
laneCase	0	4	130	129	2
laneCase	0	4	130	193	66
laneCase	0	4	130	254	127
laneCase	0	4	130	255	-128
laneCase	0	4	194	0	-63
laneCase	0	4	194	1	-62
laneCase	0	4	194	63	0
laneCase	0	4	194	127	64
laneCase	0	4	194	128	65
laneCase	0	4	194	129	66
laneCase	0	4	194	193	-126
laneCase	0	4	194	254	-65
laneCase	0	4	194	255	-64
laneCase	0	4	255	0	-2
laneCase	0	4	255	1	-1
laneCase	0	4	255	63	61
laneCase	0	4	255	127	125
laneCase	0	4	255	128	126
laneCase	0	4	255	129	127
laneCase	0	4	255	193	-65
laneCase	0	4	255	254	-4
laneCase	0	4	255	255	-3
laneCase	0	4	0	0	-1
laneCase	0	4	0	1	0
laneCase	0	4	0	63	62
laneCase	0	4	0	127	126
laneCase	0	4	0	128	127
laneCase	0	4	0	129	-128
laneCase	0	4	0	193	-64
laneCase	0	4	0	254	-3
laneCase	0	4	0	255	-2
laneCase	0	5	255	0	0
laneCase	0	5	0	0	1
laneCase	0	5	62	0	63
laneCase	0	5	126	0	127
laneCase	0	5	127	0	-128
laneCase	0	5	128	0	-127
laneCase	0	5	192	0	-63
laneCase	0	5	253	0	-2
laneCase	0	5	254	0	-1
laneCase	0	5	255	1	1
laneCase	0	5	0	1	2
laneCase	0	5	62	1	64
laneCase	0	5	126	1	-128
laneCase	0	5	127	1	-127
laneCase	0	5	128	1	-126
laneCase	0	5	192	1	-62
laneCase	0	5	253	1	-1
laneCase	0	5	254	1	0
laneCase	0	5	255	63	63
laneCase	0	5	0	63	64
laneCase	0	5	62	63	126
laneCase	0	5	126	63	-66
laneCase	0	5	127	63	-65
laneCase	0	5	128	63	-64
laneCase	0	5	192	63	0
laneCase	0	5	253	63	61
laneCase	0	5	254	63	62
laneCase	0	5	255	127	127
laneCase	0	5	0	127	-128
laneCase	0	5	62	127	-66
laneCase	0	5	126	127	-2
laneCase	0	5	127	127	-1
laneCase	0	5	128	127	0
laneCase	0	5	192	127	64
laneCase	0	5	253	127	125
laneCase	0	5	254	127	126
laneCase	0	5	255	128	-128
laneCase	0	5	0	128	-127
laneCase	0	5	62	128	-65
laneCase	0	5	126	128	-1
laneCase	0	5	127	128	0
laneCase	0	5	128	128	1
laneCase	0	5	192	128	65
laneCase	0	5	253	128	126
laneCase	0	5	254	128	127
laneCase	0	5	255	129	-127
laneCase	0	5	0	129	-126
laneCase	0	5	62	129	-64
laneCase	0	5	126	129	0
laneCase	0	5	127	129	1
laneCase	0	5	128	129	2
laneCase	0	5	192	129	66
laneCase	0	5	253	129	127
laneCase	0	5	254	129	-128
laneCase	0	5	255	193	-63
laneCase	0	5	0	193	-62
laneCase	0	5	62	193	0
laneCase	0	5	126	193	64
laneCase	0	5	127	193	65
laneCase	0	5	128	193	66
laneCase	0	5	192	193	-126
laneCase	0	5	253	193	-65
laneCase	0	5	254	193	-64
laneCase	0	5	255	254	-2
laneCase	0	5	0	254	-1
laneCase	0	5	62	254	61
laneCase	0	5	126	254	125
laneCase	0	5	127	254	126
laneCase	0	5	128	254	127
laneCase	0	5	192	254	-65
laneCase	0	5	253	254	-4
laneCase	0	5	254	254	-3
laneCase	0	5	255	255	-1
laneCase	0	5	0	255	0
laneCase	0	5	62	255	62
laneCase	0	5	126	255	126
laneCase	0	5	127	255	127
laneCase	0	5	128	255	-128
laneCase	0	5	192	255	-64
laneCase	0	5	253	255	-3
laneCase	0	5	254	255	-2
laneCase	0	6	211	225	0
laneCase	0	6	211	166	1
laneCase	0	6	211	92	63
laneCase	0	6	211	156	127
laneCase	0	6	211	97	-128
laneCase	0	6	211	38	-127
laneCase	0	6	211	102	-63
laneCase	0	6	211	87	-2
laneCase	0	6	211	28	-1
laneCase	0	6	126	225	1
laneCase	0	6	126	166	2
laneCase	0	6	126	92	64
laneCase	0	6	126	156	-128
laneCase	0	6	126	97	-127
laneCase	0	6	126	38	-126
laneCase	0	6	126	102	-62
laneCase	0	6	126	87	-1
laneCase	0	6	126	28	0
laneCase	0	6	232	225	63
laneCase	0	6	232	166	64
laneCase	0	6	232	92	126
laneCase	0	6	232	156	-66
laneCase	0	6	232	97	-65
laneCase	0	6	232	38	-64
laneCase	0	6	232	102	0
laneCase	0	6	232	87	61
laneCase	0	6	232	28	62
laneCase	0	6	168	225	127
laneCase	0	6	168	166	-128
laneCase	0	6	168	92	-66
laneCase	0	6	168	156	-2
laneCase	0	6	168	97	-1
laneCase	0	6	168	38	0
laneCase	0	6	168	102	64
laneCase	0	6	168	87	125
laneCase	0	6	168	28	126
laneCase	0	6	83	225	-128
laneCase	0	6	83	166	-127
laneCase	0	6	83	92	-65
laneCase	0	6	83	156	-1
laneCase	0	6	83	97	0
laneCase	0	6	83	38	1
laneCase	0	6	83	102	65
laneCase	0	6	83	87	126
laneCase	0	6	83	28	127
laneCase	0	6	254	225	-127
laneCase	0	6	254	166	-126
laneCase	0	6	254	92	-64
laneCase	0	6	254	156	0
laneCase	0	6	254	97	1
laneCase	0	6	254	38	2
laneCase	0	6	254	102	66
laneCase	0	6	254	87	127
laneCase	0	6	254	28	-128
laneCase	0	6	190	225	-63
laneCase	0	6	190	166	-62
laneCase	0	6	190	92	0
laneCase	0	6	190	156	64
laneCase	0	6	190	97	65
laneCase	0	6	190	38	66
laneCase	0	6	190	102	-126
laneCase	0	6	190	87	-65
laneCase	0	6	190	28	-64
laneCase	0	6	125	225	-2
laneCase	0	6	125	166	-1
laneCase	0	6	125	92	61
laneCase	0	6	125	156	125
laneCase	0	6	125	97	126
laneCase	0	6	125	38	127
laneCase	0	6	125	102	-65
laneCase	0	6	125	87	-4
laneCase	0	6	125	28	-3
laneCase	0	6	40	225	-1
laneCase	0	6	40	166	0
laneCase	0	6	40	92	62
laneCase	0	6	40	156	126
laneCase	0	6	40	97	127
laneCase	0	6	40	38	-128
laneCase	0	6	40	102	-64
laneCase	0	6	40	87	-3
laneCase	0	6	40	28	-2
laneCase	0	7	39	79	0
laneCase	0	7	24	79	1
laneCase	0	7	118	79	63
laneCase	0	7	182	79	127
laneCase	0	7	167	79	-128
laneCase	0	7	152	79	-127
laneCase	0	7	216	79	-63
laneCase	0	7	69	79	-2
laneCase	0	7	54	79	-1
laneCase	0	7	39	28	1
laneCase	0	7	24	28	2
laneCase	0	7	118	28	64
laneCase	0	7	182	28	-128
laneCase	0	7	167	28	-127
laneCase	0	7	152	28	-126
laneCase	0	7	216	28	-62
laneCase	0	7	69	28	-1
laneCase	0	7	54	28	0
laneCase	0	7	39	194	63
laneCase	0	7	24	194	64
laneCase	0	7	118	194	126
laneCase	0	7	182	194	-66
laneCase	0	7	167	194	-65
laneCase	0	7	152	194	-64
laneCase	0	7	216	194	0
laneCase	0	7	69	194	61
laneCase	0	7	54	194	62
laneCase	0	7	39	2	127
laneCase	0	7	24	2	-128
laneCase	0	7	118	2	-66
laneCase	0	7	182	2	-2
laneCase	0	7	167	2	-1
laneCase	0	7	152	2	0
laneCase	0	7	216	2	64
laneCase	0	7	69	2	125
laneCase	0	7	54	2	126
laneCase	0	7	39	207	-128
laneCase	0	7	24	207	-127
laneCase	0	7	118	207	-65
laneCase	0	7	182	207	-1
laneCase	0	7	167	207	0
laneCase	0	7	152	207	1
laneCase	0	7	216	207	65
laneCase	0	7	69	207	126
laneCase	0	7	54	207	127
laneCase	0	7	39	156	-127
laneCase	0	7	24	156	-126
laneCase	0	7	118	156	-64
laneCase	0	7	182	156	0
laneCase	0	7	167	156	1
laneCase	0	7	152	156	2
laneCase	0	7	216	156	66
laneCase	0	7	69	156	127
laneCase	0	7	54	156	-128
laneCase	0	7	39	220	-63
laneCase	0	7	24	220	-62
laneCase	0	7	118	220	0
laneCase	0	7	182	220	64
laneCase	0	7	167	220	65
laneCase	0	7	152	220	66
laneCase	0	7	216	220	-126
laneCase	0	7	69	220	-65
laneCase	0	7	54	220	-64
laneCase	0	7	39	181	-2
laneCase	0	7	24	181	-1
laneCase	0	7	118	181	61
laneCase	0	7	182	181	125
laneCase	0	7	167	181	126
laneCase	0	7	152	181	127
laneCase	0	7	216	181	-65
laneCase	0	7	69	181	-4
laneCase	0	7	54	181	-3
laneCase	0	7	39	130	-1
laneCase	0	7	24	130	0
laneCase	0	7	118	130	62
laneCase	0	7	182	130	126
laneCase	0	7	167	130	127
laneCase	0	7	152	130	-128
laneCase	0	7	216	130	-64
laneCase	0	7	69	130	-3
laneCase	0	7	54	130	-2
laneCase	0	8	197	181	0
laneCase	0	8	197	92	1
laneCase	0	8	197	206	63
laneCase	0	8	197	142	127
laneCase	0	8	197	53	-128
laneCase	0	8	197	220	-127
laneCase	0	8	197	156	-63
laneCase	0	8	197	103	-2
laneCase	0	8	197	14	-1
laneCase	0	8	124	181	1
laneCase	0	8	124	92	2
laneCase	0	8	124	206	64
laneCase	0	8	124	142	-128
laneCase	0	8	124	53	-127
laneCase	0	8	124	220	-126
laneCase	0	8	124	156	-62
laneCase	0	8	124	103	-1
laneCase	0	8	124	14	0
laneCase	0	8	206	181	63
laneCase	0	8	206	92	64
laneCase	0	8	206	206	126
laneCase	0	8	206	142	-66
laneCase	0	8	206	53	-65
laneCase	0	8	206	220	-64
laneCase	0	8	206	156	0
laneCase	0	8	206	103	61
laneCase	0	8	206	14	62
laneCase	0	8	142	181	127
laneCase	0	8	142	92	-128
laneCase	0	8	142	206	-66
laneCase	0	8	142	142	-2
laneCase	0	8	142	53	-1
laneCase	0	8	142	220	0
laneCase	0	8	142	156	64
laneCase	0	8	142	103	125
laneCase	0	8	142	14	126
laneCase	0	8	69	181	-128
laneCase	0	8	69	92	-127
laneCase	0	8	69	206	-65
laneCase	0	8	69	142	-1
laneCase	0	8	69	53	0
laneCase	0	8	69	220	1
laneCase	0	8	69	156	65
laneCase	0	8	69	103	126
laneCase	0	8	69	14	127
laneCase	0	8	252	181	-127
laneCase	0	8	252	92	-126
laneCase	0	8	252	206	-64
laneCase	0	8	252	142	0
laneCase	0	8	252	53	1
laneCase	0	8	252	220	2
laneCase	0	8	252	156	66
laneCase	0	8	252	103	127
laneCase	0	8	252	14	-128
laneCase	0	8	188	181	-63
laneCase	0	8	188	92	-62
laneCase	0	8	188	206	0
laneCase	0	8	188	142	64
laneCase	0	8	188	53	65
laneCase	0	8	188	220	66
laneCase	0	8	188	156	-126
laneCase	0	8	188	103	-65
laneCase	0	8	188	14	-64
laneCase	0	8	87	181	-2
laneCase	0	8	87	92	-1
laneCase	0	8	87	206	61
laneCase	0	8	87	142	125
laneCase	0	8	87	53	126
laneCase	0	8	87	220	127
laneCase	0	8	87	156	-65
laneCase	0	8	87	103	-4
laneCase	0	8	87	14	-3
laneCase	0	8	14	181	-1
laneCase	0	8	14	92	0
laneCase	0	8	14	206	62
laneCase	0	8	14	142	126
laneCase	0	8	14	53	127
laneCase	0	8	14	220	-128
laneCase	0	8	14	156	-64
laneCase	0	8	14	103	-3
laneCase	0	8	14	14	-2
laneCase	0	9	59	103	0
laneCase	0	9	100	103	1
laneCase	0	9	82	103	63
laneCase	0	9	146	103	127
laneCase	0	9	187	103	-128
laneCase	0	9	228	103	-127
laneCase	0	9	36	103	-63
laneCase	0	9	233	103	-2
laneCase	0	9	18	103	-1
laneCase	0	9	59	160	1
laneCase	0	9	100	160	2
laneCase	0	9	82	160	64
laneCase	0	9	146	160	-128
laneCase	0	9	187	160	-127
laneCase	0	9	228	160	-126
laneCase	0	9	36	160	-62
laneCase	0	9	233	160	-1
laneCase	0	9	18	160	0
laneCase	0	9	59	110	63
laneCase	0	9	100	110	64
laneCase	0	9	82	110	126
laneCase	0	9	146	110	-66
laneCase	0	9	187	110	-65
laneCase	0	9	228	110	-64
laneCase	0	9	36	110	0
laneCase	0	9	233	110	61
laneCase	0	9	18	110	62
laneCase	0	9	59	174	127
laneCase	0	9	100	174	-128
laneCase	0	9	82	174	-66
laneCase	0	9	146	174	-2
laneCase	0	9	187	174	-1
laneCase	0	9	228	174	0
laneCase	0	9	36	174	64
laneCase	0	9	233	174	125
laneCase	0	9	18	174	126
laneCase	0	9	59	231	-128
laneCase	0	9	100	231	-127
laneCase	0	9	82	231	-65
laneCase	0	9	146	231	-1
laneCase	0	9	187	231	0
laneCase	0	9	228	231	1
laneCase	0	9	36	231	65
laneCase	0	9	233	231	126
laneCase	0	9	18	231	127
laneCase	0	9	59	32	-127
laneCase	0	9	100	32	-126
laneCase	0	9	82	32	-64
laneCase	0	9	146	32	0
laneCase	0	9	187	32	1
laneCase	0	9	228	32	2
laneCase	0	9	36	32	66
laneCase	0	9	233	32	127
laneCase	0	9	18	32	-128
laneCase	0	9	59	96	-63
laneCase	0	9	100	96	-62
laneCase	0	9	82	96	0
laneCase	0	9	146	96	64
laneCase	0	9	187	96	65
laneCase	0	9	228	96	66
laneCase	0	9	36	96	-126
laneCase	0	9	233	96	-65
laneCase	0	9	18	96	-64
laneCase	0	9	59	245	-2
laneCase	0	9	100	245	-1
laneCase	0	9	82	245	61
laneCase	0	9	146	245	125
laneCase	0	9	187	245	126
laneCase	0	9	228	245	127
laneCase	0	9	36	245	-65
laneCase	0	9	233	245	-4
laneCase	0	9	18	245	-3
laneCase	0	9	59	46	-1
laneCase	0	9	100	46	0
laneCase	0	9	82	46	62
laneCase	0	9	146	46	126
laneCase	0	9	187	46	127
laneCase	0	9	228	46	-128
laneCase	0	9	36	46	-64
laneCase	0	9	233	46	-3
laneCase	0	9	18	46	-2
laneCase	0	10	241	59	0
laneCase	0	10	241	78	1
laneCase	0	10	241	232	63
laneCase	0	10	241	168	127
laneCase	0	10	241	187	-128
laneCase	0	10	241	206	-127
laneCase	0	10	241	142	-63
laneCase	0	10	241	21	-2
laneCase	0	10	241	40	-1
laneCase	0	10	148	59	1
laneCase	0	10	148	78	2
laneCase	0	10	148	232	64
laneCase	0	10	148	168	-128
laneCase	0	10	148	187	-127
laneCase	0	10	148	206	-126
laneCase	0	10	148	142	-62
laneCase	0	10	148	21	-1
laneCase	0	10	148	40	0
laneCase	0	10	14	59	63
laneCase	0	10	14	78	64
laneCase	0	10	14	232	126
laneCase	0	10	14	168	-66
laneCase	0	10	14	187	-65
laneCase	0	10	14	206	-64
laneCase	0	10	14	142	0
laneCase	0	10	14	21	61
laneCase	0	10	14	40	62
laneCase	0	10	206	59	127
laneCase	0	10	206	78	-128
laneCase	0	10	206	232	-66
laneCase	0	10	206	168	-2
laneCase	0	10	206	187	-1
laneCase	0	10	206	206	0
laneCase	0	10	206	142	64
laneCase	0	10	206	21	125
laneCase	0	10	206	40	126
laneCase	0	10	113	59	-128
laneCase	0	10	113	78	-127
laneCase	0	10	113	232	-65
laneCase	0	10	113	168	-1
laneCase	0	10	113	187	0
laneCase	0	10	113	206	1
laneCase	0	10	113	142	65
laneCase	0	10	113	21	126
laneCase	0	10	113	40	127
laneCase	0	10	20	59	-127
laneCase	0	10	20	78	-126
laneCase	0	10	20	232	-64
laneCase	0	10	20	168	0
laneCase	0	10	20	187	1
laneCase	0	10	20	206	2
laneCase	0	10	20	142	66
laneCase	0	10	20	21	127
laneCase	0	10	20	40	-128
laneCase	0	10	212	59	-63
laneCase	0	10	212	78	-62
laneCase	0	10	212	232	0
laneCase	0	10	212	168	64
laneCase	0	10	212	187	65
laneCase	0	10	212	206	66
laneCase	0	10	212	142	-126
laneCase	0	10	212	21	-65
laneCase	0	10	212	40	-64
laneCase	0	10	171	59	-2
laneCase	0	10	171	78	-1
laneCase	0	10	171	232	61
laneCase	0	10	171	168	125
laneCase	0	10	171	187	126
laneCase	0	10	171	206	127
laneCase	0	10	171	142	-65
laneCase	0	10	171	21	-4
laneCase	0	10	171	40	-3
laneCase	0	10	78	59	-1
laneCase	0	10	78	78	0
laneCase	0	10	78	232	62
laneCase	0	10	78	168	126
laneCase	0	10	78	187	127
laneCase	0	10	78	206	-128
laneCase	0	10	78	142	-64
laneCase	0	10	78	21	-3
laneCase	0	10	78	40	-2
laneCase	0	11	157	13	0
laneCase	0	11	210	13	1
laneCase	0	11	168	13	63
laneCase	0	11	232	13	127
laneCase	0	11	29	13	-128
laneCase	0	11	82	13	-127
laneCase	0	11	146	13	-63
laneCase	0	11	51	13	-2
laneCase	0	11	104	13	-1
laneCase	0	11	157	210	1
laneCase	0	11	210	210	2
laneCase	0	11	168	210	64
laneCase	0	11	232	210	-128
laneCase	0	11	29	210	-127
laneCase	0	11	82	210	-126
laneCase	0	11	146	210	-62
laneCase	0	11	51	210	-1
laneCase	0	11	104	210	0
laneCase	0	11	157	136	63
laneCase	0	11	210	136	64
laneCase	0	11	168	136	126
laneCase	0	11	232	136	-66
laneCase	0	11	29	136	-65
laneCase	0	11	82	136	-64
laneCase	0	11	146	136	0
laneCase	0	11	51	136	61
laneCase	0	11	104	136	62
laneCase	0	11	157	200	127
laneCase	0	11	210	200	-128
laneCase	0	11	168	200	-66
laneCase	0	11	232	200	-2
laneCase	0	11	29	200	-1
laneCase	0	11	82	200	0
laneCase	0	11	146	200	64
laneCase	0	11	51	200	125
laneCase	0	11	104	200	126
laneCase	0	11	157	141	-128
laneCase	0	11	210	141	-127
laneCase	0	11	168	141	-65
laneCase	0	11	232	141	-1
laneCase	0	11	29	141	0
laneCase	0	11	82	141	1
laneCase	0	11	146	141	65
laneCase	0	11	51	141	126
laneCase	0	11	104	141	127
laneCase	0	11	157	82	-127
laneCase	0	11	210	82	-126
laneCase	0	11	168	82	-64
laneCase	0	11	232	82	0
laneCase	0	11	29	82	1
laneCase	0	11	82	82	2
laneCase	0	11	146	82	66
laneCase	0	11	51	82	127
laneCase	0	11	104	82	-128
laneCase	0	11	157	146	-63
laneCase	0	11	210	146	-62
laneCase	0	11	168	146	0
laneCase	0	11	232	146	64
laneCase	0	11	29	146	65
laneCase	0	11	82	146	66
laneCase	0	11	146	146	-126
laneCase	0	11	51	146	-65
laneCase	0	11	104	146	-64
laneCase	0	11	157	131	-2
laneCase	0	11	210	131	-1
laneCase	0	11	168	131	61
laneCase	0	11	232	131	125
laneCase	0	11	29	131	126
laneCase	0	11	82	131	127
laneCase	0	11	146	131	-65
laneCase	0	11	51	131	-4
laneCase	0	11	104	131	-3
laneCase	0	11	157	72	-1
laneCase	0	11	210	72	0
laneCase	0	11	168	72	62
laneCase	0	11	232	72	126
laneCase	0	11	29	72	127
laneCase	0	11	82	72	-128
laneCase	0	11	146	72	-64
laneCase	0	11	51	72	-3
laneCase	0	11	104	72	-2
laneCase	0	12	91	175	0
laneCase	0	12	91	142	1
laneCase	0	12	91	144	63
laneCase	0	12	91	80	127
laneCase	0	12	91	47	-128
laneCase	0	12	91	14	-127
laneCase	0	12	91	206	-63
laneCase	0	12	91	241	-2
laneCase	0	12	91	208	-1
laneCase	0	12	74	175	1
laneCase	0	12	74	142	2
laneCase	0	12	74	144	64
laneCase	0	12	74	80	-128
laneCase	0	12	74	47	-127
laneCase	0	12	74	14	-126
laneCase	0	12	74	206	-62
laneCase	0	12	74	241	-1
laneCase	0	12	74	208	0
laneCase	0	12	44	175	63
laneCase	0	12	44	142	64
laneCase	0	12	44	144	126
laneCase	0	12	44	80	-66
laneCase	0	12	44	47	-65
laneCase	0	12	44	14	-64
laneCase	0	12	44	206	0
laneCase	0	12	44	241	61
laneCase	0	12	44	208	62
laneCase	0	12	236	175	127
laneCase	0	12	236	142	-128
laneCase	0	12	236	144	-66
laneCase	0	12	236	80	-2
laneCase	0	12	236	47	-1
laneCase	0	12	236	14	0
laneCase	0	12	236	206	64
laneCase	0	12	236	241	125
laneCase	0	12	236	208	126
laneCase	0	12	219	175	-128
laneCase	0	12	219	142	-127
laneCase	0	12	219	144	-65
laneCase	0	12	219	80	-1
laneCase	0	12	219	47	0
laneCase	0	12	219	14	1
laneCase	0	12	219	206	65
laneCase	0	12	219	241	126
laneCase	0	12	219	208	127
laneCase	0	12	202	175	-127
laneCase	0	12	202	142	-126
laneCase	0	12	202	144	-64
laneCase	0	12	202	80	0
laneCase	0	12	202	47	1
laneCase	0	12	202	14	2
laneCase	0	12	202	206	66
laneCase	0	12	202	241	127
laneCase	0	12	202	208	-128
laneCase	0	12	138	175	-63
laneCase	0	12	138	142	-62
laneCase	0	12	138	144	0
laneCase	0	12	138	80	64
laneCase	0	12	138	47	65
laneCase	0	12	138	14	66
laneCase	0	12	138	206	-126
laneCase	0	12	138	241	-65
laneCase	0	12	138	208	-64
laneCase	0	12	125	175	-2
laneCase	0	12	125	142	-1
laneCase	0	12	125	144	61
laneCase	0	12	125	80	125
laneCase	0	12	125	47	126
laneCase	0	12	125	14	127
laneCase	0	12	125	206	-65
laneCase	0	12	125	241	-4
laneCase	0	12	125	208	-3
laneCase	0	12	108	175	-1
laneCase	0	12	108	142	0
laneCase	0	12	108	144	62
laneCase	0	12	108	80	126
laneCase	0	12	108	47	127
laneCase	0	12	108	14	-128
laneCase	0	12	108	206	-64
laneCase	0	12	108	241	-3
laneCase	0	12	108	208	-2
laneCase	0	13	115	191	0
laneCase	0	13	84	191	1
laneCase	0	13	210	191	63
laneCase	0	13	18	191	127
laneCase	0	13	243	191	-128
laneCase	0	13	212	191	-127
laneCase	0	13	20	191	-63
laneCase	0	13	177	191	-2
laneCase	0	13	146	191	-1
laneCase	0	13	115	176	1
laneCase	0	13	84	176	2
laneCase	0	13	210	176	64
laneCase	0	13	18	176	-128
laneCase	0	13	243	176	-127
laneCase	0	13	212	176	-126
laneCase	0	13	20	176	-62
laneCase	0	13	177	176	-1
laneCase	0	13	146	176	0
laneCase	0	13	115	14	63
laneCase	0	13	84	14	64
laneCase	0	13	210	14	126
laneCase	0	13	18	14	-66
laneCase	0	13	243	14	-65
laneCase	0	13	212	14	-64
laneCase	0	13	20	14	0
laneCase	0	13	177	14	61
laneCase	0	13	146	14	62
laneCase	0	13	115	78	127
laneCase	0	13	84	78	-128
laneCase	0	13	210	78	-66
laneCase	0	13	18	78	-2
laneCase	0	13	243	78	-1
laneCase	0	13	212	78	0
laneCase	0	13	20	78	64
laneCase	0	13	177	78	125
laneCase	0	13	146	78	126
laneCase	0	13	115	63	-128
laneCase	0	13	84	63	-127
laneCase	0	13	210	63	-65
laneCase	0	13	18	63	-1
laneCase	0	13	243	63	0
laneCase	0	13	212	63	1
laneCase	0	13	20	63	65
laneCase	0	13	177	63	126
laneCase	0	13	146	63	127
laneCase	0	13	115	48	-127
laneCase	0	13	84	48	-126
laneCase	0	13	210	48	-64
laneCase	0	13	18	48	0
laneCase	0	13	243	48	1
laneCase	0	13	212	48	2
laneCase	0	13	20	48	66
laneCase	0	13	177	48	127
laneCase	0	13	146	48	-128
laneCase	0	13	115	112	-63
laneCase	0	13	84	112	-62
laneCase	0	13	210	112	0
laneCase	0	13	18	112	64
laneCase	0	13	243	112	65
laneCase	0	13	212	112	66
laneCase	0	13	20	112	-126
laneCase	0	13	177	112	-65
laneCase	0	13	146	112	-64
laneCase	0	13	115	221	-2
laneCase	0	13	84	221	-1
laneCase	0	13	210	221	61
laneCase	0	13	18	221	125
laneCase	0	13	243	221	126
laneCase	0	13	212	221	127
laneCase	0	13	20	221	-65
laneCase	0	13	177	221	-4
laneCase	0	13	146	221	-3
laneCase	0	13	115	206	-1
laneCase	0	13	84	206	0
laneCase	0	13	210	206	62
laneCase	0	13	18	206	126
laneCase	0	13	243	206	127
laneCase	0	13	212	206	-128
laneCase	0	13	20	206	-64
laneCase	0	13	177	206	-3
laneCase	0	13	146	206	-2
laneCase	0	14	233	45	0
laneCase	0	14	233	184	1
laneCase	0	14	233	98	63
laneCase	0	14	233	34	127
laneCase	0	14	233	173	-128
laneCase	0	14	233	56	-127
laneCase	0	14	233	248	-63
laneCase	0	14	233	23	-2
laneCase	0	14	233	162	-1
laneCase	0	14	4	45	1
laneCase	0	14	4	184	2
laneCase	0	14	4	98	64
laneCase	0	14	4	34	-128
laneCase	0	14	4	173	-127
laneCase	0	14	4	56	-126
laneCase	0	14	4	248	-62
laneCase	0	14	4	23	-1
laneCase	0	14	4	162	0
laneCase	0	14	142	45	63
laneCase	0	14	142	184	64
laneCase	0	14	142	98	126
laneCase	0	14	142	34	-66
laneCase	0	14	142	173	-65
laneCase	0	14	142	56	-64
laneCase	0	14	142	248	0
laneCase	0	14	142	23	61
laneCase	0	14	142	162	62
laneCase	0	14	78	45	127
laneCase	0	14	78	184	-128
laneCase	0	14	78	98	-66
laneCase	0	14	78	34	-2
laneCase	0	14	78	173	-1
laneCase	0	14	78	56	0
laneCase	0	14	78	248	64
laneCase	0	14	78	23	125
laneCase	0	14	78	162	126
laneCase	0	14	105	45	-128
laneCase	0	14	105	184	-127
laneCase	0	14	105	98	-65
laneCase	0	14	105	34	-1
laneCase	0	14	105	173	0
laneCase	0	14	105	56	1
laneCase	0	14	105	248	65
laneCase	0	14	105	23	126
laneCase	0	14	105	162	127
laneCase	0	14	132	45	-127
laneCase	0	14	132	184	-126
laneCase	0	14	132	98	-64
laneCase	0	14	132	34	0
laneCase	0	14	132	173	1
laneCase	0	14	132	56	2
laneCase	0	14	132	248	66
laneCase	0	14	132	23	127
laneCase	0	14	132	162	-128
laneCase	0	14	68	45	-63
laneCase	0	14	68	184	-62
laneCase	0	14	68	98	0
laneCase	0	14	68	34	64
laneCase	0	14	68	173	65
laneCase	0	14	68	56	66
laneCase	0	14	68	248	-126
laneCase	0	14	68	23	-65
laneCase	0	14	68	162	-64
laneCase	0	14	179	45	-2
laneCase	0	14	179	184	-1
laneCase	0	14	179	98	61
laneCase	0	14	179	34	125
laneCase	0	14	179	173	126
laneCase	0	14	179	56	127
laneCase	0	14	179	248	-65
laneCase	0	14	179	23	-4
laneCase	0	14	179	162	-3
laneCase	0	14	206	45	-1
laneCase	0	14	206	184	0
laneCase	0	14	206	98	62
laneCase	0	14	206	34	126
laneCase	0	14	206	173	127
laneCase	0	14	206	56	-128
laneCase	0	14	206	248	-64
laneCase	0	14	206	23	-3
laneCase	0	14	206	162	-2
laneCase	0	15	13	143	0
laneCase	0	15	186	143	1
laneCase	0	15	160	143	63
laneCase	0	15	224	143	127
laneCase	0	15	141	143	-128
laneCase	0	15	58	143	-127
laneCase	0	15	122	143	-63
laneCase	0	15	179	143	-2
laneCase	0	15	96	143	-1
laneCase	0	15	13	204	1
laneCase	0	15	186	204	2
laneCase	0	15	160	204	64
laneCase	0	15	224	204	-128
laneCase	0	15	141	204	-127
laneCase	0	15	58	204	-126
laneCase	0	15	122	204	-62
laneCase	0	15	179	204	-1
laneCase	0	15	96	204	0
laneCase	0	15	13	146	63
laneCase	0	15	186	146	64
laneCase	0	15	160	146	126
laneCase	0	15	224	146	-66
laneCase	0	15	141	146	-65
laneCase	0	15	58	146	-64
laneCase	0	15	122	146	0
laneCase	0	15	179	146	61
laneCase	0	15	96	146	62
laneCase	0	15	13	210	127
laneCase	0	15	186	210	-128
laneCase	0	15	160	210	-66
laneCase	0	15	224	210	-2
laneCase	0	15	141	210	-1
laneCase	0	15	58	210	0
laneCase	0	15	122	210	64
laneCase	0	15	179	210	125
laneCase	0	15	96	210	126
laneCase	0	15	13	15	-128
laneCase	0	15	186	15	-127
laneCase	0	15	160	15	-65
laneCase	0	15	224	15	-1
laneCase	0	15	141	15	0
laneCase	0	15	58	15	1
laneCase	0	15	122	15	65
laneCase	0	15	179	15	126
laneCase	0	15	96	15	127
laneCase	0	15	13	76	-127
laneCase	0	15	186	76	-126
laneCase	0	15	160	76	-64
laneCase	0	15	224	76	0
laneCase	0	15	141	76	1
laneCase	0	15	58	76	2
laneCase	0	15	122	76	66
laneCase	0	15	179	76	127
laneCase	0	15	96	76	-128
laneCase	0	15	13	140	-63
laneCase	0	15	186	140	-62
laneCase	0	15	160	140	0
laneCase	0	15	224	140	64
laneCase	0	15	141	140	65
laneCase	0	15	58	140	66
laneCase	0	15	122	140	-126
laneCase	0	15	179	140	-65
laneCase	0	15	96	140	-64
laneCase	0	15	13	21	-2
laneCase	0	15	186	21	-1
laneCase	0	15	160	21	61
laneCase	0	15	224	21	125
laneCase	0	15	141	21	126
laneCase	0	15	58	21	127
laneCase	0	15	122	21	-65
laneCase	0	15	179	21	-4
laneCase	0	15	96	21	-3
laneCase	0	15	13	82	-1
laneCase	0	15	186	82	0
laneCase	0	15	160	82	62
laneCase	0	15	224	82	126
laneCase	0	15	141	82	127
laneCase	0	15	58	82	-128
laneCase	0	15	122	82	-64
laneCase	0	15	179	82	-3
laneCase	0	15	96	82	-2
laneCase	1	0	128	126	0
laneCase	1	0	128	127	-1
laneCase	1	0	128	189	-63
laneCase	1	0	128	253	-127
laneCase	1	0	128	254	-128
laneCase	1	0	128	255	127
laneCase	1	0	128	63	63
laneCase	1	0	128	124	2
laneCase	1	0	128	125	1
laneCase	1	0	129	126	1
laneCase	1	0	129	127	0
laneCase	1	0	129	189	-62
laneCase	1	0	129	253	-126
laneCase	1	0	129	254	-127
laneCase	1	0	129	255	-128
laneCase	1	0	129	63	64
laneCase	1	0	129	124	3
laneCase	1	0	129	125	2
laneCase	1	0	191	126	63
laneCase	1	0	191	127	62
laneCase	1	0	191	189	0
laneCase	1	0	191	253	-64
laneCase	1	0	191	254	-65
laneCase	1	0	191	255	-66
laneCase	1	0	191	63	126
laneCase	1	0	191	124	65
laneCase	1	0	191	125	64
laneCase	1	0	255	126	127
laneCase	1	0	255	127	126
laneCase	1	0	255	189	64
laneCase	1	0	255	253	0
laneCase	1	0	255	254	-1
laneCase	1	0	255	255	-2
laneCase	1	0	255	63	-66
laneCase	1	0	255	124	-127
laneCase	1	0	255	125	-128
laneCase	1	0	0	126	-128
laneCase	1	0	0	127	127
laneCase	1	0	0	189	65
laneCase	1	0	0	253	1
laneCase	1	0	0	254	0
laneCase	1	0	0	255	-1
laneCase	1	0	0	63	-65
laneCase	1	0	0	124	-126
laneCase	1	0	0	125	-127
laneCase	1	0	1	126	-127
laneCase	1	0	1	127	-128
laneCase	1	0	1	189	66
laneCase	1	0	1	253	2
laneCase	1	0	1	254	1
laneCase	1	0	1	255	0
laneCase	1	0	1	63	-64
laneCase	1	0	1	124	-125
laneCase	1	0	1	125	-126
laneCase	1	0	65	126	-63
laneCase	1	0	65	127	-64
laneCase	1	0	65	189	-126
laneCase	1	0	65	253	66
laneCase	1	0	65	254	65
laneCase	1	0	65	255	64
laneCase	1	0	65	63	0
laneCase	1	0	65	124	-61
laneCase	1	0	65	125	-62
laneCase	1	0	126	126	-2
laneCase	1	0	126	127	-3
laneCase	1	0	126	189	-65
laneCase	1	0	126	253	127
laneCase	1	0	126	254	126
laneCase	1	0	126	255	125
laneCase	1	0	126	63	61
laneCase	1	0	126	124	0
laneCase	1	0	126	125	-1
laneCase	1	0	127	126	-1
laneCase	1	0	127	127	-2
laneCase	1	0	127	189	-64
laneCase	1	0	127	253	-128
laneCase	1	0	127	254	127
laneCase	1	0	127	255	126
laneCase	1	0	127	63	62
laneCase	1	0	127	124	1
laneCase	1	0	127	125	0
laneCase	1	1	131	128	0
laneCase	1	1	132	128	-1
laneCase	1	1	194	128	-63
laneCase	1	1	2	128	-127
laneCase	1	1	3	128	-128
laneCase	1	1	4	128	127
laneCase	1	1	68	128	63
laneCase	1	1	129	128	2
laneCase	1	1	130	128	1
laneCase	1	1	131	129	1
laneCase	1	1	132	129	0
laneCase	1	1	194	129	-62
laneCase	1	1	2	129	-126
laneCase	1	1	3	129	-127
laneCase	1	1	4	129	-128
laneCase	1	1	68	129	64
laneCase	1	1	129	129	3
laneCase	1	1	130	129	2
laneCase	1	1	131	191	63
laneCase	1	1	132	191	62
laneCase	1	1	194	191	0
laneCase	1	1	2	191	-64
laneCase	1	1	3	191	-65
laneCase	1	1	4	191	-66
laneCase	1	1	68	191	126
laneCase	1	1	129	191	65
laneCase	1	1	130	191	64
laneCase	1	1	131	255	127
laneCase	1	1	132	255	126
laneCase	1	1	194	255	64
laneCase	1	1	2	255	0
laneCase	1	1	3	255	-1
laneCase	1	1	4	255	-2
laneCase	1	1	68	255	-66
laneCase	1	1	129	255	-127
laneCase	1	1	130	255	-128
laneCase	1	1	131	0	-128
laneCase	1	1	132	0	127
laneCase	1	1	194	0	65
laneCase	1	1	2	0	1
laneCase	1	1	3	0	0
laneCase	1	1	4	0	-1
laneCase	1	1	68	0	-65
laneCase	1	1	129	0	-126
laneCase	1	1	130	0	-127
laneCase	1	1	131	1	-127
laneCase	1	1	132	1	-128
laneCase	1	1	194	1	66
laneCase	1	1	2	1	2
laneCase	1	1	3	1	1
laneCase	1	1	4	1	0
laneCase	1	1	68	1	-64
laneCase	1	1	129	1	-125
laneCase	1	1	130	1	-126
laneCase	1	1	131	65	-63
laneCase	1	1	132	65	-64
laneCase	1	1	194	65	-126
laneCase	1	1	2	65	66
laneCase	1	1	3	65	65
laneCase	1	1	4	65	64
laneCase	1	1	68	65	0
laneCase	1	1	129	65	-61
laneCase	1	1	130	65	-62
laneCase	1	1	131	126	-2
laneCase	1	1	132	126	-3
laneCase	1	1	194	126	-65
laneCase	1	1	2	126	127
laneCase	1	1	3	126	126
laneCase	1	1	4	126	125
laneCase	1	1	68	126	61
laneCase	1	1	129	126	0
laneCase	1	1	130	126	-1
laneCase	1	1	131	127	-1
laneCase	1	1	132	127	-2
laneCase	1	1	194	127	-64
laneCase	1	1	2	127	-128
laneCase	1	1	3	127	127
laneCase	1	1	4	127	126
laneCase	1	1	68	127	62
laneCase	1	1	129	127	1
laneCase	1	1	130	127	0
laneCase	1	2	127	53	0
laneCase	1	2	127	236	-1
laneCase	1	2	127	62	-63
laneCase	1	2	127	254	-127
laneCase	1	2	127	181	-128
laneCase	1	2	127	108	127
laneCase	1	2	127	44	63
laneCase	1	2	127	199	2
laneCase	1	2	127	126	1
laneCase	1	2	128	53	1
laneCase	1	2	128	236	0
laneCase	1	2	128	62	-62
laneCase	1	2	128	254	-126
laneCase	1	2	128	181	-127
laneCase	1	2	128	108	-128
laneCase	1	2	128	44	64
laneCase	1	2	128	199	3
laneCase	1	2	128	126	2
laneCase	1	2	190	53	63
laneCase	1	2	190	236	62
laneCase	1	2	190	62	0
laneCase	1	2	190	254	-64
laneCase	1	2	190	181	-65
laneCase	1	2	190	108	-66
laneCase	1	2	190	44	126
laneCase	1	2	190	199	65
laneCase	1	2	190	126	64
laneCase	1	2	254	53	127
laneCase	1	2	254	236	126
laneCase	1	2	254	62	64
laneCase	1	2	254	254	0
laneCase	1	2	254	181	-1
laneCase	1	2	254	108	-2
laneCase	1	2	254	44	-66
laneCase	1	2	254	199	-127
laneCase	1	2	254	126	-128
laneCase	1	2	255	53	-128
laneCase	1	2	255	236	127
laneCase	1	2	255	62	65
laneCase	1	2	255	254	1
laneCase	1	2	255	181	0
laneCase	1	2	255	108	-1
laneCase	1	2	255	44	-65
laneCase	1	2	255	199	-126
laneCase	1	2	255	126	-127
laneCase	1	2	0	53	-127
laneCase	1	2	0	236	-128
laneCase	1	2	0	62	66
laneCase	1	2	0	254	2
laneCase	1	2	0	181	1
laneCase	1	2	0	108	0
laneCase	1	2	0	44	-64
laneCase	1	2	0	199	-125
laneCase	1	2	0	126	-126
laneCase	1	2	64	53	-63
laneCase	1	2	64	236	-64
laneCase	1	2	64	62	-126
laneCase	1	2	64	254	66
laneCase	1	2	64	181	65
laneCase	1	2	64	108	64
laneCase	1	2	64	44	0
laneCase	1	2	64	199	-61
laneCase	1	2	64	126	-62
laneCase	1	2	125	53	-2
laneCase	1	2	125	236	-3
laneCase	1	2	125	62	-65
laneCase	1	2	125	254	127
laneCase	1	2	125	181	126
laneCase	1	2	125	108	125
laneCase	1	2	125	44	61
laneCase	1	2	125	199	0
laneCase	1	2	125	126	-1
laneCase	1	2	126	53	-1
laneCase	1	2	126	236	-2
laneCase	1	2	126	62	-64
laneCase	1	2	126	254	-128
laneCase	1	2	126	181	127
laneCase	1	2	126	108	126
laneCase	1	2	126	44	62
laneCase	1	2	126	199	1
laneCase	1	2	126	126	0
laneCase	1	3	83	129	0
laneCase	1	3	246	129	-1
laneCase	1	3	112	129	-63
laneCase	1	3	48	129	-127
laneCase	1	3	211	129	-128
laneCase	1	3	118	129	127
laneCase	1	3	54	129	63
laneCase	1	3	13	129	2
laneCase	1	3	176	129	1
laneCase	1	3	83	130	1
laneCase	1	3	246	130	0
laneCase	1	3	112	130	-62
laneCase	1	3	48	130	-126
laneCase	1	3	211	130	-127
laneCase	1	3	118	130	-128
laneCase	1	3	54	130	64
laneCase	1	3	13	130	3
laneCase	1	3	176	130	2
laneCase	1	3	83	192	63
laneCase	1	3	246	192	62
laneCase	1	3	112	192	0
laneCase	1	3	48	192	-64
laneCase	1	3	211	192	-65
laneCase	1	3	118	192	-66
laneCase	1	3	54	192	126
laneCase	1	3	13	192	65
laneCase	1	3	176	192	64
laneCase	1	3	83	0	127
laneCase	1	3	246	0	126
laneCase	1	3	112	0	64
laneCase	1	3	48	0	0
laneCase	1	3	211	0	-1
laneCase	1	3	118	0	-2
laneCase	1	3	54	0	-66
laneCase	1	3	13	0	-127
laneCase	1	3	176	0	-128
laneCase	1	3	83	1	-128
laneCase	1	3	246	1	127
laneCase	1	3	112	1	65
laneCase	1	3	48	1	1
laneCase	1	3	211	1	0
laneCase	1	3	118	1	-1
laneCase	1	3	54	1	-65
laneCase	1	3	13	1	-126
laneCase	1	3	176	1	-127
laneCase	1	3	83	2	-127
laneCase	1	3	246	2	-128
laneCase	1	3	112	2	66
laneCase	1	3	48	2	2
laneCase	1	3	211	2	1
laneCase	1	3	118	2	0
laneCase	1	3	54	2	-64
laneCase	1	3	13	2	-125
laneCase	1	3	176	2	-126
laneCase	1	3	83	66	-63
laneCase	1	3	246	66	-64
laneCase	1	3	112	66	-126
laneCase	1	3	48	66	66
laneCase	1	3	211	66	65
laneCase	1	3	118	66	64
laneCase	1	3	54	66	0
laneCase	1	3	13	66	-61
laneCase	1	3	176	66	-62
laneCase	1	3	83	127	-2
laneCase	1	3	246	127	-3
laneCase	1	3	112	127	-65
laneCase	1	3	48	127	127
laneCase	1	3	211	127	126
laneCase	1	3	118	127	125
laneCase	1	3	54	127	61
laneCase	1	3	13	127	0
laneCase	1	3	176	127	-1
laneCase	1	3	83	128	-1
laneCase	1	3	246	128	-2
laneCase	1	3	112	128	-64
laneCase	1	3	48	128	-128
laneCase	1	3	211	128	127
laneCase	1	3	118	128	126
laneCase	1	3	54	128	62
laneCase	1	3	13	128	1
laneCase	1	3	176	128	0
laneCase	1	4	1	0	0
laneCase	1	4	1	1	-1
laneCase	1	4	1	63	-63
laneCase	1	4	1	127	-127
laneCase	1	4	1	128	-128
laneCase	1	4	1	129	127
laneCase	1	4	1	193	63
laneCase	1	4	1	254	2
laneCase	1	4	1	255	1
laneCase	1	4	2	0	1
laneCase	1	4	2	1	0
laneCase	1	4	2	63	-62
laneCase	1	4	2	127	-126
laneCase	1	4	2	128	-127
laneCase	1	4	2	129	-128
laneCase	1	4	2	193	64
laneCase	1	4	2	254	3
laneCase	1	4	2	255	2
laneCase	1	4	64	0	63
laneCase	1	4	64	1	62
laneCase	1	4	64	63	0
laneCase	1	4	64	127	-64
laneCase	1	4	64	128	-65
laneCase	1	4	64	129	-66
laneCase	1	4	64	193	126
laneCase	1	4	64	254	65
laneCase	1	4	64	255	64
laneCase	1	4	128	0	127
laneCase	1	4	128	1	126
laneCase	1	4	128	63	64
laneCase	1	4	128	127	0
laneCase	1	4	128	128	-1
laneCase	1	4	128	129	-2
laneCase	1	4	128	193	-66
laneCase	1	4	128	254	-127
laneCase	1	4	128	255	-128
laneCase	1	4	129	0	-128
laneCase	1	4	129	1	127
laneCase	1	4	129	63	65
laneCase	1	4	129	127	1
laneCase	1	4	129	128	0
laneCase	1	4	129	129	-1
laneCase	1	4	129	193	-65
laneCase	1	4	129	254	-126
laneCase	1	4	129	255	-127
laneCase	1	4	130	0	-127
laneCase	1	4	130	1	-128
laneCase	1	4	130	63	66
laneCase	1	4	130	127	2
laneCase	1	4	130	128	1
laneCase	1	4	130	129	0
laneCase	1	4	130	193	-64
laneCase	1	4	130	254	-125
laneCase	1	4	130	255	-126
laneCase	1	4	194	0	-63
laneCase	1	4	194	1	-64
laneCase	1	4	194	63	-126
laneCase	1	4	194	127	66
laneCase	1	4	194	128	65
laneCase	1	4	194	129	64
laneCase	1	4	194	193	0
laneCase	1	4	194	254	-61
laneCase	1	4	194	255	-62
laneCase	1	4	255	0	-2
laneCase	1	4	255	1	-3
laneCase	1	4	255	63	-65
laneCase	1	4	255	127	127
laneCase	1	4	255	128	126
laneCase	1	4	255	129	125
laneCase	1	4	255	193	61
laneCase	1	4	255	254	0
laneCase	1	4	255	255	-1
laneCase	1	4	0	0	-1
laneCase	1	4	0	1	-2
laneCase	1	4	0	63	-64
laneCase	1	4	0	127	-128
laneCase	1	4	0	128	127
laneCase	1	4	0	129	126
laneCase	1	4	0	193	62
laneCase	1	4	0	254	1
laneCase	1	4	0	255	0
laneCase	1	5	255	0	0
laneCase	1	5	0	0	-1
laneCase	1	5	62	0	-63
laneCase	1	5	126	0	-127
laneCase	1	5	127	0	-128
laneCase	1	5	128	0	127
laneCase	1	5	192	0	63
laneCase	1	5	253	0	2
laneCase	1	5	254	0	1
laneCase	1	5	255	1	1
laneCase	1	5	0	1	0
laneCase	1	5	62	1	-62
laneCase	1	5	126	1	-126
laneCase	1	5	127	1	-127
laneCase	1	5	128	1	-128
laneCase	1	5	192	1	64
laneCase	1	5	253	1	3
laneCase	1	5	254	1	2
laneCase	1	5	255	63	63
laneCase	1	5	0	63	62
laneCase	1	5	62	63	0
laneCase	1	5	126	63	-64
laneCase	1	5	127	63	-65
laneCase	1	5	128	63	-66
laneCase	1	5	192	63	126
laneCase	1	5	253	63	65
laneCase	1	5	254	63	64
laneCase	1	5	255	127	127
laneCase	1	5	0	127	126
laneCase	1	5	62	127	64
laneCase	1	5	126	127	0
laneCase	1	5	127	127	-1
laneCase	1	5	128	127	-2
laneCase	1	5	192	127	-66
laneCase	1	5	253	127	-127
laneCase	1	5	254	127	-128
laneCase	1	5	255	128	-128
laneCase	1	5	0	128	127
laneCase	1	5	62	128	65
laneCase	1	5	126	128	1
laneCase	1	5	127	128	0
laneCase	1	5	128	128	-1
laneCase	1	5	192	128	-65
laneCase	1	5	253	128	-126
laneCase	1	5	254	128	-127
laneCase	1	5	255	129	-127
laneCase	1	5	0	129	-128
laneCase	1	5	62	129	66
laneCase	1	5	126	129	2
laneCase	1	5	127	129	1
laneCase	1	5	128	129	0
laneCase	1	5	192	129	-64
laneCase	1	5	253	129	-125
laneCase	1	5	254	129	-126
laneCase	1	5	255	193	-63
laneCase	1	5	0	193	-64
laneCase	1	5	62	193	-126
laneCase	1	5	126	193	66
laneCase	1	5	127	193	65
laneCase	1	5	128	193	64
laneCase	1	5	192	193	0
laneCase	1	5	253	193	-61
laneCase	1	5	254	193	-62
laneCase	1	5	255	254	-2
laneCase	1	5	0	254	-3
laneCase	1	5	62	254	-65
laneCase	1	5	126	254	127
laneCase	1	5	127	254	126
laneCase	1	5	128	254	125
laneCase	1	5	192	254	61
laneCase	1	5	253	254	0
laneCase	1	5	254	254	-1
laneCase	1	5	255	255	-1
laneCase	1	5	0	255	-2
laneCase	1	5	62	255	-64
laneCase	1	5	126	255	-128
laneCase	1	5	127	255	127
laneCase	1	5	128	255	126
laneCase	1	5	192	255	62
laneCase	1	5	253	255	1
laneCase	1	5	254	255	0
laneCase	1	6	211	225	0
laneCase	1	6	211	166	-1
laneCase	1	6	211	92	-63
laneCase	1	6	211	156	-127
laneCase	1	6	211	97	-128
laneCase	1	6	211	38	127
laneCase	1	6	211	102	63
laneCase	1	6	211	87	2
laneCase	1	6	211	28	1
laneCase	1	6	126	225	1
laneCase	1	6	126	166	0
laneCase	1	6	126	92	-62
laneCase	1	6	126	156	-126
laneCase	1	6	126	97	-127
laneCase	1	6	126	38	-128
laneCase	1	6	126	102	64
laneCase	1	6	126	87	3
laneCase	1	6	126	28	2
laneCase	1	6	232	225	63
laneCase	1	6	232	166	62
laneCase	1	6	232	92	0
laneCase	1	6	232	156	-64
laneCase	1	6	232	97	-65
laneCase	1	6	232	38	-66
laneCase	1	6	232	102	126
laneCase	1	6	232	87	65
laneCase	1	6	232	28	64
laneCase	1	6	168	225	127
laneCase	1	6	168	166	126
laneCase	1	6	168	92	64
laneCase	1	6	168	156	0
laneCase	1	6	168	97	-1
laneCase	1	6	168	38	-2
laneCase	1	6	168	102	-66
laneCase	1	6	168	87	-127
laneCase	1	6	168	28	-128
laneCase	1	6	83	225	-128
laneCase	1	6	83	166	127
laneCase	1	6	83	92	65
laneCase	1	6	83	156	1
laneCase	1	6	83	97	0
laneCase	1	6	83	38	-1
laneCase	1	6	83	102	-65
laneCase	1	6	83	87	-126
laneCase	1	6	83	28	-127
laneCase	1	6	254	225	-127
laneCase	1	6	254	166	-128
laneCase	1	6	254	92	66
laneCase	1	6	254	156	2
laneCase	1	6	254	97	1
laneCase	1	6	254	38	0
laneCase	1	6	254	102	-64
laneCase	1	6	254	87	-125
laneCase	1	6	254	28	-126
laneCase	1	6	190	225	-63
laneCase	1	6	190	166	-64
laneCase	1	6	190	92	-126
laneCase	1	6	190	156	66
laneCase	1	6	190	97	65
laneCase	1	6	190	38	64
laneCase	1	6	190	102	0
laneCase	1	6	190	87	-61
laneCase	1	6	190	28	-62
laneCase	1	6	125	225	-2
laneCase	1	6	125	166	-3
laneCase	1	6	125	92	-65
laneCase	1	6	125	156	127
laneCase	1	6	125	97	126
laneCase	1	6	125	38	125
laneCase	1	6	125	102	61
laneCase	1	6	125	87	0
laneCase	1	6	125	28	-1
laneCase	1	6	40	225	-1
laneCase	1	6	40	166	-2
laneCase	1	6	40	92	-64
laneCase	1	6	40	156	-128
laneCase	1	6	40	97	127
laneCase	1	6	40	38	126
laneCase	1	6	40	102	62
laneCase	1	6	40	87	1
laneCase	1	6	40	28	0
laneCase	1	7	39	79	0
laneCase	1	7	24	79	-1
laneCase	1	7	118	79	-63
laneCase	1	7	182	79	-127
laneCase	1	7	167	79	-128
laneCase	1	7	152	79	127
laneCase	1	7	216	79	63
laneCase	1	7	69	79	2
laneCase	1	7	54	79	1
laneCase	1	7	39	28	1
laneCase	1	7	24	28	0
laneCase	1	7	118	28	-62
laneCase	1	7	182	28	-126
laneCase	1	7	167	28	-127
laneCase	1	7	152	28	-128
laneCase	1	7	216	28	64
laneCase	1	7	69	28	3
laneCase	1	7	54	28	2
laneCase	1	7	39	194	63
laneCase	1	7	24	194	62
laneCase	1	7	118	194	0
laneCase	1	7	182	194	-64
laneCase	1	7	167	194	-65
laneCase	1	7	152	194	-66
laneCase	1	7	216	194	126
laneCase	1	7	69	194	65
laneCase	1	7	54	194	64
laneCase	1	7	39	2	127
laneCase	1	7	24	2	126
laneCase	1	7	118	2	64
laneCase	1	7	182	2	0
laneCase	1	7	167	2	-1
laneCase	1	7	152	2	-2
laneCase	1	7	216	2	-66
laneCase	1	7	69	2	-127
laneCase	1	7	54	2	-128
laneCase	1	7	39	207	-128
laneCase	1	7	24	207	127
laneCase	1	7	118	207	65
laneCase	1	7	182	207	1
laneCase	1	7	167	207	0
laneCase	1	7	152	207	-1
laneCase	1	7	216	207	-65
laneCase	1	7	69	207	-126
laneCase	1	7	54	207	-127
laneCase	1	7	39	156	-127
laneCase	1	7	24	156	-128
laneCase	1	7	118	156	66
laneCase	1	7	182	156	2
laneCase	1	7	167	156	1
laneCase	1	7	152	156	0
laneCase	1	7	216	156	-64
laneCase	1	7	69	156	-125
laneCase	1	7	54	156	-126
laneCase	1	7	39	220	-63
laneCase	1	7	24	220	-64
laneCase	1	7	118	220	-126
laneCase	1	7	182	220	66
laneCase	1	7	167	220	65
laneCase	1	7	152	220	64
laneCase	1	7	216	220	0
laneCase	1	7	69	220	-61
laneCase	1	7	54	220	-62
laneCase	1	7	39	181	-2
laneCase	1	7	24	181	-3
laneCase	1	7	118	181	-65
laneCase	1	7	182	181	127
laneCase	1	7	167	181	126
laneCase	1	7	152	181	125
laneCase	1	7	216	181	61
laneCase	1	7	69	181	0
laneCase	1	7	54	181	-1
laneCase	1	7	39	130	-1
laneCase	1	7	24	130	-2
laneCase	1	7	118	130	-64
laneCase	1	7	182	130	-128
laneCase	1	7	167	130	127
laneCase	1	7	152	130	126
laneCase	1	7	216	130	62
laneCase	1	7	69	130	1
laneCase	1	7	54	130	0
laneCase	1	8	197	181	0
laneCase	1	8	197	92	-1
laneCase	1	8	197	206	-63
laneCase	1	8	197	142	-127
laneCase	1	8	197	53	-128
laneCase	1	8	197	220	127
laneCase	1	8	197	156	63
laneCase	1	8	197	103	2
laneCase	1	8	197	14	1
laneCase	1	8	124	181	1
laneCase	1	8	124	92	0
laneCase	1	8	124	206	-62
laneCase	1	8	124	142	-126
laneCase	1	8	124	53	-127
laneCase	1	8	124	220	-128
laneCase	1	8	124	156	64
laneCase	1	8	124	103	3
laneCase	1	8	124	14	2
laneCase	1	8	206	181	63
laneCase	1	8	206	92	62
laneCase	1	8	206	206	0
laneCase	1	8	206	142	-64
laneCase	1	8	206	53	-65
laneCase	1	8	206	220	-66
laneCase	1	8	206	156	126
laneCase	1	8	206	103	65
laneCase	1	8	206	14	64
laneCase	1	8	142	181	127
laneCase	1	8	142	92	126
laneCase	1	8	142	206	64
laneCase	1	8	142	142	0
laneCase	1	8	142	53	-1
laneCase	1	8	142	220	-2
laneCase	1	8	142	156	-66
laneCase	1	8	142	103	-127
laneCase	1	8	142	14	-128
laneCase	1	8	69	181	-128
laneCase	1	8	69	92	127
laneCase	1	8	69	206	65
laneCase	1	8	69	142	1
laneCase	1	8	69	53	0
laneCase	1	8	69	220	-1
laneCase	1	8	69	156	-65
laneCase	1	8	69	103	-126
laneCase	1	8	69	14	-127
laneCase	1	8	252	181	-127
laneCase	1	8	252	92	-128
laneCase	1	8	252	206	66
laneCase	1	8	252	142	2
laneCase	1	8	252	53	1
laneCase	1	8	252	220	0
laneCase	1	8	252	156	-64
laneCase	1	8	252	103	-125
laneCase	1	8	252	14	-126
laneCase	1	8	188	181	-63
laneCase	1	8	188	92	-64
laneCase	1	8	188	206	-126
laneCase	1	8	188	142	66
laneCase	1	8	188	53	65
laneCase	1	8	188	220	64
laneCase	1	8	188	156	0
laneCase	1	8	188	103	-61
laneCase	1	8	188	14	-62
laneCase	1	8	87	181	-2
laneCase	1	8	87	92	-3
laneCase	1	8	87	206	-65
laneCase	1	8	87	142	127
laneCase	1	8	87	53	126
laneCase	1	8	87	220	125
laneCase	1	8	87	156	61
laneCase	1	8	87	103	0
laneCase	1	8	87	14	-1
laneCase	1	8	14	181	-1
laneCase	1	8	14	92	-2
laneCase	1	8	14	206	-64
laneCase	1	8	14	142	-128
laneCase	1	8	14	53	127
laneCase	1	8	14	220	126
laneCase	1	8	14	156	62
laneCase	1	8	14	103	1
laneCase	1	8	14	14	0
laneCase	1	9	59	103	0
laneCase	1	9	100	103	-1
laneCase	1	9	82	103	-63
laneCase	1	9	146	103	-127
laneCase	1	9	187	103	-128
laneCase	1	9	228	103	127
laneCase	1	9	36	103	63
laneCase	1	9	233	103	2
laneCase	1	9	18	103	1
laneCase	1	9	59	160	1
laneCase	1	9	100	160	0
laneCase	1	9	82	160	-62
laneCase	1	9	146	160	-126
laneCase	1	9	187	160	-127
laneCase	1	9	228	160	-128
laneCase	1	9	36	160	64
laneCase	1	9	233	160	3
laneCase	1	9	18	160	2
laneCase	1	9	59	110	63
laneCase	1	9	100	110	62
laneCase	1	9	82	110	0
laneCase	1	9	146	110	-64
laneCase	1	9	187	110	-65
laneCase	1	9	228	110	-66
laneCase	1	9	36	110	126
laneCase	1	9	233	110	65
laneCase	1	9	18	110	64
laneCase	1	9	59	174	127
laneCase	1	9	100	174	126
laneCase	1	9	82	174	64
laneCase	1	9	146	174	0
laneCase	1	9	187	174	-1
laneCase	1	9	228	174	-2
laneCase	1	9	36	174	-66
laneCase	1	9	233	174	-127
laneCase	1	9	18	174	-128
laneCase	1	9	59	231	-128
laneCase	1	9	100	231	127
laneCase	1	9	82	231	65
laneCase	1	9	146	231	1
laneCase	1	9	187	231	0
laneCase	1	9	228	231	-1
laneCase	1	9	36	231	-65
laneCase	1	9	233	231	-126
laneCase	1	9	18	231	-127
laneCase	1	9	59	32	-127
laneCase	1	9	100	32	-128
laneCase	1	9	82	32	66
laneCase	1	9	146	32	2
laneCase	1	9	187	32	1
laneCase	1	9	228	32	0
laneCase	1	9	36	32	-64
laneCase	1	9	233	32	-125
laneCase	1	9	18	32	-126
laneCase	1	9	59	96	-63
laneCase	1	9	100	96	-64
laneCase	1	9	82	96	-126
laneCase	1	9	146	96	66
laneCase	1	9	187	96	65
laneCase	1	9	228	96	64
laneCase	1	9	36	96	0
laneCase	1	9	233	96	-61
laneCase	1	9	18	96	-62
laneCase	1	9	59	245	-2
laneCase	1	9	100	245	-3
laneCase	1	9	82	245	-65
laneCase	1	9	146	245	127
laneCase	1	9	187	245	126
laneCase	1	9	228	245	125
laneCase	1	9	36	245	61
laneCase	1	9	233	245	0
laneCase	1	9	18	245	-1
laneCase	1	9	59	46	-1
laneCase	1	9	100	46	-2
laneCase	1	9	82	46	-64
laneCase	1	9	146	46	-128
laneCase	1	9	187	46	127
laneCase	1	9	228	46	126
laneCase	1	9	36	46	62
laneCase	1	9	233	46	1
laneCase	1	9	18	46	0
laneCase	1	10	241	59	0
laneCase	1	10	241	78	-1
laneCase	1	10	241	232	-63
laneCase	1	10	241	168	-127
laneCase	1	10	241	187	-128
laneCase	1	10	241	206	127
laneCase	1	10	241	142	63
laneCase	1	10	241	21	2
laneCase	1	10	241	40	1
laneCase	1	10	148	59	1
laneCase	1	10	148	78	0
laneCase	1	10	148	232	-62
laneCase	1	10	148	168	-126
laneCase	1	10	148	187	-127
laneCase	1	10	148	206	-128
laneCase	1	10	148	142	64
laneCase	1	10	148	21	3
laneCase	1	10	148	40	2
laneCase	1	10	14	59	63
laneCase	1	10	14	78	62
laneCase	1	10	14	232	0
laneCase	1	10	14	168	-64
laneCase	1	10	14	187	-65
laneCase	1	10	14	206	-66
laneCase	1	10	14	142	126
laneCase	1	10	14	21	65
laneCase	1	10	14	40	64
laneCase	1	10	206	59	127
laneCase	1	10	206	78	126
laneCase	1	10	206	232	64
laneCase	1	10	206	168	0
laneCase	1	10	206	187	-1
laneCase	1	10	206	206	-2
laneCase	1	10	206	142	-66
laneCase	1	10	206	21	-127
laneCase	1	10	206	40	-128
laneCase	1	10	113	59	-128
laneCase	1	10	113	78	127
laneCase	1	10	113	232	65
laneCase	1	10	113	168	1
laneCase	1	10	113	187	0
laneCase	1	10	113	206	-1
laneCase	1	10	113	142	-65
laneCase	1	10	113	21	-126
laneCase	1	10	113	40	-127
laneCase	1	10	20	59	-127
laneCase	1	10	20	78	-128
laneCase	1	10	20	232	66
laneCase	1	10	20	168	2
laneCase	1	10	20	187	1
laneCase	1	10	20	206	0
laneCase	1	10	20	142	-64
laneCase	1	10	20	21	-125
laneCase	1	10	20	40	-126
laneCase	1	10	212	59	-63
laneCase	1	10	212	78	-64
laneCase	1	10	212	232	-126
laneCase	1	10	212	168	66
laneCase	1	10	212	187	65
laneCase	1	10	212	206	64
laneCase	1	10	212	142	0
laneCase	1	10	212	21	-61
laneCase	1	10	212	40	-62
laneCase	1	10	171	59	-2
laneCase	1	10	171	78	-3
laneCase	1	10	171	232	-65
laneCase	1	10	171	168	127
laneCase	1	10	171	187	126
laneCase	1	10	171	206	125
laneCase	1	10	171	142	61
laneCase	1	10	171	21	0
laneCase	1	10	171	40	-1
laneCase	1	10	78	59	-1
laneCase	1	10	78	78	-2
laneCase	1	10	78	232	-64
laneCase	1	10	78	168	-128
laneCase	1	10	78	187	127
laneCase	1	10	78	206	126
laneCase	1	10	78	142	62
laneCase	1	10	78	21	1
laneCase	1	10	78	40	0
laneCase	1	11	157	13	0
laneCase	1	11	210	13	-1
laneCase	1	11	168	13	-63
laneCase	1	11	232	13	-127
laneCase	1	11	29	13	-128
laneCase	1	11	82	13	127
laneCase	1	11	146	13	63
laneCase	1	11	51	13	2
laneCase	1	11	104	13	1
laneCase	1	11	157	210	1
laneCase	1	11	210	210	0
laneCase	1	11	168	210	-62
laneCase	1	11	232	210	-126
laneCase	1	11	29	210	-127
laneCase	1	11	82	210	-128
laneCase	1	11	146	210	64
laneCase	1	11	51	210	3
laneCase	1	11	104	210	2
laneCase	1	11	157	136	63
laneCase	1	11	210	136	62
laneCase	1	11	168	136	0
laneCase	1	11	232	136	-64
laneCase	1	11	29	136	-65
laneCase	1	11	82	136	-66
laneCase	1	11	146	136	126
laneCase	1	11	51	136	65
laneCase	1	11	104	136	64
laneCase	1	11	157	200	127
laneCase	1	11	210	200	126
laneCase	1	11	168	200	64
laneCase	1	11	232	200	0
laneCase	1	11	29	200	-1
laneCase	1	11	82	200	-2
laneCase	1	11	146	200	-66
laneCase	1	11	51	200	-127
laneCase	1	11	104	200	-128
laneCase	1	11	157	141	-128
laneCase	1	11	210	141	127
laneCase	1	11	168	141	65
laneCase	1	11	232	141	1
laneCase	1	11	29	141	0
laneCase	1	11	82	141	-1
laneCase	1	11	146	141	-65
laneCase	1	11	51	141	-126
laneCase	1	11	104	141	-127
laneCase	1	11	157	82	-127
laneCase	1	11	210	82	-128
laneCase	1	11	168	82	66
laneCase	1	11	232	82	2
laneCase	1	11	29	82	1
laneCase	1	11	82	82	0
laneCase	1	11	146	82	-64
laneCase	1	11	51	82	-125
laneCase	1	11	104	82	-126
laneCase	1	11	157	146	-63
laneCase	1	11	210	146	-64
laneCase	1	11	168	146	-126
laneCase	1	11	232	146	66
laneCase	1	11	29	146	65
laneCase	1	11	82	146	64
laneCase	1	11	146	146	0
laneCase	1	11	51	146	-61
laneCase	1	11	104	146	-62
laneCase	1	11	157	131	-2
laneCase	1	11	210	131	-3
laneCase	1	11	168	131	-65
laneCase	1	11	232	131	127
laneCase	1	11	29	131	126
laneCase	1	11	82	131	125
laneCase	1	11	146	131	61
laneCase	1	11	51	131	0
laneCase	1	11	104	131	-1
laneCase	1	11	157	72	-1
laneCase	1	11	210	72	-2
laneCase	1	11	168	72	-64
laneCase	1	11	232	72	-128
laneCase	1	11	29	72	127
laneCase	1	11	82	72	126
laneCase	1	11	146	72	62
laneCase	1	11	51	72	1
laneCase	1	11	104	72	0
laneCase	1	12	91	175	0
laneCase	1	12	91	142	-1
laneCase	1	12	91	144	-63
laneCase	1	12	91	80	-127
laneCase	1	12	91	47	-128
laneCase	1	12	91	14	127
laneCase	1	12	91	206	63
laneCase	1	12	91	241	2
laneCase	1	12	91	208	1
laneCase	1	12	74	175	1
laneCase	1	12	74	142	0
laneCase	1	12	74	144	-62
laneCase	1	12	74	80	-126
laneCase	1	12	74	47	-127
laneCase	1	12	74	14	-128
laneCase	1	12	74	206	64
laneCase	1	12	74	241	3
laneCase	1	12	74	208	2
laneCase	1	12	44	175	63
laneCase	1	12	44	142	62
laneCase	1	12	44	144	0
laneCase	1	12	44	80	-64
laneCase	1	12	44	47	-65
laneCase	1	12	44	14	-66
laneCase	1	12	44	206	126
laneCase	1	12	44	241	65
laneCase	1	12	44	208	64
laneCase	1	12	236	175	127
laneCase	1	12	236	142	126
laneCase	1	12	236	144	64
laneCase	1	12	236	80	0
laneCase	1	12	236	47	-1
laneCase	1	12	236	14	-2
laneCase	1	12	236	206	-66
laneCase	1	12	236	241	-127
laneCase	1	12	236	208	-128
laneCase	1	12	219	175	-128
laneCase	1	12	219	142	127
laneCase	1	12	219	144	65
laneCase	1	12	219	80	1
laneCase	1	12	219	47	0
laneCase	1	12	219	14	-1
laneCase	1	12	219	206	-65
laneCase	1	12	219	241	-126
laneCase	1	12	219	208	-127
laneCase	1	12	202	175	-127
laneCase	1	12	202	142	-128
laneCase	1	12	202	144	66
laneCase	1	12	202	80	2
laneCase	1	12	202	47	1
laneCase	1	12	202	14	0
laneCase	1	12	202	206	-64
laneCase	1	12	202	241	-125
laneCase	1	12	202	208	-126
laneCase	1	12	138	175	-63
laneCase	1	12	138	142	-64
laneCase	1	12	138	144	-126
laneCase	1	12	138	80	66
laneCase	1	12	138	47	65
laneCase	1	12	138	14	64
laneCase	1	12	138	206	0
laneCase	1	12	138	241	-61
laneCase	1	12	138	208	-62
laneCase	1	12	125	175	-2
laneCase	1	12	125	142	-3
laneCase	1	12	125	144	-65
laneCase	1	12	125	80	127
laneCase	1	12	125	47	126
laneCase	1	12	125	14	125
laneCase	1	12	125	206	61
laneCase	1	12	125	241	0
laneCase	1	12	125	208	-1
laneCase	1	12	108	175	-1
laneCase	1	12	108	142	-2
laneCase	1	12	108	144	-64
laneCase	1	12	108	80	-128
laneCase	1	12	108	47	127
laneCase	1	12	108	14	126
laneCase	1	12	108	206	62
laneCase	1	12	108	241	1
laneCase	1	12	108	208	0
laneCase	1	13	115	191	0
laneCase	1	13	84	191	-1
laneCase	1	13	210	191	-63
laneCase	1	13	18	191	-127
laneCase	1	13	243	191	-128
laneCase	1	13	212	191	127
laneCase	1	13	20	191	63
laneCase	1	13	177	191	2
laneCase	1	13	146	191	1
laneCase	1	13	115	176	1
laneCase	1	13	84	176	0
laneCase	1	13	210	176	-62
laneCase	1	13	18	176	-126
laneCase	1	13	243	176	-127
laneCase	1	13	212	176	-128
laneCase	1	13	20	176	64
laneCase	1	13	177	176	3
laneCase	1	13	146	176	2
laneCase	1	13	115	14	63
laneCase	1	13	84	14	62
laneCase	1	13	210	14	0
laneCase	1	13	18	14	-64
laneCase	1	13	243	14	-65
laneCase	1	13	212	14	-66
laneCase	1	13	20	14	126
laneCase	1	13	177	14	65
laneCase	1	13	146	14	64
laneCase	1	13	115	78	127
laneCase	1	13	84	78	126
laneCase	1	13	210	78	64
laneCase	1	13	18	78	0
laneCase	1	13	243	78	-1
laneCase	1	13	212	78	-2
laneCase	1	13	20	78	-66
laneCase	1	13	177	78	-127
laneCase	1	13	146	78	-128
laneCase	1	13	115	63	-128
laneCase	1	13	84	63	127
laneCase	1	13	210	63	65
laneCase	1	13	18	63	1
laneCase	1	13	243	63	0
laneCase	1	13	212	63	-1
laneCase	1	13	20	63	-65
laneCase	1	13	177	63	-126
laneCase	1	13	146	63	-127
laneCase	1	13	115	48	-127
laneCase	1	13	84	48	-128
laneCase	1	13	210	48	66
laneCase	1	13	18	48	2
laneCase	1	13	243	48	1
laneCase	1	13	212	48	0
laneCase	1	13	20	48	-64
laneCase	1	13	177	48	-125
laneCase	1	13	146	48	-126
laneCase	1	13	115	112	-63
laneCase	1	13	84	112	-64
laneCase	1	13	210	112	-126
laneCase	1	13	18	112	66
laneCase	1	13	243	112	65
laneCase	1	13	212	112	64
laneCase	1	13	20	112	0
laneCase	1	13	177	112	-61
laneCase	1	13	146	112	-62
laneCase	1	13	115	221	-2
laneCase	1	13	84	221	-3
laneCase	1	13	210	221	-65
laneCase	1	13	18	221	127
laneCase	1	13	243	221	126
laneCase	1	13	212	221	125
laneCase	1	13	20	221	61
laneCase	1	13	177	221	0
laneCase	1	13	146	221	-1
laneCase	1	13	115	206	-1
laneCase	1	13	84	206	-2
laneCase	1	13	210	206	-64
laneCase	1	13	18	206	-128
laneCase	1	13	243	206	127
laneCase	1	13	212	206	126
laneCase	1	13	20	206	62
laneCase	1	13	177	206	1
laneCase	1	13	146	206	0
laneCase	1	14	233	45	0
laneCase	1	14	233	184	-1
laneCase	1	14	233	98	-63
laneCase	1	14	233	34	-127
laneCase	1	14	233	173	-128
laneCase	1	14	233	56	127
laneCase	1	14	233	248	63
laneCase	1	14	233	23	2
laneCase	1	14	233	162	1
laneCase	1	14	4	45	1
laneCase	1	14	4	184	0
laneCase	1	14	4	98	-62
laneCase	1	14	4	34	-126
laneCase	1	14	4	173	-127
laneCase	1	14	4	56	-128
laneCase	1	14	4	248	64
laneCase	1	14	4	23	3
laneCase	1	14	4	162	2
laneCase	1	14	142	45	63
laneCase	1	14	142	184	62
laneCase	1	14	142	98	0
laneCase	1	14	142	34	-64
laneCase	1	14	142	173	-65
laneCase	1	14	142	56	-66
laneCase	1	14	142	248	126
laneCase	1	14	142	23	65
laneCase	1	14	142	162	64
laneCase	1	14	78	45	127
laneCase	1	14	78	184	126
laneCase	1	14	78	98	64
laneCase	1	14	78	34	0
laneCase	1	14	78	173	-1
laneCase	1	14	78	56	-2
laneCase	1	14	78	248	-66
laneCase	1	14	78	23	-127
laneCase	1	14	78	162	-128
laneCase	1	14	105	45	-128
laneCase	1	14	105	184	127
laneCase	1	14	105	98	65
laneCase	1	14	105	34	1
laneCase	1	14	105	173	0
laneCase	1	14	105	56	-1
laneCase	1	14	105	248	-65
laneCase	1	14	105	23	-126
laneCase	1	14	105	162	-127
laneCase	1	14	132	45	-127
laneCase	1	14	132	184	-128
laneCase	1	14	132	98	66
laneCase	1	14	132	34	2
laneCase	1	14	132	173	1
laneCase	1	14	132	56	0
laneCase	1	14	132	248	-64
laneCase	1	14	132	23	-125
laneCase	1	14	132	162	-126
laneCase	1	14	68	45	-63
laneCase	1	14	68	184	-64
laneCase	1	14	68	98	-126
laneCase	1	14	68	34	66
laneCase	1	14	68	173	65
laneCase	1	14	68	56	64
laneCase	1	14	68	248	0
laneCase	1	14	68	23	-61
laneCase	1	14	68	162	-62
laneCase	1	14	179	45	-2
laneCase	1	14	179	184	-3
laneCase	1	14	179	98	-65
laneCase	1	14	179	34	127
laneCase	1	14	179	173	126
laneCase	1	14	179	56	125
laneCase	1	14	179	248	61
laneCase	1	14	179	23	0
laneCase	1	14	179	162	-1
laneCase	1	14	206	45	-1
laneCase	1	14	206	184	-2
laneCase	1	14	206	98	-64
laneCase	1	14	206	34	-128
laneCase	1	14	206	173	127
laneCase	1	14	206	56	126
laneCase	1	14	206	248	62
laneCase	1	14	206	23	1
laneCase	1	14	206	162	0
laneCase	1	15	13	143	0
laneCase	1	15	186	143	-1
laneCase	1	15	160	143	-63
laneCase	1	15	224	143	-127
laneCase	1	15	141	143	-128
laneCase	1	15	58	143	127
laneCase	1	15	122	143	63
laneCase	1	15	179	143	2
laneCase	1	15	96	143	1
laneCase	1	15	13	204	1
laneCase	1	15	186	204	0
laneCase	1	15	160	204	-62
laneCase	1	15	224	204	-126
laneCase	1	15	141	204	-127
laneCase	1	15	58	204	-128
laneCase	1	15	122	204	64
laneCase	1	15	179	204	3
laneCase	1	15	96	204	2
laneCase	1	15	13	146	63
laneCase	1	15	186	146	62
laneCase	1	15	160	146	0
laneCase	1	15	224	146	-64
laneCase	1	15	141	146	-65
laneCase	1	15	58	146	-66
laneCase	1	15	122	146	126
laneCase	1	15	179	146	65
laneCase	1	15	96	146	64
laneCase	1	15	13	210	127
laneCase	1	15	186	210	126
laneCase	1	15	160	210	64
laneCase	1	15	224	210	0
laneCase	1	15	141	210	-1
laneCase	1	15	58	210	-2
laneCase	1	15	122	210	-66
laneCase	1	15	179	210	-127
laneCase	1	15	96	210	-128
laneCase	1	15	13	15	-128
laneCase	1	15	186	15	127
laneCase	1	15	160	15	65
laneCase	1	15	224	15	1
laneCase	1	15	141	15	0
laneCase	1	15	58	15	-1
laneCase	1	15	122	15	-65
laneCase	1	15	179	15	-126
laneCase	1	15	96	15	-127
laneCase	1	15	13	76	-127
laneCase	1	15	186	76	-128
laneCase	1	15	160	76	66
laneCase	1	15	224	76	2
laneCase	1	15	141	76	1
laneCase	1	15	58	76	0
laneCase	1	15	122	76	-64
laneCase	1	15	179	76	-125
laneCase	1	15	96	76	-126
laneCase	1	15	13	140	-63
laneCase	1	15	186	140	-64
laneCase	1	15	160	140	-126
laneCase	1	15	224	140	66
laneCase	1	15	141	140	65
laneCase	1	15	58	140	64
laneCase	1	15	122	140	0
laneCase	1	15	179	140	-61
laneCase	1	15	96	140	-62
laneCase	1	15	13	21	-2
laneCase	1	15	186	21	-3
laneCase	1	15	160	21	-65
laneCase	1	15	224	21	127
laneCase	1	15	141	21	126
laneCase	1	15	58	21	125
laneCase	1	15	122	21	61
laneCase	1	15	179	21	0
laneCase	1	15	96	21	-1
laneCase	1	15	13	82	-1
laneCase	1	15	186	82	-2
laneCase	1	15	160	82	-64
laneCase	1	15	224	82	-128
laneCase	1	15	141	82	127
laneCase	1	15	58	82	126
laneCase	1	15	122	82	62
laneCase	1	15	179	82	1
laneCase	1	15	96	82	0
laneCase	2	0	128	126	0
laneCase	2	0	128	127	-128
laneCase	2	0	128	189	-128
laneCase	2	0	128	253	-128
laneCase	2	0	128	254	0
laneCase	2	0	128	255	-128
laneCase	2	0	128	63	-128
laneCase	2	0	128	124	0
laneCase	2	0	128	125	-128
laneCase	2	0	129	126	-128
laneCase	2	0	129	127	1
laneCase	2	0	129	189	63
laneCase	2	0	129	253	127
laneCase	2	0	129	254	0
laneCase	2	0	129	255	-127
laneCase	2	0	129	63	-63
laneCase	2	0	129	124	126
laneCase	2	0	129	125	-1
laneCase	2	0	191	126	-128
laneCase	2	0	191	127	63
laneCase	2	0	191	189	-127
laneCase	2	0	191	253	65
laneCase	2	0	191	254	0
laneCase	2	0	191	255	-65
laneCase	2	0	191	63	127
laneCase	2	0	191	124	2
laneCase	2	0	191	125	-63
laneCase	2	0	255	126	-128
laneCase	2	0	255	127	127
laneCase	2	0	255	189	65
laneCase	2	0	255	253	1
laneCase	2	0	255	254	0
laneCase	2	0	255	255	-1
laneCase	2	0	255	63	-65
laneCase	2	0	255	124	-126
laneCase	2	0	255	125	-127
laneCase	2	0	0	126	0
laneCase	2	0	0	127	0
laneCase	2	0	0	189	0
laneCase	2	0	0	253	0
laneCase	2	0	0	254	0
laneCase	2	0	0	255	0
laneCase	2	0	0	63	0
laneCase	2	0	0	124	0
laneCase	2	0	0	125	0
laneCase	2	0	1	126	-128
laneCase	2	0	1	127	-127
laneCase	2	0	1	189	-65
laneCase	2	0	1	253	-1
laneCase	2	0	1	254	0
laneCase	2	0	1	255	1
laneCase	2	0	1	63	65
laneCase	2	0	1	124	126
laneCase	2	0	1	125	127
laneCase	2	0	65	126	-128
laneCase	2	0	65	127	-63
laneCase	2	0	65	189	127
laneCase	2	0	65	253	-65
laneCase	2	0	65	254	0
laneCase	2	0	65	255	65
laneCase	2	0	65	63	-127
laneCase	2	0	65	124	-2
laneCase	2	0	65	125	63
laneCase	2	0	126	126	0
laneCase	2	0	126	127	126
laneCase	2	0	126	189	2
laneCase	2	0	126	253	-126
laneCase	2	0	126	254	0
laneCase	2	0	126	255	126
laneCase	2	0	126	63	-2
laneCase	2	0	126	124	4
laneCase	2	0	126	125	-126
laneCase	2	0	127	126	-128
laneCase	2	0	127	127	-1
laneCase	2	0	127	189	-63
laneCase	2	0	127	253	-127
laneCase	2	0	127	254	0
laneCase	2	0	127	255	127
laneCase	2	0	127	63	63
laneCase	2	0	127	124	-126
laneCase	2	0	127	125	1
laneCase	2	1	131	128	0
laneCase	2	1	132	128	-128
laneCase	2	1	194	128	-128
laneCase	2	1	2	128	-128
laneCase	2	1	3	128	0
laneCase	2	1	4	128	-128
laneCase	2	1	68	128	-128
laneCase	2	1	129	128	0
laneCase	2	1	130	128	-128
laneCase	2	1	131	129	-128
laneCase	2	1	132	129	1
laneCase	2	1	194	129	63
laneCase	2	1	2	129	127
laneCase	2	1	3	129	0
laneCase	2	1	4	129	-127
laneCase	2	1	68	129	-63
laneCase	2	1	129	129	126
laneCase	2	1	130	129	-1
laneCase	2	1	131	191	-128
laneCase	2	1	132	191	63
laneCase	2	1	194	191	-127
laneCase	2	1	2	191	65
laneCase	2	1	3	191	0
laneCase	2	1	4	191	-65
laneCase	2	1	68	191	127
laneCase	2	1	129	191	2
laneCase	2	1	130	191	-63
laneCase	2	1	131	255	-128
laneCase	2	1	132	255	127
laneCase	2	1	194	255	65
laneCase	2	1	2	255	1
laneCase	2	1	3	255	0
laneCase	2	1	4	255	-1
laneCase	2	1	68	255	-65
laneCase	2	1	129	255	-126
laneCase	2	1	130	255	-127
laneCase	2	1	131	0	0
laneCase	2	1	132	0	0
laneCase	2	1	194	0	0
laneCase	2	1	2	0	0
laneCase	2	1	3	0	0
laneCase	2	1	4	0	0
laneCase	2	1	68	0	0
laneCase	2	1	129	0	0
laneCase	2	1	130	0	0
laneCase	2	1	131	1	-128
laneCase	2	1	132	1	-127
laneCase	2	1	194	1	-65
laneCase	2	1	2	1	-1
laneCase	2	1	3	1	0
laneCase	2	1	4	1	1
laneCase	2	1	68	1	65
laneCase	2	1	129	1	126
laneCase	2	1	130	1	127
laneCase	2	1	131	65	-128
laneCase	2	1	132	65	-63
laneCase	2	1	194	65	127
laneCase	2	1	2	65	-65
laneCase	2	1	3	65	0
laneCase	2	1	4	65	65
laneCase	2	1	68	65	-127
laneCase	2	1	129	65	-2
laneCase	2	1	130	65	63
laneCase	2	1	131	126	0
laneCase	2	1	132	126	126
laneCase	2	1	194	126	2
laneCase	2	1	2	126	-126
laneCase	2	1	3	126	0
laneCase	2	1	4	126	126
laneCase	2	1	68	126	-2
laneCase	2	1	129	126	4
laneCase	2	1	130	126	-126
laneCase	2	1	131	127	-128
laneCase	2	1	132	127	-1
laneCase	2	1	194	127	-63
laneCase	2	1	2	127	-127
laneCase	2	1	3	127	0
laneCase	2	1	4	127	127
laneCase	2	1	68	127	63
laneCase	2	1	129	127	-126
laneCase	2	1	130	127	1
laneCase	2	2	127	53	0
laneCase	2	2	127	236	-128
laneCase	2	2	127	62	-128
laneCase	2	2	127	254	-128
laneCase	2	2	127	181	0
laneCase	2	2	127	108	-128
laneCase	2	2	127	44	-128
laneCase	2	2	127	199	0
laneCase	2	2	127	126	-128
laneCase	2	2	128	53	-128
laneCase	2	2	128	236	1
laneCase	2	2	128	62	63
laneCase	2	2	128	254	127
laneCase	2	2	128	181	0
laneCase	2	2	128	108	-127
laneCase	2	2	128	44	-63
laneCase	2	2	128	199	126
laneCase	2	2	128	126	-1
laneCase	2	2	190	53	-128
laneCase	2	2	190	236	63
laneCase	2	2	190	62	-127
laneCase	2	2	190	254	65
laneCase	2	2	190	181	0
laneCase	2	2	190	108	-65
laneCase	2	2	190	44	127
laneCase	2	2	190	199	2
laneCase	2	2	190	126	-63
laneCase	2	2	254	53	-128
laneCase	2	2	254	236	127
laneCase	2	2	254	62	65
laneCase	2	2	254	254	1
laneCase	2	2	254	181	0
laneCase	2	2	254	108	-1
laneCase	2	2	254	44	-65
laneCase	2	2	254	199	-126
laneCase	2	2	254	126	-127
laneCase	2	2	255	53	0
laneCase	2	2	255	236	0
laneCase	2	2	255	62	0
laneCase	2	2	255	254	0
laneCase	2	2	255	181	0
laneCase	2	2	255	108	0
laneCase	2	2	255	44	0
laneCase	2	2	255	199	0
laneCase	2	2	255	126	0
laneCase	2	2	0	53	-128
laneCase	2	2	0	236	-127
laneCase	2	2	0	62	-65
laneCase	2	2	0	254	-1
laneCase	2	2	0	181	0
laneCase	2	2	0	108	1
laneCase	2	2	0	44	65
laneCase	2	2	0	199	126
laneCase	2	2	0	126	127
laneCase	2	2	64	53	-128
laneCase	2	2	64	236	-63
laneCase	2	2	64	62	127
laneCase	2	2	64	254	-65
laneCase	2	2	64	181	0
laneCase	2	2	64	108	65
laneCase	2	2	64	44	-127
laneCase	2	2	64	199	-2
laneCase	2	2	64	126	63
laneCase	2	2	125	53	0
laneCase	2	2	125	236	126
laneCase	2	2	125	62	2
laneCase	2	2	125	254	-126
laneCase	2	2	125	181	0
laneCase	2	2	125	108	126
laneCase	2	2	125	44	-2
laneCase	2	2	125	199	4
laneCase	2	2	125	126	-126
laneCase	2	2	126	53	-128
laneCase	2	2	126	236	-1
laneCase	2	2	126	62	-63
laneCase	2	2	126	254	-127
laneCase	2	2	126	181	0
laneCase	2	2	126	108	127
laneCase	2	2	126	44	63
laneCase	2	2	126	199	-126
laneCase	2	2	126	126	1
laneCase	2	3	83	129	0
laneCase	2	3	246	129	-128
laneCase	2	3	112	129	-128
laneCase	2	3	48	129	-128
laneCase	2	3	211	129	0
laneCase	2	3	118	129	-128
laneCase	2	3	54	129	-128
laneCase	2	3	13	129	0
laneCase	2	3	176	129	-128
laneCase	2	3	83	130	-128
laneCase	2	3	246	130	1
laneCase	2	3	112	130	63
laneCase	2	3	48	130	127
laneCase	2	3	211	130	0
laneCase	2	3	118	130	-127
laneCase	2	3	54	130	-63
laneCase	2	3	13	130	126
laneCase	2	3	176	130	-1
laneCase	2	3	83	192	-128
laneCase	2	3	246	192	63
laneCase	2	3	112	192	-127
laneCase	2	3	48	192	65
laneCase	2	3	211	192	0
laneCase	2	3	118	192	-65
laneCase	2	3	54	192	127
laneCase	2	3	13	192	2
laneCase	2	3	176	192	-63
laneCase	2	3	83	0	-128
laneCase	2	3	246	0	127
laneCase	2	3	112	0	65
laneCase	2	3	48	0	1
laneCase	2	3	211	0	0
laneCase	2	3	118	0	-1
laneCase	2	3	54	0	-65
laneCase	2	3	13	0	-126
laneCase	2	3	176	0	-127
laneCase	2	3	83	1	0
laneCase	2	3	246	1	0
laneCase	2	3	112	1	0
laneCase	2	3	48	1	0
laneCase	2	3	211	1	0
laneCase	2	3	118	1	0
laneCase	2	3	54	1	0
laneCase	2	3	13	1	0
laneCase	2	3	176	1	0
laneCase	2	3	83	2	-128
laneCase	2	3	246	2	-127
laneCase	2	3	112	2	-65
laneCase	2	3	48	2	-1
laneCase	2	3	211	2	0
laneCase	2	3	118	2	1
laneCase	2	3	54	2	65
laneCase	2	3	13	2	126
laneCase	2	3	176	2	127
laneCase	2	3	83	66	-128
laneCase	2	3	246	66	-63
laneCase	2	3	112	66	127
laneCase	2	3	48	66	-65
laneCase	2	3	211	66	0
laneCase	2	3	118	66	65
laneCase	2	3	54	66	-127
laneCase	2	3	13	66	-2
laneCase	2	3	176	66	63
laneCase	2	3	83	127	0
laneCase	2	3	246	127	126
laneCase	2	3	112	127	2
laneCase	2	3	48	127	-126
laneCase	2	3	211	127	0
laneCase	2	3	118	127	126
laneCase	2	3	54	127	-2
laneCase	2	3	13	127	4
laneCase	2	3	176	127	-126
laneCase	2	3	83	128	-128
laneCase	2	3	246	128	-1
laneCase	2	3	112	128	-63
laneCase	2	3	48	128	-127
laneCase	2	3	211	128	0
laneCase	2	3	118	128	127
laneCase	2	3	54	128	63
laneCase	2	3	13	128	-126
laneCase	2	3	176	128	1
laneCase	2	4	1	0	0
laneCase	2	4	1	1	-128
laneCase	2	4	1	63	-128
laneCase	2	4	1	127	-128
laneCase	2	4	1	128	0
laneCase	2	4	1	129	-128
laneCase	2	4	1	193	-128
laneCase	2	4	1	254	0
laneCase	2	4	1	255	-128
laneCase	2	4	2	0	-128
laneCase	2	4	2	1	1
laneCase	2	4	2	63	63
laneCase	2	4	2	127	127
laneCase	2	4	2	128	0
laneCase	2	4	2	129	-127
laneCase	2	4	2	193	-63
laneCase	2	4	2	254	126
laneCase	2	4	2	255	-1
laneCase	2	4	64	0	-128
laneCase	2	4	64	1	63
laneCase	2	4	64	63	-127
laneCase	2	4	64	127	65
laneCase	2	4	64	128	0
laneCase	2	4	64	129	-65
laneCase	2	4	64	193	127
laneCase	2	4	64	254	2
laneCase	2	4	64	255	-63
laneCase	2	4	128	0	-128
laneCase	2	4	128	1	127
laneCase	2	4	128	63	65
laneCase	2	4	128	127	1
laneCase	2	4	128	128	0
laneCase	2	4	128	129	-1
laneCase	2	4	128	193	-65
laneCase	2	4	128	254	-126
laneCase	2	4	128	255	-127
laneCase	2	4	129	0	0
laneCase	2	4	129	1	0
laneCase	2	4	129	63	0
laneCase	2	4	129	127	0
laneCase	2	4	129	128	0
laneCase	2	4	129	129	0
laneCase	2	4	129	193	0
laneCase	2	4	129	254	0
laneCase	2	4	129	255	0
laneCase	2	4	130	0	-128
laneCase	2	4	130	1	-127
laneCase	2	4	130	63	-65
laneCase	2	4	130	127	-1
laneCase	2	4	130	128	0
laneCase	2	4	130	129	1
laneCase	2	4	130	193	65
laneCase	2	4	130	254	126
laneCase	2	4	130	255	127
laneCase	2	4	194	0	-128
laneCase	2	4	194	1	-63
laneCase	2	4	194	63	127
laneCase	2	4	194	127	-65
laneCase	2	4	194	128	0
laneCase	2	4	194	129	65
laneCase	2	4	194	193	-127
laneCase	2	4	194	254	-2
laneCase	2	4	194	255	63
laneCase	2	4	255	0	0
laneCase	2	4	255	1	126
laneCase	2	4	255	63	2
laneCase	2	4	255	127	-126
laneCase	2	4	255	128	0
laneCase	2	4	255	129	126
laneCase	2	4	255	193	-2
laneCase	2	4	255	254	4
laneCase	2	4	255	255	-126
laneCase	2	4	0	0	-128
laneCase	2	4	0	1	-1
laneCase	2	4	0	63	-63
laneCase	2	4	0	127	-127
laneCase	2	4	0	128	0
laneCase	2	4	0	129	127
laneCase	2	4	0	193	63
laneCase	2	4	0	254	-126
laneCase	2	4	0	255	1
laneCase	2	5	255	0	0
laneCase	2	5	0	0	-128
laneCase	2	5	62	0	-128
laneCase	2	5	126	0	-128
laneCase	2	5	127	0	0
laneCase	2	5	128	0	-128
laneCase	2	5	192	0	-128
laneCase	2	5	253	0	0
laneCase	2	5	254	0	-128
laneCase	2	5	255	1	-128
laneCase	2	5	0	1	1
laneCase	2	5	62	1	63
laneCase	2	5	126	1	127
laneCase	2	5	127	1	0
laneCase	2	5	128	1	-127
laneCase	2	5	192	1	-63
laneCase	2	5	253	1	126
laneCase	2	5	254	1	-1
laneCase	2	5	255	63	-128
laneCase	2	5	0	63	63
laneCase	2	5	62	63	-127
laneCase	2	5	126	63	65
laneCase	2	5	127	63	0
laneCase	2	5	128	63	-65
laneCase	2	5	192	63	127
laneCase	2	5	253	63	2
laneCase	2	5	254	63	-63
laneCase	2	5	255	127	-128
laneCase	2	5	0	127	127
laneCase	2	5	62	127	65
laneCase	2	5	126	127	1
laneCase	2	5	127	127	0
laneCase	2	5	128	127	-1
laneCase	2	5	192	127	-65
laneCase	2	5	253	127	-126
laneCase	2	5	254	127	-127
laneCase	2	5	255	128	0
laneCase	2	5	0	128	0
laneCase	2	5	62	128	0
laneCase	2	5	126	128	0
laneCase	2	5	127	128	0
laneCase	2	5	128	128	0
laneCase	2	5	192	128	0
laneCase	2	5	253	128	0
laneCase	2	5	254	128	0
laneCase	2	5	255	129	-128
laneCase	2	5	0	129	-127
laneCase	2	5	62	129	-65
laneCase	2	5	126	129	-1
laneCase	2	5	127	129	0
laneCase	2	5	128	129	1
laneCase	2	5	192	129	65
laneCase	2	5	253	129	126
laneCase	2	5	254	129	127
laneCase	2	5	255	193	-128
laneCase	2	5	0	193	-63
laneCase	2	5	62	193	127
laneCase	2	5	126	193	-65
laneCase	2	5	127	193	0
laneCase	2	5	128	193	65
laneCase	2	5	192	193	-127
laneCase	2	5	253	193	-2
laneCase	2	5	254	193	63
laneCase	2	5	255	254	0
laneCase	2	5	0	254	126
laneCase	2	5	62	254	2
laneCase	2	5	126	254	-126
laneCase	2	5	127	254	0
laneCase	2	5	128	254	126
laneCase	2	5	192	254	-2
laneCase	2	5	253	254	4
laneCase	2	5	254	254	-126
laneCase	2	5	255	255	-128
laneCase	2	5	0	255	-1
laneCase	2	5	62	255	-63
laneCase	2	5	126	255	-127
laneCase	2	5	127	255	0
laneCase	2	5	128	255	127
laneCase	2	5	192	255	63
laneCase	2	5	253	255	-126
laneCase	2	5	254	255	1
laneCase	2	6	211	225	0
laneCase	2	6	211	166	-128
laneCase	2	6	211	92	-128
laneCase	2	6	211	156	-128
laneCase	2	6	211	97	0
laneCase	2	6	211	38	-128
laneCase	2	6	211	102	-128
laneCase	2	6	211	87	0
laneCase	2	6	211	28	-128
laneCase	2	6	126	225	-128
laneCase	2	6	126	166	1
laneCase	2	6	126	92	63
laneCase	2	6	126	156	127
laneCase	2	6	126	97	0
laneCase	2	6	126	38	-127
laneCase	2	6	126	102	-63
laneCase	2	6	126	87	126
laneCase	2	6	126	28	-1
laneCase	2	6	232	225	-128
laneCase	2	6	232	166	63
laneCase	2	6	232	92	-127
laneCase	2	6	232	156	65
laneCase	2	6	232	97	0
laneCase	2	6	232	38	-65
laneCase	2	6	232	102	127
laneCase	2	6	232	87	2
laneCase	2	6	232	28	-63
laneCase	2	6	168	225	-128
laneCase	2	6	168	166	127
laneCase	2	6	168	92	65
laneCase	2	6	168	156	1
laneCase	2	6	168	97	0
laneCase	2	6	168	38	-1
laneCase	2	6	168	102	-65
laneCase	2	6	168	87	-126
laneCase	2	6	168	28	-127
laneCase	2	6	83	225	0
laneCase	2	6	83	166	0
laneCase	2	6	83	92	0
laneCase	2	6	83	156	0
laneCase	2	6	83	97	0
laneCase	2	6	83	38	0
laneCase	2	6	83	102	0
laneCase	2	6	83	87	0
laneCase	2	6	83	28	0
laneCase	2	6	254	225	-128
laneCase	2	6	254	166	-127
laneCase	2	6	254	92	-65
laneCase	2	6	254	156	-1
laneCase	2	6	254	97	0
laneCase	2	6	254	38	1
laneCase	2	6	254	102	65
laneCase	2	6	254	87	126
laneCase	2	6	254	28	127
laneCase	2	6	190	225	-128
laneCase	2	6	190	166	-63
laneCase	2	6	190	92	127
laneCase	2	6	190	156	-65
laneCase	2	6	190	97	0
laneCase	2	6	190	38	65
laneCase	2	6	190	102	-127
laneCase	2	6	190	87	-2
laneCase	2	6	190	28	63
laneCase	2	6	125	225	0
laneCase	2	6	125	166	126
laneCase	2	6	125	92	2
laneCase	2	6	125	156	-126
laneCase	2	6	125	97	0
laneCase	2	6	125	38	126
laneCase	2	6	125	102	-2
laneCase	2	6	125	87	4
laneCase	2	6	125	28	-126
laneCase	2	6	40	225	-128
laneCase	2	6	40	166	-1
laneCase	2	6	40	92	-63
laneCase	2	6	40	156	-127
laneCase	2	6	40	97	0
laneCase	2	6	40	38	127
laneCase	2	6	40	102	63
laneCase	2	6	40	87	-126
laneCase	2	6	40	28	1
laneCase	2	7	39	79	0
laneCase	2	7	24	79	-128
laneCase	2	7	118	79	-128
laneCase	2	7	182	79	-128
laneCase	2	7	167	79	0
laneCase	2	7	152	79	-128
laneCase	2	7	216	79	-128
laneCase	2	7	69	79	0
laneCase	2	7	54	79	-128
laneCase	2	7	39	28	-128
laneCase	2	7	24	28	1
laneCase	2	7	118	28	63
laneCase	2	7	182	28	127
laneCase	2	7	167	28	0
laneCase	2	7	152	28	-127
laneCase	2	7	216	28	-63
laneCase	2	7	69	28	126
laneCase	2	7	54	28	-1
laneCase	2	7	39	194	-128
laneCase	2	7	24	194	63
laneCase	2	7	118	194	-127
laneCase	2	7	182	194	65
laneCase	2	7	167	194	0
laneCase	2	7	152	194	-65
laneCase	2	7	216	194	127
laneCase	2	7	69	194	2
laneCase	2	7	54	194	-63
laneCase	2	7	39	2	-128
laneCase	2	7	24	2	127
laneCase	2	7	118	2	65
laneCase	2	7	182	2	1
laneCase	2	7	167	2	0
laneCase	2	7	152	2	-1
laneCase	2	7	216	2	-65
laneCase	2	7	69	2	-126
laneCase	2	7	54	2	-127
laneCase	2	7	39	207	0
laneCase	2	7	24	207	0
laneCase	2	7	118	207	0
laneCase	2	7	182	207	0
laneCase	2	7	167	207	0
laneCase	2	7	152	207	0
laneCase	2	7	216	207	0
laneCase	2	7	69	207	0
laneCase	2	7	54	207	0
laneCase	2	7	39	156	-128
laneCase	2	7	24	156	-127
laneCase	2	7	118	156	-65
laneCase	2	7	182	156	-1
laneCase	2	7	167	156	0
laneCase	2	7	152	156	1
laneCase	2	7	216	156	65
laneCase	2	7	69	156	126
laneCase	2	7	54	156	127
laneCase	2	7	39	220	-128
laneCase	2	7	24	220	-63
laneCase	2	7	118	220	127
laneCase	2	7	182	220	-65
laneCase	2	7	167	220	0
laneCase	2	7	152	220	65
laneCase	2	7	216	220	-127
laneCase	2	7	69	220	-2
laneCase	2	7	54	220	63
laneCase	2	7	39	181	0
laneCase	2	7	24	181	126
laneCase	2	7	118	181	2
laneCase	2	7	182	181	-126
laneCase	2	7	167	181	0
laneCase	2	7	152	181	126
laneCase	2	7	216	181	-2
laneCase	2	7	69	181	4
laneCase	2	7	54	181	-126
laneCase	2	7	39	130	-128
laneCase	2	7	24	130	-1
laneCase	2	7	118	130	-63
laneCase	2	7	182	130	-127
laneCase	2	7	167	130	0
laneCase	2	7	152	130	127
laneCase	2	7	216	130	63
laneCase	2	7	69	130	-126
laneCase	2	7	54	130	1
laneCase	2	8	197	181	0
laneCase	2	8	197	92	-128
laneCase	2	8	197	206	-128
laneCase	2	8	197	142	-128
laneCase	2	8	197	53	0
laneCase	2	8	197	220	-128
laneCase	2	8	197	156	-128
laneCase	2	8	197	103	0
laneCase	2	8	197	14	-128
laneCase	2	8	124	181	-128
laneCase	2	8	124	92	1
laneCase	2	8	124	206	63
laneCase	2	8	124	142	127
laneCase	2	8	124	53	0
laneCase	2	8	124	220	-127
laneCase	2	8	124	156	-63
laneCase	2	8	124	103	126
laneCase	2	8	124	14	-1
laneCase	2	8	206	181	-128
laneCase	2	8	206	92	63
laneCase	2	8	206	206	-127
laneCase	2	8	206	142	65
laneCase	2	8	206	53	0
laneCase	2	8	206	220	-65
laneCase	2	8	206	156	127
laneCase	2	8	206	103	2
laneCase	2	8	206	14	-63
laneCase	2	8	142	181	-128
laneCase	2	8	142	92	127
laneCase	2	8	142	206	65
laneCase	2	8	142	142	1
laneCase	2	8	142	53	0
laneCase	2	8	142	220	-1
laneCase	2	8	142	156	-65
laneCase	2	8	142	103	-126
laneCase	2	8	142	14	-127
laneCase	2	8	69	181	0
laneCase	2	8	69	92	0
laneCase	2	8	69	206	0
laneCase	2	8	69	142	0
laneCase	2	8	69	53	0
laneCase	2	8	69	220	0
laneCase	2	8	69	156	0
laneCase	2	8	69	103	0
laneCase	2	8	69	14	0
laneCase	2	8	252	181	-128
laneCase	2	8	252	92	-127
laneCase	2	8	252	206	-65
laneCase	2	8	252	142	-1
laneCase	2	8	252	53	0
laneCase	2	8	252	220	1
laneCase	2	8	252	156	65
laneCase	2	8	252	103	126
laneCase	2	8	252	14	127
laneCase	2	8	188	181	-128
laneCase	2	8	188	92	-63
laneCase	2	8	188	206	127
laneCase	2	8	188	142	-65
laneCase	2	8	188	53	0
laneCase	2	8	188	220	65
laneCase	2	8	188	156	-127
laneCase	2	8	188	103	-2
laneCase	2	8	188	14	63
laneCase	2	8	87	181	0
laneCase	2	8	87	92	126
laneCase	2	8	87	206	2
laneCase	2	8	87	142	-126
laneCase	2	8	87	53	0
laneCase	2	8	87	220	126
laneCase	2	8	87	156	-2
laneCase	2	8	87	103	4
laneCase	2	8	87	14	-126
laneCase	2	8	14	181	-128
laneCase	2	8	14	92	-1
laneCase	2	8	14	206	-63
laneCase	2	8	14	142	-127
laneCase	2	8	14	53	0
laneCase	2	8	14	220	127
laneCase	2	8	14	156	63
laneCase	2	8	14	103	-126
laneCase	2	8	14	14	1
laneCase	2	9	59	103	0
laneCase	2	9	100	103	-128
laneCase	2	9	82	103	-128
laneCase	2	9	146	103	-128
laneCase	2	9	187	103	0
laneCase	2	9	228	103	-128
laneCase	2	9	36	103	-128
laneCase	2	9	233	103	0
laneCase	2	9	18	103	-128
laneCase	2	9	59	160	-128
laneCase	2	9	100	160	1
laneCase	2	9	82	160	63
laneCase	2	9	146	160	127
laneCase	2	9	187	160	0
laneCase	2	9	228	160	-127
laneCase	2	9	36	160	-63
laneCase	2	9	233	160	126
laneCase	2	9	18	160	-1
laneCase	2	9	59	110	-128
laneCase	2	9	100	110	63
laneCase	2	9	82	110	-127
laneCase	2	9	146	110	65
laneCase	2	9	187	110	0
laneCase	2	9	228	110	-65
laneCase	2	9	36	110	127
laneCase	2	9	233	110	2
laneCase	2	9	18	110	-63
laneCase	2	9	59	174	-128
laneCase	2	9	100	174	127
laneCase	2	9	82	174	65
laneCase	2	9	146	174	1
laneCase	2	9	187	174	0
laneCase	2	9	228	174	-1
laneCase	2	9	36	174	-65
laneCase	2	9	233	174	-126
laneCase	2	9	18	174	-127
laneCase	2	9	59	231	0
laneCase	2	9	100	231	0
laneCase	2	9	82	231	0
laneCase	2	9	146	231	0
laneCase	2	9	187	231	0
laneCase	2	9	228	231	0
laneCase	2	9	36	231	0
laneCase	2	9	233	231	0
laneCase	2	9	18	231	0
laneCase	2	9	59	32	-128
laneCase	2	9	100	32	-127
laneCase	2	9	82	32	-65
laneCase	2	9	146	32	-1
laneCase	2	9	187	32	0
laneCase	2	9	228	32	1
laneCase	2	9	36	32	65
laneCase	2	9	233	32	126
laneCase	2	9	18	32	127
laneCase	2	9	59	96	-128
laneCase	2	9	100	96	-63
laneCase	2	9	82	96	127
laneCase	2	9	146	96	-65
laneCase	2	9	187	96	0
laneCase	2	9	228	96	65
laneCase	2	9	36	96	-127
laneCase	2	9	233	96	-2
laneCase	2	9	18	96	63
laneCase	2	9	59	245	0
laneCase	2	9	100	245	126
laneCase	2	9	82	245	2
laneCase	2	9	146	245	-126
laneCase	2	9	187	245	0
laneCase	2	9	228	245	126
laneCase	2	9	36	245	-2
laneCase	2	9	233	245	4
laneCase	2	9	18	245	-126
laneCase	2	9	59	46	-128
laneCase	2	9	100	46	-1
laneCase	2	9	82	46	-63
laneCase	2	9	146	46	-127
laneCase	2	9	187	46	0
laneCase	2	9	228	46	127
laneCase	2	9	36	46	63
laneCase	2	9	233	46	-126
laneCase	2	9	18	46	1
laneCase	2	10	241	59	0
laneCase	2	10	241	78	-128
laneCase	2	10	241	232	-128
laneCase	2	10	241	168	-128
laneCase	2	10	241	187	0
laneCase	2	10	241	206	-128
laneCase	2	10	241	142	-128
laneCase	2	10	241	21	0
laneCase	2	10	241	40	-128
laneCase	2	10	148	59	-128
laneCase	2	10	148	78	1
laneCase	2	10	148	232	63
laneCase	2	10	148	168	127
laneCase	2	10	148	187	0
laneCase	2	10	148	206	-127
laneCase	2	10	148	142	-63
laneCase	2	10	148	21	126
laneCase	2	10	148	40	-1
laneCase	2	10	14	59	-128
laneCase	2	10	14	78	63
laneCase	2	10	14	232	-127
laneCase	2	10	14	168	65
laneCase	2	10	14	187	0
laneCase	2	10	14	206	-65
laneCase	2	10	14	142	127
laneCase	2	10	14	21	2
laneCase	2	10	14	40	-63
laneCase	2	10	206	59	-128
laneCase	2	10	206	78	127
laneCase	2	10	206	232	65
laneCase	2	10	206	168	1
laneCase	2	10	206	187	0
laneCase	2	10	206	206	-1
laneCase	2	10	206	142	-65
laneCase	2	10	206	21	-126
laneCase	2	10	206	40	-127
laneCase	2	10	113	59	0
laneCase	2	10	113	78	0
laneCase	2	10	113	232	0
laneCase	2	10	113	168	0
laneCase	2	10	113	187	0
laneCase	2	10	113	206	0
laneCase	2	10	113	142	0
laneCase	2	10	113	21	0
laneCase	2	10	113	40	0
laneCase	2	10	20	59	-128
laneCase	2	10	20	78	-127
laneCase	2	10	20	232	-65
laneCase	2	10	20	168	-1
laneCase	2	10	20	187	0
laneCase	2	10	20	206	1
laneCase	2	10	20	142	65
laneCase	2	10	20	21	126
laneCase	2	10	20	40	127
laneCase	2	10	212	59	-128
laneCase	2	10	212	78	-63
laneCase	2	10	212	232	127
laneCase	2	10	212	168	-65
laneCase	2	10	212	187	0
laneCase	2	10	212	206	65
laneCase	2	10	212	142	-127
laneCase	2	10	212	21	-2
laneCase	2	10	212	40	63
laneCase	2	10	171	59	0
laneCase	2	10	171	78	126
laneCase	2	10	171	232	2
laneCase	2	10	171	168	-126
laneCase	2	10	171	187	0
laneCase	2	10	171	206	126
laneCase	2	10	171	142	-2
laneCase	2	10	171	21	4
laneCase	2	10	171	40	-126
laneCase	2	10	78	59	-128
laneCase	2	10	78	78	-1
laneCase	2	10	78	232	-63
laneCase	2	10	78	168	-127
laneCase	2	10	78	187	0
laneCase	2	10	78	206	127
laneCase	2	10	78	142	63
laneCase	2	10	78	21	-126
laneCase	2	10	78	40	1
laneCase	2	11	157	13	0
laneCase	2	11	210	13	-128
laneCase	2	11	168	13	-128
laneCase	2	11	232	13	-128
laneCase	2	11	29	13	0
laneCase	2	11	82	13	-128
laneCase	2	11	146	13	-128
laneCase	2	11	51	13	0
laneCase	2	11	104	13	-128
laneCase	2	11	157	210	-128
laneCase	2	11	210	210	1
laneCase	2	11	168	210	63
laneCase	2	11	232	210	127
laneCase	2	11	29	210	0
laneCase	2	11	82	210	-127
laneCase	2	11	146	210	-63
laneCase	2	11	51	210	126
laneCase	2	11	104	210	-1
laneCase	2	11	157	136	-128
laneCase	2	11	210	136	63
laneCase	2	11	168	136	-127
laneCase	2	11	232	136	65
laneCase	2	11	29	136	0
laneCase	2	11	82	136	-65
laneCase	2	11	146	136	127
laneCase	2	11	51	136	2
laneCase	2	11	104	136	-63
laneCase	2	11	157	200	-128
laneCase	2	11	210	200	127
laneCase	2	11	168	200	65
laneCase	2	11	232	200	1
laneCase	2	11	29	200	0
laneCase	2	11	82	200	-1
laneCase	2	11	146	200	-65
laneCase	2	11	51	200	-126
laneCase	2	11	104	200	-127
laneCase	2	11	157	141	0
laneCase	2	11	210	141	0
laneCase	2	11	168	141	0
laneCase	2	11	232	141	0
laneCase	2	11	29	141	0
laneCase	2	11	82	141	0
laneCase	2	11	146	141	0
laneCase	2	11	51	141	0
laneCase	2	11	104	141	0
laneCase	2	11	157	82	-128
laneCase	2	11	210	82	-127
laneCase	2	11	168	82	-65
laneCase	2	11	232	82	-1
laneCase	2	11	29	82	0
laneCase	2	11	82	82	1
laneCase	2	11	146	82	65
laneCase	2	11	51	82	126
laneCase	2	11	104	82	127
laneCase	2	11	157	146	-128
laneCase	2	11	210	146	-63
laneCase	2	11	168	146	127
laneCase	2	11	232	146	-65
laneCase	2	11	29	146	0
laneCase	2	11	82	146	65
laneCase	2	11	146	146	-127
laneCase	2	11	51	146	-2
laneCase	2	11	104	146	63
laneCase	2	11	157	131	0
laneCase	2	11	210	131	126
laneCase	2	11	168	131	2
laneCase	2	11	232	131	-126
laneCase	2	11	29	131	0
laneCase	2	11	82	131	126
laneCase	2	11	146	131	-2
laneCase	2	11	51	131	4
laneCase	2	11	104	131	-126
laneCase	2	11	157	72	-128
laneCase	2	11	210	72	-1
laneCase	2	11	168	72	-63
laneCase	2	11	232	72	-127
laneCase	2	11	29	72	0
laneCase	2	11	82	72	127
laneCase	2	11	146	72	63
laneCase	2	11	51	72	-126
laneCase	2	11	104	72	1
laneCase	2	12	91	175	0
laneCase	2	12	91	142	-128
laneCase	2	12	91	144	-128
laneCase	2	12	91	80	-128
laneCase	2	12	91	47	0
laneCase	2	12	91	14	-128
laneCase	2	12	91	206	-128
laneCase	2	12	91	241	0
laneCase	2	12	91	208	-128
laneCase	2	12	74	175	-128
laneCase	2	12	74	142	1
laneCase	2	12	74	144	63
laneCase	2	12	74	80	127
laneCase	2	12	74	47	0
laneCase	2	12	74	14	-127
laneCase	2	12	74	206	-63
laneCase	2	12	74	241	126
laneCase	2	12	74	208	-1
laneCase	2	12	44	175	-128
laneCase	2	12	44	142	63
laneCase	2	12	44	144	-127
laneCase	2	12	44	80	65
laneCase	2	12	44	47	0
laneCase	2	12	44	14	-65
laneCase	2	12	44	206	127
laneCase	2	12	44	241	2
laneCase	2	12	44	208	-63
laneCase	2	12	236	175	-128
laneCase	2	12	236	142	127
laneCase	2	12	236	144	65
laneCase	2	12	236	80	1
laneCase	2	12	236	47	0
laneCase	2	12	236	14	-1
laneCase	2	12	236	206	-65
laneCase	2	12	236	241	-126
laneCase	2	12	236	208	-127
laneCase	2	12	219	175	0
laneCase	2	12	219	142	0
laneCase	2	12	219	144	0
laneCase	2	12	219	80	0
laneCase	2	12	219	47	0
laneCase	2	12	219	14	0
laneCase	2	12	219	206	0
laneCase	2	12	219	241	0
laneCase	2	12	219	208	0
laneCase	2	12	202	175	-128
laneCase	2	12	202	142	-127
laneCase	2	12	202	144	-65
laneCase	2	12	202	80	-1
laneCase	2	12	202	47	0
laneCase	2	12	202	14	1
laneCase	2	12	202	206	65
laneCase	2	12	202	241	126
laneCase	2	12	202	208	127
laneCase	2	12	138	175	-128
laneCase	2	12	138	142	-63
laneCase	2	12	138	144	127
laneCase	2	12	138	80	-65
laneCase	2	12	138	47	0
laneCase	2	12	138	14	65
laneCase	2	12	138	206	-127
laneCase	2	12	138	241	-2
laneCase	2	12	138	208	63
laneCase	2	12	125	175	0
laneCase	2	12	125	142	126
laneCase	2	12	125	144	2
laneCase	2	12	125	80	-126
laneCase	2	12	125	47	0
laneCase	2	12	125	14	126
laneCase	2	12	125	206	-2
laneCase	2	12	125	241	4
laneCase	2	12	125	208	-126
laneCase	2	12	108	175	-128
laneCase	2	12	108	142	-1
laneCase	2	12	108	144	-63
laneCase	2	12	108	80	-127
laneCase	2	12	108	47	0
laneCase	2	12	108	14	127
laneCase	2	12	108	206	63
laneCase	2	12	108	241	-126
laneCase	2	12	108	208	1
laneCase	2	13	115	191	0
laneCase	2	13	84	191	-128
laneCase	2	13	210	191	-128
laneCase	2	13	18	191	-128
laneCase	2	13	243	191	0
laneCase	2	13	212	191	-128
laneCase	2	13	20	191	-128
laneCase	2	13	177	191	0
laneCase	2	13	146	191	-128
laneCase	2	13	115	176	-128
laneCase	2	13	84	176	1
laneCase	2	13	210	176	63
laneCase	2	13	18	176	127
laneCase	2	13	243	176	0
laneCase	2	13	212	176	-127
laneCase	2	13	20	176	-63
laneCase	2	13	177	176	126
laneCase	2	13	146	176	-1
laneCase	2	13	115	14	-128
laneCase	2	13	84	14	63
laneCase	2	13	210	14	-127
laneCase	2	13	18	14	65
laneCase	2	13	243	14	0
laneCase	2	13	212	14	-65
laneCase	2	13	20	14	127
laneCase	2	13	177	14	2
laneCase	2	13	146	14	-63
laneCase	2	13	115	78	-128
laneCase	2	13	84	78	127
laneCase	2	13	210	78	65
laneCase	2	13	18	78	1
laneCase	2	13	243	78	0
laneCase	2	13	212	78	-1
laneCase	2	13	20	78	-65
laneCase	2	13	177	78	-126
laneCase	2	13	146	78	-127
laneCase	2	13	115	63	0
laneCase	2	13	84	63	0
laneCase	2	13	210	63	0
laneCase	2	13	18	63	0
laneCase	2	13	243	63	0
laneCase	2	13	212	63	0
laneCase	2	13	20	63	0
laneCase	2	13	177	63	0
laneCase	2	13	146	63	0
laneCase	2	13	115	48	-128
laneCase	2	13	84	48	-127
laneCase	2	13	210	48	-65
laneCase	2	13	18	48	-1
laneCase	2	13	243	48	0
laneCase	2	13	212	48	1
laneCase	2	13	20	48	65
laneCase	2	13	177	48	126
laneCase	2	13	146	48	127
laneCase	2	13	115	112	-128
laneCase	2	13	84	112	-63
laneCase	2	13	210	112	127
laneCase	2	13	18	112	-65
laneCase	2	13	243	112	0
laneCase	2	13	212	112	65
laneCase	2	13	20	112	-127
laneCase	2	13	177	112	-2
laneCase	2	13	146	112	63
laneCase	2	13	115	221	0
laneCase	2	13	84	221	126
laneCase	2	13	210	221	2
laneCase	2	13	18	221	-126
laneCase	2	13	243	221	0
laneCase	2	13	212	221	126
laneCase	2	13	20	221	-2
laneCase	2	13	177	221	4
laneCase	2	13	146	221	-126
laneCase	2	13	115	206	-128
laneCase	2	13	84	206	-1
laneCase	2	13	210	206	-63
laneCase	2	13	18	206	-127
laneCase	2	13	243	206	0
laneCase	2	13	212	206	127
laneCase	2	13	20	206	63
laneCase	2	13	177	206	-126
laneCase	2	13	146	206	1
laneCase	2	14	233	45	0
laneCase	2	14	233	184	-128
laneCase	2	14	233	98	-128
laneCase	2	14	233	34	-128
laneCase	2	14	233	173	0
laneCase	2	14	233	56	-128
laneCase	2	14	233	248	-128
laneCase	2	14	233	23	0
laneCase	2	14	233	162	-128
laneCase	2	14	4	45	-128
laneCase	2	14	4	184	1
laneCase	2	14	4	98	63
laneCase	2	14	4	34	127
laneCase	2	14	4	173	0
laneCase	2	14	4	56	-127
laneCase	2	14	4	248	-63
laneCase	2	14	4	23	126
laneCase	2	14	4	162	-1
laneCase	2	14	142	45	-128
laneCase	2	14	142	184	63
laneCase	2	14	142	98	-127
laneCase	2	14	142	34	65
laneCase	2	14	142	173	0
laneCase	2	14	142	56	-65
laneCase	2	14	142	248	127
laneCase	2	14	142	23	2
laneCase	2	14	142	162	-63
laneCase	2	14	78	45	-128
laneCase	2	14	78	184	127
laneCase	2	14	78	98	65
laneCase	2	14	78	34	1
laneCase	2	14	78	173	0
laneCase	2	14	78	56	-1
laneCase	2	14	78	248	-65
laneCase	2	14	78	23	-126
laneCase	2	14	78	162	-127
laneCase	2	14	105	45	0
laneCase	2	14	105	184	0
laneCase	2	14	105	98	0
laneCase	2	14	105	34	0
laneCase	2	14	105	173	0
laneCase	2	14	105	56	0
laneCase	2	14	105	248	0
laneCase	2	14	105	23	0
laneCase	2	14	105	162	0
laneCase	2	14	132	45	-128
laneCase	2	14	132	184	-127
laneCase	2	14	132	98	-65
laneCase	2	14	132	34	-1
laneCase	2	14	132	173	0
laneCase	2	14	132	56	1
laneCase	2	14	132	248	65
laneCase	2	14	132	23	126
laneCase	2	14	132	162	127
laneCase	2	14	68	45	-128
laneCase	2	14	68	184	-63
laneCase	2	14	68	98	127
laneCase	2	14	68	34	-65
laneCase	2	14	68	173	0
laneCase	2	14	68	56	65
laneCase	2	14	68	248	-127
laneCase	2	14	68	23	-2
laneCase	2	14	68	162	63
laneCase	2	14	179	45	0
laneCase	2	14	179	184	126
laneCase	2	14	179	98	2
laneCase	2	14	179	34	-126
laneCase	2	14	179	173	0
laneCase	2	14	179	56	126
laneCase	2	14	179	248	-2
laneCase	2	14	179	23	4
laneCase	2	14	179	162	-126
laneCase	2	14	206	45	-128
laneCase	2	14	206	184	-1
laneCase	2	14	206	98	-63
laneCase	2	14	206	34	-127
laneCase	2	14	206	173	0
laneCase	2	14	206	56	127
laneCase	2	14	206	248	63
laneCase	2	14	206	23	-126
laneCase	2	14	206	162	1
laneCase	2	15	13	143	0
laneCase	2	15	186	143	-128
laneCase	2	15	160	143	-128
laneCase	2	15	224	143	-128
laneCase	2	15	141	143	0
laneCase	2	15	58	143	-128
laneCase	2	15	122	143	-128
laneCase	2	15	179	143	0
laneCase	2	15	96	143	-128
laneCase	2	15	13	204	-128
laneCase	2	15	186	204	1
laneCase	2	15	160	204	63
laneCase	2	15	224	204	127
laneCase	2	15	141	204	0
laneCase	2	15	58	204	-127
laneCase	2	15	122	204	-63
laneCase	2	15	179	204	126
laneCase	2	15	96	204	-1
laneCase	2	15	13	146	-128
laneCase	2	15	186	146	63
laneCase	2	15	160	146	-127
laneCase	2	15	224	146	65
laneCase	2	15	141	146	0
laneCase	2	15	58	146	-65
laneCase	2	15	122	146	127
laneCase	2	15	179	146	2
laneCase	2	15	96	146	-63
laneCase	2	15	13	210	-128
laneCase	2	15	186	210	127
laneCase	2	15	160	210	65
laneCase	2	15	224	210	1
laneCase	2	15	141	210	0
laneCase	2	15	58	210	-1
laneCase	2	15	122	210	-65
laneCase	2	15	179	210	-126
laneCase	2	15	96	210	-127
laneCase	2	15	13	15	0
laneCase	2	15	186	15	0
laneCase	2	15	160	15	0
laneCase	2	15	224	15	0
laneCase	2	15	141	15	0
laneCase	2	15	58	15	0
laneCase	2	15	122	15	0
laneCase	2	15	179	15	0
laneCase	2	15	96	15	0
laneCase	2	15	13	76	-128
laneCase	2	15	186	76	-127
laneCase	2	15	160	76	-65
laneCase	2	15	224	76	-1
laneCase	2	15	141	76	0
laneCase	2	15	58	76	1
laneCase	2	15	122	76	65
laneCase	2	15	179	76	126
laneCase	2	15	96	76	127
laneCase	2	15	13	140	-128
laneCase	2	15	186	140	-63
laneCase	2	15	160	140	127
laneCase	2	15	224	140	-65
laneCase	2	15	141	140	0
laneCase	2	15	58	140	65
laneCase	2	15	122	140	-127
laneCase	2	15	179	140	-2
laneCase	2	15	96	140	63
laneCase	2	15	13	21	0
laneCase	2	15	186	21	126
laneCase	2	15	160	21	2
laneCase	2	15	224	21	-126
laneCase	2	15	141	21	0
laneCase	2	15	58	21	126
laneCase	2	15	122	21	-2
laneCase	2	15	179	21	4
laneCase	2	15	96	21	-126
laneCase	2	15	13	82	-128
laneCase	2	15	186	82	-1
laneCase	2	15	160	82	-63
laneCase	2	15	224	82	-127
laneCase	2	15	141	82	0
laneCase	2	15	58	82	127
laneCase	2	15	122	82	63
laneCase	2	15	179	82	-126
laneCase	2	15	96	82	1
laneCase	3	0	128	126	-128
laneCase	3	0	128	127	-128
laneCase	3	0	128	189	-128
laneCase	3	0	128	253	-128
laneCase	3	0	128	254	-128
laneCase	3	0	128	255	-128
laneCase	3	0	128	63	-128
laneCase	3	0	128	124	-128
laneCase	3	0	128	125	-128
laneCase	3	0	129	126	127
laneCase	3	0	129	127	127
laneCase	3	0	129	189	127
laneCase	3	0	129	253	127
laneCase	3	0	129	254	127
laneCase	3	0	129	255	127
laneCase	3	0	129	63	127
laneCase	3	0	129	124	127
laneCase	3	0	129	125	127
laneCase	3	0	191	126	65
laneCase	3	0	191	127	65
laneCase	3	0	191	189	65
laneCase	3	0	191	253	65
laneCase	3	0	191	254	65
laneCase	3	0	191	255	65
laneCase	3	0	191	63	65
laneCase	3	0	191	124	65
laneCase	3	0	191	125	65
laneCase	3	0	255	126	1
laneCase	3	0	255	127	1
laneCase	3	0	255	189	1
laneCase	3	0	255	253	1
laneCase	3	0	255	254	1
laneCase	3	0	255	255	1
laneCase	3	0	255	63	1
laneCase	3	0	255	124	1
laneCase	3	0	255	125	1
laneCase	3	0	0	126	0
laneCase	3	0	0	127	0
laneCase	3	0	0	189	0
laneCase	3	0	0	253	0
laneCase	3	0	0	254	0
laneCase	3	0	0	255	0
laneCase	3	0	0	63	0
laneCase	3	0	0	124	0
laneCase	3	0	0	125	0
laneCase	3	0	1	126	-1
laneCase	3	0	1	127	-1
laneCase	3	0	1	189	-1
laneCase	3	0	1	253	-1
laneCase	3	0	1	254	-1
laneCase	3	0	1	255	-1
laneCase	3	0	1	63	-1
laneCase	3	0	1	124	-1
laneCase	3	0	1	125	-1
laneCase	3	0	65	126	-65
laneCase	3	0	65	127	-65
laneCase	3	0	65	189	-65
laneCase	3	0	65	253	-65
laneCase	3	0	65	254	-65
laneCase	3	0	65	255	-65
laneCase	3	0	65	63	-65
laneCase	3	0	65	124	-65
laneCase	3	0	65	125	-65
laneCase	3	0	126	126	-126
laneCase	3	0	126	127	-126
laneCase	3	0	126	189	-126
laneCase	3	0	126	253	-126
laneCase	3	0	126	254	-126
laneCase	3	0	126	255	-126
laneCase	3	0	126	63	-126
laneCase	3	0	126	124	-126
laneCase	3	0	126	125	-126
laneCase	3	0	127	126	-127
laneCase	3	0	127	127	-127
laneCase	3	0	127	189	-127
laneCase	3	0	127	253	-127
laneCase	3	0	127	254	-127
laneCase	3	0	127	255	-127
laneCase	3	0	127	63	-127
laneCase	3	0	127	124	-127
laneCase	3	0	127	125	-127
laneCase	3	1	131	128	-128
laneCase	3	1	132	128	-128
laneCase	3	1	194	128	-128
laneCase	3	1	2	128	-128
laneCase	3	1	3	128	-128
laneCase	3	1	4	128	-128
laneCase	3	1	68	128	-128
laneCase	3	1	129	128	-128
laneCase	3	1	130	128	-128
laneCase	3	1	131	129	127
laneCase	3	1	132	129	127
laneCase	3	1	194	129	127
laneCase	3	1	2	129	127
laneCase	3	1	3	129	127
laneCase	3	1	4	129	127
laneCase	3	1	68	129	127
laneCase	3	1	129	129	127
laneCase	3	1	130	129	127
laneCase	3	1	131	191	65
laneCase	3	1	132	191	65
laneCase	3	1	194	191	65
laneCase	3	1	2	191	65
laneCase	3	1	3	191	65
laneCase	3	1	4	191	65
laneCase	3	1	68	191	65
laneCase	3	1	129	191	65
laneCase	3	1	130	191	65
laneCase	3	1	131	255	1
laneCase	3	1	132	255	1
laneCase	3	1	194	255	1
laneCase	3	1	2	255	1
laneCase	3	1	3	255	1
laneCase	3	1	4	255	1
laneCase	3	1	68	255	1
laneCase	3	1	129	255	1
laneCase	3	1	130	255	1
laneCase	3	1	131	0	0
laneCase	3	1	132	0	0
laneCase	3	1	194	0	0
laneCase	3	1	2	0	0
laneCase	3	1	3	0	0
laneCase	3	1	4	0	0
laneCase	3	1	68	0	0
laneCase	3	1	129	0	0
laneCase	3	1	130	0	0
laneCase	3	1	131	1	-1
laneCase	3	1	132	1	-1
laneCase	3	1	194	1	-1
laneCase	3	1	2	1	-1
laneCase	3	1	3	1	-1
laneCase	3	1	4	1	-1
laneCase	3	1	68	1	-1
laneCase	3	1	129	1	-1
laneCase	3	1	130	1	-1
laneCase	3	1	131	65	-65
laneCase	3	1	132	65	-65
laneCase	3	1	194	65	-65
laneCase	3	1	2	65	-65
laneCase	3	1	3	65	-65
laneCase	3	1	4	65	-65
laneCase	3	1	68	65	-65
laneCase	3	1	129	65	-65
laneCase	3	1	130	65	-65
laneCase	3	1	131	126	-126
laneCase	3	1	132	126	-126
laneCase	3	1	194	126	-126
laneCase	3	1	2	126	-126
laneCase	3	1	3	126	-126
laneCase	3	1	4	126	-126
laneCase	3	1	68	126	-126
laneCase	3	1	129	126	-126
laneCase	3	1	130	126	-126
laneCase	3	1	131	127	-127
laneCase	3	1	132	127	-127
laneCase	3	1	194	127	-127
laneCase	3	1	2	127	-127
laneCase	3	1	3	127	-127
laneCase	3	1	4	127	-127
laneCase	3	1	68	127	-127
laneCase	3	1	129	127	-127
laneCase	3	1	130	127	-127
laneCase	3	2	127	53	-128
laneCase	3	2	127	236	-128
laneCase	3	2	127	62	-128
laneCase	3	2	127	254	-128
laneCase	3	2	127	181	-128
laneCase	3	2	127	108	-128
laneCase	3	2	127	44	-128
laneCase	3	2	127	199	-128
laneCase	3	2	127	126	-128
laneCase	3	2	128	53	127
laneCase	3	2	128	236	127
laneCase	3	2	128	62	127
laneCase	3	2	128	254	127
laneCase	3	2	128	181	127
laneCase	3	2	128	108	127
laneCase	3	2	128	44	127
laneCase	3	2	128	199	127
laneCase	3	2	128	126	127
laneCase	3	2	190	53	65
laneCase	3	2	190	236	65
laneCase	3	2	190	62	65
laneCase	3	2	190	254	65
laneCase	3	2	190	181	65
laneCase	3	2	190	108	65
laneCase	3	2	190	44	65
laneCase	3	2	190	199	65
laneCase	3	2	190	126	65
laneCase	3	2	254	53	1
laneCase	3	2	254	236	1
laneCase	3	2	254	62	1
laneCase	3	2	254	254	1
laneCase	3	2	254	181	1
laneCase	3	2	254	108	1
laneCase	3	2	254	44	1
laneCase	3	2	254	199	1
laneCase	3	2	254	126	1
laneCase	3	2	255	53	0
laneCase	3	2	255	236	0
laneCase	3	2	255	62	0
laneCase	3	2	255	254	0
laneCase	3	2	255	181	0
laneCase	3	2	255	108	0
laneCase	3	2	255	44	0
laneCase	3	2	255	199	0
laneCase	3	2	255	126	0
laneCase	3	2	0	53	-1
laneCase	3	2	0	236	-1
laneCase	3	2	0	62	-1
laneCase	3	2	0	254	-1
laneCase	3	2	0	181	-1
laneCase	3	2	0	108	-1
laneCase	3	2	0	44	-1
laneCase	3	2	0	199	-1
laneCase	3	2	0	126	-1
laneCase	3	2	64	53	-65
laneCase	3	2	64	236	-65
laneCase	3	2	64	62	-65
laneCase	3	2	64	254	-65
laneCase	3	2	64	181	-65
laneCase	3	2	64	108	-65
laneCase	3	2	64	44	-65
laneCase	3	2	64	199	-65
laneCase	3	2	64	126	-65
laneCase	3	2	125	53	-126
laneCase	3	2	125	236	-126
laneCase	3	2	125	62	-126
laneCase	3	2	125	254	-126
laneCase	3	2	125	181	-126
laneCase	3	2	125	108	-126
laneCase	3	2	125	44	-126
laneCase	3	2	125	199	-126
laneCase	3	2	125	126	-126
laneCase	3	2	126	53	-127
laneCase	3	2	126	236	-127
laneCase	3	2	126	62	-127
laneCase	3	2	126	254	-127
laneCase	3	2	126	181	-127
laneCase	3	2	126	108	-127
laneCase	3	2	126	44	-127
laneCase	3	2	126	199	-127
laneCase	3	2	126	126	-127
laneCase	3	3	83	129	-128
laneCase	3	3	246	129	-128
laneCase	3	3	112	129	-128
laneCase	3	3	48	129	-128
laneCase	3	3	211	129	-128
laneCase	3	3	118	129	-128
laneCase	3	3	54	129	-128
laneCase	3	3	13	129	-128
laneCase	3	3	176	129	-128
laneCase	3	3	83	130	127
laneCase	3	3	246	130	127
laneCase	3	3	112	130	127
laneCase	3	3	48	130	127
laneCase	3	3	211	130	127
laneCase	3	3	118	130	127
laneCase	3	3	54	130	127
laneCase	3	3	13	130	127
laneCase	3	3	176	130	127
laneCase	3	3	83	192	65
laneCase	3	3	246	192	65
laneCase	3	3	112	192	65
laneCase	3	3	48	192	65
laneCase	3	3	211	192	65
laneCase	3	3	118	192	65
laneCase	3	3	54	192	65
laneCase	3	3	13	192	65
laneCase	3	3	176	192	65
laneCase	3	3	83	0	1
laneCase	3	3	246	0	1
laneCase	3	3	112	0	1
laneCase	3	3	48	0	1
laneCase	3	3	211	0	1
laneCase	3	3	118	0	1
laneCase	3	3	54	0	1
laneCase	3	3	13	0	1
laneCase	3	3	176	0	1
laneCase	3	3	83	1	0
laneCase	3	3	246	1	0
laneCase	3	3	112	1	0
laneCase	3	3	48	1	0
laneCase	3	3	211	1	0
laneCase	3	3	118	1	0
laneCase	3	3	54	1	0
laneCase	3	3	13	1	0
laneCase	3	3	176	1	0
laneCase	3	3	83	2	-1
laneCase	3	3	246	2	-1
laneCase	3	3	112	2	-1
laneCase	3	3	48	2	-1
laneCase	3	3	211	2	-1
laneCase	3	3	118	2	-1
laneCase	3	3	54	2	-1
laneCase	3	3	13	2	-1
laneCase	3	3	176	2	-1
laneCase	3	3	83	66	-65
laneCase	3	3	246	66	-65
laneCase	3	3	112	66	-65
laneCase	3	3	48	66	-65
laneCase	3	3	211	66	-65
laneCase	3	3	118	66	-65
laneCase	3	3	54	66	-65
laneCase	3	3	13	66	-65
laneCase	3	3	176	66	-65
laneCase	3	3	83	127	-126
laneCase	3	3	246	127	-126
laneCase	3	3	112	127	-126
laneCase	3	3	48	127	-126
laneCase	3	3	211	127	-126
laneCase	3	3	118	127	-126
laneCase	3	3	54	127	-126
laneCase	3	3	13	127	-126
laneCase	3	3	176	127	-126
laneCase	3	3	83	128	-127
laneCase	3	3	246	128	-127
laneCase	3	3	112	128	-127
laneCase	3	3	48	128	-127
laneCase	3	3	211	128	-127
laneCase	3	3	118	128	-127
laneCase	3	3	54	128	-127
laneCase	3	3	13	128	-127
laneCase	3	3	176	128	-127
laneCase	3	4	1	0	-128
laneCase	3	4	1	1	-128
laneCase	3	4	1	63	-128
laneCase	3	4	1	127	-128
laneCase	3	4	1	128	-128
laneCase	3	4	1	129	-128
laneCase	3	4	1	193	-128
laneCase	3	4	1	254	-128
laneCase	3	4	1	255	-128
laneCase	3	4	2	0	127
laneCase	3	4	2	1	127
laneCase	3	4	2	63	127
laneCase	3	4	2	127	127
laneCase	3	4	2	128	127
laneCase	3	4	2	129	127
laneCase	3	4	2	193	127
laneCase	3	4	2	254	127
laneCase	3	4	2	255	127
laneCase	3	4	64	0	65
laneCase	3	4	64	1	65
laneCase	3	4	64	63	65
laneCase	3	4	64	127	65
laneCase	3	4	64	128	65
laneCase	3	4	64	129	65
laneCase	3	4	64	193	65
laneCase	3	4	64	254	65
laneCase	3	4	64	255	65
laneCase	3	4	128	0	1
laneCase	3	4	128	1	1
laneCase	3	4	128	63	1
laneCase	3	4	128	127	1
laneCase	3	4	128	128	1
laneCase	3	4	128	129	1
laneCase	3	4	128	193	1
laneCase	3	4	128	254	1
laneCase	3	4	128	255	1
laneCase	3	4	129	0	0
laneCase	3	4	129	1	0
laneCase	3	4	129	63	0
laneCase	3	4	129	127	0
laneCase	3	4	129	128	0
laneCase	3	4	129	129	0
laneCase	3	4	129	193	0
laneCase	3	4	129	254	0
laneCase	3	4	129	255	0
laneCase	3	4	130	0	-1
laneCase	3	4	130	1	-1
laneCase	3	4	130	63	-1
laneCase	3	4	130	127	-1
laneCase	3	4	130	128	-1
laneCase	3	4	130	129	-1
laneCase	3	4	130	193	-1
laneCase	3	4	130	254	-1
laneCase	3	4	130	255	-1
laneCase	3	4	194	0	-65
laneCase	3	4	194	1	-65
laneCase	3	4	194	63	-65
laneCase	3	4	194	127	-65
laneCase	3	4	194	128	-65
laneCase	3	4	194	129	-65
laneCase	3	4	194	193	-65
laneCase	3	4	194	254	-65
laneCase	3	4	194	255	-65
laneCase	3	4	255	0	-126
laneCase	3	4	255	1	-126
laneCase	3	4	255	63	-126
laneCase	3	4	255	127	-126
laneCase	3	4	255	128	-126
laneCase	3	4	255	129	-126
laneCase	3	4	255	193	-126
laneCase	3	4	255	254	-126
laneCase	3	4	255	255	-126
laneCase	3	4	0	0	-127
laneCase	3	4	0	1	-127
laneCase	3	4	0	63	-127
laneCase	3	4	0	127	-127
laneCase	3	4	0	128	-127
laneCase	3	4	0	129	-127
laneCase	3	4	0	193	-127
laneCase	3	4	0	254	-127
laneCase	3	4	0	255	-127
laneCase	3	5	255	0	-128
laneCase	3	5	0	0	-128
laneCase	3	5	62	0	-128
laneCase	3	5	126	0	-128
laneCase	3	5	127	0	-128
laneCase	3	5	128	0	-128
laneCase	3	5	192	0	-128
laneCase	3	5	253	0	-128
laneCase	3	5	254	0	-128
laneCase	3	5	255	1	127
laneCase	3	5	0	1	127
laneCase	3	5	62	1	127
laneCase	3	5	126	1	127
laneCase	3	5	127	1	127
laneCase	3	5	128	1	127
laneCase	3	5	192	1	127
laneCase	3	5	253	1	127
laneCase	3	5	254	1	127
laneCase	3	5	255	63	65
laneCase	3	5	0	63	65
laneCase	3	5	62	63	65
laneCase	3	5	126	63	65
laneCase	3	5	127	63	65
laneCase	3	5	128	63	65
laneCase	3	5	192	63	65
laneCase	3	5	253	63	65
laneCase	3	5	254	63	65
laneCase	3	5	255	127	1
laneCase	3	5	0	127	1
laneCase	3	5	62	127	1
laneCase	3	5	126	127	1
laneCase	3	5	127	127	1
laneCase	3	5	128	127	1
laneCase	3	5	192	127	1
laneCase	3	5	253	127	1
laneCase	3	5	254	127	1
laneCase	3	5	255	128	0
laneCase	3	5	0	128	0
laneCase	3	5	62	128	0
laneCase	3	5	126	128	0
laneCase	3	5	127	128	0
laneCase	3	5	128	128	0
laneCase	3	5	192	128	0
laneCase	3	5	253	128	0
laneCase	3	5	254	128	0
laneCase	3	5	255	129	-1
laneCase	3	5	0	129	-1
laneCase	3	5	62	129	-1
laneCase	3	5	126	129	-1
laneCase	3	5	127	129	-1
laneCase	3	5	128	129	-1
laneCase	3	5	192	129	-1
laneCase	3	5	253	129	-1
laneCase	3	5	254	129	-1
laneCase	3	5	255	193	-65
laneCase	3	5	0	193	-65
laneCase	3	5	62	193	-65
laneCase	3	5	126	193	-65
laneCase	3	5	127	193	-65
laneCase	3	5	128	193	-65
laneCase	3	5	192	193	-65
laneCase	3	5	253	193	-65
laneCase	3	5	254	193	-65
laneCase	3	5	255	254	-126
laneCase	3	5	0	254	-126
laneCase	3	5	62	254	-126
laneCase	3	5	126	254	-126
laneCase	3	5	127	254	-126
laneCase	3	5	128	254	-126
laneCase	3	5	192	254	-126
laneCase	3	5	253	254	-126
laneCase	3	5	254	254	-126
laneCase	3	5	255	255	-127
laneCase	3	5	0	255	-127
laneCase	3	5	62	255	-127
laneCase	3	5	126	255	-127
laneCase	3	5	127	255	-127
laneCase	3	5	128	255	-127
laneCase	3	5	192	255	-127
laneCase	3	5	253	255	-127
laneCase	3	5	254	255	-127
laneCase	3	6	211	225	-128
laneCase	3	6	211	166	-128
laneCase	3	6	211	92	-128
laneCase	3	6	211	156	-128
laneCase	3	6	211	97	-128
laneCase	3	6	211	38	-128
laneCase	3	6	211	102	-128
laneCase	3	6	211	87	-128
laneCase	3	6	211	28	-128
laneCase	3	6	126	225	127
laneCase	3	6	126	166	127
laneCase	3	6	126	92	127
laneCase	3	6	126	156	127
laneCase	3	6	126	97	127
laneCase	3	6	126	38	127
laneCase	3	6	126	102	127
laneCase	3	6	126	87	127
laneCase	3	6	126	28	127
laneCase	3	6	232	225	65
laneCase	3	6	232	166	65
laneCase	3	6	232	92	65
laneCase	3	6	232	156	65
laneCase	3	6	232	97	65
laneCase	3	6	232	38	65
laneCase	3	6	232	102	65
laneCase	3	6	232	87	65
laneCase	3	6	232	28	65
laneCase	3	6	168	225	1
laneCase	3	6	168	166	1
laneCase	3	6	168	92	1
laneCase	3	6	168	156	1
laneCase	3	6	168	97	1
laneCase	3	6	168	38	1
laneCase	3	6	168	102	1
laneCase	3	6	168	87	1
laneCase	3	6	168	28	1
laneCase	3	6	83	225	0
laneCase	3	6	83	166	0
laneCase	3	6	83	92	0
laneCase	3	6	83	156	0
laneCase	3	6	83	97	0
laneCase	3	6	83	38	0
laneCase	3	6	83	102	0
laneCase	3	6	83	87	0
laneCase	3	6	83	28	0
laneCase	3	6	254	225	-1
laneCase	3	6	254	166	-1
laneCase	3	6	254	92	-1
laneCase	3	6	254	156	-1
laneCase	3	6	254	97	-1
laneCase	3	6	254	38	-1
laneCase	3	6	254	102	-1
laneCase	3	6	254	87	-1
laneCase	3	6	254	28	-1
laneCase	3	6	190	225	-65
laneCase	3	6	190	166	-65
laneCase	3	6	190	92	-65
laneCase	3	6	190	156	-65
laneCase	3	6	190	97	-65
laneCase	3	6	190	38	-65
laneCase	3	6	190	102	-65
laneCase	3	6	190	87	-65
laneCase	3	6	190	28	-65
laneCase	3	6	125	225	-126
laneCase	3	6	125	166	-126
laneCase	3	6	125	92	-126
laneCase	3	6	125	156	-126
laneCase	3	6	125	97	-126
laneCase	3	6	125	38	-126
laneCase	3	6	125	102	-126
laneCase	3	6	125	87	-126
laneCase	3	6	125	28	-126
laneCase	3	6	40	225	-127
laneCase	3	6	40	166	-127
laneCase	3	6	40	92	-127
laneCase	3	6	40	156	-127
laneCase	3	6	40	97	-127
laneCase	3	6	40	38	-127
laneCase	3	6	40	102	-127
laneCase	3	6	40	87	-127
laneCase	3	6	40	28	-127
laneCase	3	7	39	79	-128
laneCase	3	7	24	79	-128
laneCase	3	7	118	79	-128
laneCase	3	7	182	79	-128
laneCase	3	7	167	79	-128
laneCase	3	7	152	79	-128
laneCase	3	7	216	79	-128
laneCase	3	7	69	79	-128
laneCase	3	7	54	79	-128
laneCase	3	7	39	28	127
laneCase	3	7	24	28	127
laneCase	3	7	118	28	127
laneCase	3	7	182	28	127
laneCase	3	7	167	28	127
laneCase	3	7	152	28	127
laneCase	3	7	216	28	127
laneCase	3	7	69	28	127
laneCase	3	7	54	28	127
laneCase	3	7	39	194	65
laneCase	3	7	24	194	65
laneCase	3	7	118	194	65
laneCase	3	7	182	194	65
laneCase	3	7	167	194	65
laneCase	3	7	152	194	65
laneCase	3	7	216	194	65
laneCase	3	7	69	194	65
laneCase	3	7	54	194	65
laneCase	3	7	39	2	1
laneCase	3	7	24	2	1
laneCase	3	7	118	2	1
laneCase	3	7	182	2	1
laneCase	3	7	167	2	1
laneCase	3	7	152	2	1
laneCase	3	7	216	2	1
laneCase	3	7	69	2	1
laneCase	3	7	54	2	1
laneCase	3	7	39	207	0
laneCase	3	7	24	207	0
laneCase	3	7	118	207	0
laneCase	3	7	182	207	0
laneCase	3	7	167	207	0
laneCase	3	7	152	207	0
laneCase	3	7	216	207	0
laneCase	3	7	69	207	0
laneCase	3	7	54	207	0
laneCase	3	7	39	156	-1
laneCase	3	7	24	156	-1
laneCase	3	7	118	156	-1
laneCase	3	7	182	156	-1
laneCase	3	7	167	156	-1
laneCase	3	7	152	156	-1
laneCase	3	7	216	156	-1
laneCase	3	7	69	156	-1
laneCase	3	7	54	156	-1
laneCase	3	7	39	220	-65
laneCase	3	7	24	220	-65
laneCase	3	7	118	220	-65
laneCase	3	7	182	220	-65
laneCase	3	7	167	220	-65
laneCase	3	7	152	220	-65
laneCase	3	7	216	220	-65
laneCase	3	7	69	220	-65
laneCase	3	7	54	220	-65
laneCase	3	7	39	181	-126
laneCase	3	7	24	181	-126
laneCase	3	7	118	181	-126
laneCase	3	7	182	181	-126
laneCase	3	7	167	181	-126
laneCase	3	7	152	181	-126
laneCase	3	7	216	181	-126
laneCase	3	7	69	181	-126
laneCase	3	7	54	181	-126
laneCase	3	7	39	130	-127
laneCase	3	7	24	130	-127
laneCase	3	7	118	130	-127
laneCase	3	7	182	130	-127
laneCase	3	7	167	130	-127
laneCase	3	7	152	130	-127
laneCase	3	7	216	130	-127
laneCase	3	7	69	130	-127
laneCase	3	7	54	130	-127
laneCase	3	8	197	181	-128
laneCase	3	8	197	92	-128
laneCase	3	8	197	206	-128
laneCase	3	8	197	142	-128
laneCase	3	8	197	53	-128
laneCase	3	8	197	220	-128
laneCase	3	8	197	156	-128
laneCase	3	8	197	103	-128
laneCase	3	8	197	14	-128
laneCase	3	8	124	181	127
laneCase	3	8	124	92	127
laneCase	3	8	124	206	127
laneCase	3	8	124	142	127
laneCase	3	8	124	53	127
laneCase	3	8	124	220	127
laneCase	3	8	124	156	127
laneCase	3	8	124	103	127
laneCase	3	8	124	14	127
laneCase	3	8	206	181	65
laneCase	3	8	206	92	65
laneCase	3	8	206	206	65
laneCase	3	8	206	142	65
laneCase	3	8	206	53	65
laneCase	3	8	206	220	65
laneCase	3	8	206	156	65
laneCase	3	8	206	103	65
laneCase	3	8	206	14	65
laneCase	3	8	142	181	1
laneCase	3	8	142	92	1
laneCase	3	8	142	206	1
laneCase	3	8	142	142	1
laneCase	3	8	142	53	1
laneCase	3	8	142	220	1
laneCase	3	8	142	156	1
laneCase	3	8	142	103	1
laneCase	3	8	142	14	1
laneCase	3	8	69	181	0
laneCase	3	8	69	92	0
laneCase	3	8	69	206	0
laneCase	3	8	69	142	0
laneCase	3	8	69	53	0
laneCase	3	8	69	220	0
laneCase	3	8	69	156	0
laneCase	3	8	69	103	0
laneCase	3	8	69	14	0
laneCase	3	8	252	181	-1
laneCase	3	8	252	92	-1
laneCase	3	8	252	206	-1
laneCase	3	8	252	142	-1
laneCase	3	8	252	53	-1
laneCase	3	8	252	220	-1
laneCase	3	8	252	156	-1
laneCase	3	8	252	103	-1
laneCase	3	8	252	14	-1
laneCase	3	8	188	181	-65
laneCase	3	8	188	92	-65
laneCase	3	8	188	206	-65
laneCase	3	8	188	142	-65
laneCase	3	8	188	53	-65
laneCase	3	8	188	220	-65
laneCase	3	8	188	156	-65
laneCase	3	8	188	103	-65
laneCase	3	8	188	14	-65
laneCase	3	8	87	181	-126
laneCase	3	8	87	92	-126
laneCase	3	8	87	206	-126
laneCase	3	8	87	142	-126
laneCase	3	8	87	53	-126
laneCase	3	8	87	220	-126
laneCase	3	8	87	156	-126
laneCase	3	8	87	103	-126
laneCase	3	8	87	14	-126
laneCase	3	8	14	181	-127
laneCase	3	8	14	92	-127
laneCase	3	8	14	206	-127
laneCase	3	8	14	142	-127
laneCase	3	8	14	53	-127
laneCase	3	8	14	220	-127
laneCase	3	8	14	156	-127
laneCase	3	8	14	103	-127
laneCase	3	8	14	14	-127
laneCase	3	9	59	103	-128
laneCase	3	9	100	103	-128
laneCase	3	9	82	103	-128
laneCase	3	9	146	103	-128
laneCase	3	9	187	103	-128
laneCase	3	9	228	103	-128
laneCase	3	9	36	103	-128
laneCase	3	9	233	103	-128
laneCase	3	9	18	103	-128
laneCase	3	9	59	160	127
laneCase	3	9	100	160	127
laneCase	3	9	82	160	127
laneCase	3	9	146	160	127
laneCase	3	9	187	160	127
laneCase	3	9	228	160	127
laneCase	3	9	36	160	127
laneCase	3	9	233	160	127
laneCase	3	9	18	160	127
laneCase	3	9	59	110	65
laneCase	3	9	100	110	65
laneCase	3	9	82	110	65
laneCase	3	9	146	110	65
laneCase	3	9	187	110	65
laneCase	3	9	228	110	65
laneCase	3	9	36	110	65
laneCase	3	9	233	110	65
laneCase	3	9	18	110	65
laneCase	3	9	59	174	1
laneCase	3	9	100	174	1
laneCase	3	9	82	174	1
laneCase	3	9	146	174	1
laneCase	3	9	187	174	1
laneCase	3	9	228	174	1
laneCase	3	9	36	174	1
laneCase	3	9	233	174	1
laneCase	3	9	18	174	1
laneCase	3	9	59	231	0
laneCase	3	9	100	231	0
laneCase	3	9	82	231	0
laneCase	3	9	146	231	0
laneCase	3	9	187	231	0
laneCase	3	9	228	231	0
laneCase	3	9	36	231	0
laneCase	3	9	233	231	0
laneCase	3	9	18	231	0
laneCase	3	9	59	32	-1
laneCase	3	9	100	32	-1
laneCase	3	9	82	32	-1
laneCase	3	9	146	32	-1
laneCase	3	9	187	32	-1
laneCase	3	9	228	32	-1
laneCase	3	9	36	32	-1
laneCase	3	9	233	32	-1
laneCase	3	9	18	32	-1
laneCase	3	9	59	96	-65
laneCase	3	9	100	96	-65
laneCase	3	9	82	96	-65
laneCase	3	9	146	96	-65
laneCase	3	9	187	96	-65
laneCase	3	9	228	96	-65
laneCase	3	9	36	96	-65
laneCase	3	9	233	96	-65
laneCase	3	9	18	96	-65
laneCase	3	9	59	245	-126
laneCase	3	9	100	245	-126
laneCase	3	9	82	245	-126
laneCase	3	9	146	245	-126
laneCase	3	9	187	245	-126
laneCase	3	9	228	245	-126
laneCase	3	9	36	245	-126
laneCase	3	9	233	245	-126
laneCase	3	9	18	245	-126
laneCase	3	9	59	46	-127
laneCase	3	9	100	46	-127
laneCase	3	9	82	46	-127
laneCase	3	9	146	46	-127
laneCase	3	9	187	46	-127
laneCase	3	9	228	46	-127
laneCase	3	9	36	46	-127
laneCase	3	9	233	46	-127
laneCase	3	9	18	46	-127
laneCase	3	10	241	59	-128
laneCase	3	10	241	78	-128
laneCase	3	10	241	232	-128
laneCase	3	10	241	168	-128
laneCase	3	10	241	187	-128
laneCase	3	10	241	206	-128
laneCase	3	10	241	142	-128
laneCase	3	10	241	21	-128
laneCase	3	10	241	40	-128
laneCase	3	10	148	59	127
laneCase	3	10	148	78	127
laneCase	3	10	148	232	127
laneCase	3	10	148	168	127
laneCase	3	10	148	187	127
laneCase	3	10	148	206	127
laneCase	3	10	148	142	127
laneCase	3	10	148	21	127
laneCase	3	10	148	40	127
laneCase	3	10	14	59	65
laneCase	3	10	14	78	65
laneCase	3	10	14	232	65
laneCase	3	10	14	168	65
laneCase	3	10	14	187	65
laneCase	3	10	14	206	65
laneCase	3	10	14	142	65
laneCase	3	10	14	21	65
laneCase	3	10	14	40	65
laneCase	3	10	206	59	1
laneCase	3	10	206	78	1
laneCase	3	10	206	232	1
laneCase	3	10	206	168	1
laneCase	3	10	206	187	1
laneCase	3	10	206	206	1
laneCase	3	10	206	142	1
laneCase	3	10	206	21	1
laneCase	3	10	206	40	1
laneCase	3	10	113	59	0
laneCase	3	10	113	78	0
laneCase	3	10	113	232	0
laneCase	3	10	113	168	0
laneCase	3	10	113	187	0
laneCase	3	10	113	206	0
laneCase	3	10	113	142	0
laneCase	3	10	113	21	0
laneCase	3	10	113	40	0
laneCase	3	10	20	59	-1
laneCase	3	10	20	78	-1
laneCase	3	10	20	232	-1
laneCase	3	10	20	168	-1
laneCase	3	10	20	187	-1
laneCase	3	10	20	206	-1
laneCase	3	10	20	142	-1
laneCase	3	10	20	21	-1
laneCase	3	10	20	40	-1
laneCase	3	10	212	59	-65
laneCase	3	10	212	78	-65
laneCase	3	10	212	232	-65
laneCase	3	10	212	168	-65
laneCase	3	10	212	187	-65
laneCase	3	10	212	206	-65
laneCase	3	10	212	142	-65
laneCase	3	10	212	21	-65
laneCase	3	10	212	40	-65
laneCase	3	10	171	59	-126
laneCase	3	10	171	78	-126
laneCase	3	10	171	232	-126
laneCase	3	10	171	168	-126
laneCase	3	10	171	187	-126
laneCase	3	10	171	206	-126
laneCase	3	10	171	142	-126
laneCase	3	10	171	21	-126
laneCase	3	10	171	40	-126
laneCase	3	10	78	59	-127
laneCase	3	10	78	78	-127
laneCase	3	10	78	232	-127
laneCase	3	10	78	168	-127
laneCase	3	10	78	187	-127
laneCase	3	10	78	206	-127
laneCase	3	10	78	142	-127
laneCase	3	10	78	21	-127
laneCase	3	10	78	40	-127
laneCase	3	11	157	13	-128
laneCase	3	11	210	13	-128
laneCase	3	11	168	13	-128
laneCase	3	11	232	13	-128
laneCase	3	11	29	13	-128
laneCase	3	11	82	13	-128
laneCase	3	11	146	13	-128
laneCase	3	11	51	13	-128
laneCase	3	11	104	13	-128
laneCase	3	11	157	210	127
laneCase	3	11	210	210	127
laneCase	3	11	168	210	127
laneCase	3	11	232	210	127
laneCase	3	11	29	210	127
laneCase	3	11	82	210	127
laneCase	3	11	146	210	127
laneCase	3	11	51	210	127
laneCase	3	11	104	210	127
laneCase	3	11	157	136	65
laneCase	3	11	210	136	65
laneCase	3	11	168	136	65
laneCase	3	11	232	136	65
laneCase	3	11	29	136	65
laneCase	3	11	82	136	65
laneCase	3	11	146	136	65
laneCase	3	11	51	136	65
laneCase	3	11	104	136	65
laneCase	3	11	157	200	1
laneCase	3	11	210	200	1
laneCase	3	11	168	200	1
laneCase	3	11	232	200	1
laneCase	3	11	29	200	1
laneCase	3	11	82	200	1
laneCase	3	11	146	200	1
laneCase	3	11	51	200	1
laneCase	3	11	104	200	1
laneCase	3	11	157	141	0
laneCase	3	11	210	141	0
laneCase	3	11	168	141	0
laneCase	3	11	232	141	0
laneCase	3	11	29	141	0
laneCase	3	11	82	141	0
laneCase	3	11	146	141	0
laneCase	3	11	51	141	0
laneCase	3	11	104	141	0
laneCase	3	11	157	82	-1
laneCase	3	11	210	82	-1
laneCase	3	11	168	82	-1
laneCase	3	11	232	82	-1
laneCase	3	11	29	82	-1
laneCase	3	11	82	82	-1
laneCase	3	11	146	82	-1
laneCase	3	11	51	82	-1
laneCase	3	11	104	82	-1
laneCase	3	11	157	146	-65
laneCase	3	11	210	146	-65
laneCase	3	11	168	146	-65
laneCase	3	11	232	146	-65
laneCase	3	11	29	146	-65
laneCase	3	11	82	146	-65
laneCase	3	11	146	146	-65
laneCase	3	11	51	146	-65
laneCase	3	11	104	146	-65
laneCase	3	11	157	131	-126
laneCase	3	11	210	131	-126
laneCase	3	11	168	131	-126
laneCase	3	11	232	131	-126
laneCase	3	11	29	131	-126
laneCase	3	11	82	131	-126
laneCase	3	11	146	131	-126
laneCase	3	11	51	131	-126
laneCase	3	11	104	131	-126
laneCase	3	11	157	72	-127
laneCase	3	11	210	72	-127
laneCase	3	11	168	72	-127
laneCase	3	11	232	72	-127
laneCase	3	11	29	72	-127
laneCase	3	11	82	72	-127
laneCase	3	11	146	72	-127
laneCase	3	11	51	72	-127
laneCase	3	11	104	72	-127
laneCase	3	12	91	175	-128
laneCase	3	12	91	142	-128
laneCase	3	12	91	144	-128
laneCase	3	12	91	80	-128
laneCase	3	12	91	47	-128
laneCase	3	12	91	14	-128
laneCase	3	12	91	206	-128
laneCase	3	12	91	241	-128
laneCase	3	12	91	208	-128
laneCase	3	12	74	175	127
laneCase	3	12	74	142	127
laneCase	3	12	74	144	127
laneCase	3	12	74	80	127
laneCase	3	12	74	47	127
laneCase	3	12	74	14	127
laneCase	3	12	74	206	127
laneCase	3	12	74	241	127
laneCase	3	12	74	208	127
laneCase	3	12	44	175	65
laneCase	3	12	44	142	65
laneCase	3	12	44	144	65
laneCase	3	12	44	80	65
laneCase	3	12	44	47	65
laneCase	3	12	44	14	65
laneCase	3	12	44	206	65
laneCase	3	12	44	241	65
laneCase	3	12	44	208	65
laneCase	3	12	236	175	1
laneCase	3	12	236	142	1
laneCase	3	12	236	144	1
laneCase	3	12	236	80	1
laneCase	3	12	236	47	1
laneCase	3	12	236	14	1
laneCase	3	12	236	206	1
laneCase	3	12	236	241	1
laneCase	3	12	236	208	1
laneCase	3	12	219	175	0
laneCase	3	12	219	142	0
laneCase	3	12	219	144	0
laneCase	3	12	219	80	0
laneCase	3	12	219	47	0
laneCase	3	12	219	14	0
laneCase	3	12	219	206	0
laneCase	3	12	219	241	0
laneCase	3	12	219	208	0
laneCase	3	12	202	175	-1
laneCase	3	12	202	142	-1
laneCase	3	12	202	144	-1
laneCase	3	12	202	80	-1
laneCase	3	12	202	47	-1
laneCase	3	12	202	14	-1
laneCase	3	12	202	206	-1
laneCase	3	12	202	241	-1
laneCase	3	12	202	208	-1
laneCase	3	12	138	175	-65
laneCase	3	12	138	142	-65
laneCase	3	12	138	144	-65
laneCase	3	12	138	80	-65
laneCase	3	12	138	47	-65
laneCase	3	12	138	14	-65
laneCase	3	12	138	206	-65
laneCase	3	12	138	241	-65
laneCase	3	12	138	208	-65
laneCase	3	12	125	175	-126
laneCase	3	12	125	142	-126
laneCase	3	12	125	144	-126
laneCase	3	12	125	80	-126
laneCase	3	12	125	47	-126
laneCase	3	12	125	14	-126
laneCase	3	12	125	206	-126
laneCase	3	12	125	241	-126
laneCase	3	12	125	208	-126
laneCase	3	12	108	175	-127
laneCase	3	12	108	142	-127
laneCase	3	12	108	144	-127
laneCase	3	12	108	80	-127
laneCase	3	12	108	47	-127
laneCase	3	12	108	14	-127
laneCase	3	12	108	206	-127
laneCase	3	12	108	241	-127
laneCase	3	12	108	208	-127
laneCase	3	13	115	191	-128
laneCase	3	13	84	191	-128
laneCase	3	13	210	191	-128
laneCase	3	13	18	191	-128
laneCase	3	13	243	191	-128
laneCase	3	13	212	191	-128
laneCase	3	13	20	191	-128
laneCase	3	13	177	191	-128
laneCase	3	13	146	191	-128
laneCase	3	13	115	176	127
laneCase	3	13	84	176	127
laneCase	3	13	210	176	127
laneCase	3	13	18	176	127
laneCase	3	13	243	176	127
laneCase	3	13	212	176	127
laneCase	3	13	20	176	127
laneCase	3	13	177	176	127
laneCase	3	13	146	176	127
laneCase	3	13	115	14	65
laneCase	3	13	84	14	65
laneCase	3	13	210	14	65
laneCase	3	13	18	14	65
laneCase	3	13	243	14	65
laneCase	3	13	212	14	65
laneCase	3	13	20	14	65
laneCase	3	13	177	14	65
laneCase	3	13	146	14	65
laneCase	3	13	115	78	1
laneCase	3	13	84	78	1
laneCase	3	13	210	78	1
laneCase	3	13	18	78	1
laneCase	3	13	243	78	1
laneCase	3	13	212	78	1
laneCase	3	13	20	78	1
laneCase	3	13	177	78	1
laneCase	3	13	146	78	1
laneCase	3	13	115	63	0
laneCase	3	13	84	63	0
laneCase	3	13	210	63	0
laneCase	3	13	18	63	0
laneCase	3	13	243	63	0
laneCase	3	13	212	63	0
laneCase	3	13	20	63	0
laneCase	3	13	177	63	0
laneCase	3	13	146	63	0
laneCase	3	13	115	48	-1
laneCase	3	13	84	48	-1
laneCase	3	13	210	48	-1
laneCase	3	13	18	48	-1
laneCase	3	13	243	48	-1
laneCase	3	13	212	48	-1
laneCase	3	13	20	48	-1
laneCase	3	13	177	48	-1
laneCase	3	13	146	48	-1
laneCase	3	13	115	112	-65
laneCase	3	13	84	112	-65
laneCase	3	13	210	112	-65
laneCase	3	13	18	112	-65
laneCase	3	13	243	112	-65
laneCase	3	13	212	112	-65
laneCase	3	13	20	112	-65
laneCase	3	13	177	112	-65
laneCase	3	13	146	112	-65
laneCase	3	13	115	221	-126
laneCase	3	13	84	221	-126
laneCase	3	13	210	221	-126
laneCase	3	13	18	221	-126
laneCase	3	13	243	221	-126
laneCase	3	13	212	221	-126
laneCase	3	13	20	221	-126
laneCase	3	13	177	221	-126
laneCase	3	13	146	221	-126
laneCase	3	13	115	206	-127
laneCase	3	13	84	206	-127
laneCase	3	13	210	206	-127
laneCase	3	13	18	206	-127
laneCase	3	13	243	206	-127
laneCase	3	13	212	206	-127
laneCase	3	13	20	206	-127
laneCase	3	13	177	206	-127
laneCase	3	13	146	206	-127
laneCase	3	14	233	45	-128
laneCase	3	14	233	184	-128
laneCase	3	14	233	98	-128
laneCase	3	14	233	34	-128
laneCase	3	14	233	173	-128
laneCase	3	14	233	56	-128
laneCase	3	14	233	248	-128
laneCase	3	14	233	23	-128
laneCase	3	14	233	162	-128
laneCase	3	14	4	45	127
laneCase	3	14	4	184	127
laneCase	3	14	4	98	127
laneCase	3	14	4	34	127
laneCase	3	14	4	173	127
laneCase	3	14	4	56	127
laneCase	3	14	4	248	127
laneCase	3	14	4	23	127
laneCase	3	14	4	162	127
laneCase	3	14	142	45	65
laneCase	3	14	142	184	65
laneCase	3	14	142	98	65
laneCase	3	14	142	34	65
laneCase	3	14	142	173	65
laneCase	3	14	142	56	65
laneCase	3	14	142	248	65
laneCase	3	14	142	23	65
laneCase	3	14	142	162	65
laneCase	3	14	78	45	1
laneCase	3	14	78	184	1
laneCase	3	14	78	98	1
laneCase	3	14	78	34	1
laneCase	3	14	78	173	1
laneCase	3	14	78	56	1
laneCase	3	14	78	248	1
laneCase	3	14	78	23	1
laneCase	3	14	78	162	1
laneCase	3	14	105	45	0
laneCase	3	14	105	184	0
laneCase	3	14	105	98	0
laneCase	3	14	105	34	0
laneCase	3	14	105	173	0
laneCase	3	14	105	56	0
laneCase	3	14	105	248	0
laneCase	3	14	105	23	0
laneCase	3	14	105	162	0
laneCase	3	14	132	45	-1
laneCase	3	14	132	184	-1
laneCase	3	14	132	98	-1
laneCase	3	14	132	34	-1
laneCase	3	14	132	173	-1
laneCase	3	14	132	56	-1
laneCase	3	14	132	248	-1
laneCase	3	14	132	23	-1
laneCase	3	14	132	162	-1
laneCase	3	14	68	45	-65
laneCase	3	14	68	184	-65
laneCase	3	14	68	98	-65
laneCase	3	14	68	34	-65
laneCase	3	14	68	173	-65
laneCase	3	14	68	56	-65
laneCase	3	14	68	248	-65
laneCase	3	14	68	23	-65
laneCase	3	14	68	162	-65
laneCase	3	14	179	45	-126
laneCase	3	14	179	184	-126
laneCase	3	14	179	98	-126
laneCase	3	14	179	34	-126
laneCase	3	14	179	173	-126
laneCase	3	14	179	56	-126
laneCase	3	14	179	248	-126
laneCase	3	14	179	23	-126
laneCase	3	14	179	162	-126
laneCase	3	14	206	45	-127
laneCase	3	14	206	184	-127
laneCase	3	14	206	98	-127
laneCase	3	14	206	34	-127
laneCase	3	14	206	173	-127
laneCase	3	14	206	56	-127
laneCase	3	14	206	248	-127
laneCase	3	14	206	23	-127
laneCase	3	14	206	162	-127
laneCase	3	15	13	143	-128
laneCase	3	15	186	143	-128
laneCase	3	15	160	143	-128
laneCase	3	15	224	143	-128
laneCase	3	15	141	143	-128
laneCase	3	15	58	143	-128
laneCase	3	15	122	143	-128
laneCase	3	15	179	143	-128
laneCase	3	15	96	143	-128
laneCase	3	15	13	204	127
laneCase	3	15	186	204	127
laneCase	3	15	160	204	127
laneCase	3	15	224	204	127
laneCase	3	15	141	204	127
laneCase	3	15	58	204	127
laneCase	3	15	122	204	127
laneCase	3	15	179	204	127
laneCase	3	15	96	204	127
laneCase	3	15	13	146	65
laneCase	3	15	186	146	65
laneCase	3	15	160	146	65
laneCase	3	15	224	146	65
laneCase	3	15	141	146	65
laneCase	3	15	58	146	65
laneCase	3	15	122	146	65
laneCase	3	15	179	146	65
laneCase	3	15	96	146	65
laneCase	3	15	13	210	1
laneCase	3	15	186	210	1
laneCase	3	15	160	210	1
laneCase	3	15	224	210	1
laneCase	3	15	141	210	1
laneCase	3	15	58	210	1
laneCase	3	15	122	210	1
laneCase	3	15	179	210	1
laneCase	3	15	96	210	1
laneCase	3	15	13	15	0
laneCase	3	15	186	15	0
laneCase	3	15	160	15	0
laneCase	3	15	224	15	0
laneCase	3	15	141	15	0
laneCase	3	15	58	15	0
laneCase	3	15	122	15	0
laneCase	3	15	179	15	0
laneCase	3	15	96	15	0
laneCase	3	15	13	76	-1
laneCase	3	15	186	76	-1
laneCase	3	15	160	76	-1
laneCase	3	15	224	76	-1
laneCase	3	15	141	76	-1
laneCase	3	15	58	76	-1
laneCase	3	15	122	76	-1
laneCase	3	15	179	76	-1
laneCase	3	15	96	76	-1
laneCase	3	15	13	140	-65
laneCase	3	15	186	140	-65
laneCase	3	15	160	140	-65
laneCase	3	15	224	140	-65
laneCase	3	15	141	140	-65
laneCase	3	15	58	140	-65
laneCase	3	15	122	140	-65
laneCase	3	15	179	140	-65
laneCase	3	15	96	140	-65
laneCase	3	15	13	21	-126
laneCase	3	15	186	21	-126
laneCase	3	15	160	21	-126
laneCase	3	15	224	21	-126
laneCase	3	15	141	21	-126
laneCase	3	15	58	21	-126
laneCase	3	15	122	21	-126
laneCase	3	15	179	21	-126
laneCase	3	15	96	21	-126
laneCase	3	15	13	82	-127
laneCase	3	15	186	82	-127
laneCase	3	15	160	82	-127
laneCase	3	15	224	82	-127
laneCase	3	15	141	82	-127
laneCase	3	15	58	82	-127
laneCase	3	15	122	82	-127
laneCase	3	15	179	82	-127
laneCase	3	15	96	82	-127
laneCase	4	0	128	126	-128
laneCase	4	0	128	127	-128
laneCase	4	0	128	189	-128
laneCase	4	0	128	253	-128
laneCase	4	0	128	254	-128
laneCase	4	0	128	255	-128
laneCase	4	0	128	63	-128
laneCase	4	0	128	124	-128
laneCase	4	0	128	125	-128
laneCase	4	0	129	126	-127
laneCase	4	0	129	127	-127
laneCase	4	0	129	189	-127
laneCase	4	0	129	253	-127
laneCase	4	0	129	254	-127
laneCase	4	0	129	255	-127
laneCase	4	0	129	63	-127
laneCase	4	0	129	124	-127
laneCase	4	0	129	125	-127
laneCase	4	0	191	126	-65
laneCase	4	0	191	127	-65
laneCase	4	0	191	189	-65
laneCase	4	0	191	253	-65
laneCase	4	0	191	254	-65
laneCase	4	0	191	255	-65
laneCase	4	0	191	63	-65
laneCase	4	0	191	124	-65
laneCase	4	0	191	125	-65
laneCase	4	0	255	126	-1
laneCase	4	0	255	127	-1
laneCase	4	0	255	189	-1
laneCase	4	0	255	253	-1
laneCase	4	0	255	254	-1
laneCase	4	0	255	255	-1
laneCase	4	0	255	63	-1
laneCase	4	0	255	124	-1
laneCase	4	0	255	125	-1
laneCase	4	0	0	126	0
laneCase	4	0	0	127	0
laneCase	4	0	0	189	0
laneCase	4	0	0	253	0
laneCase	4	0	0	254	0
laneCase	4	0	0	255	0
laneCase	4	0	0	63	0
laneCase	4	0	0	124	0
laneCase	4	0	0	125	0
laneCase	4	0	1	126	1
laneCase	4	0	1	127	1
laneCase	4	0	1	189	1
laneCase	4	0	1	253	1
laneCase	4	0	1	254	1
laneCase	4	0	1	255	1
laneCase	4	0	1	63	1
laneCase	4	0	1	124	1
laneCase	4	0	1	125	1
laneCase	4	0	65	126	65
laneCase	4	0	65	127	65
laneCase	4	0	65	189	65
laneCase	4	0	65	253	65
laneCase	4	0	65	254	65
laneCase	4	0	65	255	65
laneCase	4	0	65	63	65
laneCase	4	0	65	124	65
laneCase	4	0	65	125	65
laneCase	4	0	126	126	126
laneCase	4	0	126	127	126
laneCase	4	0	126	189	126
laneCase	4	0	126	253	126
laneCase	4	0	126	254	126
laneCase	4	0	126	255	126
laneCase	4	0	126	63	126
laneCase	4	0	126	124	126
laneCase	4	0	126	125	126
laneCase	4	0	127	126	127
laneCase	4	0	127	127	127
laneCase	4	0	127	189	127
laneCase	4	0	127	253	127
laneCase	4	0	127	254	127
laneCase	4	0	127	255	127
laneCase	4	0	127	63	127
laneCase	4	0	127	124	127
laneCase	4	0	127	125	127
laneCase	4	1	131	128	-128
laneCase	4	1	132	128	-128
laneCase	4	1	194	128	-128
laneCase	4	1	2	128	-128
laneCase	4	1	3	128	-128
laneCase	4	1	4	128	-128
laneCase	4	1	68	128	-128
laneCase	4	1	129	128	-128
laneCase	4	1	130	128	-128
laneCase	4	1	131	129	-127
laneCase	4	1	132	129	-127
laneCase	4	1	194	129	-127
laneCase	4	1	2	129	-127
laneCase	4	1	3	129	-127
laneCase	4	1	4	129	-127
laneCase	4	1	68	129	-127
laneCase	4	1	129	129	-127
laneCase	4	1	130	129	-127
laneCase	4	1	131	191	-65
laneCase	4	1	132	191	-65
laneCase	4	1	194	191	-65
laneCase	4	1	2	191	-65
laneCase	4	1	3	191	-65
laneCase	4	1	4	191	-65
laneCase	4	1	68	191	-65
laneCase	4	1	129	191	-65
laneCase	4	1	130	191	-65
laneCase	4	1	131	255	-1
laneCase	4	1	132	255	-1
laneCase	4	1	194	255	-1
laneCase	4	1	2	255	-1
laneCase	4	1	3	255	-1
laneCase	4	1	4	255	-1
laneCase	4	1	68	255	-1
laneCase	4	1	129	255	-1
laneCase	4	1	130	255	-1
laneCase	4	1	131	0	0
laneCase	4	1	132	0	0
laneCase	4	1	194	0	0
laneCase	4	1	2	0	0
laneCase	4	1	3	0	0
laneCase	4	1	4	0	0
laneCase	4	1	68	0	0
laneCase	4	1	129	0	0
laneCase	4	1	130	0	0
laneCase	4	1	131	1	1
laneCase	4	1	132	1	1
laneCase	4	1	194	1	1
laneCase	4	1	2	1	1
laneCase	4	1	3	1	1
laneCase	4	1	4	1	1
laneCase	4	1	68	1	1
laneCase	4	1	129	1	1
laneCase	4	1	130	1	1
laneCase	4	1	131	65	65
laneCase	4	1	132	65	65
laneCase	4	1	194	65	65
laneCase	4	1	2	65	65
laneCase	4	1	3	65	65
laneCase	4	1	4	65	65
laneCase	4	1	68	65	65
laneCase	4	1	129	65	65
laneCase	4	1	130	65	65
laneCase	4	1	131	126	126
laneCase	4	1	132	126	126
laneCase	4	1	194	126	126
laneCase	4	1	2	126	126
laneCase	4	1	3	126	126
laneCase	4	1	4	126	126
laneCase	4	1	68	126	126
laneCase	4	1	129	126	126
laneCase	4	1	130	126	126
laneCase	4	1	131	127	127
laneCase	4	1	132	127	127
laneCase	4	1	194	127	127
laneCase	4	1	2	127	127
laneCase	4	1	3	127	127
laneCase	4	1	4	127	127
laneCase	4	1	68	127	127
laneCase	4	1	129	127	127
laneCase	4	1	130	127	127
laneCase	4	2	127	53	-128
laneCase	4	2	127	236	-128
laneCase	4	2	127	62	-128
laneCase	4	2	127	254	-128
laneCase	4	2	127	181	-128
laneCase	4	2	127	108	-128
laneCase	4	2	127	44	-128
laneCase	4	2	127	199	-128
laneCase	4	2	127	126	-128
laneCase	4	2	128	53	-127
laneCase	4	2	128	236	-127
laneCase	4	2	128	62	-127
laneCase	4	2	128	254	-127
laneCase	4	2	128	181	-127
laneCase	4	2	128	108	-127
laneCase	4	2	128	44	-127
laneCase	4	2	128	199	-127
laneCase	4	2	128	126	-127
laneCase	4	2	190	53	-65
laneCase	4	2	190	236	-65
laneCase	4	2	190	62	-65
laneCase	4	2	190	254	-65
laneCase	4	2	190	181	-65
laneCase	4	2	190	108	-65
laneCase	4	2	190	44	-65
laneCase	4	2	190	199	-65
laneCase	4	2	190	126	-65
laneCase	4	2	254	53	-1
laneCase	4	2	254	236	-1
laneCase	4	2	254	62	-1
laneCase	4	2	254	254	-1
laneCase	4	2	254	181	-1
laneCase	4	2	254	108	-1
laneCase	4	2	254	44	-1
laneCase	4	2	254	199	-1
laneCase	4	2	254	126	-1
laneCase	4	2	255	53	0
laneCase	4	2	255	236	0
laneCase	4	2	255	62	0
laneCase	4	2	255	254	0
laneCase	4	2	255	181	0
laneCase	4	2	255	108	0
laneCase	4	2	255	44	0
laneCase	4	2	255	199	0
laneCase	4	2	255	126	0
laneCase	4	2	0	53	1
laneCase	4	2	0	236	1
laneCase	4	2	0	62	1
laneCase	4	2	0	254	1
laneCase	4	2	0	181	1
laneCase	4	2	0	108	1
laneCase	4	2	0	44	1
laneCase	4	2	0	199	1
laneCase	4	2	0	126	1
laneCase	4	2	64	53	65
laneCase	4	2	64	236	65
laneCase	4	2	64	62	65
laneCase	4	2	64	254	65
laneCase	4	2	64	181	65
laneCase	4	2	64	108	65
laneCase	4	2	64	44	65
laneCase	4	2	64	199	65
laneCase	4	2	64	126	65
laneCase	4	2	125	53	126
laneCase	4	2	125	236	126
laneCase	4	2	125	62	126
laneCase	4	2	125	254	126
laneCase	4	2	125	181	126
laneCase	4	2	125	108	126
laneCase	4	2	125	44	126
laneCase	4	2	125	199	126
laneCase	4	2	125	126	126
laneCase	4	2	126	53	127
laneCase	4	2	126	236	127
laneCase	4	2	126	62	127
laneCase	4	2	126	254	127
laneCase	4	2	126	181	127
laneCase	4	2	126	108	127
laneCase	4	2	126	44	127
laneCase	4	2	126	199	127
laneCase	4	2	126	126	127
laneCase	4	3	83	129	-128
laneCase	4	3	246	129	-128
laneCase	4	3	112	129	-128
laneCase	4	3	48	129	-128
laneCase	4	3	211	129	-128
laneCase	4	3	118	129	-128
laneCase	4	3	54	129	-128
laneCase	4	3	13	129	-128
laneCase	4	3	176	129	-128
laneCase	4	3	83	130	-127
laneCase	4	3	246	130	-127
laneCase	4	3	112	130	-127
laneCase	4	3	48	130	-127
laneCase	4	3	211	130	-127
laneCase	4	3	118	130	-127
laneCase	4	3	54	130	-127
laneCase	4	3	13	130	-127
laneCase	4	3	176	130	-127
laneCase	4	3	83	192	-65
laneCase	4	3	246	192	-65
laneCase	4	3	112	192	-65
laneCase	4	3	48	192	-65
laneCase	4	3	211	192	-65
laneCase	4	3	118	192	-65
laneCase	4	3	54	192	-65
laneCase	4	3	13	192	-65
laneCase	4	3	176	192	-65
laneCase	4	3	83	0	-1
laneCase	4	3	246	0	-1
laneCase	4	3	112	0	-1
laneCase	4	3	48	0	-1
laneCase	4	3	211	0	-1
laneCase	4	3	118	0	-1
laneCase	4	3	54	0	-1
laneCase	4	3	13	0	-1
laneCase	4	3	176	0	-1
laneCase	4	3	83	1	0
laneCase	4	3	246	1	0
laneCase	4	3	112	1	0
laneCase	4	3	48	1	0
laneCase	4	3	211	1	0
laneCase	4	3	118	1	0
laneCase	4	3	54	1	0
laneCase	4	3	13	1	0
laneCase	4	3	176	1	0
laneCase	4	3	83	2	1
laneCase	4	3	246	2	1
laneCase	4	3	112	2	1
laneCase	4	3	48	2	1
laneCase	4	3	211	2	1
laneCase	4	3	118	2	1
laneCase	4	3	54	2	1
laneCase	4	3	13	2	1
laneCase	4	3	176	2	1
laneCase	4	3	83	66	65
laneCase	4	3	246	66	65
laneCase	4	3	112	66	65
laneCase	4	3	48	66	65
laneCase	4	3	211	66	65
laneCase	4	3	118	66	65
laneCase	4	3	54	66	65
laneCase	4	3	13	66	65
laneCase	4	3	176	66	65
laneCase	4	3	83	127	126
laneCase	4	3	246	127	126
laneCase	4	3	112	127	126
laneCase	4	3	48	127	126
laneCase	4	3	211	127	126
laneCase	4	3	118	127	126
laneCase	4	3	54	127	126
laneCase	4	3	13	127	126
laneCase	4	3	176	127	126
laneCase	4	3	83	128	127
laneCase	4	3	246	128	127
laneCase	4	3	112	128	127
laneCase	4	3	48	128	127
laneCase	4	3	211	128	127
laneCase	4	3	118	128	127
laneCase	4	3	54	128	127
laneCase	4	3	13	128	127
laneCase	4	3	176	128	127
laneCase	4	4	1	0	-128
laneCase	4	4	1	1	-128
laneCase	4	4	1	63	-128
laneCase	4	4	1	127	-128
laneCase	4	4	1	128	-128
laneCase	4	4	1	129	-128
laneCase	4	4	1	193	-128
laneCase	4	4	1	254	-128
laneCase	4	4	1	255	-128
laneCase	4	4	2	0	-127
laneCase	4	4	2	1	-127
laneCase	4	4	2	63	-127
laneCase	4	4	2	127	-127
laneCase	4	4	2	128	-127
laneCase	4	4	2	129	-127
laneCase	4	4	2	193	-127
laneCase	4	4	2	254	-127
laneCase	4	4	2	255	-127
laneCase	4	4	64	0	-65
laneCase	4	4	64	1	-65
laneCase	4	4	64	63	-65
laneCase	4	4	64	127	-65
laneCase	4	4	64	128	-65
laneCase	4	4	64	129	-65
laneCase	4	4	64	193	-65
laneCase	4	4	64	254	-65
laneCase	4	4	64	255	-65
laneCase	4	4	128	0	-1
laneCase	4	4	128	1	-1
laneCase	4	4	128	63	-1
laneCase	4	4	128	127	-1
laneCase	4	4	128	128	-1
laneCase	4	4	128	129	-1
laneCase	4	4	128	193	-1
laneCase	4	4	128	254	-1
laneCase	4	4	128	255	-1
laneCase	4	4	129	0	0
laneCase	4	4	129	1	0
laneCase	4	4	129	63	0
laneCase	4	4	129	127	0
laneCase	4	4	129	128	0
laneCase	4	4	129	129	0
laneCase	4	4	129	193	0
laneCase	4	4	129	254	0
laneCase	4	4	129	255	0
laneCase	4	4	130	0	1
laneCase	4	4	130	1	1
laneCase	4	4	130	63	1
laneCase	4	4	130	127	1
laneCase	4	4	130	128	1
laneCase	4	4	130	129	1
laneCase	4	4	130	193	1
laneCase	4	4	130	254	1
laneCase	4	4	130	255	1
laneCase	4	4	194	0	65
laneCase	4	4	194	1	65
laneCase	4	4	194	63	65
laneCase	4	4	194	127	65
laneCase	4	4	194	128	65
laneCase	4	4	194	129	65
laneCase	4	4	194	193	65
laneCase	4	4	194	254	65
laneCase	4	4	194	255	65
laneCase	4	4	255	0	126
laneCase	4	4	255	1	126
laneCase	4	4	255	63	126
laneCase	4	4	255	127	126
laneCase	4	4	255	128	126
laneCase	4	4	255	129	126
laneCase	4	4	255	193	126
laneCase	4	4	255	254	126
laneCase	4	4	255	255	126
laneCase	4	4	0	0	127
laneCase	4	4	0	1	127
laneCase	4	4	0	63	127
laneCase	4	4	0	127	127
laneCase	4	4	0	128	127
laneCase	4	4	0	129	127
laneCase	4	4	0	193	127
laneCase	4	4	0	254	127
laneCase	4	4	0	255	127
laneCase	4	5	255	0	-128
laneCase	4	5	0	0	-128
laneCase	4	5	62	0	-128
laneCase	4	5	126	0	-128
laneCase	4	5	127	0	-128
laneCase	4	5	128	0	-128
laneCase	4	5	192	0	-128
laneCase	4	5	253	0	-128
laneCase	4	5	254	0	-128
laneCase	4	5	255	1	-127
laneCase	4	5	0	1	-127
laneCase	4	5	62	1	-127
laneCase	4	5	126	1	-127
laneCase	4	5	127	1	-127
laneCase	4	5	128	1	-127
laneCase	4	5	192	1	-127
laneCase	4	5	253	1	-127
laneCase	4	5	254	1	-127
laneCase	4	5	255	63	-65
laneCase	4	5	0	63	-65
laneCase	4	5	62	63	-65
laneCase	4	5	126	63	-65
laneCase	4	5	127	63	-65
laneCase	4	5	128	63	-65
laneCase	4	5	192	63	-65
laneCase	4	5	253	63	-65
laneCase	4	5	254	63	-65
laneCase	4	5	255	127	-1
laneCase	4	5	0	127	-1
laneCase	4	5	62	127	-1
laneCase	4	5	126	127	-1
laneCase	4	5	127	127	-1
laneCase	4	5	128	127	-1
laneCase	4	5	192	127	-1
laneCase	4	5	253	127	-1
laneCase	4	5	254	127	-1
laneCase	4	5	255	128	0
laneCase	4	5	0	128	0
laneCase	4	5	62	128	0
laneCase	4	5	126	128	0
laneCase	4	5	127	128	0
laneCase	4	5	128	128	0
laneCase	4	5	192	128	0
laneCase	4	5	253	128	0
laneCase	4	5	254	128	0
laneCase	4	5	255	129	1
laneCase	4	5	0	129	1
laneCase	4	5	62	129	1
laneCase	4	5	126	129	1
laneCase	4	5	127	129	1
laneCase	4	5	128	129	1
laneCase	4	5	192	129	1
laneCase	4	5	253	129	1
laneCase	4	5	254	129	1
laneCase	4	5	255	193	65
laneCase	4	5	0	193	65
laneCase	4	5	62	193	65
laneCase	4	5	126	193	65
laneCase	4	5	127	193	65
laneCase	4	5	128	193	65
laneCase	4	5	192	193	65
laneCase	4	5	253	193	65
laneCase	4	5	254	193	65
laneCase	4	5	255	254	126
laneCase	4	5	0	254	126
laneCase	4	5	62	254	126
laneCase	4	5	126	254	126
laneCase	4	5	127	254	126
laneCase	4	5	128	254	126
laneCase	4	5	192	254	126
laneCase	4	5	253	254	126
laneCase	4	5	254	254	126
laneCase	4	5	255	255	127
laneCase	4	5	0	255	127
laneCase	4	5	62	255	127
laneCase	4	5	126	255	127
laneCase	4	5	127	255	127
laneCase	4	5	128	255	127
laneCase	4	5	192	255	127
laneCase	4	5	253	255	127
laneCase	4	5	254	255	127
laneCase	4	6	211	225	-128
laneCase	4	6	211	166	-128
laneCase	4	6	211	92	-128
laneCase	4	6	211	156	-128
laneCase	4	6	211	97	-128
laneCase	4	6	211	38	-128
laneCase	4	6	211	102	-128
laneCase	4	6	211	87	-128
laneCase	4	6	211	28	-128
laneCase	4	6	126	225	-127
laneCase	4	6	126	166	-127
laneCase	4	6	126	92	-127
laneCase	4	6	126	156	-127
laneCase	4	6	126	97	-127
laneCase	4	6	126	38	-127
laneCase	4	6	126	102	-127
laneCase	4	6	126	87	-127
laneCase	4	6	126	28	-127
laneCase	4	6	232	225	-65
laneCase	4	6	232	166	-65
laneCase	4	6	232	92	-65
laneCase	4	6	232	156	-65
laneCase	4	6	232	97	-65
laneCase	4	6	232	38	-65
laneCase	4	6	232	102	-65
laneCase	4	6	232	87	-65
laneCase	4	6	232	28	-65
laneCase	4	6	168	225	-1
laneCase	4	6	168	166	-1
laneCase	4	6	168	92	-1
laneCase	4	6	168	156	-1
laneCase	4	6	168	97	-1
laneCase	4	6	168	38	-1
laneCase	4	6	168	102	-1
laneCase	4	6	168	87	-1
laneCase	4	6	168	28	-1
laneCase	4	6	83	225	0
laneCase	4	6	83	166	0
laneCase	4	6	83	92	0
laneCase	4	6	83	156	0
laneCase	4	6	83	97	0
laneCase	4	6	83	38	0
laneCase	4	6	83	102	0
laneCase	4	6	83	87	0
laneCase	4	6	83	28	0
laneCase	4	6	254	225	1
laneCase	4	6	254	166	1
laneCase	4	6	254	92	1
laneCase	4	6	254	156	1
laneCase	4	6	254	97	1
laneCase	4	6	254	38	1
laneCase	4	6	254	102	1
laneCase	4	6	254	87	1
laneCase	4	6	254	28	1
laneCase	4	6	190	225	65
laneCase	4	6	190	166	65
laneCase	4	6	190	92	65
laneCase	4	6	190	156	65
laneCase	4	6	190	97	65
laneCase	4	6	190	38	65
laneCase	4	6	190	102	65
laneCase	4	6	190	87	65
laneCase	4	6	190	28	65
laneCase	4	6	125	225	126
laneCase	4	6	125	166	126
laneCase	4	6	125	92	126
laneCase	4	6	125	156	126
laneCase	4	6	125	97	126
laneCase	4	6	125	38	126
laneCase	4	6	125	102	126
laneCase	4	6	125	87	126
laneCase	4	6	125	28	126
laneCase	4	6	40	225	127
laneCase	4	6	40	166	127
laneCase	4	6	40	92	127
laneCase	4	6	40	156	127
laneCase	4	6	40	97	127
laneCase	4	6	40	38	127
laneCase	4	6	40	102	127
laneCase	4	6	40	87	127
laneCase	4	6	40	28	127
laneCase	4	7	39	79	-128
laneCase	4	7	24	79	-128
laneCase	4	7	118	79	-128
laneCase	4	7	182	79	-128
laneCase	4	7	167	79	-128
laneCase	4	7	152	79	-128
laneCase	4	7	216	79	-128
laneCase	4	7	69	79	-128
laneCase	4	7	54	79	-128
laneCase	4	7	39	28	-127
laneCase	4	7	24	28	-127
laneCase	4	7	118	28	-127
laneCase	4	7	182	28	-127
laneCase	4	7	167	28	-127
laneCase	4	7	152	28	-127
laneCase	4	7	216	28	-127
laneCase	4	7	69	28	-127
laneCase	4	7	54	28	-127
laneCase	4	7	39	194	-65
laneCase	4	7	24	194	-65
laneCase	4	7	118	194	-65
laneCase	4	7	182	194	-65
laneCase	4	7	167	194	-65
laneCase	4	7	152	194	-65
laneCase	4	7	216	194	-65
laneCase	4	7	69	194	-65
laneCase	4	7	54	194	-65
laneCase	4	7	39	2	-1
laneCase	4	7	24	2	-1
laneCase	4	7	118	2	-1
laneCase	4	7	182	2	-1
laneCase	4	7	167	2	-1
laneCase	4	7	152	2	-1
laneCase	4	7	216	2	-1
laneCase	4	7	69	2	-1
laneCase	4	7	54	2	-1
laneCase	4	7	39	207	0
laneCase	4	7	24	207	0
laneCase	4	7	118	207	0
laneCase	4	7	182	207	0
laneCase	4	7	167	207	0
laneCase	4	7	152	207	0
laneCase	4	7	216	207	0
laneCase	4	7	69	207	0
laneCase	4	7	54	207	0
laneCase	4	7	39	156	1
laneCase	4	7	24	156	1
laneCase	4	7	118	156	1
laneCase	4	7	182	156	1
laneCase	4	7	167	156	1
laneCase	4	7	152	156	1
laneCase	4	7	216	156	1
laneCase	4	7	69	156	1
laneCase	4	7	54	156	1
laneCase	4	7	39	220	65
laneCase	4	7	24	220	65
laneCase	4	7	118	220	65
laneCase	4	7	182	220	65
laneCase	4	7	167	220	65
laneCase	4	7	152	220	65
laneCase	4	7	216	220	65
laneCase	4	7	69	220	65
laneCase	4	7	54	220	65
laneCase	4	7	39	181	126
laneCase	4	7	24	181	126
laneCase	4	7	118	181	126
laneCase	4	7	182	181	126
laneCase	4	7	167	181	126
laneCase	4	7	152	181	126
laneCase	4	7	216	181	126
laneCase	4	7	69	181	126
laneCase	4	7	54	181	126
laneCase	4	7	39	130	127
laneCase	4	7	24	130	127
laneCase	4	7	118	130	127
laneCase	4	7	182	130	127
laneCase	4	7	167	130	127
laneCase	4	7	152	130	127
laneCase	4	7	216	130	127
laneCase	4	7	69	130	127
laneCase	4	7	54	130	127
laneCase	4	8	197	181	-128
laneCase	4	8	197	92	-128
laneCase	4	8	197	206	-128
laneCase	4	8	197	142	-128
laneCase	4	8	197	53	-128
laneCase	4	8	197	220	-128
laneCase	4	8	197	156	-128
laneCase	4	8	197	103	-128
laneCase	4	8	197	14	-128
laneCase	4	8	124	181	-127
laneCase	4	8	124	92	-127
laneCase	4	8	124	206	-127
laneCase	4	8	124	142	-127
laneCase	4	8	124	53	-127
laneCase	4	8	124	220	-127
laneCase	4	8	124	156	-127
laneCase	4	8	124	103	-127
laneCase	4	8	124	14	-127
laneCase	4	8	206	181	-65
laneCase	4	8	206	92	-65
laneCase	4	8	206	206	-65
laneCase	4	8	206	142	-65
laneCase	4	8	206	53	-65
laneCase	4	8	206	220	-65
laneCase	4	8	206	156	-65
laneCase	4	8	206	103	-65
laneCase	4	8	206	14	-65
laneCase	4	8	142	181	-1
laneCase	4	8	142	92	-1
laneCase	4	8	142	206	-1
laneCase	4	8	142	142	-1
laneCase	4	8	142	53	-1
laneCase	4	8	142	220	-1
laneCase	4	8	142	156	-1
laneCase	4	8	142	103	-1
laneCase	4	8	142	14	-1
laneCase	4	8	69	181	0
laneCase	4	8	69	92	0
laneCase	4	8	69	206	0
laneCase	4	8	69	142	0
laneCase	4	8	69	53	0
laneCase	4	8	69	220	0
laneCase	4	8	69	156	0
laneCase	4	8	69	103	0
laneCase	4	8	69	14	0
laneCase	4	8	252	181	1
laneCase	4	8	252	92	1
laneCase	4	8	252	206	1
laneCase	4	8	252	142	1
laneCase	4	8	252	53	1
laneCase	4	8	252	220	1
laneCase	4	8	252	156	1
laneCase	4	8	252	103	1
laneCase	4	8	252	14	1
laneCase	4	8	188	181	65
laneCase	4	8	188	92	65
laneCase	4	8	188	206	65
laneCase	4	8	188	142	65
laneCase	4	8	188	53	65
laneCase	4	8	188	220	65
laneCase	4	8	188	156	65
laneCase	4	8	188	103	65
laneCase	4	8	188	14	65
laneCase	4	8	87	181	126
laneCase	4	8	87	92	126
laneCase	4	8	87	206	126
laneCase	4	8	87	142	126
laneCase	4	8	87	53	126
laneCase	4	8	87	220	126
laneCase	4	8	87	156	126
laneCase	4	8	87	103	126
laneCase	4	8	87	14	126
laneCase	4	8	14	181	127
laneCase	4	8	14	92	127
laneCase	4	8	14	206	127
laneCase	4	8	14	142	127
laneCase	4	8	14	53	127
laneCase	4	8	14	220	127
laneCase	4	8	14	156	127
laneCase	4	8	14	103	127
laneCase	4	8	14	14	127
laneCase	4	9	59	103	-128
laneCase	4	9	100	103	-128
laneCase	4	9	82	103	-128
laneCase	4	9	146	103	-128
laneCase	4	9	187	103	-128
laneCase	4	9	228	103	-128
laneCase	4	9	36	103	-128
laneCase	4	9	233	103	-128
laneCase	4	9	18	103	-128
laneCase	4	9	59	160	-127
laneCase	4	9	100	160	-127
laneCase	4	9	82	160	-127
laneCase	4	9	146	160	-127
laneCase	4	9	187	160	-127
laneCase	4	9	228	160	-127
laneCase	4	9	36	160	-127
laneCase	4	9	233	160	-127
laneCase	4	9	18	160	-127
laneCase	4	9	59	110	-65
laneCase	4	9	100	110	-65
laneCase	4	9	82	110	-65
laneCase	4	9	146	110	-65
laneCase	4	9	187	110	-65
laneCase	4	9	228	110	-65
laneCase	4	9	36	110	-65
laneCase	4	9	233	110	-65
laneCase	4	9	18	110	-65
laneCase	4	9	59	174	-1
laneCase	4	9	100	174	-1
laneCase	4	9	82	174	-1
laneCase	4	9	146	174	-1
laneCase	4	9	187	174	-1
laneCase	4	9	228	174	-1
laneCase	4	9	36	174	-1
laneCase	4	9	233	174	-1
laneCase	4	9	18	174	-1
laneCase	4	9	59	231	0
laneCase	4	9	100	231	0
laneCase	4	9	82	231	0
laneCase	4	9	146	231	0
laneCase	4	9	187	231	0
laneCase	4	9	228	231	0
laneCase	4	9	36	231	0
laneCase	4	9	233	231	0
laneCase	4	9	18	231	0
laneCase	4	9	59	32	1
laneCase	4	9	100	32	1
laneCase	4	9	82	32	1
laneCase	4	9	146	32	1
laneCase	4	9	187	32	1
laneCase	4	9	228	32	1
laneCase	4	9	36	32	1
laneCase	4	9	233	32	1
laneCase	4	9	18	32	1
laneCase	4	9	59	96	65
laneCase	4	9	100	96	65
laneCase	4	9	82	96	65
laneCase	4	9	146	96	65
laneCase	4	9	187	96	65
laneCase	4	9	228	96	65
laneCase	4	9	36	96	65
laneCase	4	9	233	96	65
laneCase	4	9	18	96	65
laneCase	4	9	59	245	126
laneCase	4	9	100	245	126
laneCase	4	9	82	245	126
laneCase	4	9	146	245	126
laneCase	4	9	187	245	126
laneCase	4	9	228	245	126
laneCase	4	9	36	245	126
laneCase	4	9	233	245	126
laneCase	4	9	18	245	126
laneCase	4	9	59	46	127
laneCase	4	9	100	46	127
laneCase	4	9	82	46	127
laneCase	4	9	146	46	127
laneCase	4	9	187	46	127
laneCase	4	9	228	46	127
laneCase	4	9	36	46	127
laneCase	4	9	233	46	127
laneCase	4	9	18	46	127
laneCase	4	10	241	59	-128
laneCase	4	10	241	78	-128
laneCase	4	10	241	232	-128
laneCase	4	10	241	168	-128
laneCase	4	10	241	187	-128
laneCase	4	10	241	206	-128
laneCase	4	10	241	142	-128
laneCase	4	10	241	21	-128
laneCase	4	10	241	40	-128
laneCase	4	10	148	59	-127
laneCase	4	10	148	78	-127
laneCase	4	10	148	232	-127
laneCase	4	10	148	168	-127
laneCase	4	10	148	187	-127
laneCase	4	10	148	206	-127
laneCase	4	10	148	142	-127
laneCase	4	10	148	21	-127
laneCase	4	10	148	40	-127
laneCase	4	10	14	59	-65
laneCase	4	10	14	78	-65
laneCase	4	10	14	232	-65
laneCase	4	10	14	168	-65
laneCase	4	10	14	187	-65
laneCase	4	10	14	206	-65
laneCase	4	10	14	142	-65
laneCase	4	10	14	21	-65
laneCase	4	10	14	40	-65
laneCase	4	10	206	59	-1
laneCase	4	10	206	78	-1
laneCase	4	10	206	232	-1
laneCase	4	10	206	168	-1
laneCase	4	10	206	187	-1
laneCase	4	10	206	206	-1
laneCase	4	10	206	142	-1
laneCase	4	10	206	21	-1
laneCase	4	10	206	40	-1
laneCase	4	10	113	59	0
laneCase	4	10	113	78	0
laneCase	4	10	113	232	0
laneCase	4	10	113	168	0
laneCase	4	10	113	187	0
laneCase	4	10	113	206	0
laneCase	4	10	113	142	0
laneCase	4	10	113	21	0
laneCase	4	10	113	40	0
laneCase	4	10	20	59	1
laneCase	4	10	20	78	1
laneCase	4	10	20	232	1
laneCase	4	10	20	168	1
laneCase	4	10	20	187	1
laneCase	4	10	20	206	1
laneCase	4	10	20	142	1
laneCase	4	10	20	21	1
laneCase	4	10	20	40	1
laneCase	4	10	212	59	65
laneCase	4	10	212	78	65
laneCase	4	10	212	232	65
laneCase	4	10	212	168	65
laneCase	4	10	212	187	65
laneCase	4	10	212	206	65
laneCase	4	10	212	142	65
laneCase	4	10	212	21	65
laneCase	4	10	212	40	65
laneCase	4	10	171	59	126
laneCase	4	10	171	78	126
laneCase	4	10	171	232	126
laneCase	4	10	171	168	126
laneCase	4	10	171	187	126
laneCase	4	10	171	206	126
laneCase	4	10	171	142	126
laneCase	4	10	171	21	126
laneCase	4	10	171	40	126
laneCase	4	10	78	59	127
laneCase	4	10	78	78	127
laneCase	4	10	78	232	127
laneCase	4	10	78	168	127
laneCase	4	10	78	187	127
laneCase	4	10	78	206	127
laneCase	4	10	78	142	127
laneCase	4	10	78	21	127
laneCase	4	10	78	40	127
laneCase	4	11	157	13	-128
laneCase	4	11	210	13	-128
laneCase	4	11	168	13	-128
laneCase	4	11	232	13	-128
laneCase	4	11	29	13	-128
laneCase	4	11	82	13	-128
laneCase	4	11	146	13	-128
laneCase	4	11	51	13	-128
laneCase	4	11	104	13	-128
laneCase	4	11	157	210	-127
laneCase	4	11	210	210	-127
laneCase	4	11	168	210	-127
laneCase	4	11	232	210	-127
laneCase	4	11	29	210	-127
laneCase	4	11	82	210	-127
laneCase	4	11	146	210	-127
laneCase	4	11	51	210	-127
laneCase	4	11	104	210	-127
laneCase	4	11	157	136	-65
laneCase	4	11	210	136	-65
laneCase	4	11	168	136	-65
laneCase	4	11	232	136	-65
laneCase	4	11	29	136	-65
laneCase	4	11	82	136	-65
laneCase	4	11	146	136	-65
laneCase	4	11	51	136	-65
laneCase	4	11	104	136	-65
laneCase	4	11	157	200	-1
laneCase	4	11	210	200	-1
laneCase	4	11	168	200	-1
laneCase	4	11	232	200	-1
laneCase	4	11	29	200	-1
laneCase	4	11	82	200	-1
laneCase	4	11	146	200	-1
laneCase	4	11	51	200	-1
laneCase	4	11	104	200	-1
laneCase	4	11	157	141	0
laneCase	4	11	210	141	0
laneCase	4	11	168	141	0
laneCase	4	11	232	141	0
laneCase	4	11	29	141	0
laneCase	4	11	82	141	0
laneCase	4	11	146	141	0
laneCase	4	11	51	141	0
laneCase	4	11	104	141	0
laneCase	4	11	157	82	1
laneCase	4	11	210	82	1
laneCase	4	11	168	82	1
laneCase	4	11	232	82	1
laneCase	4	11	29	82	1
laneCase	4	11	82	82	1
laneCase	4	11	146	82	1
laneCase	4	11	51	82	1
laneCase	4	11	104	82	1
laneCase	4	11	157	146	65
laneCase	4	11	210	146	65
laneCase	4	11	168	146	65
laneCase	4	11	232	146	65
laneCase	4	11	29	146	65
laneCase	4	11	82	146	65
laneCase	4	11	146	146	65
laneCase	4	11	51	146	65
laneCase	4	11	104	146	65
laneCase	4	11	157	131	126
laneCase	4	11	210	131	126
laneCase	4	11	168	131	126
laneCase	4	11	232	131	126
laneCase	4	11	29	131	126
laneCase	4	11	82	131	126
laneCase	4	11	146	131	126
laneCase	4	11	51	131	126
laneCase	4	11	104	131	126
laneCase	4	11	157	72	127
laneCase	4	11	210	72	127
laneCase	4	11	168	72	127
laneCase	4	11	232	72	127
laneCase	4	11	29	72	127
laneCase	4	11	82	72	127
laneCase	4	11	146	72	127
laneCase	4	11	51	72	127
laneCase	4	11	104	72	127
laneCase	4	12	91	175	-128
laneCase	4	12	91	142	-128
laneCase	4	12	91	144	-128
laneCase	4	12	91	80	-128
laneCase	4	12	91	47	-128
laneCase	4	12	91	14	-128
laneCase	4	12	91	206	-128
laneCase	4	12	91	241	-128
laneCase	4	12	91	208	-128
laneCase	4	12	74	175	-127
laneCase	4	12	74	142	-127
laneCase	4	12	74	144	-127
laneCase	4	12	74	80	-127
laneCase	4	12	74	47	-127
laneCase	4	12	74	14	-127
laneCase	4	12	74	206	-127
laneCase	4	12	74	241	-127
laneCase	4	12	74	208	-127
laneCase	4	12	44	175	-65
laneCase	4	12	44	142	-65
laneCase	4	12	44	144	-65
laneCase	4	12	44	80	-65
laneCase	4	12	44	47	-65
laneCase	4	12	44	14	-65
laneCase	4	12	44	206	-65
laneCase	4	12	44	241	-65
laneCase	4	12	44	208	-65
laneCase	4	12	236	175	-1
laneCase	4	12	236	142	-1
laneCase	4	12	236	144	-1
laneCase	4	12	236	80	-1
laneCase	4	12	236	47	-1
laneCase	4	12	236	14	-1
laneCase	4	12	236	206	-1
laneCase	4	12	236	241	-1
laneCase	4	12	236	208	-1
laneCase	4	12	219	175	0
laneCase	4	12	219	142	0
laneCase	4	12	219	144	0
laneCase	4	12	219	80	0
laneCase	4	12	219	47	0
laneCase	4	12	219	14	0
laneCase	4	12	219	206	0
laneCase	4	12	219	241	0
laneCase	4	12	219	208	0
laneCase	4	12	202	175	1
laneCase	4	12	202	142	1
laneCase	4	12	202	144	1
laneCase	4	12	202	80	1
laneCase	4	12	202	47	1
laneCase	4	12	202	14	1
laneCase	4	12	202	206	1
laneCase	4	12	202	241	1
laneCase	4	12	202	208	1
laneCase	4	12	138	175	65
laneCase	4	12	138	142	65
laneCase	4	12	138	144	65
laneCase	4	12	138	80	65
laneCase	4	12	138	47	65
laneCase	4	12	138	14	65
laneCase	4	12	138	206	65
laneCase	4	12	138	241	65
laneCase	4	12	138	208	65
laneCase	4	12	125	175	126
laneCase	4	12	125	142	126
laneCase	4	12	125	144	126
laneCase	4	12	125	80	126
laneCase	4	12	125	47	126
laneCase	4	12	125	14	126
laneCase	4	12	125	206	126
laneCase	4	12	125	241	126
laneCase	4	12	125	208	126
laneCase	4	12	108	175	127
laneCase	4	12	108	142	127
laneCase	4	12	108	144	127
laneCase	4	12	108	80	127
laneCase	4	12	108	47	127
laneCase	4	12	108	14	127
laneCase	4	12	108	206	127
laneCase	4	12	108	241	127
laneCase	4	12	108	208	127
laneCase	4	13	115	191	-128
laneCase	4	13	84	191	-128
laneCase	4	13	210	191	-128
laneCase	4	13	18	191	-128
laneCase	4	13	243	191	-128
laneCase	4	13	212	191	-128
laneCase	4	13	20	191	-128
laneCase	4	13	177	191	-128
laneCase	4	13	146	191	-128
laneCase	4	13	115	176	-127
laneCase	4	13	84	176	-127
laneCase	4	13	210	176	-127
laneCase	4	13	18	176	-127
laneCase	4	13	243	176	-127
laneCase	4	13	212	176	-127
laneCase	4	13	20	176	-127
laneCase	4	13	177	176	-127
laneCase	4	13	146	176	-127
laneCase	4	13	115	14	-65
laneCase	4	13	84	14	-65
laneCase	4	13	210	14	-65
laneCase	4	13	18	14	-65
laneCase	4	13	243	14	-65
laneCase	4	13	212	14	-65
laneCase	4	13	20	14	-65
laneCase	4	13	177	14	-65
laneCase	4	13	146	14	-65
laneCase	4	13	115	78	-1
laneCase	4	13	84	78	-1
laneCase	4	13	210	78	-1
laneCase	4	13	18	78	-1
laneCase	4	13	243	78	-1
laneCase	4	13	212	78	-1
laneCase	4	13	20	78	-1
laneCase	4	13	177	78	-1
laneCase	4	13	146	78	-1
laneCase	4	13	115	63	0
laneCase	4	13	84	63	0
laneCase	4	13	210	63	0
laneCase	4	13	18	63	0
laneCase	4	13	243	63	0
laneCase	4	13	212	63	0
laneCase	4	13	20	63	0
laneCase	4	13	177	63	0
laneCase	4	13	146	63	0
laneCase	4	13	115	48	1
laneCase	4	13	84	48	1
laneCase	4	13	210	48	1
laneCase	4	13	18	48	1
laneCase	4	13	243	48	1
laneCase	4	13	212	48	1
laneCase	4	13	20	48	1
laneCase	4	13	177	48	1
laneCase	4	13	146	48	1
laneCase	4	13	115	112	65
laneCase	4	13	84	112	65
laneCase	4	13	210	112	65
laneCase	4	13	18	112	65
laneCase	4	13	243	112	65
laneCase	4	13	212	112	65
laneCase	4	13	20	112	65
laneCase	4	13	177	112	65
laneCase	4	13	146	112	65
laneCase	4	13	115	221	126
laneCase	4	13	84	221	126
laneCase	4	13	210	221	126
laneCase	4	13	18	221	126
laneCase	4	13	243	221	126
laneCase	4	13	212	221	126
laneCase	4	13	20	221	126
laneCase	4	13	177	221	126
laneCase	4	13	146	221	126
laneCase	4	13	115	206	127
laneCase	4	13	84	206	127
laneCase	4	13	210	206	127
laneCase	4	13	18	206	127
laneCase	4	13	243	206	127
laneCase	4	13	212	206	127
laneCase	4	13	20	206	127
laneCase	4	13	177	206	127
laneCase	4	13	146	206	127
laneCase	4	14	233	45	-128
laneCase	4	14	233	184	-128
laneCase	4	14	233	98	-128
laneCase	4	14	233	34	-128
laneCase	4	14	233	173	-128
laneCase	4	14	233	56	-128
laneCase	4	14	233	248	-128
laneCase	4	14	233	23	-128
laneCase	4	14	233	162	-128
laneCase	4	14	4	45	-127
laneCase	4	14	4	184	-127
laneCase	4	14	4	98	-127
laneCase	4	14	4	34	-127
laneCase	4	14	4	173	-127
laneCase	4	14	4	56	-127
laneCase	4	14	4	248	-127
laneCase	4	14	4	23	-127
laneCase	4	14	4	162	-127
laneCase	4	14	142	45	-65
laneCase	4	14	142	184	-65
laneCase	4	14	142	98	-65
laneCase	4	14	142	34	-65
laneCase	4	14	142	173	-65
laneCase	4	14	142	56	-65
laneCase	4	14	142	248	-65
laneCase	4	14	142	23	-65
laneCase	4	14	142	162	-65
laneCase	4	14	78	45	-1
laneCase	4	14	78	184	-1
laneCase	4	14	78	98	-1
laneCase	4	14	78	34	-1
laneCase	4	14	78	173	-1
laneCase	4	14	78	56	-1
laneCase	4	14	78	248	-1
laneCase	4	14	78	23	-1
laneCase	4	14	78	162	-1
laneCase	4	14	105	45	0
laneCase	4	14	105	184	0
laneCase	4	14	105	98	0
laneCase	4	14	105	34	0
laneCase	4	14	105	173	0
laneCase	4	14	105	56	0
laneCase	4	14	105	248	0
laneCase	4	14	105	23	0
laneCase	4	14	105	162	0
laneCase	4	14	132	45	1
laneCase	4	14	132	184	1
laneCase	4	14	132	98	1
laneCase	4	14	132	34	1
laneCase	4	14	132	173	1
laneCase	4	14	132	56	1
laneCase	4	14	132	248	1
laneCase	4	14	132	23	1
laneCase	4	14	132	162	1
laneCase	4	14	68	45	65
laneCase	4	14	68	184	65
laneCase	4	14	68	98	65
laneCase	4	14	68	34	65
laneCase	4	14	68	173	65
laneCase	4	14	68	56	65
laneCase	4	14	68	248	65
laneCase	4	14	68	23	65
laneCase	4	14	68	162	65
laneCase	4	14	179	45	126
laneCase	4	14	179	184	126
laneCase	4	14	179	98	126
laneCase	4	14	179	34	126
laneCase	4	14	179	173	126
laneCase	4	14	179	56	126
laneCase	4	14	179	248	126
laneCase	4	14	179	23	126
laneCase	4	14	179	162	126
laneCase	4	14	206	45	127
laneCase	4	14	206	184	127
laneCase	4	14	206	98	127
laneCase	4	14	206	34	127
laneCase	4	14	206	173	127
laneCase	4	14	206	56	127
laneCase	4	14	206	248	127
laneCase	4	14	206	23	127
laneCase	4	14	206	162	127
laneCase	4	15	13	143	-128
laneCase	4	15	186	143	-128
laneCase	4	15	160	143	-128
laneCase	4	15	224	143	-128
laneCase	4	15	141	143	-128
laneCase	4	15	58	143	-128
laneCase	4	15	122	143	-128
laneCase	4	15	179	143	-128
laneCase	4	15	96	143	-128
laneCase	4	15	13	204	-127
laneCase	4	15	186	204	-127
laneCase	4	15	160	204	-127
laneCase	4	15	224	204	-127
laneCase	4	15	141	204	-127
laneCase	4	15	58	204	-127
laneCase	4	15	122	204	-127
laneCase	4	15	179	204	-127
laneCase	4	15	96	204	-127
laneCase	4	15	13	146	-65
laneCase	4	15	186	146	-65
laneCase	4	15	160	146	-65
laneCase	4	15	224	146	-65
laneCase	4	15	141	146	-65
laneCase	4	15	58	146	-65
laneCase	4	15	122	146	-65
laneCase	4	15	179	146	-65
laneCase	4	15	96	146	-65
laneCase	4	15	13	210	-1
laneCase	4	15	186	210	-1
laneCase	4	15	160	210	-1
laneCase	4	15	224	210	-1
laneCase	4	15	141	210	-1
laneCase	4	15	58	210	-1
laneCase	4	15	122	210	-1
laneCase	4	15	179	210	-1
laneCase	4	15	96	210	-1
laneCase	4	15	13	15	0
laneCase	4	15	186	15	0
laneCase	4	15	160	15	0
laneCase	4	15	224	15	0
laneCase	4	15	141	15	0
laneCase	4	15	58	15	0
laneCase	4	15	122	15	0
laneCase	4	15	179	15	0
laneCase	4	15	96	15	0
laneCase	4	15	13	76	1
laneCase	4	15	186	76	1
laneCase	4	15	160	76	1
laneCase	4	15	224	76	1
laneCase	4	15	141	76	1
laneCase	4	15	58	76	1
laneCase	4	15	122	76	1
laneCase	4	15	179	76	1
laneCase	4	15	96	76	1
laneCase	4	15	13	140	65
laneCase	4	15	186	140	65
laneCase	4	15	160	140	65
laneCase	4	15	224	140	65
laneCase	4	15	141	140	65
laneCase	4	15	58	140	65
laneCase	4	15	122	140	65
laneCase	4	15	179	140	65
laneCase	4	15	96	140	65
laneCase	4	15	13	21	126
laneCase	4	15	186	21	126
laneCase	4	15	160	21	126
laneCase	4	15	224	21	126
laneCase	4	15	141	21	126
laneCase	4	15	58	21	126
laneCase	4	15	122	21	126
laneCase	4	15	179	21	126
laneCase	4	15	96	21	126
laneCase	4	15	13	82	127
laneCase	4	15	186	82	127
laneCase	4	15	160	82	127
laneCase	4	15	224	82	127
laneCase	4	15	141	82	127
laneCase	4	15	58	82	127
laneCase	4	15	122	82	127
laneCase	4	15	179	82	127
laneCase	4	15	96	82	127
laneCase	5	0	-285	-128	-128
laneCase	5	0	-284	-127	-128
laneCase	5	0	-222	-65	-128
laneCase	5	0	-158	-1	-128
laneCase	5	0	-157	0	-128
laneCase	5	0	-156	1	-128
laneCase	5	0	-92	65	-128
laneCase	5	0	-31	126	-128
laneCase	5	0	-30	127	-128
laneCase	5	0	-284	-128	-127
laneCase	5	0	-283	-127	-127
laneCase	5	0	-221	-65	-127
laneCase	5	0	-157	-1	-127
laneCase	5	0	-156	0	-127
laneCase	5	0	-155	1	-127
laneCase	5	0	-91	65	-127
laneCase	5	0	-30	126	-127
laneCase	5	0	-29	127	-127
laneCase	5	0	-222	-128	-65
laneCase	5	0	-221	-127	-65
laneCase	5	0	-159	-65	-65
laneCase	5	0	-95	-1	-65
laneCase	5	0	-94	0	-65
laneCase	5	0	-93	1	-65
laneCase	5	0	-29	65	-65
laneCase	5	0	32	126	-65
laneCase	5	0	33	127	-65
laneCase	5	0	-158	-128	-1
laneCase	5	0	-157	-127	-1
laneCase	5	0	-95	-65	-1
laneCase	5	0	-31	-1	-1
laneCase	5	0	-30	0	-1
laneCase	5	0	-29	1	-1
laneCase	5	0	35	65	-1
laneCase	5	0	96	126	-1
laneCase	5	0	97	127	-1
laneCase	5	0	-157	-128	0
laneCase	5	0	-156	-127	0
laneCase	5	0	-94	-65	0
laneCase	5	0	-30	-1	0
laneCase	5	0	-29	0	0
laneCase	5	0	-28	1	0
laneCase	5	0	36	65	0
laneCase	5	0	97	126	0
laneCase	5	0	98	127	0
laneCase	5	0	-156	-128	1
laneCase	5	0	-155	-127	1
laneCase	5	0	-93	-65	1
laneCase	5	0	-29	-1	1
laneCase	5	0	-28	0	1
laneCase	5	0	-27	1	1
laneCase	5	0	37	65	1
laneCase	5	0	98	126	1
laneCase	5	0	99	127	1
laneCase	5	0	-92	-128	65
laneCase	5	0	-91	-127	65
laneCase	5	0	-29	-65	65
laneCase	5	0	35	-1	65
laneCase	5	0	36	0	65
laneCase	5	0	37	1	65
laneCase	5	0	101	65	65
laneCase	5	0	162	126	65
laneCase	5	0	163	127	65
laneCase	5	0	-31	-128	126
laneCase	5	0	-30	-127	126
laneCase	5	0	32	-65	126
laneCase	5	0	96	-1	126
laneCase	5	0	97	0	126
laneCase	5	0	98	1	126
laneCase	5	0	162	65	126
laneCase	5	0	223	126	126
laneCase	5	0	224	127	126
laneCase	5	0	-30	-128	127
laneCase	5	0	-29	-127	127
laneCase	5	0	33	-65	127
laneCase	5	0	97	-1	127
laneCase	5	0	98	0	127
laneCase	5	0	99	1	127
laneCase	5	0	163	65	127
laneCase	5	0	224	126	127
laneCase	5	0	225	127	127
laneCase	5	1	-285	-128	-128
laneCase	5	1	-284	-127	-128
laneCase	5	1	-222	-65	-128
laneCase	5	1	-158	-1	-128
laneCase	5	1	-157	0	-128
laneCase	5	1	-156	1	-128
laneCase	5	1	-92	65	-128
laneCase	5	1	-31	126	-128
laneCase	5	1	-30	127	-128
laneCase	5	1	-284	-128	-127
laneCase	5	1	-283	-127	-127
laneCase	5	1	-221	-65	-127
laneCase	5	1	-157	-1	-127
laneCase	5	1	-156	0	-127
laneCase	5	1	-155	1	-127
laneCase	5	1	-91	65	-127
laneCase	5	1	-30	126	-127
laneCase	5	1	-29	127	-127
laneCase	5	1	-222	-128	-65
laneCase	5	1	-221	-127	-65
laneCase	5	1	-159	-65	-65
laneCase	5	1	-95	-1	-65
laneCase	5	1	-94	0	-65
laneCase	5	1	-93	1	-65
laneCase	5	1	-29	65	-65
laneCase	5	1	32	126	-65
laneCase	5	1	33	127	-65
laneCase	5	1	-158	-128	-1
laneCase	5	1	-157	-127	-1
laneCase	5	1	-95	-65	-1
laneCase	5	1	-31	-1	-1
laneCase	5	1	-30	0	-1
laneCase	5	1	-29	1	-1
laneCase	5	1	35	65	-1
laneCase	5	1	96	126	-1
laneCase	5	1	97	127	-1
laneCase	5	1	-157	-128	0
laneCase	5	1	-156	-127	0
laneCase	5	1	-94	-65	0
laneCase	5	1	-30	-1	0
laneCase	5	1	-29	0	0
laneCase	5	1	-28	1	0
laneCase	5	1	36	65	0
laneCase	5	1	97	126	0
laneCase	5	1	98	127	0
laneCase	5	1	-156	-128	1
laneCase	5	1	-155	-127	1
laneCase	5	1	-93	-65	1
laneCase	5	1	-29	-1	1
laneCase	5	1	-28	0	1
laneCase	5	1	-27	1	1
laneCase	5	1	37	65	1
laneCase	5	1	98	126	1
laneCase	5	1	99	127	1
laneCase	5	1	-92	-128	65
laneCase	5	1	-91	-127	65
laneCase	5	1	-29	-65	65
laneCase	5	1	35	-1	65
laneCase	5	1	36	0	65
laneCase	5	1	37	1	65
laneCase	5	1	101	65	65
laneCase	5	1	162	126	65
laneCase	5	1	163	127	65
laneCase	5	1	-31	-128	126
laneCase	5	1	-30	-127	126
laneCase	5	1	32	-65	126
laneCase	5	1	96	-1	126
laneCase	5	1	97	0	126
laneCase	5	1	98	1	126
laneCase	5	1	162	65	126
laneCase	5	1	223	126	126
laneCase	5	1	224	127	126
laneCase	5	1	-30	-128	127
laneCase	5	1	-29	-127	127
laneCase	5	1	33	-65	127
laneCase	5	1	97	-1	127
laneCase	5	1	98	0	127
laneCase	5	1	99	1	127
laneCase	5	1	163	65	127
laneCase	5	1	224	126	127
laneCase	5	1	225	127	127
laneCase	5	2	-285	-128	-128
laneCase	5	2	-284	-127	-128
laneCase	5	2	-222	-65	-128
laneCase	5	2	-158	-1	-128
laneCase	5	2	-157	0	-128
laneCase	5	2	-156	1	-128
laneCase	5	2	-92	65	-128
laneCase	5	2	-31	126	-128
laneCase	5	2	-30	127	-128
laneCase	5	2	-284	-128	-127
laneCase	5	2	-283	-127	-127
laneCase	5	2	-221	-65	-127
laneCase	5	2	-157	-1	-127
laneCase	5	2	-156	0	-127
laneCase	5	2	-155	1	-127
laneCase	5	2	-91	65	-127
laneCase	5	2	-30	126	-127
laneCase	5	2	-29	127	-127
laneCase	5	2	-222	-128	-65
laneCase	5	2	-221	-127	-65
laneCase	5	2	-159	-65	-65
laneCase	5	2	-95	-1	-65
laneCase	5	2	-94	0	-65
laneCase	5	2	-93	1	-65
laneCase	5	2	-29	65	-65
laneCase	5	2	32	126	-65
laneCase	5	2	33	127	-65
laneCase	5	2	-158	-128	-1
laneCase	5	2	-157	-127	-1
laneCase	5	2	-95	-65	-1
laneCase	5	2	-31	-1	-1
laneCase	5	2	-30	0	-1
laneCase	5	2	-29	1	-1
laneCase	5	2	35	65	-1
laneCase	5	2	96	126	-1
laneCase	5	2	97	127	-1
laneCase	5	2	-157	-128	0
laneCase	5	2	-156	-127	0
laneCase	5	2	-94	-65	0
laneCase	5	2	-30	-1	0
laneCase	5	2	-29	0	0
laneCase	5	2	-28	1	0
laneCase	5	2	36	65	0
laneCase	5	2	97	126	0
laneCase	5	2	98	127	0
laneCase	5	2	-156	-128	1
laneCase	5	2	-155	-127	1
laneCase	5	2	-93	-65	1
laneCase	5	2	-29	-1	1
laneCase	5	2	-28	0	1
laneCase	5	2	-27	1	1
laneCase	5	2	37	65	1
laneCase	5	2	98	126	1
laneCase	5	2	99	127	1
laneCase	5	2	-92	-128	65
laneCase	5	2	-91	-127	65
laneCase	5	2	-29	-65	65
laneCase	5	2	35	-1	65
laneCase	5	2	36	0	65
laneCase	5	2	37	1	65
laneCase	5	2	101	65	65
laneCase	5	2	162	126	65
laneCase	5	2	163	127	65
laneCase	5	2	-31	-128	126
laneCase	5	2	-30	-127	126
laneCase	5	2	32	-65	126
laneCase	5	2	96	-1	126
laneCase	5	2	97	0	126
laneCase	5	2	98	1	126
laneCase	5	2	162	65	126
laneCase	5	2	223	126	126
laneCase	5	2	224	127	126
laneCase	5	2	-30	-128	127
laneCase	5	2	-29	-127	127
laneCase	5	2	33	-65	127
laneCase	5	2	97	-1	127
laneCase	5	2	98	0	127
laneCase	5	2	99	1	127
laneCase	5	2	163	65	127
laneCase	5	2	224	126	127
laneCase	5	2	225	127	127
laneCase	5	3	-285	-128	-128
laneCase	5	3	-284	-127	-128
laneCase	5	3	-222	-65	-128
laneCase	5	3	-158	-1	-128
laneCase	5	3	-157	0	-128
laneCase	5	3	-156	1	-128
laneCase	5	3	-92	65	-128
laneCase	5	3	-31	126	-128
laneCase	5	3	-30	127	-128
laneCase	5	3	-284	-128	-127
laneCase	5	3	-283	-127	-127
laneCase	5	3	-221	-65	-127
laneCase	5	3	-157	-1	-127
laneCase	5	3	-156	0	-127
laneCase	5	3	-155	1	-127
laneCase	5	3	-91	65	-127
laneCase	5	3	-30	126	-127
laneCase	5	3	-29	127	-127
laneCase	5	3	-222	-128	-65
laneCase	5	3	-221	-127	-65
laneCase	5	3	-159	-65	-65
laneCase	5	3	-95	-1	-65
laneCase	5	3	-94	0	-65
laneCase	5	3	-93	1	-65
laneCase	5	3	-29	65	-65
laneCase	5	3	32	126	-65
laneCase	5	3	33	127	-65
laneCase	5	3	-158	-128	-1
laneCase	5	3	-157	-127	-1
laneCase	5	3	-95	-65	-1
laneCase	5	3	-31	-1	-1
laneCase	5	3	-30	0	-1
laneCase	5	3	-29	1	-1
laneCase	5	3	35	65	-1
laneCase	5	3	96	126	-1
laneCase	5	3	97	127	-1
laneCase	5	3	-157	-128	0
laneCase	5	3	-156	-127	0
laneCase	5	3	-94	-65	0
laneCase	5	3	-30	-1	0
laneCase	5	3	-29	0	0
laneCase	5	3	-28	1	0
laneCase	5	3	36	65	0
laneCase	5	3	97	126	0
laneCase	5	3	98	127	0
laneCase	5	3	-156	-128	1
laneCase	5	3	-155	-127	1
laneCase	5	3	-93	-65	1
laneCase	5	3	-29	-1	1
laneCase	5	3	-28	0	1
laneCase	5	3	-27	1	1
laneCase	5	3	37	65	1
laneCase	5	3	98	126	1
laneCase	5	3	99	127	1
laneCase	5	3	-92	-128	65
laneCase	5	3	-91	-127	65
laneCase	5	3	-29	-65	65
laneCase	5	3	35	-1	65
laneCase	5	3	36	0	65
laneCase	5	3	37	1	65
laneCase	5	3	101	65	65
laneCase	5	3	162	126	65
laneCase	5	3	163	127	65
laneCase	5	3	-31	-128	126
laneCase	5	3	-30	-127	126
laneCase	5	3	32	-65	126
laneCase	5	3	96	-1	126
laneCase	5	3	97	0	126
laneCase	5	3	98	1	126
laneCase	5	3	162	65	126
laneCase	5	3	223	126	126
laneCase	5	3	224	127	126
laneCase	5	3	-30	-128	127
laneCase	5	3	-29	-127	127
laneCase	5	3	33	-65	127
laneCase	5	3	97	-1	127
laneCase	5	3	98	0	127
laneCase	5	3	99	1	127
laneCase	5	3	163	65	127
laneCase	5	3	224	126	127
laneCase	5	3	225	127	127
laneCase	5	4	-285	-128	-128
laneCase	5	4	-284	-127	-128
laneCase	5	4	-222	-65	-128
laneCase	5	4	-158	-1	-128
laneCase	5	4	-157	0	-128
laneCase	5	4	-156	1	-128
laneCase	5	4	-92	65	-128
laneCase	5	4	-31	126	-128
laneCase	5	4	-30	127	-128
laneCase	5	4	-284	-128	-127
laneCase	5	4	-283	-127	-127
laneCase	5	4	-221	-65	-127
laneCase	5	4	-157	-1	-127
laneCase	5	4	-156	0	-127
laneCase	5	4	-155	1	-127
laneCase	5	4	-91	65	-127
laneCase	5	4	-30	126	-127
laneCase	5	4	-29	127	-127
laneCase	5	4	-222	-128	-65
laneCase	5	4	-221	-127	-65
laneCase	5	4	-159	-65	-65
laneCase	5	4	-95	-1	-65
laneCase	5	4	-94	0	-65
laneCase	5	4	-93	1	-65
laneCase	5	4	-29	65	-65
laneCase	5	4	32	126	-65
laneCase	5	4	33	127	-65
laneCase	5	4	-158	-128	-1
laneCase	5	4	-157	-127	-1
laneCase	5	4	-95	-65	-1
laneCase	5	4	-31	-1	-1
laneCase	5	4	-30	0	-1
laneCase	5	4	-29	1	-1
laneCase	5	4	35	65	-1
laneCase	5	4	96	126	-1
laneCase	5	4	97	127	-1
laneCase	5	4	-157	-128	0
laneCase	5	4	-156	-127	0
laneCase	5	4	-94	-65	0
laneCase	5	4	-30	-1	0
laneCase	5	4	-29	0	0
laneCase	5	4	-28	1	0
laneCase	5	4	36	65	0
laneCase	5	4	97	126	0
laneCase	5	4	98	127	0
laneCase	5	4	-156	-128	1
laneCase	5	4	-155	-127	1
laneCase	5	4	-93	-65	1
laneCase	5	4	-29	-1	1
laneCase	5	4	-28	0	1
laneCase	5	4	-27	1	1
laneCase	5	4	37	65	1
laneCase	5	4	98	126	1
laneCase	5	4	99	127	1
laneCase	5	4	-92	-128	65
laneCase	5	4	-91	-127	65
laneCase	5	4	-29	-65	65
laneCase	5	4	35	-1	65
laneCase	5	4	36	0	65
laneCase	5	4	37	1	65
laneCase	5	4	101	65	65
laneCase	5	4	162	126	65
laneCase	5	4	163	127	65
laneCase	5	4	-31	-128	126
laneCase	5	4	-30	-127	126
laneCase	5	4	32	-65	126
laneCase	5	4	96	-1	126
laneCase	5	4	97	0	126
laneCase	5	4	98	1	126
laneCase	5	4	162	65	126
laneCase	5	4	223	126	126
laneCase	5	4	224	127	126
laneCase	5	4	-30	-128	127
laneCase	5	4	-29	-127	127
laneCase	5	4	33	-65	127
laneCase	5	4	97	-1	127
laneCase	5	4	98	0	127
laneCase	5	4	99	1	127
laneCase	5	4	163	65	127
laneCase	5	4	224	126	127
laneCase	5	4	225	127	127
laneCase	5	5	-285	-128	-128
laneCase	5	5	-284	-127	-128
laneCase	5	5	-222	-65	-128
laneCase	5	5	-158	-1	-128
laneCase	5	5	-157	0	-128
laneCase	5	5	-156	1	-128
laneCase	5	5	-92	65	-128
laneCase	5	5	-31	126	-128
laneCase	5	5	-30	127	-128
laneCase	5	5	-284	-128	-127
laneCase	5	5	-283	-127	-127
laneCase	5	5	-221	-65	-127
laneCase	5	5	-157	-1	-127
laneCase	5	5	-156	0	-127
laneCase	5	5	-155	1	-127
laneCase	5	5	-91	65	-127
laneCase	5	5	-30	126	-127
laneCase	5	5	-29	127	-127
laneCase	5	5	-222	-128	-65
laneCase	5	5	-221	-127	-65
laneCase	5	5	-159	-65	-65
laneCase	5	5	-95	-1	-65
laneCase	5	5	-94	0	-65
laneCase	5	5	-93	1	-65
laneCase	5	5	-29	65	-65
laneCase	5	5	32	126	-65
laneCase	5	5	33	127	-65
laneCase	5	5	-158	-128	-1
laneCase	5	5	-157	-127	-1
laneCase	5	5	-95	-65	-1
laneCase	5	5	-31	-1	-1
laneCase	5	5	-30	0	-1
laneCase	5	5	-29	1	-1
laneCase	5	5	35	65	-1
laneCase	5	5	96	126	-1
laneCase	5	5	97	127	-1
laneCase	5	5	-157	-128	0
laneCase	5	5	-156	-127	0
laneCase	5	5	-94	-65	0
laneCase	5	5	-30	-1	0
laneCase	5	5	-29	0	0
laneCase	5	5	-28	1	0
laneCase	5	5	36	65	0
laneCase	5	5	97	126	0
laneCase	5	5	98	127	0
laneCase	5	5	-156	-128	1
laneCase	5	5	-155	-127	1
laneCase	5	5	-93	-65	1
laneCase	5	5	-29	-1	1
laneCase	5	5	-28	0	1
laneCase	5	5	-27	1	1
laneCase	5	5	37	65	1
laneCase	5	5	98	126	1
laneCase	5	5	99	127	1
laneCase	5	5	-92	-128	65
laneCase	5	5	-91	-127	65
laneCase	5	5	-29	-65	65
laneCase	5	5	35	-1	65
laneCase	5	5	36	0	65
laneCase	5	5	37	1	65
laneCase	5	5	101	65	65
laneCase	5	5	162	126	65
laneCase	5	5	163	127	65
laneCase	5	5	-31	-128	126
laneCase	5	5	-30	-127	126
laneCase	5	5	32	-65	126
laneCase	5	5	96	-1	126
laneCase	5	5	97	0	126
laneCase	5	5	98	1	126
laneCase	5	5	162	65	126
laneCase	5	5	223	126	126
laneCase	5	5	224	127	126
laneCase	5	5	-30	-128	127
laneCase	5	5	-29	-127	127
laneCase	5	5	33	-65	127
laneCase	5	5	97	-1	127
laneCase	5	5	98	0	127
laneCase	5	5	99	1	127
laneCase	5	5	163	65	127
laneCase	5	5	224	126	127
laneCase	5	5	225	127	127
laneCase	5	6	-285	-128	-128
laneCase	5	6	-284	-127	-128
laneCase	5	6	-222	-65	-128
laneCase	5	6	-158	-1	-128
laneCase	5	6	-157	0	-128
laneCase	5	6	-156	1	-128
laneCase	5	6	-92	65	-128
laneCase	5	6	-31	126	-128
laneCase	5	6	-30	127	-128
laneCase	5	6	-284	-128	-127
laneCase	5	6	-283	-127	-127
laneCase	5	6	-221	-65	-127
laneCase	5	6	-157	-1	-127
laneCase	5	6	-156	0	-127
laneCase	5	6	-155	1	-127
laneCase	5	6	-91	65	-127
laneCase	5	6	-30	126	-127
laneCase	5	6	-29	127	-127
laneCase	5	6	-222	-128	-65
laneCase	5	6	-221	-127	-65
laneCase	5	6	-159	-65	-65
laneCase	5	6	-95	-1	-65
laneCase	5	6	-94	0	-65
laneCase	5	6	-93	1	-65
laneCase	5	6	-29	65	-65
laneCase	5	6	32	126	-65
laneCase	5	6	33	127	-65
laneCase	5	6	-158	-128	-1
laneCase	5	6	-157	-127	-1
laneCase	5	6	-95	-65	-1
laneCase	5	6	-31	-1	-1
laneCase	5	6	-30	0	-1
laneCase	5	6	-29	1	-1
laneCase	5	6	35	65	-1
laneCase	5	6	96	126	-1
laneCase	5	6	97	127	-1
laneCase	5	6	-157	-128	0
laneCase	5	6	-156	-127	0
laneCase	5	6	-94	-65	0
laneCase	5	6	-30	-1	0
laneCase	5	6	-29	0	0
laneCase	5	6	-28	1	0
laneCase	5	6	36	65	0
laneCase	5	6	97	126	0
laneCase	5	6	98	127	0
laneCase	5	6	-156	-128	1
laneCase	5	6	-155	-127	1
laneCase	5	6	-93	-65	1
laneCase	5	6	-29	-1	1
laneCase	5	6	-28	0	1
laneCase	5	6	-27	1	1
laneCase	5	6	37	65	1
laneCase	5	6	98	126	1
laneCase	5	6	99	127	1
laneCase	5	6	-92	-128	65
laneCase	5	6	-91	-127	65
laneCase	5	6	-29	-65	65
laneCase	5	6	35	-1	65
laneCase	5	6	36	0	65
laneCase	5	6	37	1	65
laneCase	5	6	101	65	65
laneCase	5	6	162	126	65
laneCase	5	6	163	127	65
laneCase	5	6	-31	-128	126
laneCase	5	6	-30	-127	126
laneCase	5	6	32	-65	126
laneCase	5	6	96	-1	126
laneCase	5	6	97	0	126
laneCase	5	6	98	1	126
laneCase	5	6	162	65	126
laneCase	5	6	223	126	126
laneCase	5	6	224	127	126
laneCase	5	6	-30	-128	127
laneCase	5	6	-29	-127	127
laneCase	5	6	33	-65	127
laneCase	5	6	97	-1	127
laneCase	5	6	98	0	127
laneCase	5	6	99	1	127
laneCase	5	6	163	65	127
laneCase	5	6	224	126	127
laneCase	5	6	225	127	127
laneCase	5	7	-285	-128	-128
laneCase	5	7	-284	-127	-128
laneCase	5	7	-222	-65	-128
laneCase	5	7	-158	-1	-128
laneCase	5	7	-157	0	-128
laneCase	5	7	-156	1	-128
laneCase	5	7	-92	65	-128
laneCase	5	7	-31	126	-128
laneCase	5	7	-30	127	-128
laneCase	5	7	-284	-128	-127
laneCase	5	7	-283	-127	-127
laneCase	5	7	-221	-65	-127
laneCase	5	7	-157	-1	-127
laneCase	5	7	-156	0	-127
laneCase	5	7	-155	1	-127
laneCase	5	7	-91	65	-127
laneCase	5	7	-30	126	-127
laneCase	5	7	-29	127	-127
laneCase	5	7	-222	-128	-65
laneCase	5	7	-221	-127	-65
laneCase	5	7	-159	-65	-65
laneCase	5	7	-95	-1	-65
laneCase	5	7	-94	0	-65
laneCase	5	7	-93	1	-65
laneCase	5	7	-29	65	-65
laneCase	5	7	32	126	-65
laneCase	5	7	33	127	-65
laneCase	5	7	-158	-128	-1
laneCase	5	7	-157	-127	-1
laneCase	5	7	-95	-65	-1
laneCase	5	7	-31	-1	-1
laneCase	5	7	-30	0	-1
laneCase	5	7	-29	1	-1
laneCase	5	7	35	65	-1
laneCase	5	7	96	126	-1
laneCase	5	7	97	127	-1
laneCase	5	7	-157	-128	0
laneCase	5	7	-156	-127	0
laneCase	5	7	-94	-65	0
laneCase	5	7	-30	-1	0
laneCase	5	7	-29	0	0
laneCase	5	7	-28	1	0
laneCase	5	7	36	65	0
laneCase	5	7	97	126	0
laneCase	5	7	98	127	0
laneCase	5	7	-156	-128	1
laneCase	5	7	-155	-127	1
laneCase	5	7	-93	-65	1
laneCase	5	7	-29	-1	1
laneCase	5	7	-28	0	1
laneCase	5	7	-27	1	1
laneCase	5	7	37	65	1
laneCase	5	7	98	126	1
laneCase	5	7	99	127	1
laneCase	5	7	-92	-128	65
laneCase	5	7	-91	-127	65
laneCase	5	7	-29	-65	65
laneCase	5	7	35	-1	65
laneCase	5	7	36	0	65
laneCase	5	7	37	1	65
laneCase	5	7	101	65	65
laneCase	5	7	162	126	65
laneCase	5	7	163	127	65
laneCase	5	7	-31	-128	126
laneCase	5	7	-30	-127	126
laneCase	5	7	32	-65	126
laneCase	5	7	96	-1	126
laneCase	5	7	97	0	126
laneCase	5	7	98	1	126
laneCase	5	7	162	65	126
laneCase	5	7	223	126	126
laneCase	5	7	224	127	126
laneCase	5	7	-30	-128	127
laneCase	5	7	-29	-127	127
laneCase	5	7	33	-65	127
laneCase	5	7	97	-1	127
laneCase	5	7	98	0	127
laneCase	5	7	99	1	127
laneCase	5	7	163	65	127
laneCase	5	7	224	126	127
laneCase	5	7	225	127	127
laneCase	5	8	-285	-128	-128
laneCase	5	8	-284	-127	-128
laneCase	5	8	-222	-65	-128
laneCase	5	8	-158	-1	-128
laneCase	5	8	-157	0	-128
laneCase	5	8	-156	1	-128
laneCase	5	8	-92	65	-128
laneCase	5	8	-31	126	-128
laneCase	5	8	-30	127	-128
laneCase	5	8	-284	-128	-127
laneCase	5	8	-283	-127	-127
laneCase	5	8	-221	-65	-127
laneCase	5	8	-157	-1	-127
laneCase	5	8	-156	0	-127
laneCase	5	8	-155	1	-127
laneCase	5	8	-91	65	-127
laneCase	5	8	-30	126	-127
laneCase	5	8	-29	127	-127
laneCase	5	8	-222	-128	-65
laneCase	5	8	-221	-127	-65
laneCase	5	8	-159	-65	-65
laneCase	5	8	-95	-1	-65
laneCase	5	8	-94	0	-65
laneCase	5	8	-93	1	-65
laneCase	5	8	-29	65	-65
laneCase	5	8	32	126	-65
laneCase	5	8	33	127	-65
laneCase	5	8	-158	-128	-1
laneCase	5	8	-157	-127	-1
laneCase	5	8	-95	-65	-1
laneCase	5	8	-31	-1	-1
laneCase	5	8	-30	0	-1
laneCase	5	8	-29	1	-1
laneCase	5	8	35	65	-1
laneCase	5	8	96	126	-1
laneCase	5	8	97	127	-1
laneCase	5	8	-157	-128	0
laneCase	5	8	-156	-127	0
laneCase	5	8	-94	-65	0
laneCase	5	8	-30	-1	0
laneCase	5	8	-29	0	0
laneCase	5	8	-28	1	0
laneCase	5	8	36	65	0
laneCase	5	8	97	126	0
laneCase	5	8	98	127	0
laneCase	5	8	-156	-128	1
laneCase	5	8	-155	-127	1
laneCase	5	8	-93	-65	1
laneCase	5	8	-29	-1	1
laneCase	5	8	-28	0	1
laneCase	5	8	-27	1	1
laneCase	5	8	37	65	1
laneCase	5	8	98	126	1
laneCase	5	8	99	127	1
laneCase	5	8	-92	-128	65
laneCase	5	8	-91	-127	65
laneCase	5	8	-29	-65	65
laneCase	5	8	35	-1	65
laneCase	5	8	36	0	65
laneCase	5	8	37	1	65
laneCase	5	8	101	65	65
laneCase	5	8	162	126	65
laneCase	5	8	163	127	65
laneCase	5	8	-31	-128	126
laneCase	5	8	-30	-127	126
laneCase	5	8	32	-65	126
laneCase	5	8	96	-1	126
laneCase	5	8	97	0	126
laneCase	5	8	98	1	126
laneCase	5	8	162	65	126
laneCase	5	8	223	126	126
laneCase	5	8	224	127	126
laneCase	5	8	-30	-128	127
laneCase	5	8	-29	-127	127
laneCase	5	8	33	-65	127
laneCase	5	8	97	-1	127
laneCase	5	8	98	0	127
laneCase	5	8	99	1	127
laneCase	5	8	163	65	127
laneCase	5	8	224	126	127
laneCase	5	8	225	127	127
laneCase	5	9	-285	-128	-128
laneCase	5	9	-284	-127	-128
laneCase	5	9	-222	-65	-128
laneCase	5	9	-158	-1	-128
laneCase	5	9	-157	0	-128
laneCase	5	9	-156	1	-128
laneCase	5	9	-92	65	-128
laneCase	5	9	-31	126	-128
laneCase	5	9	-30	127	-128
laneCase	5	9	-284	-128	-127
laneCase	5	9	-283	-127	-127
laneCase	5	9	-221	-65	-127
laneCase	5	9	-157	-1	-127
laneCase	5	9	-156	0	-127
laneCase	5	9	-155	1	-127
laneCase	5	9	-91	65	-127
laneCase	5	9	-30	126	-127
laneCase	5	9	-29	127	-127
laneCase	5	9	-222	-128	-65
laneCase	5	9	-221	-127	-65
laneCase	5	9	-159	-65	-65
laneCase	5	9	-95	-1	-65
laneCase	5	9	-94	0	-65
laneCase	5	9	-93	1	-65
laneCase	5	9	-29	65	-65
laneCase	5	9	32	126	-65
laneCase	5	9	33	127	-65
laneCase	5	9	-158	-128	-1
laneCase	5	9	-157	-127	-1
laneCase	5	9	-95	-65	-1
laneCase	5	9	-31	-1	-1
laneCase	5	9	-30	0	-1
laneCase	5	9	-29	1	-1
laneCase	5	9	35	65	-1
laneCase	5	9	96	126	-1
laneCase	5	9	97	127	-1
laneCase	5	9	-157	-128	0
laneCase	5	9	-156	-127	0
laneCase	5	9	-94	-65	0
laneCase	5	9	-30	-1	0
laneCase	5	9	-29	0	0
laneCase	5	9	-28	1	0
laneCase	5	9	36	65	0
laneCase	5	9	97	126	0
laneCase	5	9	98	127	0
laneCase	5	9	-156	-128	1
laneCase	5	9	-155	-127	1
laneCase	5	9	-93	-65	1
laneCase	5	9	-29	-1	1
laneCase	5	9	-28	0	1
laneCase	5	9	-27	1	1
laneCase	5	9	37	65	1
laneCase	5	9	98	126	1
laneCase	5	9	99	127	1
laneCase	5	9	-92	-128	65
laneCase	5	9	-91	-127	65
laneCase	5	9	-29	-65	65
laneCase	5	9	35	-1	65
laneCase	5	9	36	0	65
laneCase	5	9	37	1	65
laneCase	5	9	101	65	65
laneCase	5	9	162	126	65
laneCase	5	9	163	127	65
laneCase	5	9	-31	-128	126
laneCase	5	9	-30	-127	126
laneCase	5	9	32	-65	126
laneCase	5	9	96	-1	126
laneCase	5	9	97	0	126
laneCase	5	9	98	1	126
laneCase	5	9	162	65	126
laneCase	5	9	223	126	126
laneCase	5	9	224	127	126
laneCase	5	9	-30	-128	127
laneCase	5	9	-29	-127	127
laneCase	5	9	33	-65	127
laneCase	5	9	97	-1	127
laneCase	5	9	98	0	127
laneCase	5	9	99	1	127
laneCase	5	9	163	65	127
laneCase	5	9	224	126	127
laneCase	5	9	225	127	127
laneCase	5	10	-285	-128	-128
laneCase	5	10	-284	-127	-128
laneCase	5	10	-222	-65	-128
laneCase	5	10	-158	-1	-128
laneCase	5	10	-157	0	-128
laneCase	5	10	-156	1	-128
laneCase	5	10	-92	65	-128
laneCase	5	10	-31	126	-128
laneCase	5	10	-30	127	-128
laneCase	5	10	-284	-128	-127
laneCase	5	10	-283	-127	-127
laneCase	5	10	-221	-65	-127
laneCase	5	10	-157	-1	-127
laneCase	5	10	-156	0	-127
laneCase	5	10	-155	1	-127
laneCase	5	10	-91	65	-127
laneCase	5	10	-30	126	-127
laneCase	5	10	-29	127	-127
laneCase	5	10	-222	-128	-65
laneCase	5	10	-221	-127	-65
laneCase	5	10	-159	-65	-65
laneCase	5	10	-95	-1	-65
laneCase	5	10	-94	0	-65
laneCase	5	10	-93	1	-65
laneCase	5	10	-29	65	-65
laneCase	5	10	32	126	-65
laneCase	5	10	33	127	-65
laneCase	5	10	-158	-128	-1
laneCase	5	10	-157	-127	-1
laneCase	5	10	-95	-65	-1
laneCase	5	10	-31	-1	-1
laneCase	5	10	-30	0	-1
laneCase	5	10	-29	1	-1
laneCase	5	10	35	65	-1
laneCase	5	10	96	126	-1
laneCase	5	10	97	127	-1
laneCase	5	10	-157	-128	0
laneCase	5	10	-156	-127	0
laneCase	5	10	-94	-65	0
laneCase	5	10	-30	-1	0
laneCase	5	10	-29	0	0
laneCase	5	10	-28	1	0
laneCase	5	10	36	65	0
laneCase	5	10	97	126	0
laneCase	5	10	98	127	0
laneCase	5	10	-156	-128	1
laneCase	5	10	-155	-127	1
laneCase	5	10	-93	-65	1
laneCase	5	10	-29	-1	1
laneCase	5	10	-28	0	1
laneCase	5	10	-27	1	1
laneCase	5	10	37	65	1
laneCase	5	10	98	126	1
laneCase	5	10	99	127	1
laneCase	5	10	-92	-128	65
laneCase	5	10	-91	-127	65
laneCase	5	10	-29	-65	65
laneCase	5	10	35	-1	65
laneCase	5	10	36	0	65
laneCase	5	10	37	1	65
laneCase	5	10	101	65	65
laneCase	5	10	162	126	65
laneCase	5	10	163	127	65
laneCase	5	10	-31	-128	126
laneCase	5	10	-30	-127	126
laneCase	5	10	32	-65	126
laneCase	5	10	96	-1	126
laneCase	5	10	97	0	126
laneCase	5	10	98	1	126
laneCase	5	10	162	65	126
laneCase	5	10	223	126	126
laneCase	5	10	224	127	126
laneCase	5	10	-30	-128	127
laneCase	5	10	-29	-127	127
laneCase	5	10	33	-65	127
laneCase	5	10	97	-1	127
laneCase	5	10	98	0	127
laneCase	5	10	99	1	127
laneCase	5	10	163	65	127
laneCase	5	10	224	126	127
laneCase	5	10	225	127	127
laneCase	5	11	-285	-128	-128
laneCase	5	11	-284	-127	-128
laneCase	5	11	-222	-65	-128
laneCase	5	11	-158	-1	-128
laneCase	5	11	-157	0	-128
laneCase	5	11	-156	1	-128
laneCase	5	11	-92	65	-128
laneCase	5	11	-31	126	-128
laneCase	5	11	-30	127	-128
laneCase	5	11	-284	-128	-127
laneCase	5	11	-283	-127	-127
laneCase	5	11	-221	-65	-127
laneCase	5	11	-157	-1	-127
laneCase	5	11	-156	0	-127
laneCase	5	11	-155	1	-127
laneCase	5	11	-91	65	-127
laneCase	5	11	-30	126	-127
laneCase	5	11	-29	127	-127
laneCase	5	11	-222	-128	-65
laneCase	5	11	-221	-127	-65
laneCase	5	11	-159	-65	-65
laneCase	5	11	-95	-1	-65
laneCase	5	11	-94	0	-65
laneCase	5	11	-93	1	-65
laneCase	5	11	-29	65	-65
laneCase	5	11	32	126	-65
laneCase	5	11	33	127	-65
laneCase	5	11	-158	-128	-1
laneCase	5	11	-157	-127	-1
laneCase	5	11	-95	-65	-1
laneCase	5	11	-31	-1	-1
laneCase	5	11	-30	0	-1
laneCase	5	11	-29	1	-1
laneCase	5	11	35	65	-1
laneCase	5	11	96	126	-1
laneCase	5	11	97	127	-1
laneCase	5	11	-157	-128	0
laneCase	5	11	-156	-127	0
laneCase	5	11	-94	-65	0
laneCase	5	11	-30	-1	0
laneCase	5	11	-29	0	0
laneCase	5	11	-28	1	0
laneCase	5	11	36	65	0
laneCase	5	11	97	126	0
laneCase	5	11	98	127	0
laneCase	5	11	-156	-128	1
laneCase	5	11	-155	-127	1
laneCase	5	11	-93	-65	1
laneCase	5	11	-29	-1	1
laneCase	5	11	-28	0	1
laneCase	5	11	-27	1	1
laneCase	5	11	37	65	1
laneCase	5	11	98	126	1
laneCase	5	11	99	127	1
laneCase	5	11	-92	-128	65
laneCase	5	11	-91	-127	65
laneCase	5	11	-29	-65	65
laneCase	5	11	35	-1	65
laneCase	5	11	36	0	65
laneCase	5	11	37	1	65
laneCase	5	11	101	65	65
laneCase	5	11	162	126	65
laneCase	5	11	163	127	65
laneCase	5	11	-31	-128	126
laneCase	5	11	-30	-127	126
laneCase	5	11	32	-65	126
laneCase	5	11	96	-1	126
laneCase	5	11	97	0	126
laneCase	5	11	98	1	126
laneCase	5	11	162	65	126
laneCase	5	11	223	126	126
laneCase	5	11	224	127	126
laneCase	5	11	-30	-128	127
laneCase	5	11	-29	-127	127
laneCase	5	11	33	-65	127
laneCase	5	11	97	-1	127
laneCase	5	11	98	0	127
laneCase	5	11	99	1	127
laneCase	5	11	163	65	127
laneCase	5	11	224	126	127
laneCase	5	11	225	127	127
laneCase	5	12	-285	-128	-128
laneCase	5	12	-284	-127	-128
laneCase	5	12	-222	-65	-128
laneCase	5	12	-158	-1	-128
laneCase	5	12	-157	0	-128
laneCase	5	12	-156	1	-128
laneCase	5	12	-92	65	-128
laneCase	5	12	-31	126	-128
laneCase	5	12	-30	127	-128
laneCase	5	12	-284	-128	-127
laneCase	5	12	-283	-127	-127
laneCase	5	12	-221	-65	-127
laneCase	5	12	-157	-1	-127
laneCase	5	12	-156	0	-127
laneCase	5	12	-155	1	-127
laneCase	5	12	-91	65	-127
laneCase	5	12	-30	126	-127
laneCase	5	12	-29	127	-127
laneCase	5	12	-222	-128	-65
laneCase	5	12	-221	-127	-65
laneCase	5	12	-159	-65	-65
laneCase	5	12	-95	-1	-65
laneCase	5	12	-94	0	-65
laneCase	5	12	-93	1	-65
laneCase	5	12	-29	65	-65
laneCase	5	12	32	126	-65
laneCase	5	12	33	127	-65
laneCase	5	12	-158	-128	-1
laneCase	5	12	-157	-127	-1
laneCase	5	12	-95	-65	-1
laneCase	5	12	-31	-1	-1
laneCase	5	12	-30	0	-1
laneCase	5	12	-29	1	-1
laneCase	5	12	35	65	-1
laneCase	5	12	96	126	-1
laneCase	5	12	97	127	-1
laneCase	5	12	-157	-128	0
laneCase	5	12	-156	-127	0
laneCase	5	12	-94	-65	0
laneCase	5	12	-30	-1	0
laneCase	5	12	-29	0	0
laneCase	5	12	-28	1	0
laneCase	5	12	36	65	0
laneCase	5	12	97	126	0
laneCase	5	12	98	127	0
laneCase	5	12	-156	-128	1
laneCase	5	12	-155	-127	1
laneCase	5	12	-93	-65	1
laneCase	5	12	-29	-1	1
laneCase	5	12	-28	0	1
laneCase	5	12	-27	1	1
laneCase	5	12	37	65	1
laneCase	5	12	98	126	1
laneCase	5	12	99	127	1
laneCase	5	12	-92	-128	65
laneCase	5	12	-91	-127	65
laneCase	5	12	-29	-65	65
laneCase	5	12	35	-1	65
laneCase	5	12	36	0	65
laneCase	5	12	37	1	65
laneCase	5	12	101	65	65
laneCase	5	12	162	126	65
laneCase	5	12	163	127	65
laneCase	5	12	-31	-128	126
laneCase	5	12	-30	-127	126
laneCase	5	12	32	-65	126
laneCase	5	12	96	-1	126
laneCase	5	12	97	0	126
laneCase	5	12	98	1	126
laneCase	5	12	162	65	126
laneCase	5	12	223	126	126
laneCase	5	12	224	127	126
laneCase	5	12	-30	-128	127
laneCase	5	12	-29	-127	127
laneCase	5	12	33	-65	127
laneCase	5	12	97	-1	127
laneCase	5	12	98	0	127
laneCase	5	12	99	1	127
laneCase	5	12	163	65	127
laneCase	5	12	224	126	127
laneCase	5	12	225	127	127
laneCase	5	13	-285	-128	-128
laneCase	5	13	-284	-127	-128
laneCase	5	13	-222	-65	-128
laneCase	5	13	-158	-1	-128
laneCase	5	13	-157	0	-128
laneCase	5	13	-156	1	-128
laneCase	5	13	-92	65	-128
laneCase	5	13	-31	126	-128
laneCase	5	13	-30	127	-128
laneCase	5	13	-284	-128	-127
laneCase	5	13	-283	-127	-127
laneCase	5	13	-221	-65	-127
laneCase	5	13	-157	-1	-127
laneCase	5	13	-156	0	-127
laneCase	5	13	-155	1	-127
laneCase	5	13	-91	65	-127
laneCase	5	13	-30	126	-127
laneCase	5	13	-29	127	-127
laneCase	5	13	-222	-128	-65
laneCase	5	13	-221	-127	-65
laneCase	5	13	-159	-65	-65
laneCase	5	13	-95	-1	-65
laneCase	5	13	-94	0	-65
laneCase	5	13	-93	1	-65
laneCase	5	13	-29	65	-65
laneCase	5	13	32	126	-65
laneCase	5	13	33	127	-65
laneCase	5	13	-158	-128	-1
laneCase	5	13	-157	-127	-1
laneCase	5	13	-95	-65	-1
laneCase	5	13	-31	-1	-1
laneCase	5	13	-30	0	-1
laneCase	5	13	-29	1	-1
laneCase	5	13	35	65	-1
laneCase	5	13	96	126	-1
laneCase	5	13	97	127	-1
laneCase	5	13	-157	-128	0
laneCase	5	13	-156	-127	0
laneCase	5	13	-94	-65	0
laneCase	5	13	-30	-1	0
laneCase	5	13	-29	0	0
laneCase	5	13	-28	1	0
laneCase	5	13	36	65	0
laneCase	5	13	97	126	0
laneCase	5	13	98	127	0
laneCase	5	13	-156	-128	1
laneCase	5	13	-155	-127	1
laneCase	5	13	-93	-65	1
laneCase	5	13	-29	-1	1
laneCase	5	13	-28	0	1
laneCase	5	13	-27	1	1
laneCase	5	13	37	65	1
laneCase	5	13	98	126	1
laneCase	5	13	99	127	1
laneCase	5	13	-92	-128	65
laneCase	5	13	-91	-127	65
laneCase	5	13	-29	-65	65
laneCase	5	13	35	-1	65
laneCase	5	13	36	0	65
laneCase	5	13	37	1	65
laneCase	5	13	101	65	65
laneCase	5	13	162	126	65
laneCase	5	13	163	127	65
laneCase	5	13	-31	-128	126
laneCase	5	13	-30	-127	126
laneCase	5	13	32	-65	126
laneCase	5	13	96	-1	126
laneCase	5	13	97	0	126
laneCase	5	13	98	1	126
laneCase	5	13	162	65	126
laneCase	5	13	223	126	126
laneCase	5	13	224	127	126
laneCase	5	13	-30	-128	127
laneCase	5	13	-29	-127	127
laneCase	5	13	33	-65	127
laneCase	5	13	97	-1	127
laneCase	5	13	98	0	127
laneCase	5	13	99	1	127
laneCase	5	13	163	65	127
laneCase	5	13	224	126	127
laneCase	5	13	225	127	127
laneCase	5	14	-285	-128	-128
laneCase	5	14	-284	-127	-128
laneCase	5	14	-222	-65	-128
laneCase	5	14	-158	-1	-128
laneCase	5	14	-157	0	-128
laneCase	5	14	-156	1	-128
laneCase	5	14	-92	65	-128
laneCase	5	14	-31	126	-128
laneCase	5	14	-30	127	-128
laneCase	5	14	-284	-128	-127
laneCase	5	14	-283	-127	-127
laneCase	5	14	-221	-65	-127
laneCase	5	14	-157	-1	-127
laneCase	5	14	-156	0	-127
laneCase	5	14	-155	1	-127
laneCase	5	14	-91	65	-127
laneCase	5	14	-30	126	-127
laneCase	5	14	-29	127	-127
laneCase	5	14	-222	-128	-65
laneCase	5	14	-221	-127	-65
laneCase	5	14	-159	-65	-65
laneCase	5	14	-95	-1	-65
laneCase	5	14	-94	0	-65
laneCase	5	14	-93	1	-65
laneCase	5	14	-29	65	-65
laneCase	5	14	32	126	-65
laneCase	5	14	33	127	-65
laneCase	5	14	-158	-128	-1
laneCase	5	14	-157	-127	-1
laneCase	5	14	-95	-65	-1
laneCase	5	14	-31	-1	-1
laneCase	5	14	-30	0	-1
laneCase	5	14	-29	1	-1
laneCase	5	14	35	65	-1
laneCase	5	14	96	126	-1
laneCase	5	14	97	127	-1
laneCase	5	14	-157	-128	0
laneCase	5	14	-156	-127	0
laneCase	5	14	-94	-65	0
laneCase	5	14	-30	-1	0
laneCase	5	14	-29	0	0
laneCase	5	14	-28	1	0
laneCase	5	14	36	65	0
laneCase	5	14	97	126	0
laneCase	5	14	98	127	0
laneCase	5	14	-156	-128	1
laneCase	5	14	-155	-127	1
laneCase	5	14	-93	-65	1
laneCase	5	14	-29	-1	1
laneCase	5	14	-28	0	1
laneCase	5	14	-27	1	1
laneCase	5	14	37	65	1
laneCase	5	14	98	126	1
laneCase	5	14	99	127	1
laneCase	5	14	-92	-128	65
laneCase	5	14	-91	-127	65
laneCase	5	14	-29	-65	65
laneCase	5	14	35	-1	65
laneCase	5	14	36	0	65
laneCase	5	14	37	1	65
laneCase	5	14	101	65	65
laneCase	5	14	162	126	65
laneCase	5	14	163	127	65
laneCase	5	14	-31	-128	126
laneCase	5	14	-30	-127	126
laneCase	5	14	32	-65	126
laneCase	5	14	96	-1	126
laneCase	5	14	97	0	126
laneCase	5	14	98	1	126
laneCase	5	14	162	65	126
laneCase	5	14	223	126	126
laneCase	5	14	224	127	126
laneCase	5	14	-30	-128	127
laneCase	5	14	-29	-127	127
laneCase	5	14	33	-65	127
laneCase	5	14	97	-1	127
laneCase	5	14	98	0	127
laneCase	5	14	99	1	127
laneCase	5	14	163	65	127
laneCase	5	14	224	126	127
laneCase	5	14	225	127	127
laneCase	5	15	-285	-128	-128
laneCase	5	15	-284	-127	-128
laneCase	5	15	-222	-65	-128
laneCase	5	15	-158	-1	-128
laneCase	5	15	-157	0	-128
laneCase	5	15	-156	1	-128
laneCase	5	15	-92	65	-128
laneCase	5	15	-31	126	-128
laneCase	5	15	-30	127	-128
laneCase	5	15	-284	-128	-127
laneCase	5	15	-283	-127	-127
laneCase	5	15	-221	-65	-127
laneCase	5	15	-157	-1	-127
laneCase	5	15	-156	0	-127
laneCase	5	15	-155	1	-127
laneCase	5	15	-91	65	-127
laneCase	5	15	-30	126	-127
laneCase	5	15	-29	127	-127
laneCase	5	15	-222	-128	-65
laneCase	5	15	-221	-127	-65
laneCase	5	15	-159	-65	-65
laneCase	5	15	-95	-1	-65
laneCase	5	15	-94	0	-65
laneCase	5	15	-93	1	-65
laneCase	5	15	-29	65	-65
laneCase	5	15	32	126	-65
laneCase	5	15	33	127	-65
laneCase	5	15	-158	-128	-1
laneCase	5	15	-157	-127	-1
laneCase	5	15	-95	-65	-1
laneCase	5	15	-31	-1	-1
laneCase	5	15	-30	0	-1
laneCase	5	15	-29	1	-1
laneCase	5	15	35	65	-1
laneCase	5	15	96	126	-1
laneCase	5	15	97	127	-1
laneCase	5	15	-157	-128	0
laneCase	5	15	-156	-127	0
laneCase	5	15	-94	-65	0
laneCase	5	15	-30	-1	0
laneCase	5	15	-29	0	0
laneCase	5	15	-28	1	0
laneCase	5	15	36	65	0
laneCase	5	15	97	126	0
laneCase	5	15	98	127	0
laneCase	5	15	-156	-128	1
laneCase	5	15	-155	-127	1
laneCase	5	15	-93	-65	1
laneCase	5	15	-29	-1	1
laneCase	5	15	-28	0	1
laneCase	5	15	-27	1	1
laneCase	5	15	37	65	1
laneCase	5	15	98	126	1
laneCase	5	15	99	127	1
laneCase	5	15	-92	-128	65
laneCase	5	15	-91	-127	65
laneCase	5	15	-29	-65	65
laneCase	5	15	35	-1	65
laneCase	5	15	36	0	65
laneCase	5	15	37	1	65
laneCase	5	15	101	65	65
laneCase	5	15	162	126	65
laneCase	5	15	163	127	65
laneCase	5	15	-31	-128	126
laneCase	5	15	-30	-127	126
laneCase	5	15	32	-65	126
laneCase	5	15	96	-1	126
laneCase	5	15	97	0	126
laneCase	5	15	98	1	126
laneCase	5	15	162	65	126
laneCase	5	15	223	126	126
laneCase	5	15	224	127	126
laneCase	5	15	-30	-128	127
laneCase	5	15	-29	-127	127
laneCase	5	15	33	-65	127
laneCase	5	15	97	-1	127
laneCase	5	15	98	0	127
laneCase	5	15	99	1	127
laneCase	5	15	163	65	127
laneCase	5	15	224	126	127
laneCase	5	15	225	127	127
scalarHelperCase	-9223372036854775808	-128	-1177
scalarHelperCase	-81985529216486895	-2	-11011
scalarHelperCase	-257	63	773
scalarHelperCase	-256	-128	-1177
scalarHelperCase	-129	-2	-14303
scalarHelperCase	-128	-9223372036854775808	-1177
scalarHelperCase	-128	-256	-1177
scalarHelperCase	-128	-128	9575
scalarHelperCase	-128	-127	-14773
scalarHelperCase	-128	-65	-5757
scalarHelperCase	-128	-63	10571
scalarHelperCase	-128	-31	9675
scalarHelperCase	-128	-15	1291
scalarHelperCase	-128	-7	10027
scalarHelperCase	-128	-3	-13893
scalarHelperCase	-128	-1	-9341
scalarHelperCase	-128	0	-1177
scalarHelperCase	-128	1	3659
scalarHelperCase	-128	3	18707
scalarHelperCase	-128	7	11427
scalarHelperCase	-128	15	-10301
scalarHelperCase	-128	31	1539
scalarHelperCase	-128	63	-14461
scalarHelperCase	-128	65	1867
scalarHelperCase	-128	126	17311
scalarHelperCase	-128	127	14979
scalarHelperCase	-128	129	-14773
scalarHelperCase	-128	257	3659
scalarHelperCase	-127	-128	-19995
scalarHelperCase	-127	-127	-21303
scalarHelperCase	-127	-65	2817
scalarHelperCase	-127	-1	-767
scalarHelperCase	-127	0	4069
scalarHelperCase	-127	1	12233
scalarHelperCase	-127	65	2505
scalarHelperCase	-127	126	15389
scalarHelperCase	-127	127	11521
scalarHelperCase	-65	-128	5993
scalarHelperCase	-65	-127	-947
scalarHelperCase	-65	-65	-11643
scalarHelperCase	-65	-2	13217
scalarHelperCase	-65	-1	-12667
scalarHelperCase	-65	0	-11927
scalarHelperCase	-65	1	-3763
scalarHelperCase	-65	65	6733
scalarHelperCase	-65	126	1697
scalarHelperCase	-65	127	-2171
scalarHelperCase	-64	63	13059
scalarHelperCase	-63	-128	8037
scalarHelperCase	-33	-2	1889
scalarHelperCase	-32	63	-10045
scalarHelperCase	-31	-128	4389
scalarHelperCase	-17	-2	-5055
scalarHelperCase	-16	63	6051
scalarHelperCase	-15	-128	12549
scalarHelperCase	-9	-2	-8399
scalarHelperCase	-8	63	-13677
scalarHelperCase	-7	-128	-10507
scalarHelperCase	-5	-2	-11735
scalarHelperCase	-4	63	5515
scalarHelperCase	-3	-128	-6675
scalarHelperCase	-2	-81985529216486895	14479
scalarHelperCase	-2	-129	-21369
scalarHelperCase	-2	-65	2183
scalarHelperCase	-2	-33	9223
scalarHelperCase	-2	-17	71
scalarHelperCase	-2	-9	7527
scalarHelperCase	-2	-5	-16393
scalarHelperCase	-2	-2	8099
scalarHelperCase	-2	1	19023
scalarHelperCase	-2	4	-14853
scalarHelperCase	-2	8	-10869
scalarHelperCase	-2	16	8107
scalarHelperCase	-2	32	-4117
scalarHelperCase	-2	64	12395
scalarHelperCase	-2	127	-21369
scalarHelperCase	-2	255	16263
scalarHelperCase	-2	81985529216486895	71
scalarHelperCase	-1	-128	-9751
scalarHelperCase	-1	-127	-1587
scalarHelperCase	-1	-65	-15611
scalarHelperCase	-1	-1	24837
scalarHelperCase	-1	0	25065
scalarHelperCase	-1	1	8653
scalarHelperCase	-1	63	773
scalarHelperCase	-1	65	1997
scalarHelperCase	-1	126	-14303
scalarHelperCase	-1	127	-13563
scalarHelperCase	0	-128	-1177
scalarHelperCase	0	-127	3659
scalarHelperCase	0	-65	-14461
scalarHelperCase	0	-1	14979
scalarHelperCase	0	0	9575
scalarHelperCase	0	1	-14773
scalarHelperCase	0	65	10571
scalarHelperCase	0	126	-13153
scalarHelperCase	0	127	-9341
scalarHelperCase	1	-128	4069
scalarHelperCase	1	-127	12233
scalarHelperCase	1	-65	-5887
scalarHelperCase	1	-2	15389
scalarHelperCase	1	-1	11521
scalarHelperCase	1	0	-19995
scalarHelperCase	1	1	-21303
scalarHelperCase	1	65	5577
scalarHelperCase	1	126	-8931
scalarHelperCase	1	127	-767
scalarHelperCase	2	63	11391
scalarHelperCase	3	-128	11233
scalarHelperCase	4	-2	407
scalarHelperCase	5	63	23545
scalarHelperCase	7	-128	-13607
scalarHelperCase	8	-2	14223
scalarHelperCase	9	63	-7439
scalarHelperCase	15	-128	-11063
scalarHelperCase	16	-2	6015
scalarHelperCase	17	63	9185
scalarHelperCase	31	-128	2217
scalarHelperCase	32	-2	-1441
scalarHelperCase	33	63	11457
scalarHelperCase	63	-257	-2171
scalarHelperCase	63	-128	-11927
scalarHelperCase	63	-64	23145
scalarHelperCase	63	-32	6377
scalarHelperCase	63	-16	1321
scalarHelperCase	63	-8	17481
scalarHelperCase	63	-4	-4135
scalarHelperCase	63	-1	-2171
scalarHelperCase	63	2	-6351
scalarHelperCase	63	5	-9763
scalarHelperCase	63	9	21101
scalarHelperCase	63	17	-11123
scalarHelperCase	63	33	-1843
scalarHelperCase	63	65	333
scalarHelperCase	63	128	-11927
scalarHelperCase	63	256	5993
scalarHelperCase	63	9223372036854775807	-2171
scalarHelperCase	64	-2	-1761
scalarHelperCase	65	-128	5221
scalarHelperCase	65	-127	5449
scalarHelperCase	65	-65	9601
scalarHelperCase	65	-1	-127
scalarHelperCase	65	0	8037
scalarHelperCase	65	1	2633
scalarHelperCase	65	63	1153
scalarHelperCase	65	65	14153
scalarHelperCase	65	126	-3683
scalarHelperCase	65	127	-2943
scalarHelperCase	126	-128	24427
scalarHelperCase	126	-127	19023
scalarHelperCase	126	-65	4231
scalarHelperCase	126	-1	-21369
scalarHelperCase	126	0	-13973
scalarHelperCase	126	1	-10161
scalarHelperCase	126	65	-15281
scalarHelperCase	126	126	8099
scalarHelperCase	126	127	16263
scalarHelperCase	127	-128	25065
scalarHelperCase	127	-127	8653
scalarHelperCase	127	-65	773
scalarHelperCase	127	-2	-14303
scalarHelperCase	127	-1	-13563
scalarHelperCase	127	0	-9751
scalarHelperCase	127	1	-1587
scalarHelperCase	127	65	-6707
scalarHelperCase	127	126	16673
scalarHelperCase	127	127	24837
scalarHelperCase	128	63	-14461
scalarHelperCase	129	-128	-19995
scalarHelperCase	255	-2	16673
scalarHelperCase	256	63	-5757
scalarHelperCase	257	-128	4069
scalarHelperCase	81985529216486895	-2	-5055
scalarHelperCase	9223372036854775807	63	773
tupleHelperCase	-9223372036854775808	-128	-8844
tupleHelperCase	-81985529216486895	-2	-2074
tupleHelperCase	-257	63	871
tupleHelperCase	-256	-128	-8844
tupleHelperCase	-129	-2	15086
tupleHelperCase	-128	-9223372036854775808	-12044
tupleHelperCase	-128	-256	-12044
tupleHelperCase	-128	-128	13684
tupleHelperCase	-128	-127	6825
tupleHelperCase	-128	-65	-12929
tupleHelperCase	-128	-63	6377
tupleHelperCase	-128	-31	-4471
tupleHelperCase	-128	-15	-5927
tupleHelperCase	-128	-7	-18303
tupleHelperCase	-128	-3	-7083
tupleHelperCase	-128	-1	21695
tupleHelperCase	-128	0	-12044
tupleHelperCase	-128	1	-4055
tupleHelperCase	-128	3	-6253
tupleHelperCase	-128	7	-20889
tupleHelperCase	-128	15	-1009
tupleHelperCase	-128	31	-7329
tupleHelperCase	-128	63	255
tupleHelperCase	-128	65	-1943
tupleHelperCase	-128	126	4874
tupleHelperCase	-128	127	-17345
tupleHelperCase	-128	129	6825
tupleHelperCase	-128	257	-4055
tupleHelperCase	-127	-128	-12792
tupleHelperCase	-127	-127	-5575
tupleHelperCase	-127	-65	9495
tupleHelperCase	-127	-1	-1705
tupleHelperCase	-127	0	-12408
tupleHelperCase	-127	1	-5959
tupleHelperCase	-127	65	-775
tupleHelperCase	-127	126	-858
tupleHelperCase	-127	127	-1321
tupleHelperCase	-65	-128	480
tupleHelperCase	-65	-127	20505
tupleHelperCase	-65	-65	3815
tupleHelperCase	-65	-2	2542
tupleHelperCase	-65	-1	-6105
tupleHelperCase	-65	0	864
tupleHelperCase	-65	1	20889
tupleHelperCase	-65	65	-8999
tupleHelperCase	-65	126	2158
tupleHelperCase	-65	127	-5721
tupleHelperCase	-64	63	5119
tupleHelperCase	-63	-128	-4600
tupleHelperCase	-33	-2	1902
tupleHelperCase	-32	63	-11265
tupleHelperCase	-31	-128	-18040
tupleHelperCase	-17	-2	4398
tupleHelperCase	-16	63	5247
tupleHelperCase	-15	-128	3272
tupleHelperCase	-9	-2	4110
tupleHelperCase	-8	63	-10177
tupleHelperCase	-7	-128	4200
tupleHelperCase	-5	-2	894
tupleHelperCase	-4	63	-3681
tupleHelperCase	-3	-128	1976
tupleHelperCase	-2	-81985529216486895	-551
tupleHelperCase	-2	-129	-16881
tupleHelperCase	-2	-65	-6065
tupleHelperCase	-2	-33	-3089
tupleHelperCase	-2	-17	6591
tupleHelperCase	-2	-9	-2137
tupleHelperCase	-2	-5	-6757
tupleHelperCase	-2	-2	9554
tupleHelperCase	-2	1	13577
tupleHelperCase	-2	4	20160
tupleHelperCase	-2	8	-1612
tupleHelperCase	-2	16	4252
tupleHelperCase	-2	32	-14228
tupleHelperCase	-2	64	8716
tupleHelperCase	-2	127	-16881
tupleHelperCase	-2	255	11151
tupleHelperCase	-2	81985529216486895	6591
tupleHelperCase	-1	-128	4320
tupleHelperCase	-1	-127	-743
tupleHelperCase	-1	-65	1255
tupleHelperCase	-1	-1	1831
tupleHelperCase	-1	0	3936
tupleHelperCase	-1	1	-1127
tupleHelperCase	-1	63	871
tupleHelperCase	-1	65	-6439
tupleHelperCase	-1	126	-18578
tupleHelperCase	-1	127	2215
tupleHelperCase	0	-128	-8844
tupleHelperCase	0	-127	7337
tupleHelperCase	0	-65	-13697
tupleHelperCase	0	-1	22207
tupleHelperCase	0	0	10484
tupleHelperCase	0	1	-3799
tupleHelperCase	0	65	-407
tupleHelperCase	0	126	6154
tupleHelperCase	0	127	-17089
tupleHelperCase	1	-128	8
tupleHelperCase	1	-127	-10439
tupleHelperCase	1	-65	4631
tupleHelperCase	1	-2	-4570
tupleHelperCase	1	-1	-169
tupleHelperCase	1	0	392
tupleHelperCase	1	1	-10055
tupleHelperCase	1	65	761
tupleHelperCase	1	126	-4954
tupleHelperCase	1	127	-553
tupleHelperCase	2	63	24367
tupleHelperCase	3	-128	2864
tupleHelperCase	4	-2	4346
tupleHelperCase	5	63	-12553
tupleHelperCase	7	-128	-21376
tupleHelperCase	8	-2	11114
tupleHelperCase	9	63	13911
tupleHelperCase	15	-128	-1248
tupleHelperCase	16	-2	7242
tupleHelperCase	17	63	1303
tupleHelperCase	31	-128	2400
tupleHelperCase	32	-2	2826
tupleHelperCase	33	63	-2921
tupleHelperCase	63	-257	-2521
tupleHelperCase	63	-128	-3104
tupleHelperCase	63	-64	-12000
tupleHelperCase	63	-32	-6592
tupleHelperCase	63	-16	1232
tupleHelperCase	63	-8	1688
tupleHelperCase	63	-4	13948
tupleHelperCase	63	-1	-2521
tupleHelperCase	63	2	10706
tupleHelperCase	63	5	24957
tupleHelperCase	63	9	1121
tupleHelperCase	63	17	-15063
tupleHelperCase	63	33	3001
tupleHelperCase	63	65	-8487
tupleHelperCase	63	128	-3104
tupleHelperCase	63	256	-2720
tupleHelperCase	63	9223372036854775807	-2521
tupleHelperCase	64	-2	-4982
tupleHelperCase	65	-128	2312
tupleHelperCase	65	-127	7737
tupleHelperCase	65	-65	-3817
tupleHelperCase	65	-1	-19369
tupleHelperCase	65	0	1928
tupleHelperCase	65	1	7353
tupleHelperCase	65	63	-4201
tupleHelperCase	65	65	-8199
tupleHelperCase	65	126	-8538
tupleHelperCase	65	127	-19753
tupleHelperCase	126	-128	15692
tupleHelperCase	126	-127	-7543
tupleHelperCase	126	-65	-7601
tupleHelperCase	126	-1	7055
tupleHelperCase	126	0	-18996
tupleHelperCase	126	1	18441
tupleHelperCase	126	65	-6839
tupleHelperCase	126	126	12754
tupleHelperCase	126	127	-12017
tupleHelperCase	127	-128	-1312
tupleHelperCase	127	-127	25
tupleHelperCase	127	-65	743
tupleHelperCase	127	-2	15086
tupleHelperCase	127	-1	5415
tupleHelperCase	127	0	-1696
tupleHelperCase	127	1	409
tupleHelperCase	127	65	-1575
tupleHelperCase	127	126	14702
tupleHelperCase	127	127	5031
tupleHelperCase	128	63	255
tupleHelperCase	129	-128	-12792
tupleHelperCase	255	-2	-18194
tupleHelperCase	256	63	1791
tupleHelperCase	257	-128	8
tupleHelperCase	81985529216486895	-2	4398
tupleHelperCase	9223372036854775807	63	871
